,assay,specimenID,platform,RIN,rnaBatch,libraryBatch,sequencingBatch,libraryPrep,libraryPreparationMethod,libraryType,sampleBarcode,isStranded,readStrandOrigin,readLength,runType,totalReads,validBarcodeReads,numberCells,medianGenes,medianUMIs,specimen_suffix
0,scrnaSeq,M1TX_210218_155_G01,IlluminaNovaseq6000,8.33,A8TX_210223_01,L8TX_210513_01,RTX-982,polyAselection,10x,cDNA,,False,,50bp,pairedEnd,668364820,635614944.0,16558,4145,11814,-L8TX_210513_01_A10-1153814239
1,scrnaSeq,M1TX_210218_157_B01,IlluminaNovaseq6000,8.33,A8TX_210302_01,L8TX_210305_01,RTX-965,polyAselection,10x,cDNA,,False,,50bp,pairedEnd,1590230484,1526621265.0,7576,5894,24396,-L8TX_210305_01_G02-1153814153
2,scrnaSeq,M1TX_210310_162_C01,IlluminaNovaseq6000,8.33,A8TX_210316_01,L8TX_210318_01,RTX-968,polyAselection,10x,cDNA,,False,,50bp,pairedEnd,1491578312,1419982553.0,8891,5409,18786,-L8TX_210318_01_B05-1153814162
3,scrnaSeq,M1TX_210310_164_D01,IlluminaNovaseq6000,8.33,A8TX_210427_02,L8TX_210430_01,RTX-977,polyAselection,10x,cDNA,,False,,50bp,pairedEnd,1328511200,1260757129.0,6291,5015,18670,-L8TX_210430_01_G04-1153814211
4,scrnaSeq,M2TX_210309_204_H01,IlluminaNovaseq6000,8.6,A8TX_210316_01,L8TX_210318_01,RTX-969,polyAselection,10x,cDNA,,False,,50bp,pairedEnd,1470222062,1392300293.0,7456,6058,23636,-L8TX_210318_01_D05-1142430392
5,scrnaSeq,M2TX_210309_206_B01,IlluminaNovaseq6000,8.6,A8TX_210427_02,L8TX_210430_01,RTX-977,polyAselection,10x,cDNA,,False,,50bp,pairedEnd,1301972175,1236873566.0,11485,5098,17587,-L8TX_210430_01_C04-1142430413
6,scrnaSeq,M1TX_210316_101_A01,IlluminaNovaseq6000,7.87,A8TX_210323_01,L8TX_210325_01,RTX-970,polyAselection,10x,cDNA,,False,,50bp,pairedEnd,1664584868,1573032700.0,7917,6457,25922,-L8TX_210325_01_F08-1142430394
7,scrnaSeq,M1TX_210316_102_F01,IlluminaNovaseq6000,7.87,A8TX_210427_02,L8TX_210430_01,RTX-977,polyAselection,10x,cDNA,,False,,50bp,pairedEnd,1689169871,1604711377.0,10247,5032,17319,-L8TX_210430_01_H04-1142430420
8,scrnaSeq,M1TX_210316_104_C01,IlluminaNovaseq6000,7.83,A8TX_210330_01,L8TX_210401_01,RTX-971,polyAselection,10x,cDNA,,False,,50bp,pairedEnd,1385736478,1316449654.0,9000,6360,25753,-L8TX_210401_01_F09-1142430399
9,scrnaSeq,M2TX_210504_201_D01,IlluminaNovaseq6000,7.83,A8TX_210511_01,L8TX_210514_01,RTX-982,polyAselection,10x,cDNA,,False,,50bp,pairedEnd,1046514142,992095407.0,8247,6096,22730,-L8TX_210514_01_G12-1142430439
10,scrnaSeq,M1TX_210218_167_B01,IlluminaNovaseq6000,8.4,A8TX_210223_01,L8TX_210513_01,RTX-981,polyAselection,10x,cDNA,,False,,50bp,pairedEnd,1569820945,1483480793.0,7934,4131,12800,-L8TX_210513_01_H09-1142430435
11,scrnaSeq,M1TX_210218_169_C01,IlluminaNovaseq6000,8.4,A8TX_210302_01,L8TX_210513_01,RTX-990,polyAselection,10x,cDNA,,False,,50bp,pairedEnd,738262618,705040800.0,6527,3661,10177,-L8TX_210513_01_B11-1142430447
12,scrnaSeq,M1TX_210218_171_F01,IlluminaNovaseq6000,8.4,A8TX_210309_01,L8TX_210513_01,RTX-981,polyAselection,10x,cDNA,,False,,50bp,pairedEnd,1251089471,1181028461.0,7181,4185,12737,-L8TX_210513_01_B10-1142430437
13,scrnaSeq,M2TX_210505_205_B01,IlluminaNovaseq6000,8.4,A8TX_210518_01,L8TX_210521_01,RTX-984,polyAselection,10x,cDNA,,False,,50bp,pairedEnd,1477912748,1418796238.0,8448,4946,18116,-L8TX_210521_01_C05-1142430441
14,scrnaSeq,M1TX_210309_104_H01,IlluminaNovaseq6000,8.68,A8TX_210427_02,L8TX_210430_01,RTX-976,polyAselection,10x,cDNA,,False,,50bp,pairedEnd,1435741361,1388361896.0,23821,631,728,-L8TX_210430_01_F05-1142430409
15,scrnaSeq,M1TX_201007_173_A01,IlluminaNovaseq6000,9.07,A8TX_201013_01,L8TX_201015_01,RTX-928,polyAselection,10x,cDNA,,False,,50bp,pairedEnd,1323049885,1270127890.0,10365,5660,21071,-L8TX_201015_01_G03-1153814149
16,scrnaSeq,M1TX_201007_175_G01,IlluminaNovaseq6000,9.07,A8TX_201215_01,L8TX_201217_01,RTX-951,polyAselection,10x,cDNA,,False,,50bp,pairedEnd,1583006892,1524435637.0,9179,5993,24265,-L8TX_201217_01_G06-1142430354
17,scrnaSeq,M1TX_201007_165_B01,IlluminaNovaseq6000,8.75,A8TX_201013_01,L8TX_201016_01,RTX-929,polyAselection,10x,cDNA,,False,,50bp,pairedEnd,1654422954,1579973921.0,8542,5093,18427,-L8TX_201016_01_E05-1153814151
18,scrnaSeq,M1TX_201007_167_H01,IlluminaNovaseq6000,8.75,A8TX_201215_01,L8TX_201217_01,RTX-951,polyAselection,10x,cDNA,,False,,50bp,pairedEnd,1782909985,1715159406.0,8308,5014,17808,-L8TX_201217_01_B08-1142430356
19,scrnaSeq,M1TX_201007_159_A01,IlluminaNovaseq6000,9.08,A8TX_201222_01,L8TX_210107_02,RTX-953,polyAselection,10x,cDNA,,False,,50bp,pairedEnd,1251708178,1189122769.0,8926,6110,24422,-L8TX_210107_02_D12-1142430358
20,scrnaSeq,M1TX_201007_161_C01,IlluminaNovaseq6000,9.08,A8TX_201013_01,L8TX_201016_01,RTX-929,polyAselection,10x,cDNA,,False,,50bp,pairedEnd,1436493540,1373287824.0,6627,6124,24570,-L8TX_201016_01_F05-1142430225
21,scrnaSeq,M1TX_201014_163_A01,IlluminaNovaseq6000,8.67,A8TX_201027_01,L8TX_201029_01,RTX-936,polyAselection,10x,cDNA,,False,,50bp,pairedEnd,1320216135,1271368138.0,8186,6823,26168,-L8TX_201029_01_D11-1142430229
22,scrnaSeq,M1TX_201014_164_B01,IlluminaNovaseq6000,8.67,A8TX_201222_01,L8TX_210107_01,RTX-953,polyAselection,10x,cDNA,,False,,50bp,pairedEnd,1431558960,1359981012.0,12529,5579,17228,-L8TX_210107_01_H09-1142430361
23,scrnaSeq,M1TX_201014_159_B01,IlluminaNovaseq6000,8.57,A8TX_201027_01,L8TX_201030_01,RTX-936,polyAselection,10x,cDNA,,False,,50bp,pairedEnd,1252636224,1206288684.0,6939,6267,26568,-L8TX_201030_01_B12-1142430231
24,scrnaSeq,M1TX_201014_160_C01,IlluminaNovaseq6000,8.57,A8TX_201222_01,L8TX_210107_02,RTX-953,polyAselection,10x,cDNA,,False,,50bp,pairedEnd,1372494338,1303869621.0,7651,5569,20633,-L8TX_210107_02_B12-1142430363
25,scrnaSeq,M1TX_201014_154_A01,IlluminaNovaseq6000,8.82,A8TX_201020_01,L8TX_201023_01,RTX-931,polyAselection,10x,cDNA,,False,,50bp,pairedEnd,1305559001,1254642200.0,5749,6035,24612,-L8TX_201023_01_F08-1142430227
26,scrnaSeq,M1TX_201014_155_D01,IlluminaNovaseq6000,8.82,A8TX_201222_01,L8TX_210107_02,RTX-953,polyAselection,10x,cDNA,,False,,50bp,pairedEnd,1375809777,1307019288.0,8189,5809,21345,-L8TX_210107_02_C12-1142430365
27,scrnaSeq,M1TX_201022_163_A01,IlluminaNovaseq6000,8.82,A8TX_201103_01,L8TX_201106_01,RTX-938,polyAselection,10x,cDNA,,False,,50bp,pairedEnd,1447447570,1399681800.0,7692,4742,15196,-L8TX_201106_01_A04-1142430348
28,scrnaSeq,M1TX_210120_163_A01,IlluminaNovaseq6000,8.82,A8TX_210126_01,L8TX_210128_01,RTX-958,polyAselection,10x,cDNA,,False,,50bp,pairedEnd,1461829367,1403356192.0,4883,3822,11016,-L8TX_210128_01_A05-1142430378
29,scrnaSeq,M1TX_201022_165_D01,IlluminaNovaseq6000,9.55,A8TX_201027_01,L8TX_201030_01,RTX-936,polyAselection,10x,cDNA,,False,,50bp,pairedEnd,1413673576,1361367654.0,7178,4935,17478,-L8TX_201030_01_F12-1142430343
30,scrnaSeq,M1TX_201022_167_E01,IlluminaNovaseq6000,9.55,A8TX_201103_01,L8TX_201106_01,RTX-940,polyAselection,10x,cDNA,,False,,50bp,pairedEnd,1665727991,1594101687.0,7691,4359,13616,-L8TX_201106_01_B04-1142430350
31,scrnaSeq,M1TX_210112_151_A01,IlluminaNovaseq6000,9.55,A8TX_210119_01,L8TX_210121_01,RTX-956,polyAselection,10x,cDNA,,False,,50bp,pairedEnd,1520423428,1453524797.0,6017,4363,13503,-L8TX_210121_01_C03-1142430372
32,scrnaSeq,M1TX_210112_151_B01,IlluminaNovaseq6000,9.55,A8TX_210119_01,L8TX_210121_01,RTX-957,polyAselection,10x,cDNA,,False,,50bp,pairedEnd,1369730886,1330008690.0,6071,4369,13291,-L8TX_210121_01_D03-1142430374
33,scrnaSeq,M1TX_201022_169_E01,IlluminaNovaseq6000,8.65,A8TX_201027_01,L8TX_201030_01,RTX-936,polyAselection,10x,cDNA,,False,,50bp,pairedEnd,1539026936,1479004885.0,8181,6246,24510,-L8TX_201030_01_G12-1142430346
34,scrnaSeq,M1TX_201022_171_E01,IlluminaNovaseq6000,8.65,A8TX_201222_01,L8TX_210107_02,RTX-953,polyAselection,10x,cDNA,,False,,50bp,pairedEnd,1198485927,1137363145.0,8124,5432,18180,-L8TX_210107_02_E12-1142430367
35,scrnaSeq,M1TX_201022_159_F01,IlluminaNovaseq6000,8.98,A8TX_201027_01,L8TX_210513_01,RTX-981,polyAselection,10x,cDNA,,False,,50bp,pairedEnd,1377271090,1300143909.0,6260,4254,13402,-L8TX_210513_01_F09-1142430431
36,scrnaSeq,M1TX_201104_155_F01,IlluminaNovaseq6000,8.98,A8TX_201222_01,L8TX_210107_02,RTX-953,polyAselection,10x,cDNA,,False,,50bp,pairedEnd,1369341962,1299505522.0,6694,4494,14219,-L8TX_210107_02_F12-1142430369
37,scrnaSeq,M1TX_201104_157_C01,IlluminaNovaseq6000,8.98,A8TX_201117_01,L8TX_201119_01,RTX-942,polyAselection,10x,cDNA,,False,,50bp,pairedEnd,1605168252,1540961522.0,6078,3985,11422,-L8TX_201119_01_B09-1142430352
38,scrnaSeq,M2TX_210305_207_C01,IlluminaNovaseq6000,9.5,A8TX_210316_01,L8TX_210319_01,RTX-969,polyAselection,10x,cDNA,,False,,50bp,pairedEnd,1354547784,1284111299.0,12527,5816,18460,-L8TX_210319_01_C07-1153814168
39,scrnaSeq,M2TX_210504_206_F01,IlluminaNovaseq6000,9.5,A8TX_210511_01,L8TX_210514_01,RTX-982,polyAselection,10x,cDNA,,False,,50bp,pairedEnd,1168920249,1109305316.0,9001,5937,18159,-L8TX_210514_01_F12-1153814237
40,scrnaSeq,M1TX_210309_101_G01,IlluminaNovaseq6000,9.43,A8TX_210427_02,L8TX_210430_01,RTX-976,polyAselection,10x,cDNA,,False,,50bp,pairedEnd,1474043512,1426874120.0,9775,5803,21447,-L8TX_210430_01_D05-1142430407
41,scrnaSeq,M1TX_210309_103_D01,IlluminaNovaseq6000,9.43,A8TX_210316_01,L8TX_210318_01,RTX-967,polyAselection,10x,cDNA,,False,,50bp,pairedEnd,1451094007,1379990401.0,9589,4774,14537,-L8TX_210318_01_C05-1142430384
42,scrnaSeq,M2TX_210504_204_E01,IlluminaNovaseq6000,9.53,A8TX_210511_01,L8TX_210513_01,RTX-982,polyAselection,10x,cDNA,,False,,50bp,pairedEnd,1661780067,1580352844.0,8730,6210,25922,-L8TX_210513_01_E09-1153814234
43,scrnaSeq,M2TX_210309_201_G01,IlluminaNovaseq6000,8.87,A8TX_210316_01,L8TX_210318_01,RTX-969,polyAselection,10x,cDNA,,False,,50bp,pairedEnd,1253314394,1188142046.0,11442,1280,1639,-L8TX_210318_01_H04-1142430390
44,scrnaSeq,M2TX_210309_202_A01,IlluminaNovaseq6000,8.87,A8TX_210427_02,L8TX_210429_01,RTX-976,polyAselection,10x,cDNA,,False,,50bp,pairedEnd,1286874617,1245694629.0,11045,5564,19786,-L8TX_210429_01_C03-1142430411
45,scrnaSeq,M1TX_210218_151_F01,IlluminaNovaseq6000,7.9,A8TX_210223_01,L8TX_210513_01,RTX-981,polyAselection,10x,cDNA,,False,,50bp,pairedEnd,1642393743,1545492512.0,7477,2471,5228,-L8TX_210513_01_G09-1142430433
46,scrnaSeq,M1TX_210218_153_A01,IlluminaNovaseq6000,7.9,A8TX_210302_01,L8TX_210513_01,RTX-990,polyAselection,10x,cDNA,,False,,50bp,pairedEnd,894129228,851211025.0,5538,2030,3900,-L8TX_210513_01_A11-1142430445
47,scrnaSeq,M2TX_210505_208_C01,IlluminaNovaseq6000,7.9,A8TX_210518_01,L8TX_210521_01,RTX-984,polyAselection,10x,cDNA,,False,,50bp,pairedEnd,1531021673,1465187741.0,7471,2414,5193,-L8TX_210521_01_D05-1142430443
48,scrnaSeq,M1TX_210226_101_A01,IlluminaNovaseq6000,9.43,A8TX_210309_01,L8TX_210311_01,RTX-966,polyAselection,10x,cDNA,,False,,50bp,pairedEnd,1525523503,1455349422.0,7202,5090,17654,-L8TX_210311_01_A04-1153814155
49,scrnaSeq,M1TX_210226_102_B01,IlluminaNovaseq6000,9.43,A8TX_210427_02,L8TX_210430_01,RTX-976,polyAselection,10x,cDNA,,False,,50bp,pairedEnd,1319290760,1277073456.0,7600,5381,19926,-L8TX_210430_01_E04-1153814202
50,scrnaSeq,M1TX_210709_159_E01,IlluminaNovaseq6000,8.65,A8TX_210727_01,L8TX_210812_01,RTX-1011,polyAselection,10x,cDNA,,False,,50bp,pairedEnd,1629587045,1566033150.0,11977,5767,19055,-L8TX_210812_01_D10-1153814354
51,scrnaSeq,M1TX_210709_161_E01,IlluminaNovaseq6000,8.65,A8TX_210720_01,L8TX_210722_01,RTX-1008,polyAselection,10x,cDNA,,False,,50bp,pairedEnd,1376953759,1313613886.0,9389,5786,18961,-L8TX_210722_01_E08-1153814332
52,scrnaSeq,M1TX_210709_161_F01,IlluminaNovaseq6000,8.65,A8TX_210720_01,L8TX_210722_01,RTX-1008,polyAselection,10x,cDNA,,False,,50bp,pairedEnd,1401212629,1333954423.0,9261,5853,19712,-L8TX_210722_01_F08-1153814334
53,scrnaSeq,M1TX_210226_104_B01,IlluminaNovaseq6000,8.85,A8TX_210309_01,L8TX_210311_01,RTX-966,polyAselection,10x,cDNA,,False,,50bp,pairedEnd,1472820271,1405070539.0,7474,6006,22797,-L8TX_210311_01_D03-1153814157
54,scrnaSeq,M1TX_210226_105_C01,IlluminaNovaseq6000,8.85,A8TX_210427_02,L8TX_210429_01,RTX-976,polyAselection,10x,cDNA,,False,,50bp,pairedEnd,1231687360,1191041677.0,8223,6226,23846,-L8TX_210429_01_A03-1153814204
55,scrnaSeq,M1TX_210708_106_G01,IlluminaNovaseq6000,9.45,A8TX_210713_01,L8TX_210715_01,RTX-1004,polyAselection,10x,cDNA,,False,,50bp,pairedEnd,1200264970,1142652251.0,9398,5402,14908,-L8TX_210715_01_C05-1153814293
56,scrnaSeq,M1TX_210708_106_H01,IlluminaNovaseq6000,9.45,A8TX_210713_01,L8TX_210715_01,RTX-1004,polyAselection,10x,cDNA,,False,,50bp,pairedEnd,1071245935,1019826130.0,8821,5349,14775,-L8TX_210715_01_D05-1153814295
57,scrnaSeq,M2TX_210304_203_D01,IlluminaNovaseq6000,7.93,A8TX_210309_01,L8TX_210513_01,RTX-990,polyAselection,10x,cDNA,,False,,50bp,pairedEnd,895298611,852324278.0,3076,1854,3420,-L8TX_210513_01_F11-1153814259
58,scrnaSeq,M2TX_210304_205_A01,IlluminaNovaseq6000,7.93,A8TX_210316_01,L8TX_210513_01,RTX-990,polyAselection,10x,cDNA,,False,,50bp,pairedEnd,1009693413,961228129.0,3607,1790,3142,-L8TX_210513_01_G11-1153814261
59,scrnaSeq,M2TX_210505_202_A01,IlluminaNovaseq6000,7.93,A8TX_210518_01,L8TX_210521_01,RTX-984,polyAselection,10x,cDNA,,False,,50bp,pairedEnd,1656387489,1586819214.0,9071,1553,2599,-L8TX_210521_01_F05-1153814247
60,scrnaSeq,M1TX_210713_103_A01,IlluminaNovaseq6000,8.98,A8TX_210720_01,L8TX_210722_01,RTX-1004,polyAselection,10x,cDNA,,False,,50bp,pairedEnd,1300352856,1235335213.0,11140,5054,14724,-L8TX_210722_01_B07-1153814297
61,scrnaSeq,M1TX_210713_103_B01,IlluminaNovaseq6000,8.98,A8TX_210720_01,L8TX_210722_01,RTX-1004,polyAselection,10x,cDNA,,False,,50bp,pairedEnd,1414144519,1346265582.0,10120,5516,17366,-L8TX_210722_01_H06-1153814299
62,scrnaSeq,M2TX_210226_202_C01,IlluminaNovaseq6000,9.04,A8TX_210309_01,L8TX_210311_01,RTX-966,polyAselection,10x,cDNA,,False,,50bp,pairedEnd,1350670239,1288539408.0,9317,1448,1892,-L8TX_210311_01_E03-1153814159
63,scrnaSeq,M2TX_210226_204_G01,IlluminaNovaseq6000,9.04,A8TX_210323_01,L8TX_210325_01,RTX-970,polyAselection,10x,cDNA,,False,,50bp,pairedEnd,1422135652,1345340327.0,9615,6317,23549,-L8TX_210325_01_A09-1153814172
64,scrnaSeq,M2TX_210316_201_D01,IlluminaNovaseq6000,8.63,A8TX_210323_01,L8TX_210513_01,RTX-982,polyAselection,10x,cDNA,,False,,50bp,pairedEnd,1430124731,1357188370.0,6140,2816,6090,-L8TX_210513_01_C10-1153814241
65,scrnaSeq,M2TX_210316_202_B01,IlluminaNovaseq6000,8.63,A8TX_210330_01,L8TX_210513_01,RTX-990,polyAselection,10x,cDNA,,False,,50bp,pairedEnd,887266382,844677596.0,4706,2824,6484,-L8TX_210513_01_E10-1153814251
66,scrnaSeq,M2TX_210414_251_A01,IlluminaNovaseq6000,8.63,A8TX_210420_01,L8TX_210422_01,RTX-974,polyAselection,10x,cDNA,,False,,50bp,pairedEnd,1264286300,1198543412.0,3265,3537,9888,-L8TX_210422_01_F02-1153814194
67,scrnaSeq,M2TX_210316_204_E01,IlluminaNovaseq6000,8.63,A8TX_210323_01,L8TX_210513_01,RTX-990,polyAselection,10x,cDNA,,False,,50bp,pairedEnd,844720281,803328987.0,4281,2433,5072,-L8TX_210513_01_D10-1153814249
68,scrnaSeq,M2TX_210316_205_A01,IlluminaNovaseq6000,8.63,A8TX_210330_01,L8TX_210513_01,RTX-990,polyAselection,10x,cDNA,,False,,50bp,pairedEnd,659746185,628078368.0,3336,2312,4760,-L8TX_210513_01_C11-1153814257
69,scrnaSeq,M2TX_210414_207_B01,IlluminaNovaseq6000,8.63,A8TX_210420_01,L8TX_210422_01,RTX-974,polyAselection,10x,cDNA,,False,,50bp,pairedEnd,1560455311,1480872090.0,5126,2360,4945,-L8TX_210422_01_G02-1153814196
70,scrnaSeq,M1TX_210809_153_B01,IlluminaNovaseq6000,6.3,A8TX_210817_01,L8TX_210826_01,RTX-1015,polyAselection,10x,cDNA,,False,,50bp,pairedEnd,1303750832,1241170792.0,4230,1755,3300,-L8TX_210826_01_A07-1142430457
71,scrnaSeq,M1TX_210310_170_D01,IlluminaNovaseq6000,9.48,A8TX_210316_01,L8TX_210319_01,RTX-968,polyAselection,10x,cDNA,,False,,50bp,pairedEnd,1109415527,1057272997.0,9898,6357,22948,-L8TX_210319_01_F05-1142430388
72,scrnaSeq,M1TX_210310_172_E01,IlluminaNovaseq6000,9.48,A8TX_210427_02,L8TX_210429_01,RTX-977,polyAselection,10x,cDNA,,False,,50bp,pairedEnd,1197832573,1139138777.0,11479,5726,21053,-L8TX_210429_01_E03-1142430418
73,scrnaSeq,M2TX_210304_209_E01,IlluminaNovaseq6000,9.17,A8TX_210309_01,L8TX_210311_01,RTX-966,polyAselection,10x,cDNA,,False,,50bp,pairedEnd,1429182669,1363440266.0,6250,5588,21664,-L8TX_210311_01_F03-1142430382
74,scrnaSeq,M2TX_210304_211_D01,IlluminaNovaseq6000,9.17,A8TX_210427_02,L8TX_210430_01,RTX-976,polyAselection,10x,cDNA,,False,,50bp,pairedEnd,1401917409,1355654135.0,8639,5484,21441,-L8TX_210430_01_F04-1142430405
75,scrnaSeq,M1TX_210713_107_E01,IlluminaNovaseq6000,8.43,A8TX_210720_01,L8TX_210722_01,RTX-1004,polyAselection,10x,cDNA,,False,,50bp,pairedEnd,1406146694,1340057799.0,10037,5570,18724,-L8TX_210722_01_E07-1153814301
76,scrnaSeq,M1TX_210713_107_F01,IlluminaNovaseq6000,8.43,A8TX_210720_01,L8TX_210722_01,RTX-1004,polyAselection,10x,cDNA,,False,,50bp,pairedEnd,1197001336,1138348271.0,8536,5749,20070,-L8TX_210722_01_F07-1153814303
77,scrnaSeq,M1TX_210405_101_C01,IlluminaNovaseq6000,9.37,A8TX_210817_01,L8TX_210825_01,RTX-1013,polyAselection,10x,cDNA,,False,,50bp,pairedEnd,1478826814,1404885473.0,9293,6100,22576,-L8TX_210825_01_H11-1142430455
78,scrnaSeq,M1TX_210405_103_H01,IlluminaNovaseq6000,9.37,A8TX_210504_01,L8TX_210506_01,RTX-979,polyAselection,10x,cDNA,,False,,50bp,pairedEnd,1403214815,1335860504.0,10931,5934,22073,-L8TX_210506_01_A08-1142430425
79,scrnaSeq,M1TX_210713_106_C01,IlluminaNovaseq6000,9.2,A8TX_210720_01,L8TX_210722_01,RTX-1004,polyAselection,10x,cDNA,,False,,50bp,pairedEnd,1217897469,1159438390.0,9149,5479,15981,-L8TX_210722_01_C07-1142430451
80,scrnaSeq,M1TX_210713_106_D01,IlluminaNovaseq6000,9.2,A8TX_210720_01,L8TX_210722_01,RTX-1004,polyAselection,10x,cDNA,,False,,50bp,pairedEnd,1437947374,1368925900.0,9815,5514,15959,-L8TX_210722_01_D07-1142430453
81,scrnaSeq,M2TX_210701_259_E01,IlluminaNovaseq6000,8.15,A8TX_210706_01,L8TX_210708_01,RTX-1002,polyAselection,10x,cDNA,,False,,50bp,pairedEnd,1636830341,1587725431.0,6442,3405,8346,-L8TX_210708_01_G09-1153814285
82,scrnaSeq,M2TX_210701_259_F01,IlluminaNovaseq6000,8.15,A8TX_210706_01,L8TX_210708_01,RTX-1002,polyAselection,10x,cDNA,,False,,50bp,pairedEnd,1718620961,1667062332.0,6003,3301,8039,-L8TX_210708_01_H09-1153814288
83,scrnaSeq,M1TX_210816_151_A01,IlluminaNovaseq6000,5.67,A8TX_210824_01,L8TX_210826_01,RTX-1015,polyAselection,10x,cDNA,,False,,50bp,pairedEnd,1441857468,1375532024.0,9218,4451,13334,-L8TX_210826_01_G05-1153814361
84,scrnaSeq,M1TX_210816_151_B01,IlluminaNovaseq6000,5.67,A8TX_210824_01,L8TX_210826_01,RTX-1015,polyAselection,10x,cDNA,,False,,50bp,pairedEnd,1196816590,1141763027.0,9396,4350,12688,-L8TX_210826_01_H05-1153814364
85,scrnaSeq,M1TX_210218_161_A01,IlluminaNovaseq6000,8.1,A8TX_210223_01,L8TX_210226_01,RTX-963,polyAselection,10x,cDNA,,False,,50bp,pairedEnd,1416289958,1346891750.0,9084,4981,16347,-L8TX_210226_01_A12-1142430380
86,scrnaSeq,M1TX_210218_163_A01,IlluminaNovaseq6000,8.1,A8TX_210427_02,L8TX_210429_01,RTX-976,polyAselection,10x,cDNA,,False,,50bp,pairedEnd,1391835797,1345905216.0,10048,6010,21596,-L8TX_210429_01_H02-1142430403
87,scrnaSeq,M2TX_210305_202_A01,IlluminaNovaseq6000,9.18,A8TX_210316_01,L8TX_210318_01,RTX-969,polyAselection,10x,cDNA,,False,,50bp,pairedEnd,1451646903,1374709617.0,9756,6402,28926,-L8TX_210318_01_E04-1153814164
88,scrnaSeq,M2TX_210305_203_E01,IlluminaNovaseq6000,9.18,A8TX_210427_02,L8TX_210429_01,RTX-976,polyAselection,10x,cDNA,,False,,50bp,pairedEnd,1318894166,1275370659.0,9664,6386,25566,-L8TX_210429_01_B03-1153814206
89,scrnaSeq,M2TX_210309_207_B01,IlluminaNovaseq6000,9.6,A8TX_210316_01,L8TX_210318_01,RTX-968,polyAselection,10x,cDNA,,False,,50bp,pairedEnd,1199859891,1143466476.0,9314,6406,26402,-L8TX_210318_01_D04-1142430386
90,scrnaSeq,M2TX_210309_208_C01,IlluminaNovaseq6000,9.6,A8TX_210427_02,L8TX_210429_01,RTX-977,polyAselection,10x,cDNA,,False,,50bp,pairedEnd,1346817638,1279476756.0,9606,6308,25576,-L8TX_210429_01_D03-1142430416
91,scrnaSeq,M2TX_210305_204_B01,IlluminaNovaseq6000,9.17,A8TX_210316_01,L8TX_210318_01,RTX-969,polyAselection,10x,cDNA,,False,,50bp,pairedEnd,1442757211,1366291079.0,9468,6322,25584,-L8TX_210318_01_G04-1153814166
92,scrnaSeq,M2TX_210305_205_F01,IlluminaNovaseq6000,9.17,A8TX_210427_02,L8TX_210430_01,RTX-976,polyAselection,10x,cDNA,,False,,50bp,pairedEnd,1319861316,1273666170.0,9697,6768,28320,-L8TX_210430_01_B04-1153814208
93,scrnaSeq,M1TX_210322_113_E01,IlluminaNovaseq6000,7.43,A8TX_210330_01,L8TX_210402_01,RTX-971,polyAselection,10x,cDNA,,False,,50bp,pairedEnd,1401161199,1329701978.0,5484,4848,15810,-L8TX_210402_01_H09-1153814176
94,scrnaSeq,M1TX_210811_167_G01,IlluminaNovaseq6000,7.43,A8TX_210817_01,L8TX_210825_01,RTX-1014,polyAselection,10x,cDNA,,False,,50bp,pairedEnd,1428253606,1342558390.0,8847,4389,12263,-L8TX_210825_01_G12-1153814490
95,scrnaSeq,M1TX_210811_167_H01,IlluminaNovaseq6000,7.43,A8TX_210817_01,L8TX_210825_01,RTX-1014,polyAselection,10x,cDNA,,False,,50bp,pairedEnd,1289236758,1213171789.0,7957,4404,12306,-L8TX_210825_01_F12-1153814357
96,scrnaSeq,M2TX_210316_206_F01,IlluminaNovaseq6000,8.63,A8TX_210323_01,L8TX_210325_01,RTX-970,polyAselection,10x,cDNA,,False,,50bp,pairedEnd,1525016938,1442666023.0,8935,5926,23905,-L8TX_210325_01_H08-1142430397
97,scrnaSeq,M2TX_210316_207_H01,IlluminaNovaseq6000,8.63,A8TX_210427_02,L8TX_210430_01,RTX-977,polyAselection,10x,cDNA,,False,,50bp,pairedEnd,1341349435,1274281963.0,10083,4727,15614,-L8TX_210430_01_E05-1142430422
98,scrnaSeq,M1TX_210405_104_B01,IlluminaNovaseq6000,8.33,A8TX_210413_01,L8TX_210415_01,RTX-973,polyAselection,10x,cDNA,,False,,50bp,pairedEnd,1526031585,1455834132.0,10743,6147,24014,-L8TX_210415_01_E11-1153814186
99,scrnaSeq,M1TX_210405_105_C01,IlluminaNovaseq6000,8.33,A8TX_210504_01,L8TX_210506_01,RTX-979,polyAselection,10x,cDNA,,False,,50bp,pairedEnd,1311039922,1246798966.0,11691,5169,16937,-L8TX_210506_01_F08-1153814217
100,scrnaSeq,M2TX_210426_201_A01,IlluminaNovaseq6000,5.93,A8TX_210511_01,L8TX_210513_01,RTX-980,polyAselection,10x,cDNA,,False,,50bp,pairedEnd,1641974534,1554949884.0,10909,4106,12643,-L8TX_210513_01_C09-1142430429
101,scrnaSeq,M2TX_210426_202_D01,IlluminaNovaseq6000,5.93,A8TX_210817_01,L8TX_210825_01,RTX-1013,polyAselection,10x,cDNA,,False,,50bp,pairedEnd,1383201526,1311275047.0,8396,3704,9682,-L8TX_210825_01_E12-1142292445
102,scrnaSeq,M2TX_210426_203_B01,IlluminaNovaseq6000,6.9,A8TX_210511_01,L8TX_210513_01,RTX-981,polyAselection,10x,cDNA,,False,,50bp,pairedEnd,1514569800,1428239321.0,12189,2993,8114,-L8TX_210513_01_D09-1153814243
103,scrnaSeq,M2TX_210426_204_E01,IlluminaNovaseq6000,6.9,A8TX_210817_01,L8TX_210826_01,RTX-1015,polyAselection,10x,cDNA,,False,,50bp,pairedEnd,1171811659,1116736511.0,9494,2348,5250,-L8TX_210826_01_F05-1153814359
104,scrnaSeq,M1TX_210914_153_A01,IlluminaNovaseq6000,7.52,A8TX_210921_01,L8TX_210923_01,RTX-1026,polyAselection,10x,cDNA,,False,,50bp,pairedEnd,1389718905,1311894646.0,8843,5001,15774,-L8TX_210923_01_G06-1153814375
105,scrnaSeq,M1TX_210914_153_B01,IlluminaNovaseq6000,7.52,A8TX_210921_01,L8TX_210923_01,RTX-1026,polyAselection,10x,cDNA,,False,,50bp,pairedEnd,1539801516,1453572631.0,9149,5143,16415,-L8TX_210923_01_H06-1153814377
106,scrnaSeq,M2TX_210329_204_D01,IlluminaNovaseq6000,7.52,A8TX_210406_01,L8TX_210415_01,RTX-974,polyAselection,10x,cDNA,,False,,50bp,pairedEnd,1595574904,1518987309.0,7735,4467,13599,-L8TX_210415_01_H11-1153814192
107,scrnaSeq,M1TX_210322_116_C01,IlluminaNovaseq6000,9.3,A8TX_210504_01,L8TX_210506_01,RTX-978,polyAselection,10x,cDNA,,False,,50bp,pairedEnd,1599428143,1527453877.0,13090,5317,17038,-L8TX_210506_01_C08-1153814224
108,scrnaSeq,M1TX_210322_118_A01,IlluminaNovaseq6000,9.3,A8TX_210330_01,L8TX_210401_01,RTX-971,polyAselection,10x,cDNA,,False,,50bp,pairedEnd,1142887970,1085743572.0,9676,6012,20911,-L8TX_210401_01_C09-1153814178
109,scrnaSeq,M2TX_210329_206_E01,IlluminaNovaseq6000,8.58,A8TX_210406_01,L8TX_210408_01,RTX-972,polyAselection,10x,cDNA,,False,,50bp,pairedEnd,1454753589,1387834924.0,11381,4717,14994,-L8TX_210408_01_E10-1153814184
110,scrnaSeq,M2TX_210329_207_G01,IlluminaNovaseq6000,8.58,A8TX_210504_01,L8TX_210506_01,RTX-979,polyAselection,10x,cDNA,,False,,50bp,pairedEnd,1395005223,1328044972.0,10098,5070,18588,-L8TX_210506_01_A09-1153814215
111,scrnaSeq,M2TX_210322_204_C01,IlluminaNovaseq6000,9.07,A8TX_210330_01,L8TX_210402_01,RTX-971,polyAselection,10x,cDNA,,False,,50bp,pairedEnd,1579680019,1499116338.0,6908,5483,19932,-L8TX_210402_01_G09-1153814180
112,scrnaSeq,M2TX_210322_205_E01,IlluminaNovaseq6000,9.07,A8TX_210504_01,L8TX_210506_01,RTX-978,polyAselection,10x,cDNA,,False,,50bp,pairedEnd,1536393868,1467256144.0,8863,4811,15882,-L8TX_210506_01_H08-1153814228
113,scrnaSeq,M1TX_210316_108_G01,IlluminaNovaseq6000,9.57,A8TX_210427_02,L8TX_210430_01,RTX-977,polyAselection,10x,cDNA,,False,,50bp,pairedEnd,1123963584,1066641441.0,7952,5660,19226,-L8TX_210430_01_A05-1153814213
114,scrnaSeq,M1TX_210316_109_C01,IlluminaNovaseq6000,9.57,A8TX_210323_01,L8TX_210325_01,RTX-970,polyAselection,10x,cDNA,,False,,50bp,pairedEnd,1136560085,1075185840.0,8808,6668,23888,-L8TX_210325_01_E07-1153814170
115,scrnaSeq,M2TX_210407_204_C01,IlluminaNovaseq6000,8.83,A8TX_210413_01,L8TX_210415_01,RTX-973,polyAselection,10x,cDNA,,False,,50bp,pairedEnd,1230603641,1173995874.0,10519,6288,22189,-L8TX_210415_01_G01-1153814188
116,scrnaSeq,M2TX_210407_256_D01,IlluminaNovaseq6000,8.83,A8TX_210504_01,L8TX_210506_01,RTX-979,polyAselection,10x,cDNA,,False,,50bp,pairedEnd,1381449220,1315139657.0,12487,5268,16016,-L8TX_210506_01_B08-1153814220
117,scrnaSeq,M2TX_210322_202_D01,IlluminaNovaseq6000,7.2,A8TX_210504_01,L8TX_210506_01,RTX-978,polyAselection,10x,cDNA,,False,,50bp,pairedEnd,1709972660,1633023890.0,15183,4990,16522,-L8TX_210506_01_D08-1153814226
118,scrnaSeq,M2TX_210426_206_C01,IlluminaNovaseq6000,6.97,A8TX_210511_01,L8TX_210513_01,RTX-982,polyAselection,10x,cDNA,,False,,50bp,pairedEnd,1640816372,1558775553.0,9064,2815,5877,-L8TX_210513_01_H10-1153814232
119,scrnaSeq,M2TX_210426_208_A01,IlluminaNovaseq6000,6.97,A8TX_211109_01,L8TX_211111_01,RTX-1039,polyAselection,10x,cDNA,,False,,50bp,pairedEnd,1177884804,1091899213.0,6897,2829,6090,-L8TX_211111_01_C10-1153814394
120,scrnaSeq,M2TX_210414_215_C01,IlluminaNovaseq6000,9.27,A8TX_210420_01,L8TX_210422_01,RTX-975,polyAselection,10x,cDNA,,False,,50bp,pairedEnd,1759999508,1700159525.0,7852,4970,17550,-L8TX_210422_01_C02-1153814198
121,scrnaSeq,M2TX_210414_267_F01,IlluminaNovaseq6000,9.27,A8TX_210504_01,L8TX_210506_01,RTX-980,polyAselection,10x,cDNA,,False,,50bp,pairedEnd,1495853628,1418069239.0,11331,4433,14675,-L8TX_210506_01_B09-1153814245
122,scrnaSeq,M2TX_210407_216_E01,IlluminaNovaseq6000,9.43,A8TX_210413_01,L8TX_210415_01,RTX-972,polyAselection,10x,cDNA,,False,,50bp,pairedEnd,1317326432,1256729416.0,8266,6834,27042,-L8TX_210415_01_F11-1142430401
123,scrnaSeq,M2TX_210407_268_E01,IlluminaNovaseq6000,9.43,A8TX_210504_01,L8TX_210506_01,RTX-979,polyAselection,10x,cDNA,,False,,50bp,pairedEnd,1307592938,1244828477.0,10084,6250,23000,-L8TX_210506_01_G08-1142430427
124,scrnaSeq,M2TX_210407_210_D01,IlluminaNovaseq6000,3.43,A8TX_210413_01,L8TX_210513_01,RTX-990,polyAselection,10x,cDNA,,False,,50bp,pairedEnd,966750367,917446098.0,3563,1546,2986,-L8TX_210513_01_G10-1153814255
125,scrnaSeq,M2TX_210407_212_D01,IlluminaNovaseq6000,3.43,A8TX_210420_01,L8TX_210430_01,RTX-975,polyAselection,10x,cDNA,,False,,50bp,pairedEnd,1834089596,1753389654.0,3945,1420,2587,-L8TX_210430_01_G05-1153814200
126,scrnaSeq,M2TX_210322_207_D01,IlluminaNovaseq6000,9.37,A8TX_210330_01,L8TX_210513_01,RTX-990,polyAselection,10x,cDNA,,False,,50bp,pairedEnd,896690760,854546294.0,7827,4387,14375,-L8TX_210513_01_F10-1153814253
127,scrnaSeq,M2TX_210322_208_A01,IlluminaNovaseq6000,9.37,A8TX_210406_01,L8TX_210415_01,RTX-974,polyAselection,10x,cDNA,,False,,50bp,pairedEnd,1859621851,1770360002.0,8472,5084,17456,-L8TX_210415_01_G11-1153814190
128,scrnaSeq,M2TX_210329_201_B01,IlluminaNovaseq6000,8.0,A8TX_210406_01,L8TX_210408_01,RTX-972,polyAselection,10x,cDNA,,False,,50bp,pairedEnd,1391995742,1327963938.0,9960,5387,20066,-L8TX_210408_01_D10-1153814182
129,scrnaSeq,M2TX_210329_202_F01,IlluminaNovaseq6000,8.0,A8TX_210504_01,L8TX_210506_01,RTX-978,polyAselection,10x,cDNA,,False,,50bp,pairedEnd,1344695343,1284184053.0,15413,4966,17573,-L8TX_210506_01_E08-1153814230
130,scrnaSeq,M1TX_210322_110_A01,IlluminaNovaseq6000,9.28,A8TX_210504_01,L8TX_210506_01,RTX-978,polyAselection,10x,cDNA,,False,,50bp,pairedEnd,1239278131,1182271337.0,10438,6028,22863,-L8TX_210506_01_F07-1153814222
131,scrnaSeq,M1TX_210322_111_D01,IlluminaNovaseq6000,9.28,A8TX_210330_01,L8TX_210401_01,RTX-971,polyAselection,10x,cDNA,,False,,50bp,pairedEnd,1252738468,1190101545.0,8796,6124,23090,-L8TX_210401_01_B09-1153814174
132,scrnaSeq,M2TX_210624_205_C01,IlluminaNovaseq6000,8.92,A8TX_210628_01,L8TX_210701_01,RTX-999,polyAselection,10x,cDNA,,False,,50bp,pairedEnd,1378745607,1316702055.0,9453,3963,11189,-L8TX_210701_01_E07-1153814263
133,scrnaSeq,M2TX_210624_205_D01,IlluminaNovaseq6000,8.92,A8TX_210628_01,L8TX_210701_01,RTX-999,polyAselection,10x,cDNA,,False,,50bp,pairedEnd,1513458950,1443839838.0,10513,4110,11664,-L8TX_210701_01_H06-1153814265
134,scrnaSeq,M2TX_210701_251_A01,IlluminaNovaseq6000,8.67,A8TX_210706_01,L8TX_210708_01,RTX-1000,polyAselection,10x,cDNA,,False,,50bp,pairedEnd,1418652343,1340626464.0,7253,4895,14844,-L8TX_210708_01_C09-1153814271
135,scrnaSeq,M2TX_210701_251_B01,IlluminaNovaseq6000,8.67,A8TX_210706_01,L8TX_210708_01,RTX-1002,polyAselection,10x,cDNA,,False,,50bp,pairedEnd,1523241747,1477544495.0,7086,4944,15050,-L8TX_210708_01_D09-1153814279
136,scrnaSeq,M1TX_210709_151_B01,IlluminaNovaseq6000,7.93,A8TX_210727_01,L8TX_210729_01,RTX-1006,polyAselection,10x,cDNA,,False,,50bp,pairedEnd,1173427222,1113582434.0,14005,5714,19601,-L8TX_210729_01_E11-1153814310
137,scrnaSeq,M1TX_210709_153_C01,IlluminaNovaseq6000,7.93,A8TX_210720_01,L8TX_210722_01,RTX-1008,polyAselection,10x,cDNA,,False,,50bp,pairedEnd,1875577090,1789300544.0,9486,5814,18440,-L8TX_210722_01_C08-1153814328
138,scrnaSeq,M1TX_210709_153_D01,IlluminaNovaseq6000,7.93,A8TX_210720_01,L8TX_210722_01,RTX-1008,polyAselection,10x,cDNA,,False,,50bp,pairedEnd,1206590508,1149880754.0,9206,5668,17506,-L8TX_210722_01_D08-1153814330
139,scrnaSeq,M1TX_210708_101_C01,IlluminaNovaseq6000,6.73,A8TX_210713_01,L8TX_210715_01,RTX-1003,polyAselection,10x,cDNA,,False,,50bp,pairedEnd,1535887459,1472916073.0,9012,4573,14182,-L8TX_210715_01_E05-1153814273
140,scrnaSeq,M1TX_210708_101_D01,IlluminaNovaseq6000,6.73,A8TX_210713_01,L8TX_210715_01,RTX-1003,polyAselection,10x,cDNA,,False,,50bp,pairedEnd,1570875375,1506469485.0,8903,4424,13263,-L8TX_210715_01_F05-1153814275
141,scrnaSeq,M1TX_210708_104_E01,IlluminaNovaseq6000,7.2,A8TX_210713_01,L8TX_210715_01,RTX-1003,polyAselection,10x,cDNA,,False,,50bp,pairedEnd,1376187566,1318387688.0,5929,5727,20568,-L8TX_210715_01_A05-1153814277
142,scrnaSeq,M1TX_210708_104_F01,IlluminaNovaseq6000,7.2,A8TX_210713_01,L8TX_210715_01,RTX-1004,polyAselection,10x,cDNA,,False,,50bp,pairedEnd,1062971225,1013011577.0,5765,5569,19465,-L8TX_210715_01_B05-1153814290
143,scrnaSeq,M2TX_210624_209_E01,IlluminaNovaseq6000,8.67,A8TX_210628_01,L8TX_210701_01,RTX-1000,polyAselection,10x,cDNA,,False,,50bp,pairedEnd,1280755228,1209032935.0,8416,2733,4096,-L8TX_210701_01_A07-1153814267
144,scrnaSeq,M2TX_210624_209_F01,IlluminaNovaseq6000,8.67,A8TX_210628_01,L8TX_210701_01,RTX-1000,polyAselection,10x,cDNA,,False,,50bp,pairedEnd,1194369651,1125096211.0,10326,5626,17910,-L8TX_210701_01_B07-1153814269
145,scrnaSeq,M2TX_210701_255_C01,IlluminaNovaseq6000,8.43,A8TX_210706_01,L8TX_210708_01,RTX-1002,polyAselection,10x,cDNA,,False,,50bp,pairedEnd,1586037068,1538455956.0,10028,4541,11660,-L8TX_210708_01_F09-1153814281
146,scrnaSeq,M2TX_210701_255_D01,IlluminaNovaseq6000,8.43,A8TX_210706_01,L8TX_210708_01,RTX-1002,polyAselection,10x,cDNA,,False,,50bp,pairedEnd,1442347937,1400519847.0,9417,5148,14736,-L8TX_210708_01_E09-1153814283
147,scrnaSeq,M2TX_210727_201_A01,IlluminaNovaseq6000,8.03,A8TX_210803_01,L8TX_210805_01,RTX-1009,polyAselection,10x,cDNA,,False,,50bp,pairedEnd,1195081796,1128157215.0,11068,5310,15542,-L8TX_210805_01_F02-1153814316
148,scrnaSeq,M2TX_210727_201_B01,IlluminaNovaseq6000,8.03,A8TX_210803_01,L8TX_210805_01,RTX-1009,polyAselection,10x,cDNA,,False,,50bp,pairedEnd,1243029098,1174662498.0,10870,5186,14956,-L8TX_210805_01_G02-1153814318
149,scrnaSeq,M1TX_210712_151_G01,IlluminaNovaseq6000,5.6,A8TX_210720_01,L8TX_210722_01,RTX-1005,polyAselection,10x,cDNA,,False,,50bp,pairedEnd,1469303740,1392899946.0,4633,3209,7834,-L8TX_210722_01_B08-1153814305
150,scrnaSeq,M1TX_210712_151_H01,IlluminaNovaseq6000,5.6,A8TX_210720_01,L8TX_210722_01,RTX-1005,polyAselection,10x,cDNA,,False,,50bp,pairedEnd,1726385987,1638340302.0,5387,3168,7686,-L8TX_210722_01_G07-1153814308
151,scrnaSeq,M1TX_210720_157_C01,IlluminaNovaseq6000,2.9,A8TX_210727_01,L8TX_210805_01,RTX-1011,polyAselection,10x,cDNA,,False,,50bp,pairedEnd,1354251173,1289247117.0,5314,1888,3511,-L8TX_210805_01_B04-1153814348
152,scrnaSeq,M1TX_210720_157_D01,IlluminaNovaseq6000,2.9,A8TX_210727_01,L8TX_210729_01,RTX-1008,polyAselection,10x,cDNA,,False,,50bp,pairedEnd,1008452373,955004397.0,4997,2112,4162,-L8TX_210729_01_C12-1153814340
153,scrnaSeq,M1TX_210712_155_G01,IlluminaNovaseq6000,8.27,A8TX_210720_01,L8TX_210722_01,RTX-1008,polyAselection,10x,cDNA,,False,,50bp,pairedEnd,1441193862,1374898944.0,8399,5384,18021,-L8TX_210722_01_G08-1153814336
154,scrnaSeq,M1TX_210712_155_H01,IlluminaNovaseq6000,8.27,A8TX_210720_01,L8TX_210729_01,RTX-1008,polyAselection,10x,cDNA,,False,,50bp,pairedEnd,986769420,939404488.0,8186,5179,16822,-L8TX_210729_01_G12-1153814338
155,scrnaSeq,M2TX_210720_207_C01,IlluminaNovaseq6000,7.03,A8TX_210727_01,L8TX_210812_01,RTX-1011,polyAselection,10x,cDNA,,False,,50bp,pairedEnd,1036877811,996439576.0,10931,4500,13444,-L8TX_210812_01_C10-1153814352
156,scrnaSeq,M2TX_210720_207_D01,IlluminaNovaseq6000,7.03,A8TX_210727_01,L8TX_210729_01,RTX-1006,polyAselection,10x,cDNA,,False,,50bp,pairedEnd,1344502982,1274588827.0,14422,1260,1622,-L8TX_210729_01_H11-1153814312
157,scrnaSeq,M2TX_210727_207_E01,IlluminaNovaseq6000,6.67,A8TX_210803_01,L8TX_210805_01,RTX-1009,polyAselection,10x,cDNA,,False,,50bp,pairedEnd,1386504524,1310246775.0,8218,5970,19337,-L8TX_210805_01_B03-1153814324
158,scrnaSeq,M2TX_210727_207_F01,IlluminaNovaseq6000,6.67,A8TX_210803_01,L8TX_210805_01,RTX-1009,polyAselection,10x,cDNA,,False,,50bp,pairedEnd,1268874340,1192741880.0,18529,726,866,-L8TX_210805_01_H03-1153814326
159,scrnaSeq,M1TX_210720_153_B01,IlluminaNovaseq6000,7.27,A8TX_210727_01,L8TX_210805_01,RTX-1011,polyAselection,10x,cDNA,,False,,50bp,pairedEnd,1474363267,1416863100.0,9632,4513,13716,-L8TX_210805_01_A04-1153814346
160,scrnaSeq,M2TX_210727_205_C01,IlluminaNovaseq6000,7.2,A8TX_210803_01,L8TX_210805_01,RTX-1009,polyAselection,10x,cDNA,,False,,50bp,pairedEnd,1179507392,1113454978.0,8366,3444,8630,-L8TX_210805_01_F03-1153814320
161,scrnaSeq,M2TX_210727_205_D01,IlluminaNovaseq6000,7.2,A8TX_210803_01,L8TX_210805_01,RTX-1009,polyAselection,10x,cDNA,,False,,50bp,pairedEnd,1121903726,1059077117.0,8352,3348,8261,-L8TX_210805_01_G03-1153814322
162,scrnaSeq,M1TX_210816_155_C01,IlluminaNovaseq6000,7.37,A8TX_210824_01,L8TX_210826_01,RTX-1015,polyAselection,10x,cDNA,,False,,50bp,pairedEnd,1312311205,1251944890.0,9594,4900,15022,-L8TX_210826_01_A06-1153814366
163,scrnaSeq,M1TX_210816_155_D01,IlluminaNovaseq6000,7.37,A8TX_210824_01,L8TX_210826_01,RTX-1015,polyAselection,10x,cDNA,,False,,50bp,pairedEnd,1106045931,1055167818.0,9665,4570,13251,-L8TX_210826_01_B06-1153814368
164,scrnaSeq,M2TX_210720_204_G01,IlluminaNovaseq6000,7.57,A8TX_210727_01,L8TX_210812_01,RTX-1011,polyAselection,10x,cDNA,,False,,50bp,pairedEnd,1191588113,1145116177.0,9401,5118,15519,-L8TX_210812_01_A10-1153814350
165,scrnaSeq,M2TX_210720_204_H01,IlluminaNovaseq6000,7.57,A8TX_210727_01,L8TX_210729_01,RTX-1008,polyAselection,10x,cDNA,,False,,50bp,pairedEnd,1163335088,1110985009.0,8523,5345,17071,-L8TX_210729_01_F12-1153814344
166,scrnaSeq,M2TX_210720_201_E01,IlluminaNovaseq6000,6.23,A8TX_210727_01,L8TX_210729_01,RTX-1007,polyAselection,10x,cDNA,,False,,50bp,pairedEnd,1622612978,1549595394.0,9055,5768,19829,-L8TX_210729_01_D12-1153814314
167,scrnaSeq,M2TX_210720_201_F01,IlluminaNovaseq6000,6.23,A8TX_210727_01,L8TX_210729_01,RTX-1008,polyAselection,10x,cDNA,,False,,50bp,pairedEnd,1146711150,1093962437.0,8471,5474,18436,-L8TX_210729_01_E12-1153814342
168,scrnaSeq,M1TX_210816_161_E01,IlluminaNovaseq6000,7.27,A8TX_210824_01,L8TX_210826_01,RTX-1015,polyAselection,10x,cDNA,,False,,50bp,pairedEnd,1474107817,1406298857.0,9554,5003,14822,-L8TX_210826_01_C06-1153814371
169,scrnaSeq,M1TX_210816_161_F01,IlluminaNovaseq6000,7.27,A8TX_210824_01,L8TX_210826_01,RTX-1015,polyAselection,10x,cDNA,,False,,50bp,pairedEnd,1276058807,1217360102.0,9350,5280,16474,-L8TX_210826_01_D06-1153814373
170,scrnaSeq,M1TX_210914_157_C01,IlluminaNovaseq6000,8.63,A8TX_210921_01,L8TX_210930_01,RTX-1027,polyAselection,10x,cDNA,,False,,50bp,pairedEnd,1379684419,1301042407.0,6775,2276,4602,-L8TX_210930_01_E03-1153814379
171,scrnaSeq,M1TX_210914_157_D01,IlluminaNovaseq6000,8.63,A8TX_210921_01,L8TX_210930_01,RTX-1027,polyAselection,10x,cDNA,,False,,50bp,pairedEnd,1317294048,1240890993.0,6676,2259,4593,-L8TX_210930_01_F03-1153814381
172,scrnaSeq,M1TX_211014_151_A01,IlluminaNovaseq6000,6.55,A8TX_211019_01,L8TX_211021_01,RTX-1033,polyAselection,10x,cDNA,,False,,50bp,pairedEnd,1723500827,1668348801.0,9309,3285,6702,-L8TX_211021_01_F04-1153814384
173,scrnaSeq,M1TX_211014_151_B01,IlluminaNovaseq6000,6.55,A8TX_211019_01,L8TX_211028_01,RTX-1034,polyAselection,10x,cDNA,,False,,50bp,pairedEnd,1337362724,1255783598.0,7754,3026,6979,-L8TX_211028_01_C07-1153814386
174,scrnaSeq,M1TX_211014_157_F01,IlluminaNovaseq6000,7.28,A8TX_211019_01,L8TX_211021_01,RTX-1034,polyAselection,10x,cDNA,,False,,50bp,pairedEnd,1087157018,1020840440.0,8040,4863,15398,-L8TX_211021_01_C04-1153814392
175,scrnaSeq,M1TX_211014_155_C01,IlluminaNovaseq6000,8.7,A8TX_211019_01,L8TX_211022_01,RTX-1034,polyAselection,10x,cDNA,,False,,50bp,pairedEnd,980213604,921400788.0,8920,5027,14226,-L8TX_211022_01_A04-1153814388
176,scrnaSeq,M1TX_211014_155_D01,IlluminaNovaseq6000,8.7,A8TX_211019_01,L8TX_211021_01,RTX-1034,polyAselection,10x,cDNA,,False,,50bp,pairedEnd,1064640034,997567712.0,8471,5161,14057,-L8TX_211021_01_B04-1153814390
177,scrnaSeq,M1TX_191015_101_A01,IlluminaNovaseq6000,7.9,A8TX_191025_04,L8TX_191029_01,RTX-867,polyAselection,10x,cDNA,,False,,50bp,pairedEnd,708608151,683806866.0,6652,5806,21298,-L8TX_191029_01_A07-1156636564
178,scrnaSeq,M1TX_191216_107_D01,IlluminaNovaseq6000,7.9,A8TX_191223_04,L8TX_200107_01,RTX-874,polyAselection,10x,cDNA,,False,,50bp,pairedEnd,667803326,647769226.0,13027,4393,12321,-L8TX_200107_01_A09-1156636575
179,scrnaSeq,M1TX_190626_107_A01,IlluminaNovaseq6000,8.2,AKTX_191202_01,LKTX_191204_01,10X240,polyAselection,10x,cDNA,,False,,50bp,pairedEnd,517861329,491450401.0,4263,6362,20538,-LKTX_191204_01_A01-1156636525
180,scrnaSeq,M1TX_190626_107_B01,IlluminaNovaseq6000,8.2,AKTX_191202_01,LKTX_191204_01,10X240,polyAselection,10x,cDNA,,False,,50bp,pairedEnd,493308031,466669397.0,4376,6031,18414,-LKTX_191204_01_B01-1156636527
181,scrnaSeq,M1TX_190626_107_C01,IlluminaNovaseq6000,8.2,AKTX_191202_01,LKTX_191204_01,10X240,polyAselection,10x,cDNA,,False,,50bp,pairedEnd,488215235,463316258.0,4337,6147,19339,-LKTX_191204_01_C01-1156636529
182,scrnaSeq,M1TX_190626_107_D01,IlluminaNovaseq6000,8.2,AKTX_191202_01,LKTX_191204_01,10X240,polyAselection,10x,cDNA,,False,,50bp,pairedEnd,517245091,492934572.0,4900,6188,19487,-LKTX_191204_01_D01-1156636531
183,scrnaSeq,M1TX_190626_107_E01,IlluminaNovaseq6000,8.2,AKTX_191202_01,LKTX_191204_01,10X240,polyAselection,10x,cDNA,,False,,50bp,pairedEnd,528470809,504161152.0,4771,6273,20211,-LKTX_191204_01_E01-1156636533
184,scrnaSeq,M1TX_190916_106_B01,IlluminaNovaseq6000,8.2,A8TX_190924_01,L8TX_191003_01,RTX-864,polyAselection,10x,cDNA,,False,,50bp,pairedEnd,921499712,882796724.0,9199,6103,20320,-L8TX_191003_01_E03-1156636560
185,scrnaSeq,M1TX_191024_101_A01,IlluminaNovaseq6000,8.3,AKTX_191202_01,LKTX_191204_01,10X240,polyAselection,10x,cDNA,,False,,50bp,pairedEnd,493510782,469328754.0,4760,5774,17446,-LKTX_191204_01_F01-1156636535
186,scrnaSeq,M1TX_191024_101_B01,IlluminaNovaseq6000,8.3,AKTX_191202_01,LKTX_191204_01,10X240,polyAselection,10x,cDNA,,False,,50bp,pairedEnd,549825446,524533475.0,4814,5897,18208,-LKTX_191204_01_G01-1156636537
187,scrnaSeq,M1TX_191024_101_C01,IlluminaNovaseq6000,8.3,AKTX_191202_01,LKTX_191204_01,10X240,polyAselection,10x,cDNA,,False,,50bp,pairedEnd,484389261,462107355.0,5013,5780,17478,-LKTX_191204_01_H01-1156636539
188,scrnaSeq,M1TX_191024_101_D01,IlluminaNovaseq6000,8.3,AKTX_191202_02,LKTX_191204_02,10X241,polyAselection,10x,cDNA,,False,,50bp,pairedEnd,614970812,586682155.0,5457,5722,17303,-LKTX_191204_02_A01-1156636541
189,scrnaSeq,M1TX_191024_101_E01,IlluminaNovaseq6000,8.3,AKTX_191202_02,LKTX_191204_02,10X241,polyAselection,10x,cDNA,,False,,50bp,pairedEnd,526586984,502363983.0,5485,5752,17235,-LKTX_191204_02_B01-1156636543
190,scrnaSeq,M1TX_191106_104_A01,IlluminaNovaseq6000,8.3,A8TX_191122_04,L8TX_191126_01,RTX-869,polyAselection,10x,cDNA,,False,,50bp,pairedEnd,642140441,616454823.0,6413,5510,15817,-L8TX_191126_01_G01-1156636570
191,scrnaSeq,M1TX_191106_104_B01,IlluminaNovaseq6000,8.3,A8TX_191122_04,L8TX_191126_01,RTX-869,polyAselection,10x,cDNA,,False,,50bp,pairedEnd,687223429,659734492.0,6172,5629,16544,-L8TX_191126_01_H01-1156636572
192,scrnaSeq,M1TX_191106_104_C01,IlluminaNovaseq6000,8.3,A8TX_191122_06,L8TX_191126_02,RTX-869,polyAselection,10x,cDNA,,False,,50bp,pairedEnd,807755571,775445348.0,6782,5488,15384,-L8TX_191126_02_G02-1156636566
193,scrnaSeq,M1TX_191106_104_D01,IlluminaNovaseq6000,8.3,A8TX_191122_06,L8TX_191126_02,RTX-869,polyAselection,10x,cDNA,,False,,50bp,pairedEnd,865942610,831304906.0,7205,5449,15228,-L8TX_191126_02_H02-1156636568
194,scrnaSeq,M1TX_191024_109_A01,IlluminaNovaseq6000,8.2,AKTX_191202_02,LKTX_191204_02,10X241,polyAselection,10x,cDNA,,False,,50bp,pairedEnd,509768883,486319514.0,5484,5512,17605,-LKTX_191204_02_C01-1156636547
195,scrnaSeq,M1TX_191024_109_B01,IlluminaNovaseq6000,8.2,AKTX_191202_02,LKTX_191204_02,10X241,polyAselection,10x,cDNA,,False,,50bp,pairedEnd,527156434,502907238.0,5561,5218,15852,-LKTX_191204_02_D01-1156636549
196,scrnaSeq,M1TX_191024_109_C01,IlluminaNovaseq6000,8.2,AKTX_191202_02,LKTX_191204_02,10X241,polyAselection,10x,cDNA,,False,,50bp,pairedEnd,576425472,549909900.0,5680,6065,20997,-LKTX_191204_02_E01-1156636551
197,scrnaSeq,M1TX_191024_110_A01,IlluminaNovaseq6000,8.2,AKTX_191202_02,LKTX_191204_02,10X241,polyAselection,10x,cDNA,,False,,50bp,pairedEnd,465953708,444053884.0,4747,6201,20511,-LKTX_191204_02_F01-1156636553
198,scrnaSeq,M1TX_191024_110_B01,IlluminaNovaseq6000,8.2,AKTX_191202_02,LKTX_191204_02,10X241,polyAselection,10x,cDNA,,False,,50bp,pairedEnd,512831197,489240962.0,5177,6218,20705,-LKTX_191204_02_G01-1156636555
199,scrnaSeq,M1TX_191024_110_C01,IlluminaNovaseq6000,8.2,AKTX_191202_02,LKTX_191204_02,10X241,polyAselection,10x,cDNA,,False,,50bp,pairedEnd,507033352,483709818.0,4900,6282,20852,-LKTX_191204_02_H01-1156636557
200,scrnaSeq,M1TX_190822_101_D01,IlluminaNovaseq6000,7.4,A8TX_190830_04,L8TX_190903_01,RTX-864,polyAselection,10x,cDNA,,False,,50bp,pairedEnd,828308847,793519875.0,6528,6099,21441,-L8TX_190903_01_B02-1156636562
201,scrnaSeq,M1TX_191025_105_B01,IlluminaNovaseq6000,7.4,A8TX_191101_03_B03,L8TX_191105_01_C09,RTX-867,polyAselection,10x,cDNA,,False,,50bp,pairedEnd,954178880,,6405,5870,19901,-8L8TX_191105_01_C09
202,scrnaSeq,M1TX_191118_104_F01,IlluminaNovaseq6000,8.2,A8TX_191223_04_F04,L8TX_200107_01_G09,RTX-874,polyAselection,10x,cDNA,,False,,50bp,pairedEnd,873034560,,8672,6328,22482,-5L8TX_200107_01_G09
203,scrnaSeq,M1TX_191118_104_G01,IlluminaNovaseq6000,8.2,A8TX_191223_04_G04,L8TX_200107_01_H09,RTX-875,polyAselection,10x,cDNA,,False,,50bp,pairedEnd,824240320,,8492,6311,22396,-6L8TX_200107_01_H09
204,scrnaSeq,M1TX_191118_104_H01,IlluminaNovaseq6000,8.2,A8TX_191223_04_H04,L8TX_200107_01_A10,RTX-875,polyAselection,10x,cDNA,,False,,50bp,pairedEnd,703711680,,7989,5692,18330,-7L8TX_200107_01_A10
205,scrnaSeq,M1TX_191118_105_A01,IlluminaNovaseq6000,8.2,A8TX_200110_01_A01,L8TX_200114_01_B11,RTX-875,polyAselection,10x,cDNA,,False,,50bp,pairedEnd,947265280,,9631,6822,24706,-31L8TX_200114_01_B11
206,scrnaSeq,M1TX_191204_103_F01,IlluminaNovaseq6000,8.2,A8TX_191206_04_F04,L8TX_191217_01_G03,RTX-873,polyAselection,10x,cDNA,,False,,50bp,pairedEnd,972516160,,7820,6262,20882,-16L8TX_191217_01_G03
207,scrnaSeq,M1TX_191216_105_C01,IlluminaNovaseq6000,7.9,A8TX_191223_04_C04,L8TX_200107_01_F09,RTX-874,polyAselection,10x,cDNA,,False,,50bp,pairedEnd,1085416489,,5712,6291,21934,-13L8TX_200107_01_F09
208,scrnaSeq,M1TX_200113_101_A01,IlluminaNovaseq6000,8.3,A8TX_200124_04_A04,L8TX_200130_01_E01,RTX-876,polyAselection,10x,cDNA,,False,,50bp,pairedEnd,769813120,,9262,5609,16973,-8L8TX_200130_01_E01
209,scrnaSeq,M1TX_200113_102_F01,IlluminaNovaseq6000,8.3,A8TX_200124_04_F04,L8TX_200130_01_A02,RTX-877,polyAselection,10x,cDNA,,False,,50bp,pairedEnd,850437760,,7607,5624,17676,-9L8TX_200130_01_A02
210,scrnaSeq,M1TX_200113_103_A01,IlluminaNovaseq6000,8.3,A8TX_200211_03_A03,L8TX_200213_01_G05,RTX-878,polyAselection,10x,cDNA,,False,,50bp,pairedEnd,1384065600,,9053,6092,17976,-20L8TX_200213_01_G05
211,scrnaSeq,M1TX_200113_103_B01,IlluminaNovaseq6000,8.3,A8TX_200211_03_B03,L8TX_200213_01_B05,RTX-878,polyAselection,10x,cDNA,,False,,50bp,pairedEnd,1297344000,,9034,5907,16980,-25L8TX_200213_01_B05
212,scrnaSeq,M1TX_200113_105_G01,IlluminaNovaseq6000,8.2,A8TX_200124_04_G04,L8TX_200130_01_B01,RTX-877,polyAselection,10x,cDNA,,False,,50bp,pairedEnd,886360640,,10407,5646,17312,-10L8TX_200130_01_B01
213,scrnaSeq,M1TX_200113_105_H01,IlluminaNovaseq6000,8.2,A8TX_200124_04_H04,L8TX_200130_01_C01,RTX-877,polyAselection,10x,cDNA,,False,,50bp,pairedEnd,885943040,,10065,5766,18335,-27L8TX_200130_01_C01
214,scrnaSeq,M1TX_200113_106_E01,IlluminaNovaseq6000,8.2,A8TX_200211_03_E03,L8TX_200213_01_C05,RTX-878,polyAselection,10x,cDNA,,False,,50bp,pairedEnd,1303385280,,8531,5867,16789,-23L8TX_200213_01_C05
215,scrnaSeq,M1TX_200113_106_F01,IlluminaNovaseq6000,8.2,A8TX_200211_03_F03,L8TX_200213_01_B06,RTX-878,polyAselection,10x,cDNA,,False,,50bp,pairedEnd,1369570240,,9566,5890,16858,-24L8TX_200213_01_B06
216,scrnaSeq,M1TX_210908_151_A01,IlluminaNovaseq6000,9.48,A8TX_210914_01,L8TX_210916_01,RTX-1023,polyAselection,10x,cDNA,,False,,50bp,pairedEnd,1324828428,1253287693.0,11223,6174,18772,-L8TX_210916_01_F04-1131590414
217,scrnaSeq,M1TX_210908_151_B01,IlluminaNovaseq6000,9.48,A8TX_210914_01,L8TX_210916_01,RTX-1023,polyAselection,10x,cDNA,,False,,50bp,pairedEnd,1121036029,1059379047.0,10419,5758,17062,-L8TX_210916_01_A05-1131590415
218,scrnaSeq,M1TX_210614_104_E01,IlluminaNovaseq6000,9.2,A8TX_210622_01,L8TX_210624_01,RTX-996,polyAselection,10x,cDNA,,False,,50bp,pairedEnd,1106922253,1057110752.0,10997,5626,16359,-L8TX_210624_01_A02-1114947896
219,scrnaSeq,M1TX_210614_104_F01,IlluminaNovaseq6000,9.2,A8TX_210622_01,L8TX_210624_01,RTX-996,polyAselection,10x,cDNA,,False,,50bp,pairedEnd,1219048732,1164191539.0,10170,5885,17576,-L8TX_210624_01_E03-1114947897
220,scrnaSeq,M2TX_210517_201_E01,IlluminaNovaseq6000,9.55,A8TX_210525_01,L8TX_210527_01,RTX-987,polyAselection,10x,cDNA,,False,,50bp,pairedEnd,1153963235,1111266595.0,9935,4092,12173,-L8TX_210527_01_F07-1108004942
221,scrnaSeq,M2TX_210517_201_F01,IlluminaNovaseq6000,9.55,A8TX_210525_01,L8TX_210527_01,RTX-987,polyAselection,10x,cDNA,,False,,50bp,pairedEnd,1463961521,1412722868.0,9662,3972,11711,-L8TX_210527_01_G07-1108004943
222,scrnaSeq,M1TX_210727_107_G01,IlluminaNovaseq6000,8.98,A8TX_210803_01,L8TX_210805_01,RTX-1011,polyAselection,10x,cDNA,,False,,50bp,pairedEnd,1283559159,1233500352.0,11138,6140,21834,-L8TX_210805_01_D02-1124420575
223,scrnaSeq,M1TX_210727_107_H01,IlluminaNovaseq6000,8.98,A8TX_210803_01,L8TX_210805_01,RTX-1012,polyAselection,10x,cDNA,,False,,50bp,pairedEnd,986403437,937083265.0,9590,5701,19074,-L8TX_210805_01_E02-1124416548
224,scrnaSeq,M1TX_210723_153_A01,IlluminaNovaseq6000,7.93,A8TX_210803_01,L8TX_210805_01,RTX-1010,polyAselection,10x,cDNA,,False,,50bp,pairedEnd,1308397400,1239052338.0,9009,4885,14382,-L8TX_210805_01_C03-1122820129
225,scrnaSeq,M1TX_210723_153_B01,IlluminaNovaseq6000,7.93,A8TX_210803_01,L8TX_210805_01,RTX-1010,polyAselection,10x,cDNA,,False,,50bp,pairedEnd,1339593213,1268594773.0,9495,5142,16091,-L8TX_210805_01_D03-1122820130
226,scrnaSeq,M1TX_210726_161_F01,IlluminaNovaseq6000,9.04,A8TX_210803_01,L8TX_210805_01,RTX-1010,polyAselection,10x,cDNA,,False,,50bp,pairedEnd,909704046,862399436.0,6981,4806,11753,-L8TX_210805_01_C02-1122820131
227,scrnaSeq,M1TX_210726_159_E01,IlluminaNovaseq6000,9.04,A8TX_210803_01,L8TX_210805_01,RTX-1011,polyAselection,10x,cDNA,,False,,50bp,pairedEnd,1325270102,1273584568.0,11248,5381,14522,-L8TX_210805_01_B02-1124420574
228,scrnaSeq,M1TX_211012_153_C01,IlluminaNovaseq6000,6.55,A8TX_211019_01,L8TX_211021_01,RTX-1033,polyAselection,10x,cDNA,,False,,50bp,pairedEnd,1568074070,1516327626.0,11165,2621,5165,-L8TX_211021_01_D04-1139530068
229,scrnaSeq,M1TX_211012_153_D01,IlluminaNovaseq6000,6.55,A8TX_211019_01,L8TX_211021_01,RTX-1033,polyAselection,10x,cDNA,,False,,50bp,pairedEnd,1663890236,1610645748.0,9711,3029,6396,-L8TX_211021_01_E04-1139530069
230,scrnaSeq,M1TX_210614_103_C01,IlluminaNovaseq6000,8.63,A8TX_210622_01,L8TX_210624_01,RTX-996,polyAselection,10x,cDNA,,False,,50bp,pairedEnd,1221213649,1166259035.0,10599,5873,19448,-L8TX_210624_01_E02-1114947894
231,scrnaSeq,M1TX_210614_103_D01,IlluminaNovaseq6000,8.63,A8TX_210622_01,L8TX_210624_01,RTX-996,polyAselection,10x,cDNA,,False,,50bp,pairedEnd,1435116100,1370535876.0,10016,6118,21562,-L8TX_210624_01_D03-1114947895
232,scrnaSeq,M2TX_210811_201_A01,IlluminaNovaseq6000,9.37,A8TX_210824_01,L8TX_210826_01,RTX-1016,polyAselection,10x,cDNA,,False,,50bp,pairedEnd,1360168868,1283999411.0,9124,4803,14932,-L8TX_210826_01_F06-1127603906
233,scrnaSeq,M2TX_210811_201_B01,IlluminaNovaseq6000,9.37,A8TX_210824_01,L8TX_210826_01,RTX-1016,polyAselection,10x,cDNA,,False,,50bp,pairedEnd,1471405367,1389006666.0,9077,5546,19537,-L8TX_210826_01_G06-1127603907
234,scrnaSeq,M1TX_210914_159_E01,IlluminaNovaseq6000,8.58,A8TX_210921_01,L8TX_210923_01,RTX-1026,polyAselection,10x,cDNA,,False,,50bp,pairedEnd,1179007272,1112982865.0,9086,5398,17406,-L8TX_210923_01_A07-1132961565
235,scrnaSeq,M1TX_210914_159_F01,IlluminaNovaseq6000,8.58,A8TX_210921_01,L8TX_210923_01,RTX-1026,polyAselection,10x,cDNA,,False,,50bp,pairedEnd,1168490131,1100717703.0,8450,5562,18468,-L8TX_210923_01_B07-1132961566
236,scrnaSeq,M1TX_210909_159_C01,IlluminaNovaseq6000,7.93,A8TX_210921_01,L8TX_210923_01,RTX-1024,polyAselection,10x,cDNA,,False,,50bp,pairedEnd,1223719964,1146625606.0,11819,5543,16595,-L8TX_210923_01_G07-1131758237
237,scrnaSeq,M1TX_210909_159_D01,IlluminaNovaseq6000,7.93,A8TX_210921_01,L8TX_210923_01,RTX-1024,polyAselection,10x,cDNA,,False,,50bp,pairedEnd,1439702495,1349001238.0,11308,5944,18474,-L8TX_210923_01_H07-1131758238
238,scrnaSeq,M2TX_210916_255_A01,IlluminaNovaseq6000,9.3,A8TX_210928_01,L8TX_210930_01,RTX-1027,polyAselection,10x,cDNA,,False,,50bp,pairedEnd,1213265205,1146535619.0,11075,5195,15695,-L8TX_210930_01_A02-1134004938
239,scrnaSeq,M2TX_210916_255_B01,IlluminaNovaseq6000,9.3,A8TX_210928_01,L8TX_210930_01,RTX-1027,polyAselection,10x,cDNA,,False,,50bp,pairedEnd,1060563060,1003292655.0,10074,5294,16159,-L8TX_210930_01_B02-1134004939
240,scrnaSeq,M1TX_210726_151_C01,IlluminaNovaseq6000,3.43,A8TX_210810_01,L8TX_210812_01,RTX-1013,polyAselection,10x,cDNA,,False,,50bp,pairedEnd,1338237504,1263296204.0,6489,1543,2725,-L8TX_210812_01_E09-1127573063
241,scrnaSeq,M1TX_210726_153_D01,IlluminaNovaseq6000,3.43,A8TX_210810_01,L8TX_210812_01,RTX-1013,polyAselection,10x,cDNA,,False,,50bp,pairedEnd,1406952793,1329570389.0,8990,1700,3068,-L8TX_210812_01_F09-1127573064
242,scrnaSeq,M1TX_210607_101_E01,IlluminaNovaseq6000,8.4,A8TX_210615_01,L8TX_210617_01,RTX-994,polyAselection,10x,cDNA,,False,,50bp,pairedEnd,1452935181,1396270709.0,9545,5502,20613,-L8TX_210617_01_A12-1113634354
243,scrnaSeq,M1TX_210607_101_F01,IlluminaNovaseq6000,8.4,A8TX_210615_01,L8TX_210617_01,RTX-994,polyAselection,10x,cDNA,,False,,50bp,pairedEnd,1615496588,1552492221.0,8949,5601,21758,-L8TX_210617_01_G11-1113634356
244,scrnaSeq,M2TX_210517_205_G01,IlluminaNovaseq6000,5.93,A8TX_210525_01,L8TX_210527_01,RTX-987,polyAselection,10x,cDNA,,False,,50bp,pairedEnd,1206244424,1162819625.0,10235,4425,13936,-L8TX_210527_01_C07-1108004944
245,scrnaSeq,M2TX_210517_205_H01,IlluminaNovaseq6000,5.93,A8TX_210525_01,L8TX_210527_01,RTX-987,polyAselection,10x,cDNA,,False,,50bp,pairedEnd,1721485866,1659512375.0,12816,3514,9526,-L8TX_210527_01_H07-1108004945
246,scrnaSeq,M2TX_210916_251_G01,IlluminaNovaseq6000,8.98,A8TX_210921_01,L8TX_210923_01,RTX-1026,polyAselection,10x,cDNA,,False,,50bp,pairedEnd,1256947555,1187815439.0,9353,5912,19654,-L8TX_210923_01_C07-1132961567
247,scrnaSeq,M2TX_210916_251_H01,IlluminaNovaseq6000,8.98,A8TX_210921_01,L8TX_210923_01,RTX-1026,polyAselection,10x,cDNA,,False,,50bp,pairedEnd,1461931827,1380063645.0,11505,4219,10187,-L8TX_210923_01_D07-1132961568
248,scrnaSeq,M2TX_210511_203_F01,IlluminaNovaseq6000,8.15,A8TX_210518_01,L8TX_210521_01,RTX-984,polyAselection,10x,cDNA,,False,,50bp,pairedEnd,1632728820,1567419667.0,12656,2881,5910,-L8TX_210521_01_B05-1106836976
249,scrnaSeq,M2TX_210511_203_G01,IlluminaNovaseq6000,8.15,A8TX_210518_01,L8TX_210521_01,RTX-984,polyAselection,10x,cDNA,,False,,50bp,pairedEnd,1110696673,1061826019.0,3813,1967,2660,-L8TX_210521_01_B04-1106836977
250,scrnaSeq,M2TX_210511_201_F01,IlluminaNovaseq6000,8.15,A8TX_211221_01,L8TX_220106_03,RTX-1050,polyAselection,10x,cDNA,,False,,50bp,pairedEnd,1444567795,1339114346.0,9876,4644,14168,-L8TX_220106_03_E10-1151911969
251,scrnaSeq,M2TX_210811_203_C01,IlluminaNovaseq6000,8.0,A8TX_210824_01,L8TX_210826_01,RTX-1016,polyAselection,10x,cDNA,,False,,50bp,pairedEnd,1341315990,1266202295.0,9663,6596,27238,-L8TX_210826_01_D05-1127603908
252,scrnaSeq,M2TX_210811_203_D01,IlluminaNovaseq6000,8.0,A8TX_210824_01,L8TX_210826_01,RTX-1016,polyAselection,10x,cDNA,,False,,50bp,pairedEnd,1192024452,1124079058.0,9571,6413,25498,-L8TX_210826_01_A05-1127603909
253,scrnaSeq,M2TX_210811_207_G01,IlluminaNovaseq6000,9.43,A8TX_210824_01,L8TX_210826_01,RTX-1015,polyAselection,10x,cDNA,,False,,50bp,pairedEnd,1115040609,1064863782.0,7296,5160,15008,-L8TX_210826_01_E06-1127612092
254,scrnaSeq,M2TX_210811_207_H01,IlluminaNovaseq6000,9.43,A8TX_210824_01,L8TX_210826_01,RTX-1016,polyAselection,10x,cDNA,,False,,50bp,pairedEnd,1470952010,1390049649.0,7403,4867,13551,-L8TX_210826_01_H06-1127603900
255,scrnaSeq,M2TX_210524_204_G01,IlluminaNovaseq6000,8.43,A8TX_210608_01,L8TX_210610_01,RTX-992,polyAselection,10x,cDNA,,False,,50bp,pairedEnd,1460106169,1388560967.0,9195,5647,18803,-L8TX_210610_01_H02-1111486764
256,scrnaSeq,M2TX_210524_204_H01,IlluminaNovaseq6000,8.43,A8TX_210608_01,L8TX_210610_01,RTX-992,polyAselection,10x,cDNA,,False,,50bp,pairedEnd,1229854660,1169591782.0,9492,5302,16625,-L8TX_210610_01_E02-1111486765
257,scrnaSeq,M2TX_210916_259_C01,IlluminaNovaseq6000,5.6,A8TX_210928_01,L8TX_210930_01,RTX-1027,polyAselection,10x,cDNA,,False,,50bp,pairedEnd,1337702368,1265466440.0,7571,4707,15818,-L8TX_210930_01_A03-1134004940
258,scrnaSeq,M2TX_210916_259_D01,IlluminaNovaseq6000,5.6,A8TX_210928_01,L8TX_210930_01,RTX-1027,polyAselection,10x,cDNA,,False,,50bp,pairedEnd,1541822626,1457022382.0,7963,4822,16340,-L8TX_210930_01_B03-1134004941
259,scrnaSeq,M2TX_210518_201_E01,IlluminaNovaseq6000,8.57,A8TX_210525_01,L8TX_210527_01,RTX-987,polyAselection,10x,cDNA,,False,,50bp,pairedEnd,1154620733,1114209007.0,13120,4734,14936,-L8TX_210527_01_D07-1108004948
260,scrnaSeq,M2TX_210518_201_F01,IlluminaNovaseq6000,8.57,A8TX_210525_01,L8TX_210527_01,RTX-988,polyAselection,10x,cDNA,,False,,50bp,pairedEnd,3194393894,3098562077.0,19711,3548,8890,-L8TX_210527_01_E07-1108850823
261,scrnaSeq,M2TX_210512_207_F01,IlluminaNovaseq6000,5.67,A8TX_210518_01,L8TX_210521_01,RTX-983,polyAselection,10x,cDNA,,False,,50bp,pairedEnd,1686244997,1623853932.0,9726,4765,17388,-L8TX_210521_01_E05-1108200569
262,scrnaSeq,M2TX_210512_207_E01,IlluminaNovaseq6000,5.67,A8TX_210518_01,L8TX_210521_01,RTX-985,polyAselection,10x,cDNA,,False,,50bp,pairedEnd,1569707557,1499070717.0,9420,4772,17440,-L8TX_210521_01_G04-1108221669
263,scrnaSeq,M2TX_210901_434_C01,IlluminaNovaseq6000,8.92,A8TX_210907_01,L8TX_210909_01,RTX-1021,polyAselection,10x,cDNA,,False,,50bp,pairedEnd,1444814203,1376907935.0,7950,5480,19995,-L8TX_210909_01_E02-1129997615
264,scrnaSeq,M2TX_210901_434_D01,IlluminaNovaseq6000,8.92,A8TX_210907_01,L8TX_210909_01,RTX-1021,polyAselection,10x,cDNA,,False,,50bp,pairedEnd,1289380712,1228779819.0,7977,5257,18659,-L8TX_210909_01_H02-1129997616
265,scrnaSeq,M1TX_210923_153_A01,IlluminaNovaseq6000,9.57,A8TX_210928_01,L8TX_210930_01,RTX-1028,polyAselection,10x,cDNA,,False,,50bp,pairedEnd,1650539790,1584518198.0,11022,3368,6532,-L8TX_210930_01_E02-1134006384
266,scrnaSeq,M1TX_210923_151_G01,IlluminaNovaseq6000,9.57,A8TX_211026_01,L8TX_211028_01,RTX-1035,polyAselection,10x,cDNA,,False,,50bp,pairedEnd,1588739368,1517246096.0,10598,5832,18115,-L8TX_211028_01_C05-1140206518
267,scrnaSeq,M1TX_210923_155_C01,IlluminaNovaseq6000,9.28,A8TX_210928_01,L8TX_210930_01,RTX-1028,polyAselection,10x,cDNA,,False,,50bp,pairedEnd,1520285807,1459474375.0,8777,6195,22282,-L8TX_210930_01_F02-1134006385
268,scrnaSeq,M1TX_210923_155_D01,IlluminaNovaseq6000,9.28,A8TX_210928_01,L8TX_210930_01,RTX-1028,polyAselection,10x,cDNA,,False,,50bp,pairedEnd,1718965460,1650206842.0,8548,6307,23082,-L8TX_210930_01_H02-1134006386
269,scrnaSeq,M2TX_210517_207_G01,IlluminaNovaseq6000,9.5,A8TX_210525_01,L8TX_210527_01,RTX-988,polyAselection,10x,cDNA,,False,,50bp,pairedEnd,1269186326,1237456668.0,12639,5437,15590,-L8TX_210527_01_H06-1108850815
270,scrnaSeq,M2TX_210517_207_H01,IlluminaNovaseq6000,9.5,A8TX_210525_01,L8TX_210527_01,RTX-988,polyAselection,10x,cDNA,,False,,50bp,pairedEnd,1185300265,1155667758.0,12511,5353,15009,-L8TX_210527_01_F06-1108850816
271,scrnaSeq,M1TX_210909_155_A01,IlluminaNovaseq6000,7.2,A8TX_210921_01,L8TX_210923_01,RTX-1024,polyAselection,10x,cDNA,,False,,50bp,pairedEnd,1288226678,1207068397.0,8788,6515,24136,-L8TX_210923_01_E07-1131758235
272,scrnaSeq,M1TX_210909_155_B01,IlluminaNovaseq6000,7.2,A8TX_210921_01,L8TX_210923_01,RTX-1024,polyAselection,10x,cDNA,,False,,50bp,pairedEnd,1244777501,1165111741.0,8843,6251,21627,-L8TX_210923_01_F07-1131758236
273,scrnaSeq,M2TX_210525_206_E01,IlluminaNovaseq6000,8.68,A8TX_210608_01,L8TX_210610_01,RTX-992,polyAselection,10x,cDNA,,False,,50bp,pairedEnd,1448810696,1377818972.0,7145,4381,13669,-L8TX_210610_01_E03-1111486762
274,scrnaSeq,M2TX_210525_206_F01,IlluminaNovaseq6000,8.68,A8TX_210608_01,L8TX_210610_01,RTX-992,polyAselection,10x,cDNA,,False,,50bp,pairedEnd,1520010298,1445529793.0,8248,4236,12679,-L8TX_210610_01_F03-1111486763
275,scrnaSeq,M1TX_210831_155_F01,IlluminaNovaseq6000,6.67,A8TX_210907_01,L8TX_210909_01,RTX-1020,polyAselection,10x,cDNA,,False,,50bp,pairedEnd,1460636152,1406592614.0,14063,5512,15676,-L8TX_210909_01_G01-1129994397
276,scrnaSeq,M1TX_210831_157_G01,IlluminaNovaseq6000,6.67,A8TX_210907_01,L8TX_210909_01,RTX-1021,polyAselection,10x,cDNA,,False,,50bp,pairedEnd,1355703663,1291985591.0,9721,6062,18953,-L8TX_210909_01_F02-1129997619
277,scrnaSeq,M1TX_210811_163_E01,IlluminaNovaseq6000,9.07,A8TX_210817_01,L8TX_210825_01,RTX-1014,polyAselection,10x,cDNA,,False,,50bp,pairedEnd,932690496,877661757.0,9706,5085,14848,-L8TX_210825_01_A12-1127597211
278,scrnaSeq,M1TX_210811_163_F01,IlluminaNovaseq6000,9.07,A8TX_210817_01,L8TX_210825_01,RTX-1014,polyAselection,10x,cDNA,,False,,50bp,pairedEnd,1231342883,1158693653.0,9828,5565,16936,-L8TX_210825_01_B12-1127597212
279,scrnaSeq,M1TX_210921_157_G01,IlluminaNovaseq6000,8.27,A8TX_210928_01,L8TX_211007_01,RTX-1029,polyAselection,10x,cDNA,,False,,50bp,pairedEnd,1241452756,1175655760.0,10217,5575,20283,-L8TX_211007_01_H08-1135034521
280,scrnaSeq,M1TX_210921_157_H01,IlluminaNovaseq6000,8.27,A8TX_210928_01,L8TX_211007_01,RTX-1029,polyAselection,10x,cDNA,,False,,50bp,pairedEnd,1129674517,1068672093.0,9005,5739,21893,-L8TX_211007_01_A09-1135034522
281,scrnaSeq,M2TX_211115_253_C01,IlluminaNovaseq6000,7.28,A8TX_211122_01,L8TX_211124_01,RTX-1042,polyAselection,10x,cDNA,,False,,50bp,pairedEnd,1664186925,1599283635.0,7979,5246,18922,-L8TX_211124_01_C03-1144726143
282,scrnaSeq,M2TX_211115_253_D01,IlluminaNovaseq6000,7.28,A8TX_211122_01,L8TX_211124_01,RTX-1042,polyAselection,10x,cDNA,,False,,50bp,pairedEnd,1490625962,1432491549.0,8473,4955,17429,-L8TX_211124_01_D03-1144726144
283,scrnaSeq,M2TX_210907_436_E01,IlluminaNovaseq6000,8.63,A8TX_210921_01,L8TX_210923_01,RTX-1024,polyAselection,10x,cDNA,,False,,50bp,pairedEnd,1169943154,1096236735.0,8998,3828,10461,-L8TX_210923_01_A08-1131758239
284,scrnaSeq,M2TX_210907_436_F01,IlluminaNovaseq6000,8.63,A8TX_210921_01,L8TX_210923_01,RTX-1024,polyAselection,10x,cDNA,,False,,50bp,pairedEnd,1485708257,1390622929.0,8431,3820,10318,-L8TX_210923_01_E08-1131758240
285,scrnaSeq,M1TX_210825_155_A01,IlluminaNovaseq6000,7.27,A8TX_210907_01,L8TX_210909_01,RTX-1020,polyAselection,10x,cDNA,,False,,50bp,pairedEnd,1415504027,1361714874.0,8761,5163,16869,-L8TX_210909_01_H01-1129994393
286,scrnaSeq,M1TX_210825_155_B01,IlluminaNovaseq6000,7.27,A8TX_210907_01,L8TX_210909_01,RTX-1020,polyAselection,10x,cDNA,,False,,50bp,pairedEnd,1562237821,1502872784.0,9830,4808,14695,-L8TX_210909_01_G02-1129994394
287,scrnaSeq,M2TX_210907_434_C01,IlluminaNovaseq6000,7.27,A8TX_210914_01,L8TX_210916_01,RTX-1022,polyAselection,10x,cDNA,,False,,50bp,pairedEnd,1497369486,1413516795.0,10398,6298,22096,-L8TX_210916_01_D04-1131593673
288,scrnaSeq,M2TX_210907_434_D01,IlluminaNovaseq6000,7.27,A8TX_210914_01,L8TX_210916_01,RTX-1022,polyAselection,10x,cDNA,,False,,50bp,pairedEnd,1381970109,1304579783.0,10525,6124,21189,-L8TX_210916_01_E04-1131593674
289,scrnaSeq,M2TX_210824_437_E01,IlluminaNovaseq6000,2.9,A8TX_210831_01,L8TX_210902_01,RTX-1019,polyAselection,10x,cDNA,,False,,50bp,pairedEnd,1523926974,1446206698.0,6460,2832,6494,-L8TX_210902_01_D09-1129993891
290,scrnaSeq,M2TX_210824_437_F01,IlluminaNovaseq6000,2.9,A8TX_210831_01,L8TX_210902_01,RTX-1019,polyAselection,10x,cDNA,,False,,50bp,pairedEnd,1555044986,1475737692.0,6222,2842,6646,-L8TX_210902_01_E09-1129993892
291,scrnaSeq,M2TX_210525_204_C01,IlluminaNovaseq6000,7.43,A8TX_210608_01,L8TX_210610_01,RTX-991,polyAselection,10x,cDNA,,False,,50bp,pairedEnd,1276405711,1227902294.0,10470,4889,16444,-L8TX_210610_01_C03-1110733057
292,scrnaSeq,M2TX_210525_204_D01,IlluminaNovaseq6000,7.43,A8TX_210608_01,L8TX_210610_01,RTX-991,polyAselection,10x,cDNA,,False,,50bp,pairedEnd,1284876375,1236051073.0,9089,5203,18507,-L8TX_210610_01_D03-1110733058
293,scrnaSeq,M1TX_210825_151_G01,IlluminaNovaseq6000,8.63,A8TX_210831_01,L8TX_210902_01,RTX-1019,polyAselection,10x,cDNA,,False,,50bp,pairedEnd,1550403157,1474433402.0,7171,4081,11012,-L8TX_210902_01_F09-1129993893
294,scrnaSeq,M1TX_210825_151_H01,IlluminaNovaseq6000,8.63,A8TX_210831_01,L8TX_210909_01,RTX-1019,polyAselection,10x,cDNA,,False,,50bp,pairedEnd,1211945861,1152560514.0,6851,3851,10207,-L8TX_210909_01_C03-1129993894
295,scrnaSeq,M2TX_210520_205_E01,IlluminaNovaseq6000,8.67,A8TX_210601_01,L8TX_210603_01,RTX-988,polyAselection,10x,cDNA,,False,,50bp,pairedEnd,1535855127,1497458749.0,8956,6200,23616,-L8TX_210603_01_H09-1108850821
296,scrnaSeq,M2TX_210520_205_F01,IlluminaNovaseq6000,8.67,A8TX_210601_01,L8TX_210603_01,RTX-989,polyAselection,10x,cDNA,,False,,50bp,pairedEnd,1441935518,1405887130.0,11943,5306,17403,-L8TX_210603_01_A10-1109152711
297,scrnaSeq,M2TX_210511_204_G01,IlluminaNovaseq6000,7.87,A8TX_210518_01,L8TX_210521_01,RTX-983,polyAselection,10x,cDNA,,False,,50bp,pairedEnd,2243929978,2163148499.0,10075,6586,29489,-L8TX_210521_01_H04-1108200570
298,scrnaSeq,M2TX_210511_204_H01,IlluminaNovaseq6000,7.87,A8TX_210518_01,L8TX_210521_01,RTX-986,polyAselection,10x,cDNA,,False,,50bp,pairedEnd,1635455867,1591298559.0,9426,6413,27527,-L8TX_210521_01_A05-1108004448
299,scrnaSeq,M2TX_210622_203_C01,IlluminaNovaseq6000,8.1,A8TX_210628_01,L8TX_210701_01,RTX-998,polyAselection,10x,cDNA,,False,,50bp,pairedEnd,1475634236,1404803793.0,10584,5489,16036,-L8TX_210701_01_F05-1116045002
300,scrnaSeq,M2TX_210622_203_D01,IlluminaNovaseq6000,8.1,A8TX_210628_01,L8TX_210701_01,RTX-998,polyAselection,10x,cDNA,,False,,50bp,pairedEnd,1343276449,1278799179.0,10282,5629,16816,-L8TX_210701_01_G05-1116045003
301,scrnaSeq,M1TX_210614_107_G01,IlluminaNovaseq6000,9.53,A8TX_210622_01,L8TX_210624_01,RTX-996,polyAselection,10x,cDNA,,False,,50bp,pairedEnd,1284735800,1226922689.0,10853,6008,19714,-L8TX_210624_01_F03-1114947898
302,scrnaSeq,M1TX_210614_107_H01,IlluminaNovaseq6000,9.53,A8TX_210622_01,L8TX_210624_01,RTX-997,polyAselection,10x,cDNA,,False,,50bp,pairedEnd,1324890209,1262620369.0,10062,6374,22589,-L8TX_210624_01_G03-1116045510
303,scrnaSeq,M1TX_210908_155_C01,IlluminaNovaseq6000,6.97,A8TX_210914_01,L8TX_210916_01,RTX-1023,polyAselection,10x,cDNA,,False,,50bp,pairedEnd,1350222176,1278660401.0,10727,5075,16293,-L8TX_210916_01_B05-1131590416
304,scrnaSeq,M1TX_210908_155_D01,IlluminaNovaseq6000,6.97,A8TX_210914_01,L8TX_210916_01,RTX-1023,polyAselection,10x,cDNA,,False,,50bp,pairedEnd,1336802295,1264614971.0,10242,5290,17828,-L8TX_210916_01_C05-1131590417
305,scrnaSeq,M2TX_210525_201_A01,IlluminaNovaseq6000,7.83,A8TX_210608_01,L8TX_210610_01,RTX-991,polyAselection,10x,cDNA,,False,,50bp,pairedEnd,1133595522,1090518892.0,9589,5650,17221,-L8TX_210610_01_E01-1110733055
306,scrnaSeq,M2TX_210525_201_B01,IlluminaNovaseq6000,7.83,A8TX_210608_01,L8TX_210610_01,RTX-991,polyAselection,10x,cDNA,,False,,50bp,pairedEnd,1113052512,1070756517.0,10981,5059,13946,-L8TX_210610_01_F01-1110733056
307,scrnaSeq,M1TX_210607_107_A01,IlluminaNovaseq6000,9.43,A8TX_210622_01,L8TX_210624_01,RTX-996,polyAselection,10x,cDNA,,False,,50bp,pairedEnd,1490045263,1422993226.0,9796,5671,20296,-L8TX_210624_01_B03-1114947892
308,scrnaSeq,M1TX_210607_107_B01,IlluminaNovaseq6000,9.43,A8TX_210622_01,L8TX_210624_01,RTX-996,polyAselection,10x,cDNA,,False,,50bp,pairedEnd,1138508188,1087275320.0,9548,5705,20127,-L8TX_210624_01_C03-1114947893
309,scrnaSeq,M2TX_210824_433_C01,IlluminaNovaseq6000,8.67,A8TX_210831_01,L8TX_210902_01,RTX-1018,polyAselection,10x,cDNA,,False,,50bp,pairedEnd,1441018527,1390582879.0,9737,6728,23342,-L8TX_210902_01_G08-1128431912
310,scrnaSeq,M2TX_210824_433_D01,IlluminaNovaseq6000,8.67,A8TX_210831_01,L8TX_210902_01,RTX-1019,polyAselection,10x,cDNA,,False,,50bp,pairedEnd,1527328922,1454017134.0,8792,6724,24009,-L8TX_210902_01_A09-1129993890
311,scrnaSeq,M1TX_210811_159_A01,IlluminaNovaseq6000,9.45,A8TX_211213_01,L8TX_211216_01,RTX-1049,polyAselection,10x,cDNA,,False,,50bp,pairedEnd,1639387006,1567253978.0,11052,5560,18010,-L8TX_211216_01_E01-1149532255
312,scrnaSeq,M1TX_210811_159_B01,IlluminaNovaseq6000,9.45,A8TX_211213_01,L8TX_211216_01,RTX-1049,polyAselection,10x,cDNA,,False,,50bp,pairedEnd,1288512391,1230529333.0,10536,5135,15571,-L8TX_211216_01_G03-1149532256
313,scrnaSeq,M2TX_210524_201_G01,IlluminaNovaseq6000,9.08,A8TX_210601_01,L8TX_210603_01,RTX-989,polyAselection,10x,cDNA,,False,,50bp,pairedEnd,1556217910,1515756244.0,9449,5915,19785,-L8TX_210603_01_B10-1109152712
314,scrnaSeq,M2TX_210524_201_H01,IlluminaNovaseq6000,9.08,A8TX_210601_01,L8TX_210603_01,RTX-989,polyAselection,10x,cDNA,,False,,50bp,pairedEnd,1366041283,1331890251.0,9107,6145,21169,-L8TX_210603_01_E08-1109152713
315,scrnaSeq,M1TX_210727_103_A01,IlluminaNovaseq6000,6.23,A8TX_210810_01,L8TX_210812_01,RTX-1012,polyAselection,10x,cDNA,,False,,50bp,pairedEnd,1244084403,1181880183.0,8531,5485,16567,-L8TX_210812_01_C09-1124416549
316,scrnaSeq,M1TX_210727_103_B01,IlluminaNovaseq6000,6.23,A8TX_210810_01,L8TX_210812_01,RTX-1012,polyAselection,10x,cDNA,,False,,50bp,pairedEnd,1462024871,1387461603.0,8393,5790,18522,-L8TX_210812_01_E10-1124416550
317,scrnaSeq,M2TX_210512_204_C01,IlluminaNovaseq6000,8.6,A8TX_210518_01,L8TX_210521_01,RTX-985,polyAselection,10x,cDNA,,False,,50bp,pairedEnd,1224113826,1170252818.0,10051,5836,21797,-L8TX_210521_01_G03-1108221667
318,scrnaSeq,M2TX_210512_204_D01,IlluminaNovaseq6000,8.6,A8TX_210518_01,L8TX_210521_01,RTX-985,polyAselection,10x,cDNA,,False,,50bp,pairedEnd,1275363880,1219247869.0,9532,5968,22872,-L8TX_210521_01_A04-1108221668
319,scrnaSeq,M1TX_210818_157_B01,IlluminaNovaseq6000,8.63,A8TX_210831_01,L8TX_210902_01,RTX-1017,polyAselection,10x,cDNA,,False,,50bp,pairedEnd,1251067220,1197271330.0,7093,5215,17788,-L8TX_210902_01_C09-1128419135
320,scrnaSeq,M1TX_210818_159_A01,IlluminaNovaseq6000,8.63,A8TX_220214_01,L8TX_220217_01,RTX-1057,polyAselection,10x,cDNA,,False,,50bp,pairedEnd,1395608587,1297915986.0,8120,4861,17169,-L8TX_220217_01_C05-1161467989
321,scrnaSeq,M1TX_210818_159_B01,IlluminaNovaseq6000,8.63,A8TX_220214_01,L8TX_220217_01,RTX-1057,polyAselection,10x,cDNA,,False,,50bp,pairedEnd,1115044057,1036990973.0,7735,4454,14681,-L8TX_220217_01_H05-1161467990
322,scrnaSeq,M2TX_210622_201_A01,IlluminaNovaseq6000,8.33,A8TX_210628_01,L8TX_210701_01,RTX-998,polyAselection,10x,cDNA,,False,,50bp,pairedEnd,1216016958,1157648144.0,11201,4848,15955,-L8TX_210701_01_D06-1116045000
323,scrnaSeq,M2TX_210622_201_B01,IlluminaNovaseq6000,8.33,A8TX_210628_01,L8TX_210701_01,RTX-998,polyAselection,10x,cDNA,,False,,50bp,pairedEnd,1386780867,1320215385.0,10339,4464,13539,-L8TX_210701_01_D07-1116045001
324,scrnaSeq,M1TX_210921_151_C01,IlluminaNovaseq6000,6.73,A8TX_211005_01,L8TX_211007_01,RTX-1030,polyAselection,10x,cDNA,,False,,50bp,pairedEnd,1457616200,1403684401.0,9713,4962,18006,-L8TX_211007_01_H09-1135089112
325,scrnaSeq,M1TX_210921_151_D01,IlluminaNovaseq6000,6.73,A8TX_211005_01,L8TX_211007_01,RTX-1030,polyAselection,10x,cDNA,,False,,50bp,pairedEnd,1440595878,1387293831.0,7611,4486,14598,-L8TX_211007_01_A10-1135089113
326,scrnaSeq,M1TX_210818_161_A01,IlluminaNovaseq6000,9.6,A8TX_210831_01,L8TX_210902_01,RTX-1017,polyAselection,10x,cDNA,,False,,50bp,pairedEnd,1465926426,1402891590.0,9197,6300,23425,-L8TX_210902_01_B09-1128419134
327,scrnaSeq,M1TX_220207_155_G01,IlluminaNovaseq6000,9.6,A8TX_220214_01,L8TX_220217_01,RTX-1058,polyAselection,10x,cDNA,,False,,50bp,pairedEnd,1082870491,1020064003.0,8175,5303,19723,-L8TX_220217_01_E05-1162250580
328,scrnaSeq,M1TX_220207_155_H01,IlluminaNovaseq6000,9.6,A8TX_220214_01,L8TX_220217_01,RTX-1058,polyAselection,10x,cDNA,,False,,50bp,pairedEnd,922589090,870001512.0,35454,3102,6512,-L8TX_220217_01_H04-1162250581
329,scrnaSeq,M2TX_210624_203_A01,IlluminaNovaseq6000,8.87,A8TX_210628_01,L8TX_210701_01,RTX-999,polyAselection,10x,cDNA,,False,,50bp,pairedEnd,1464468439,1398567359.0,9470,5527,16364,-L8TX_210701_01_F06-1116193886
330,scrnaSeq,M2TX_210624_203_B01,IlluminaNovaseq6000,8.87,A8TX_210628_01,L8TX_210701_01,RTX-999,polyAselection,10x,cDNA,,False,,50bp,pairedEnd,1508493150,1440610958.0,9575,5565,16709,-L8TX_210701_01_G06-1116193887
331,scrnaSeq,M1TX_210802_151_E01,IlluminaNovaseq6000,9.18,A8TX_210810_01,L8TX_210812_01,RTX-1012,polyAselection,10x,cDNA,,False,,50bp,pairedEnd,1351580410,1284001390.0,8943,4517,11223,-L8TX_210812_01_H10-1124416553
332,scrnaSeq,M1TX_220113_153_A01,IlluminaNovaseq6000,9.18,A8TX_220118_01,L8TX_220120_02,RTX-1055,polyAselection,10x,cDNA,,False,,50bp,pairedEnd,1261617142,1202321136.0,9911,6598,28146,-L8TX_220120_02_B03-1155539599
333,scrnaSeq,M1TX_220113_153_B01,IlluminaNovaseq6000,9.18,A8TX_220118_01,L8TX_220120_02,RTX-1055,polyAselection,10x,cDNA,,False,,50bp,pairedEnd,1636733926,1559807431.0,12889,5212,16326,-L8TX_220120_02_C03-1155539600
334,scrnaSeq,M2TX_210901_431_A01,IlluminaNovaseq6000,8.43,A8TX_210907_01,L8TX_210909_01,RTX-1021,polyAselection,10x,cDNA,,False,,50bp,pairedEnd,1125317648,1073553036.0,7720,6040,17756,-L8TX_210909_01_C02-1129997612
335,scrnaSeq,M2TX_210901_431_B01,IlluminaNovaseq6000,8.43,A8TX_210907_01,L8TX_210909_01,RTX-1021,polyAselection,10x,cDNA,,False,,50bp,pairedEnd,1524593777,1452937869.0,7932,5992,17304,-L8TX_210909_01_D02-1129997614
336,scrnaSeq,M1TX_210726_155_C01,IlluminaNovaseq6000,8.85,A8TX_210803_01,L8TX_210805_01,RTX-1011,polyAselection,10x,cDNA,,False,,50bp,pairedEnd,1462315473,1406747485.0,9552,6596,26052,-L8TX_210805_01_E03-1124420572
337,scrnaSeq,M1TX_210726_155_D01,IlluminaNovaseq6000,8.85,A8TX_210803_01,L8TX_210805_01,RTX-1011,polyAselection,10x,cDNA,,False,,50bp,pairedEnd,1200824376,1153992225.0,10696,5822,19561,-L8TX_210805_01_A02-1124420573
338,scrnaSeq,M2TX_210622_204_E01,IlluminaNovaseq6000,9.07,A8TX_210628_01,L8TX_210701_01,RTX-998,polyAselection,10x,cDNA,,False,,50bp,pairedEnd,1551662414,1477182618.0,11498,5941,21071,-L8TX_210701_01_H05-1116045004
339,scrnaSeq,M2TX_210622_204_F01,IlluminaNovaseq6000,9.07,A8TX_210628_01,L8TX_210701_01,RTX-998,polyAselection,10x,cDNA,,False,,50bp,pairedEnd,1173529761,1118373862.0,11074,5814,20302,-L8TX_210701_01_A06-1116045005
340,scrnaSeq,M1TX_210921_153_E01,IlluminaNovaseq6000,7.2,A8TX_210928_01,L8TX_211007_01,RTX-1029,polyAselection,10x,cDNA,,False,,50bp,pairedEnd,1265967562,1197605314.0,8367,4964,16863,-L8TX_211007_01_E10-1135034519
341,scrnaSeq,M1TX_210921_153_F01,IlluminaNovaseq6000,7.2,A8TX_210928_01,L8TX_211007_01,RTX-1029,polyAselection,10x,cDNA,,False,,50bp,pairedEnd,1321821183,1250442839.0,8584,5132,17963,-L8TX_211007_01_F09-1135034520
342,scrnaSeq,M2TX_210512_202_A01,IlluminaNovaseq6000,8.65,A8TX_210518_01,L8TX_210521_01,RTX-985,polyAselection,10x,cDNA,,False,,50bp,pairedEnd,1423197295,1360576614.0,10120,5849,21378,-L8TX_210521_01_E04-1108221665
343,scrnaSeq,M2TX_210512_202_B01,IlluminaNovaseq6000,8.65,A8TX_210518_01,L8TX_210521_01,RTX-985,polyAselection,10x,cDNA,,False,,50bp,pairedEnd,1551046935,1482800870.0,9399,5955,22121,-L8TX_210521_01_F04-1108221666
344,scrnaSeq,M1TX_210607_104_G01,IlluminaNovaseq6000,8.33,A8TX_210615_01,L8TX_210617_01,RTX-994,polyAselection,10x,cDNA,,False,,50bp,pairedEnd,1484289423,1426402136.0,8544,6133,23255,-L8TX_210617_01_B12-1113634357
345,scrnaSeq,M1TX_210607_104_H01,IlluminaNovaseq6000,8.33,A8TX_210615_01,L8TX_210617_01,RTX-994,polyAselection,10x,cDNA,,False,,50bp,pairedEnd,1383920576,1329947674.0,9474,6061,23026,-L8TX_210617_01_C12-1113634358
346,scrnaSeq,M2TX_210901_438_E01,IlluminaNovaseq6000,8.03,A8TX_210907_01,L8TX_210909_01,RTX-1021,polyAselection,10x,cDNA,,False,,50bp,pairedEnd,1368377034,1304063313.0,8982,5633,15978,-L8TX_210909_01_A03-1129997617
347,scrnaSeq,M2TX_210901_438_F01,IlluminaNovaseq6000,8.03,A8TX_210907_01,L8TX_210909_01,RTX-1021,polyAselection,10x,cDNA,,False,,50bp,pairedEnd,1245355403,1186823699.0,7582,5748,16712,-L8TX_210909_01_B03-1129997618
348,scrnaSeq,M2TX_210901_437_A01,IlluminaNovaseq6000,8.03,A8TX_220207_01,L8TX_220210_01,RTX-1056,polyAselection,10x,cDNA,,False,,50bp,pairedEnd,911903948,861749231.0,7162,6202,20373,-L8TX_220210_01_B04-1159293572
349,scrnaSeq,M2TX_210901_437_B01,IlluminaNovaseq6000,8.03,A8TX_220207_01,L8TX_220210_01,RTX-1056,polyAselection,10x,cDNA,,False,,50bp,pairedEnd,1074829385,1017863428.0,7661,6207,20164,-L8TX_220210_01_C04-1159293573
350,scrnaSeq,M2TX_210524_208_A01,IlluminaNovaseq6000,9.43,A8TX_210601_01,L8TX_210603_01,RTX-988,polyAselection,10x,cDNA,,False,,50bp,pairedEnd,1465698536,1429056073.0,11625,5911,20182,-L8TX_210603_01_E09-1108850817
351,scrnaSeq,M2TX_210524_208_B01,IlluminaNovaseq6000,9.43,A8TX_210601_01,L8TX_210603_01,RTX-988,polyAselection,10x,cDNA,,False,,50bp,pairedEnd,1394104811,1359252191.0,10914,5863,20136,-L8TX_210603_01_C10-1108850818
352,scrnaSeq,M1TX_211012_151_A01,IlluminaNovaseq6000,8.7,A8TX_211019_01,L8TX_211021_01,RTX-1033,polyAselection,10x,cDNA,,False,,50bp,pairedEnd,1597280080,1547764398.0,8492,5970,17943,-L8TX_211021_01_G03-1139530066
353,scrnaSeq,M1TX_211012_151_B01,IlluminaNovaseq6000,8.7,A8TX_211019_01,L8TX_211021_01,RTX-1033,polyAselection,10x,cDNA,,False,,50bp,pairedEnd,1540690817,1486766638.0,13800,896,1085,-L8TX_211021_01_H03-1139530067
354,scrnaSeq,M1TX_210831_151_C01,IlluminaNovaseq6000,7.03,A8TX_210907_01,L8TX_210909_01,RTX-1020,polyAselection,10x,cDNA,,False,,50bp,pairedEnd,1156645087,1113849219.0,7874,4912,14002,-L8TX_210909_01_A02-1129994395
355,scrnaSeq,M1TX_210831_151_D01,IlluminaNovaseq6000,7.03,A8TX_210907_01,L8TX_210909_01,RTX-1020,polyAselection,10x,cDNA,,False,,50bp,pairedEnd,1477366327,1422703773.0,10043,6197,22031,-L8TX_210909_01_B02-1129994396
356,scrnaSeq,M1TX_210723_159_G01,IlluminaNovaseq6000,8.82,A8TX_210803_01,L8TX_210805_01,RTX-1009,polyAselection,10x,cDNA,,False,,50bp,pairedEnd,1177948731,1113161551.0,8710,6249,23649,-L8TX_210805_01_H02-1122806995
357,scrnaSeq,M1TX_210723_159_H01,IlluminaNovaseq6000,8.82,A8TX_210803_01,L8TX_210805_01,RTX-1009,polyAselection,10x,cDNA,,False,,50bp,pairedEnd,1181948073,1116940929.0,9500,5466,16560,-L8TX_210805_01_A03-1122806996
358,scrnaSeq,M1TX_210909_153_G01,IlluminaNovaseq6000,8.65,A8TX_210914_01,L8TX_210916_01,RTX-1023,polyAselection,10x,cDNA,,False,,50bp,pairedEnd,1421190313,1345867226.0,9997,6653,27320,-L8TX_210916_01_D05-1131590420
359,scrnaSeq,M1TX_210909_153_H01,IlluminaNovaseq6000,8.65,A8TX_210914_01,L8TX_210916_01,RTX-1023,polyAselection,10x,cDNA,,False,,50bp,pairedEnd,1548993930,1466897252.0,10527,6517,26090,-L8TX_210916_01_E05-1131590421
360,scrnaSeq,M2TX_210520_203_C01,IlluminaNovaseq6000,8.75,A8TX_210601_01,L8TX_210603_01,RTX-988,polyAselection,10x,cDNA,,False,,50bp,pairedEnd,1333127562,1299799373.0,8435,5293,19262,-L8TX_210603_01_G09-1108850819
361,scrnaSeq,M2TX_210520_203_D01,IlluminaNovaseq6000,8.75,A8TX_210601_01,L8TX_210603_01,RTX-988,polyAselection,10x,cDNA,,False,,50bp,pairedEnd,1392463413,1357651828.0,7894,5332,19776,-L8TX_210603_01_D10-1108850820
362,scrnaSeq,M2TX_210518_203_G01,IlluminaNovaseq6000,8.82,A8TX_210608_01,L8TX_210610_01,RTX-993,polyAselection,10x,cDNA,,False,,50bp,pairedEnd,1149494623,1096617870.0,9738,4954,15533,-L8TX_210610_01_F02-1113633852
363,scrnaSeq,M1TX_220207_151_C01,IlluminaNovaseq6000,8.82,A8TX_220214_01,L8TX_220217_01,RTX-1057,polyAselection,10x,cDNA,,False,,50bp,pairedEnd,1296603189,1207137569.0,7753,5612,23548,-L8TX_220217_01_D05-1161467991
364,scrnaSeq,M1TX_220207_151_D01,IlluminaNovaseq6000,8.82,A8TX_220214_01,L8TX_220217_01,RTX-1057,polyAselection,10x,cDNA,,False,,50bp,pairedEnd,954045056,887261902.0,8104,5246,20158,-L8TX_220217_01_G04-1161467992
365,scrnaSeq,M2TX_210824_431_A01,IlluminaNovaseq6000,8.67,A8TX_210831_01,L8TX_210902_01,RTX-1018,polyAselection,10x,cDNA,,False,,50bp,pairedEnd,190346692,181590744.0,394,6234,12276,-L8TX_210902_01_B07-1128431910
366,scrnaSeq,M2TX_210824_431_B01,IlluminaNovaseq6000,8.67,A8TX_210831_01,L8TX_210902_01,RTX-1018,polyAselection,10x,cDNA,,False,,50bp,pairedEnd,1559056036,1504489075.0,12891,5823,18578,-L8TX_210902_01_H08-1128431911
367,scrnaSeq,M2TX_210824_430_H01,IlluminaNovaseq6000,8.67,A8TX_211026_01,L8TX_211028_01,RTX-1035,polyAselection,10x,cDNA,,False,,50bp,pairedEnd,1496649786,1429300546.0,7722,6074,21530,-L8TX_211028_01_F05-1140206519
368,scrnaSeq,M2TX_210907_432_A01,IlluminaNovaseq6000,7.37,A8TX_210914_01,L8TX_210916_01,RTX-1022,polyAselection,10x,cDNA,,False,,50bp,pairedEnd,1453563531,1372163973.0,10818,6291,23924,-L8TX_210916_01_B04-1131593671
369,scrnaSeq,M2TX_210907_432_B01,IlluminaNovaseq6000,7.37,A8TX_210914_01,L8TX_210916_01,RTX-1022,polyAselection,10x,cDNA,,False,,50bp,pairedEnd,1488305618,1404960503.0,10739,6105,22125,-L8TX_210916_01_C04-1131593672
370,scrnaSeq,M1TX_211012_157_D01,IlluminaNovaseq6000,6.3,A8TX_211221_01,L8TX_220106_03,RTX-1050,polyAselection,10x,cDNA,,False,,50bp,pairedEnd,1398722341,1295216888.0,8779,2716,6304,-L8TX_220106_03_H10-1151911967
371,scrnaSeq,M1TX_211012_157_E01,IlluminaNovaseq6000,6.3,A8TX_211221_01,L8TX_220106_03,RTX-1050,polyAselection,10x,cDNA,,False,,50bp,pairedEnd,936177676,865964350.0,7855,2716,6474,-L8TX_220106_03_D10-1151911968
372,scrnaSeq,M1TX_210802_157_G01,IlluminaNovaseq6000,9.17,A8TX_210810_01,L8TX_210812_01,RTX-1012,polyAselection,10x,cDNA,,False,,50bp,pairedEnd,1004642992,954410842.0,9172,5088,15433,-L8TX_210812_01_A11-1124416554
373,scrnaSeq,M1TX_210802_157_H01,IlluminaNovaseq6000,9.17,A8TX_210810_01,L8TX_210812_01,RTX-1012,polyAselection,10x,cDNA,,False,,50bp,pairedEnd,1215035326,1155498595.0,9233,5277,16569,-L8TX_210812_01_B11-1124416555
374,scrnaSeq,M2TX_210518_204_H01,IlluminaNovaseq6000,7.9,A8TX_210608_01,L8TX_210610_01,RTX-993,polyAselection,10x,cDNA,,False,,50bp,pairedEnd,1468081896,1396145883.0,6745,2359,5501,-L8TX_210610_01_G03-1113633853
375,scrnaSeq,M1TX_220207_153_E01,IlluminaNovaseq6000,7.9,A8TX_220214_01,L8TX_220217_01,RTX-1058,polyAselection,10x,cDNA,,False,,50bp,pairedEnd,955285747,897968602.0,5976,2680,6502,-L8TX_220217_01_A06-1162250578
376,scrnaSeq,M1TX_220207_153_F01,IlluminaNovaseq6000,7.9,A8TX_220214_01,L8TX_220217_01,RTX-1058,polyAselection,10x,cDNA,,False,,50bp,pairedEnd,1386291456,1303113969.0,6656,2816,6839,-L8TX_220217_01_B06-1162250579
377,scrnaSeq,M1TX_210818_163_E01,IlluminaNovaseq6000,9.17,A8TX_210824_01,L8TX_210826_01,RTX-1017,polyAselection,10x,cDNA,,False,,50bp,pairedEnd,1649832412,1580539451.0,10209,5732,16753,-L8TX_210826_01_B05-1128419128
378,scrnaSeq,M1TX_210818_163_F01,IlluminaNovaseq6000,9.17,A8TX_210824_01,L8TX_210826_01,RTX-1017,polyAselection,10x,cDNA,,False,,50bp,pairedEnd,1466856179,1405248219.0,9041,6082,18796,-L8TX_210826_01_C05-1128419130
379,scrnaSeq,M1TX_210723_155_A01,IlluminaNovaseq6000,7.57,A8TX_210810_01,L8TX_210812_01,RTX-1012,polyAselection,10x,cDNA,,False,,50bp,pairedEnd,975961961,927163863.0,7478,5585,18174,-L8TX_210812_01_A09-1124416556
380,scrnaSeq,M1TX_210723_157_B01,IlluminaNovaseq6000,7.57,A8TX_210810_01,L8TX_210812_01,RTX-1013,polyAselection,10x,cDNA,,False,,50bp,pairedEnd,1443514943,1371339196.0,6965,5457,17377,-L8TX_210812_01_D09-1127573062
381,scrnaSeq,M1TX_210727_104_C01,IlluminaNovaseq6000,9.27,A8TX_210810_01,L8TX_210812_01,RTX-1012,polyAselection,10x,cDNA,,False,,50bp,pairedEnd,1394955230,1323812513.0,9933,4693,14675,-L8TX_210812_01_F10-1124416551
382,scrnaSeq,M1TX_210727_104_D01,IlluminaNovaseq6000,9.27,A8TX_210810_01,L8TX_210812_01,RTX-1012,polyAselection,10x,cDNA,,False,,50bp,pairedEnd,1559816879,1481826035.0,9569,4887,15758,-L8TX_210812_01_G10-1124416552
383,scrnaSeq,M1TX_210908_161_E01,IlluminaNovaseq6000,8.83,A8TX_210914_01,L8TX_210916_01,RTX-1023,polyAselection,10x,cDNA,,False,,50bp,pairedEnd,1318422000,1247227212.0,11371,5991,19239,-L8TX_210916_01_G04-1131590418
384,scrnaSeq,M1TX_210908_161_F01,IlluminaNovaseq6000,8.83,A8TX_210914_01,L8TX_210916_01,RTX-1023,polyAselection,10x,cDNA,,False,,50bp,pairedEnd,1253738454,1186036577.0,11042,6010,19802,-L8TX_210916_01_H04-1131590419
385,scrnaSeq,M1HX_220516_401_1_B01,IlluminaNovaseq6000,5.6,A8HX_220523_01,L8HX_220526_02,RTX-4012,polyAselection,10x,cDNA,,False,,50bp,pairedEnd,4533170924,4224915301.0,14677,3136,7364,-L8HX_220526_02_H05-1183196997
386,scrnaSeq,M1HX_220516_404_1_C01,IlluminaNovaseq6000,9.55,A8HX_220523_01,L8HX_220526_02,RTX-4013,polyAselection,10x,cDNA,,False,,50bp,pairedEnd,2353952485,2179760001.0,11388,4490,13264,-L8HX_220526_02_C05-1183261019
387,scrnaSeq,M1HX_220516_406_2_A01,IlluminaNovaseq6000,9.48,A8HX_220523_01,L8HX_220526_02,RTX-4013,polyAselection,10x,cDNA,,False,,50bp,pairedEnd,2615812500,2417010750.0,18113,7154,35561,-L8HX_220526_02_A05-1183261020
388,scrnaSeq,M1HX_220616_151_1_B01,IlluminaNovaseq6000,9.07,A8HX_220621_03,L8HX_220623_03,RTX-4023,polyAselection,10x,cDNA,,False,,50bp,pairedEnd,2019315099,1879982357.0,17288,5144,19190,-L8HX_220623_03_H07-1190176973
389,scrnaSeq,M1HX_220616_155_2_A01,IlluminaNovaseq6000,8.63,A8HX_220621_03,L8HX_220623_03,RTX-4024,polyAselection,10x,cDNA,,False,,50bp,pairedEnd,1606441087,1502022416.0,11743,2057,4020,-L8HX_220623_03_B08-1190216174
390,scrnaSeq,M1HX_220616_159_2_B01,IlluminaNovaseq6000,9.17,A8HX_220621_03,L8HX_220623_03,RTX-4024,polyAselection,10x,cDNA,,False,,50bp,pairedEnd,2156833001,2029579854.0,17596,5290,20760,-L8HX_220623_03_A08-1190216175
391,scrnaSeq,M1HX_220707_159_2_C01,IlluminaNovaseq6000,6.73,A8HX_220711_01,L8HX_220714_02,RTX-4028,polyAselection,10x,cDNA,,False,,50bp,pairedEnd,2581069242,2408137603.0,12242,2857,7102,-L8HX_220714_02_E02-1194262313
392,scrnaSeq,M1HX_220707_161_1_B01,IlluminaNovaseq6000,6.73,A8HX_220726_02,L8HX_220728_02,RTX-4031,polyAselection,10x,cDNA,,False,,50bp,pairedEnd,2383678605,2247808925.0,11880,2897,7250,-L8HX_220728_02_E05-1197133858
393,scrnaSeq,M2HX_220512_431_2_B01,IlluminaNovaseq6000,9.07,A8HX_220517_02,L8HX_220519_03,RTX-4012,polyAselection,10x,cDNA,,False,,50bp,pairedEnd,1547539839,1446949749.0,12005,4592,14280,-L8HX_220519_03_H02-1183196995
394,scrnaSeq,M2HX_220512_434_1_A01,IlluminaNovaseq6000,8.75,A8HX_220607_02,L8HX_220609_03,RTX-4018,polyAselection,10x,cDNA,,False,,50bp,pairedEnd,2362310510,2222934190.0,13214,3872,10176,-L8HX_220609_03_B12-1188652884
395,scrnaSeq,M2HX_220512_435_2_C01,IlluminaNovaseq6000,9.43,A8HX_220517_02,L8HX_220519_03,RTX-4012,polyAselection,10x,cDNA,,False,,50bp,pairedEnd,1862327918,1748725915.0,19000,6880,29216,-L8HX_220519_03_F02-1183196996
396,scrnaSeq,M2HX_220517_433_2_C01,IlluminaNovaseq6000,9.08,A8HX_220523_01,L8HX_220526_02,RTX-4013,polyAselection,10x,cDNA,,False,,50bp,pairedEnd,1662011334,1537360484.0,17122,5291,19030,-L8HX_220526_02_D05-1183261022
397,scrnaSeq,M2HX_220517_435_1_A01,IlluminaNovaseq6000,5.67,A8HX_220523_01,L8HX_220526_02,RTX-4014,polyAselection,10x,cDNA,,False,,50bp,pairedEnd,2382575542,2232473283.0,17990,4033,12458,-L8HX_220526_02_E05-1184843177
398,scrnaSeq,M2HX_220523_431_1_A01,IlluminaNovaseq6000,8.33,A8HX_220531_03,L8HX_220602_03,RTX-4015,polyAselection,10x,cDNA,,False,,50bp,pairedEnd,2303010619,2132587833.0,18222,5648,21566,-L8HX_220602_03_A09-1186186206
399,scrnaSeq,M2HX_220523_433_1_B01,IlluminaNovaseq6000,8.27,A8HX_220531_03,L8HX_220602_03,RTX-4015,polyAselection,10x,cDNA,,False,,50bp,pairedEnd,2606100054,2410642550.0,17998,5878,24478,-L8HX_220602_03_B09-1186186207
400,scrnaSeq,M2HX_220524_431_2_A01,IlluminaNovaseq6000,8.03,A8HX_220531_03,L8HX_220602_03,RTX-4015,polyAselection,10x,cDNA,,False,,50bp,pairedEnd,2132516982,1978975759.0,17914,6528,29002,-L8HX_220602_03_F08-1186186208
401,scrnaSeq,M2HX_220524_433_2_B01,IlluminaNovaseq6000,8.82,A8HX_220531_03,L8HX_220602_03,RTX-4016,polyAselection,10x,cDNA,,False,,50bp,pairedEnd,2831774993,2630718968.0,17619,6163,27141,-L8HX_220602_03_C09-1184874247
402,scrnaSeq,M2HX_220524_434_2_C01,IlluminaNovaseq6000,8.65,A8HX_220531_03,L8HX_220602_03,RTX-4016,polyAselection,10x,cDNA,,False,,50bp,pairedEnd,2304776868,2141137710.0,17200,5990,23984,-L8HX_220602_03_E09-1184874248
403,scrnaSeq,M2HX_220526_251_2_A01,IlluminaNovaseq6000,8.85,A8HX_220531_03,L8HX_220602_03,RTX-4018,polyAselection,10x,cDNA,,False,,50bp,pairedEnd,1519013566,1433948806.0,12883,4608,14758,-L8HX_220602_03_H09-1188652880
404,scrnaSeq,M2HX_220526_255_2_B01,IlluminaNovaseq6000,7.93,A8HX_220531_03,L8HX_220609_03,RTX-4018,polyAselection,10x,cDNA,,False,,50bp,pairedEnd,2404270121,2267226724.0,14916,4460,15774,-L8HX_220609_03_A12-1188652881
405,scrnaSeq,M2HX_220526_259_2_C01,IlluminaNovaseq6000,9.04,A8HX_220531_03,L8HX_220602_03,RTX-4018,polyAselection,10x,cDNA,,False,,50bp,pairedEnd,2638780555,2485731283.0,17809,6348,26545,-L8HX_220602_03_D09-1188652882
406,scrnaSeq,M2HX_220531_431_1_B01,IlluminaNovaseq6000,7.93,A8HX_220607_02,L8HX_220609_03,RTX-4019,polyAselection,10x,cDNA,,False,,50bp,pairedEnd,2311712941,2189192155.0,18056,6409,27830,-L8HX_220609_03_G11-1186214479
407,scrnaSeq,M2HX_220531_433_2_A01,IlluminaNovaseq6000,8.63,A8HX_220607_02,L8HX_220609_03,RTX-4020,polyAselection,10x,cDNA,,False,,50bp,pairedEnd,2251120671,2107048948.0,11372,2712,5656,-L8HX_220609_03_C12-1188020673
408,scrnaSeq,M2HX_220531_435_2_B01,IlluminaNovaseq6000,8.82,A8HX_220607_02,L8HX_220609_03,RTX-4019,polyAselection,10x,cDNA,,False,,50bp,pairedEnd,3484695512,3300006650.0,17033,6469,29374,-L8HX_220609_03_H11-1186214480
409,scrnaSeq,M2HX_220613_431_1_A01,IlluminaNovaseq6000,8.0,A8HX_220621_03,L8HX_220623_03,RTX-4022,polyAselection,10x,cDNA,,False,,50bp,pairedEnd,2260194145,2147184438.0,14069,4839,16681,-L8HX_220623_03_C07-1190166968
410,scrnaSeq,M2HX_220613_433_1_B01,IlluminaNovaseq6000,7.27,A8HX_220621_03,L8HX_220623_03,RTX-4023,polyAselection,10x,cDNA,,False,,50bp,pairedEnd,1488251520,1379609159.0,14373,4277,14321,-L8HX_220623_03_D07-1190176969
411,scrnaSeq,M2HX_220613_435_1_C01,IlluminaNovaseq6000,8.67,A8HX_220621_03,L8HX_220623_03,RTX-4023,polyAselection,10x,cDNA,,False,,50bp,pairedEnd,2696305969,2499475633.0,16979,5508,20821,-L8HX_220623_03_E07-1190176970
412,scrnaSeq,M2HX_220614_431_2_A01,IlluminaNovaseq6000,8.87,A8HX_220621_03,L8HX_220623_03,RTX-4024,polyAselection,10x,cDNA,,False,,50bp,pairedEnd,3123753894,2933204906.0,19492,6366,28528,-L8HX_220623_03_A07-1190216176
413,scrnaSeq,M2HX_220614_433_2_B01,IlluminaNovaseq6000,9.43,A8HX_220621_03,L8HX_220623_03,RTX-4024,polyAselection,10x,cDNA,,False,,50bp,pairedEnd,1811831482,1703121593.0,17440,5931,23009,-L8HX_220623_03_B07-1190216177
414,scrnaSeq,M2HX_220614_435_2_C01,IlluminaNovaseq6000,8.68,A8HX_220621_03,L8HX_220623_03,RTX-4025,polyAselection,10x,cDNA,,False,,50bp,pairedEnd,2177397917,2038044450.0,14866,4478,13330,-L8HX_220623_03_F07-1191978348
415,scrnaSeq,M2HX_220623_432_2_B01,IlluminaNovaseq6000,7.03,A8HX_220627_02,L8HX_220630_03,RTX-4026,polyAselection,10x,cDNA,,False,,50bp,pairedEnd,2621487147,2458954944.0,20653,5828,23937,-L8HX_220630_03_H08-1192616602
416,scrnaSeq,M2HX_220623_434_1_A01,IlluminaNovaseq6000,9.6,A8HX_220705_02,L8HX_220707_02,RTX-4026,polyAselection,10x,cDNA,,False,,50bp,pairedEnd,3394046548,3180221615.0,18001,5139,18298,-L8HX_220707_02_C12-1192616603
417,scrnaSeq,M2HX_220627_431_1_B01,IlluminaNovaseq6000,7.2,A8HX_220705_02,L8HX_220707_02,RTX-4026,polyAselection,10x,cDNA,,False,,50bp,pairedEnd,1853567377,1740499767.0,17034,5232,20186,-L8HX_220707_02_D12-1192616604
418,scrnaSeq,M2HX_220627_434_2_A01,IlluminaNovaseq6000,8.57,A8HX_220705_02,L8HX_220707_02,RTX-4027,polyAselection,10x,cDNA,,False,,50bp,pairedEnd,2571775605,2420040844.0,15317,5013,16791,-L8HX_220707_02_E12-1194261812
419,scrnaSeq,M2HX_220628_431_2_B01,IlluminaNovaseq6000,8.4,A8HX_220705_02,L8HX_220707_02,RTX-4027,polyAselection,10x,cDNA,,False,,50bp,pairedEnd,2403997319,2247737493.0,15901,2128,4066,-L8HX_220707_02_F12-1194261813
420,scrnaSeq,M2HX_220628_433_1_A01,IlluminaNovaseq6000,9.53,A8HX_220711_01,L8HX_220714_02,RTX-4027,polyAselection,10x,cDNA,,False,,50bp,pairedEnd,2704355153,2547502554.0,18821,6721,29912,-L8HX_220714_02_C02-1194261814
421,scrnaSeq,M2HX_220628_435_1_B01,IlluminaNovaseq6000,8.1,A8HX_220711_01,L8HX_220714_02,RTX-4027,polyAselection,10x,cDNA,,False,,50bp,pairedEnd,2523880567,2374971614.0,20674,5842,22948,-L8HX_220714_02_A02-1194261816
422,scrnaSeq,M2HX_220711_431_1_A01,IlluminaNovaseq6000,8.6,A8HX_220719_02,L8HX_220721_03,RTX-4029,polyAselection,10x,cDNA,,False,,50bp,pairedEnd,2429434367,2317680386.0,16855,6924,32912,-L8HX_220721_03_E12-1195773037
423,scrnaSeq,M2HX_220711_433_1_B01,IlluminaNovaseq6000,9.18,A8HX_220719_02,L8HX_220721_03,RTX-4029,polyAselection,10x,cDNA,,False,,50bp,pairedEnd,3334942240,3174865012.0,17673,7210,29983,-L8HX_220721_03_F12-1195773038
424,scrnaSeq,M2HX_220711_435_2_A01,IlluminaNovaseq6000,7.9,A8HX_220719_02,L8HX_220721_03,RTX-4029,polyAselection,10x,cDNA,,False,,50bp,pairedEnd,4023404955,3810164492.0,14294,1582,3119,-L8HX_220721_03_H12-1195773039
425,scrnaSeq,M2HX_220714_431_2_B01,IlluminaNovaseq6000,8.98,A8HX_220719_02,L8HX_220721_03,RTX-4030,polyAselection,10x,cDNA,,False,,50bp,pairedEnd,2060840408,1906277377.0,13636,4451,13770,-L8HX_220721_03_G12-1196251622
426,scrnaSeq,M2HX_220714_433_2_A01,IlluminaNovaseq6000,9.27,A8HX_220726_02,L8HX_220728_02,RTX-4031,polyAselection,10x,cDNA,,False,,50bp,pairedEnd,2067273816,1949439208.0,7929,4727,16214,-L8HX_220728_02_F05-1197133860
427,scrnaSeq,M2HX_220714_435_2_B01,IlluminaNovaseq6000,9.17,A8HX_220726_02,L8HX_220728_02,RTX-4031,polyAselection,10x,cDNA,,False,,50bp,pairedEnd,2498456014,2368536301.0,14280,7056,31495,-L8HX_220728_02_G05-1197133861
428,scrnaSeq,M1TX_200723_153_E01,IlluminaNovaseq6000,8.57,A8TX_200728_01,L8TX_200730_01,RTX-908,polyAselection,10x,cDNA,,False,,50bp,pairedEnd,1570318460,1515357314.0,9432,6865,30194,-L8TX_200730_01_A01-1048915710
429,scrnaSeq,M1TX_200723_153_F01,IlluminaNovaseq6000,8.57,A8TX_200728_01,L8TX_200730_01,RTX-908,polyAselection,10x,cDNA,,False,,50bp,pairedEnd,1575297304,1520161898.0,9476,6806,29606,-L8TX_200730_01_B01-1048915711
430,scrnaSeq,M1TX_200723_154_G01,IlluminaNovaseq6000,8.57,A8TX_200728_01,L8TX_200730_01,RTX-908,polyAselection,10x,cDNA,,False,,50bp,pairedEnd,1401114183,1352075187.0,9200,6672,30852,-L8TX_200730_01_C01-1048915713
431,scrnaSeq,M1TX_200723_154_H01,IlluminaNovaseq6000,8.57,A8TX_200728_01,L8TX_200730_01,RTX-908,polyAselection,10x,cDNA,,False,,50bp,pairedEnd,1272360788,1227828160.0,9243,6506,28772,-L8TX_200730_01_D01-1048915714
432,scrnaSeq,M1TX_210902_151_B01,IlluminaNovaseq6000,9.5,A8TX_220328_01,L8TX_220331_01,RTX-1069,polyAselection,10x,cDNA,,False,,50bp,pairedEnd,1368349504,1293090281.0,9592,7216,28384,-L8TX_220331_01_C05-1169929008
433,scrnaSeq,M1TX_210902_153_A01,IlluminaNovaseq6000,7.83,A8TX_220328_01,L8TX_220331_01,RTX-1068,polyAselection,10x,cDNA,,False,,50bp,pairedEnd,1715754811,1609378013.0,9318,6978,30344,-L8TX_220331_01_G05-1169916927
434,scrnaSeq,M1TX_210915_155_D01,IlluminaNovaseq6000,8.33,A8TX_211005_01,L8TX_211014_01,RTX-1031,polyAselection,10x,cDNA,,False,,50bp,pairedEnd,1400658312,1334827371.0,9393,4291,12029,-L8TX_211014_01_D12-1136634035
435,scrnaSeq,M1TX_210915_157_A01,IlluminaNovaseq6000,8.1,A8TX_211005_01,L8TX_211007_01,RTX-1030,polyAselection,10x,cDNA,,False,,50bp,pairedEnd,1338105512,1288595608.0,22777,760,902,-L8TX_211007_01_G09-1135089109
436,scrnaSeq,M1TX_210915_157_B01,IlluminaNovaseq6000,8.1,A8TX_211005_01,L8TX_211007_01,RTX-1030,polyAselection,10x,cDNA,,False,,50bp,pairedEnd,1541906986,1484856428.0,11014,6300,22830,-L8TX_211007_01_E09-1135089111
437,scrnaSeq,M1TX_210928_153_E01,IlluminaNovaseq6000,6.3,A8TX_211026_01,L8TX_211028_01,RTX-1035,polyAselection,10x,cDNA,,False,,50bp,pairedEnd,1658673907,1572422864.0,6908,1021,1944,-L8TX_211028_01_D06-1140206516
438,scrnaSeq,M1TX_210928_153_F01,IlluminaNovaseq6000,6.3,A8TX_211026_01,L8TX_211028_01,RTX-1035,polyAselection,10x,cDNA,,False,,50bp,pairedEnd,1536093405,1457752641.0,6806,1057,2000,-L8TX_211028_01_E06-1140206517
439,scrnaSeq,M1TX_210930_151_A01,IlluminaNovaseq6000,8.65,A8TX_211005_01,L8TX_211007_01,RTX-1030,polyAselection,10x,cDNA,,False,,50bp,pairedEnd,1480655634,1425871376.0,8674,6052,22348,-L8TX_211007_01_B10-1135089117
440,scrnaSeq,M1TX_210930_151_B01,IlluminaNovaseq6000,8.65,A8TX_211005_01,L8TX_211007_01,RTX-1030,polyAselection,10x,cDNA,,False,,50bp,pairedEnd,1340714741,1291108296.0,10108,5384,17474,-L8TX_211007_01_C10-1135089118
441,scrnaSeq,M1TX_211005_151_F01,IlluminaNovaseq6000,7.57,A8TX_211012_01,L8TX_211014_01,RTX-1032,polyAselection,10x,cDNA,,False,,50bp,pairedEnd,1495656890,1416387075.0,6644,7082,29296,-L8TX_211014_01_B12-1137346381
442,scrnaSeq,M1TX_211005_151_G01,IlluminaNovaseq6000,7.57,A8TX_211012_01,L8TX_211014_01,RTX-1032,polyAselection,10x,cDNA,,False,,50bp,pairedEnd,1812115250,1716073142.0,5343,6878,27889,-L8TX_211014_01_C12-1137346382
443,scrnaSeq,M1TX_211005_153_D01,IlluminaNovaseq6000,7.27,A8TX_211012_01,L8TX_211014_01,RTX-1032,polyAselection,10x,cDNA,,False,,50bp,pairedEnd,1431246117,1355390073.0,7262,7390,33708,-L8TX_211014_01_H11-1137346379
444,scrnaSeq,M1TX_211005_153_E01,IlluminaNovaseq6000,7.27,A8TX_211012_01,L8TX_211014_01,RTX-1032,polyAselection,10x,cDNA,,False,,50bp,pairedEnd,1469740134,1391843907.0,7771,7242,32550,-L8TX_211014_01_A12-1137346380
445,scrnaSeq,M1TX_211019_151_A01,IlluminaNovaseq6000,8.43,A8TX_211026_01,L8TX_211028_01,RTX-1034,polyAselection,10x,cDNA,,False,,50bp,pairedEnd,1298775207,1219549919.0,7718,6124,25372,-L8TX_211028_01_D05-1140204785
446,scrnaSeq,M1TX_211019_151_B01,IlluminaNovaseq6000,8.43,A8TX_211026_01,L8TX_211028_01,RTX-1034,polyAselection,10x,cDNA,,False,,50bp,pairedEnd,1295942844,1216890331.0,7222,6314,26826,-L8TX_211028_01_E05-1140204786
447,scrnaSeq,M1TX_211019_155_B01,IlluminaNovaseq6000,8.98,A8TX_211102_01,L8TX_211104_01,RTX-1037,polyAselection,10x,cDNA,,False,,50bp,pairedEnd,1595782837,1527164175.0,7438,6484,24659,-L8TX_211104_01_A08-1141610812
448,scrnaSeq,M1TX_211019_155_C01,IlluminaNovaseq6000,8.98,A8TX_211102_01,L8TX_211104_01,RTX-1037,polyAselection,10x,cDNA,,False,,50bp,pairedEnd,1617251226,1547709423.0,6958,6353,23573,-L8TX_211104_01_B08-1141610813
449,scrnaSeq,M1TX_211019_157_C01,IlluminaNovaseq6000,7.37,A8TX_211026_01,L8TX_211028_01,RTX-1034,polyAselection,10x,cDNA,,False,,50bp,pairedEnd,1809416923,1699042491.0,7723,4579,14680,-L8TX_211028_01_A07-1140204787
450,scrnaSeq,M1TX_211019_157_D01,IlluminaNovaseq6000,7.37,A8TX_211026_01,L8TX_211028_01,RTX-1034,polyAselection,10x,cDNA,,False,,50bp,pairedEnd,1377789238,1290988516.0,6739,4389,13644,-L8TX_211028_01_B07-1140204788
451,scrnaSeq,M1TX_211020_151_G01,IlluminaNovaseq6000,7.03,A8TX_211026_01,L8TX_211028_01,RTX-1036,polyAselection,10x,cDNA,,False,,50bp,pairedEnd,1698076292,1609776325.0,8621,5271,19108,-L8TX_211028_01_B06-1140207682
452,scrnaSeq,M1TX_211020_151_H01,IlluminaNovaseq6000,7.03,A8TX_211026_01,L8TX_211028_01,RTX-1036,polyAselection,10x,cDNA,,False,,50bp,pairedEnd,1459335931,1383450463.0,7596,5560,21409,-L8TX_211028_01_C06-1140207683
453,scrnaSeq,M1TX_211020_155_A01,IlluminaNovaseq6000,7.52,A8TX_211102_01,L8TX_211104_01,RTX-1038,polyAselection,10x,cDNA,,False,,50bp,pairedEnd,1161608675,1089588937.0,5810,2863,6392,-L8TX_211104_01_A09-1142206698
454,scrnaSeq,M1TX_211021_151_A01,IlluminaNovaseq6000,7.43,A8TX_211026_01,L8TX_211028_01,RTX-1035,polyAselection,10x,cDNA,,False,,50bp,pairedEnd,1552630190,1474998680.0,6213,2358,4528,-L8TX_211028_01_G06-1140206522
455,scrnaSeq,M1TX_211021_151_B01,IlluminaNovaseq6000,7.43,A8TX_211026_01,L8TX_211028_01,RTX-1035,polyAselection,10x,cDNA,,False,,50bp,pairedEnd,1695980033,1609485051.0,5891,2379,4686,-L8TX_211028_01_H06-1140206523
456,scrnaSeq,M1TX_211021_155_C01,IlluminaNovaseq6000,8.33,A8TX_211026_01,L8TX_211028_01,RTX-1036,polyAselection,10x,cDNA,,False,,50bp,pairedEnd,1081747018,1025496173.0,8321,5496,20346,-L8TX_211028_01_G05-1140207678
457,scrnaSeq,M1TX_211021_155_D01,IlluminaNovaseq6000,8.33,A8TX_211026_01,L8TX_211028_01,RTX-1036,polyAselection,10x,cDNA,,False,,50bp,pairedEnd,1199834437,1138642881.0,14686,1125,1493,-L8TX_211028_01_F06-1140207679
458,scrnaSeq,M1TX_211021_159_E01,IlluminaNovaseq6000,7.27,A8TX_211026_01,L8TX_211028_01,RTX-1036,polyAselection,10x,cDNA,,False,,50bp,pairedEnd,1292686144,1225466465.0,7627,3842,11833,-L8TX_211028_01_H05-1140207680
459,scrnaSeq,M1TX_211021_159_F01,IlluminaNovaseq6000,7.27,A8TX_211026_01,L8TX_211028_01,RTX-1036,polyAselection,10x,cDNA,,False,,50bp,pairedEnd,1399101166,1326347905.0,8544,2307,4808,-L8TX_211028_01_A06-1140207681
460,scrnaSeq,M1TX_211026_153_A01,IlluminaNovaseq6000,8.63,A8TX_211102_01,L8TX_211104_01,RTX-1038,polyAselection,10x,cDNA,,False,,50bp,pairedEnd,1440491194,1351180740.0,8322,4670,14716,-L8TX_211104_01_G08-1142206699
461,scrnaSeq,M1TX_211026_153_B01,IlluminaNovaseq6000,8.63,A8TX_211102_01,L8TX_211104_01,RTX-1038,polyAselection,10x,cDNA,,False,,50bp,pairedEnd,1576515225,1478771281.0,8914,4632,14204,-L8TX_211104_01_H08-1142206700
462,scrnaSeq,M1TX_211026_155_D01,IlluminaNovaseq6000,7.87,A8TX_220328_01,L8TX_220331_01,RTX-1069,polyAselection,10x,cDNA,,False,,50bp,pairedEnd,1926275213,1822256351.0,10146,6800,27343,-L8TX_220331_01_H05-1169929009
463,scrnaSeq,M1TX_211026_157_D01,IlluminaNovaseq6000,7.87,A8TX_211102_01,L8TX_211104_01,RTX-1037,polyAselection,10x,cDNA,,False,,50bp,pairedEnd,1963497711,1879067309.0,7458,7024,28999,-L8TX_211104_01_C08-1141610814
464,scrnaSeq,M1TX_211026_157_E01,IlluminaNovaseq6000,7.87,A8TX_211102_01,L8TX_211104_01,RTX-1037,polyAselection,10x,cDNA,,False,,50bp,pairedEnd,1564657769,1497377485.0,8198,6007,20336,-L8TX_211104_01_D08-1141610815
465,scrnaSeq,M1TX_211026_159_C01,IlluminaNovaseq6000,8.85,A8TX_211102_01,L8TX_211104_01,RTX-1038,polyAselection,10x,cDNA,,False,,50bp,pairedEnd,1258186772,1180179192.0,9081,5060,15522,-L8TX_211104_01_E08-1142206701
466,scrnaSeq,M1TX_211026_159_D01,IlluminaNovaseq6000,8.85,A8TX_211102_01,L8TX_211104_01,RTX-1038,polyAselection,10x,cDNA,,False,,50bp,pairedEnd,1128044154,1056977372.0,9104,5164,16148,-L8TX_211104_01_F08-1142206702
467,scrnaSeq,M1TX_211102_151_A01,IlluminaNovaseq6000,9.2,A8TX_211109_01,L8TX_211111_01,RTX-1038,polyAselection,10x,cDNA,,False,,50bp,pairedEnd,1005128798,942810813.0,9504,6238,19696,-L8TX_211111_01_B09-1142206703
468,scrnaSeq,M1TX_211102_151_B01,IlluminaNovaseq6000,9.2,A8TX_211109_01,L8TX_211111_01,RTX-1038,polyAselection,10x,cDNA,,False,,50bp,pairedEnd,1283907103,1204304863.0,9557,6717,22797,-L8TX_211111_01_C09-1142206704
469,scrnaSeq,M1TX_211102_155_C01,IlluminaNovaseq6000,8.87,A8TX_211109_01,L8TX_211111_01,RTX-1038,polyAselection,10x,cDNA,,False,,50bp,pairedEnd,1194989862,1120900491.0,7805,6493,28500,-L8TX_211111_01_E09-1142206705
470,scrnaSeq,M1TX_211102_155_D01,IlluminaNovaseq6000,8.87,A8TX_211109_01,L8TX_211111_01,RTX-1039,polyAselection,10x,cDNA,,False,,50bp,pairedEnd,972234040,902233189.0,9456,4106,11252,-L8TX_211111_01_F09-1143324877
471,scrnaSeq,M1TX_211102_157_E01,IlluminaNovaseq6000,8.6,A8TX_211109_01,L8TX_211111_01,RTX-1039,polyAselection,10x,cDNA,,False,,50bp,pairedEnd,1122990633,1042135307.0,8747,5433,19637,-L8TX_211111_01_G09-1143324878
472,scrnaSeq,M1TX_211102_157_F01,IlluminaNovaseq6000,8.6,A8TX_211109_01,L8TX_211111_01,RTX-1039,polyAselection,10x,cDNA,,False,,50bp,pairedEnd,1183750457,1099704175.0,8287,5339,19071,-L8TX_211111_01_H09-1143324879
473,scrnaSeq,M1TX_211105_151_A01,IlluminaNovaseq6000,9.3,A8TX_211115_01,L8TX_211118_01,RTX-1039,polyAselection,10x,cDNA,,False,,50bp,pairedEnd,976643610,906325270.0,9225,4946,15449,-L8TX_211118_01_B11-1143324885
474,scrnaSeq,M1TX_211105_151_B01,IlluminaNovaseq6000,9.3,A8TX_211115_01,L8TX_211118_01,RTX-1040,polyAselection,10x,cDNA,,False,,50bp,pairedEnd,1657000971,1575807923.0,9598,5713,19739,-L8TX_211118_01_A11-1143330309
475,scrnaSeq,M1TX_211105_153_C01,IlluminaNovaseq6000,6.97,A8TX_211115_01,L8TX_211118_01,RTX-1040,polyAselection,10x,cDNA,,False,,50bp,pairedEnd,1411807935,1342629346.0,8210,3872,10411,-L8TX_211118_01_A12-1143330310
476,scrnaSeq,M1TX_211105_153_D01,IlluminaNovaseq6000,6.97,A8TX_211115_01,L8TX_211118_01,RTX-1040,polyAselection,10x,cDNA,,False,,50bp,pairedEnd,1429108993,1357653543.0,7637,3690,9695,-L8TX_211118_01_C12-1143330311
477,scrnaSeq,M1TX_211105_157_E01,IlluminaNovaseq6000,8.83,A8TX_211115_01,L8TX_211118_01,RTX-1040,polyAselection,10x,cDNA,,False,,50bp,pairedEnd,1358160829,1291610948.0,10415,5338,18438,-L8TX_211118_01_C11-1143330312
478,scrnaSeq,M1TX_211105_157_F01,IlluminaNovaseq6000,8.83,A8TX_211115_01,L8TX_211118_01,RTX-1040,polyAselection,10x,cDNA,,False,,50bp,pairedEnd,1413256672,1344007095.0,8871,5826,21727,-L8TX_211118_01_D11-1143330313
479,scrnaSeq,M1TX_211109_151_E01,IlluminaNovaseq6000,9.6,A8TX_211122_01,L8TX_211124_01,RTX-1042,polyAselection,10x,cDNA,,False,,50bp,pairedEnd,1147785855,1103022207.0,8544,6634,27824,-L8TX_211124_01_C02-1144726145
480,scrnaSeq,M1TX_211109_151_F01,IlluminaNovaseq6000,9.6,A8TX_211122_01,L8TX_211124_01,RTX-1042,polyAselection,10x,cDNA,,False,,50bp,pairedEnd,1450773900,1394193718.0,9019,6741,28481,-L8TX_211124_01_D02-1144726146
481,scrnaSeq,M1TX_211109_155_C01,IlluminaNovaseq6000,9.37,A8TX_211213_01,L8TX_211216_01,RTX-1049,polyAselection,10x,cDNA,,False,,50bp,pairedEnd,1429573044,1363812684.0,10816,2888,6806,-L8TX_211216_01_F04-1149532257
482,scrnaSeq,M1TX_211109_157_G01,IlluminaNovaseq6000,9.57,A8TX_211122_01,L8TX_211124_01,RTX-1042,polyAselection,10x,cDNA,,False,,50bp,pairedEnd,1452914338,1396250679.0,9136,7227,28926,-L8TX_211124_01_E02-1144726147
483,scrnaSeq,M1TX_211109_157_H01,IlluminaNovaseq6000,9.57,A8TX_211122_01,L8TX_211124_01,RTX-1042,polyAselection,10x,cDNA,,False,,50bp,pairedEnd,1374574871,1319591876.0,9126,7159,28664,-L8TX_211124_01_F02-1144726148
484,scrnaSeq,M1TX_211111_153_C01,IlluminaNovaseq6000,9.17,A8TX_211115_01,L8TX_211118_01,RTX-1041,polyAselection,10x,cDNA,,False,,50bp,pairedEnd,1391667057,1345742044.0,9450,4970,16604,-L8TX_211118_01_E11-1144727203
485,scrnaSeq,M1TX_211111_153_D01,IlluminaNovaseq6000,9.17,A8TX_211115_01,L8TX_211118_01,RTX-1041,polyAselection,10x,cDNA,,False,,50bp,pairedEnd,1297734328,1253611361.0,8670,4751,15599,-L8TX_211118_01_F11-1144727204
486,scrnaSeq,M1TX_211116_151_A01,IlluminaNovaseq6000,6.23,A8TX_211221_01,L8TX_220106_03,RTX-1050,polyAselection,10x,cDNA,,False,,50bp,pairedEnd,1094274145,1013297858.0,9210,5270,18550,-L8TX_220106_03_C10-1151911964
487,scrnaSeq,M1TX_211117_251_H01,IlluminaNovaseq6000,9.07,A8TX_211122_01,L8TX_211124_01,RTX-1044,polyAselection,10x,cDNA,,False,,50bp,pairedEnd,1066806712,999597889.0,8778,4770,15984,-L8TX_211124_01_E03-1146681320
488,scrnaSeq,M1TX_211123_151_A01,IlluminaNovaseq6000,9.53,A8TX_211213_01,L8TX_211216_01,RTX-1048,polyAselection,10x,cDNA,,False,,50bp,pairedEnd,1023711071,959217274.0,9019,4685,15079,-L8TX_211216_01_D09-1149510070
489,scrnaSeq,M1TX_211123_153_B01,IlluminaNovaseq6000,9.53,A8TX_211221_01,L8TX_220106_03,RTX-1050,polyAselection,10x,cDNA,,False,,50bp,pairedEnd,1260928335,1167619638.0,11504,5488,20152,-L8TX_220106_03_F10-1151911965
490,scrnaSeq,M1TX_211123_153_C01,IlluminaNovaseq6000,9.53,A8TX_211221_01,L8TX_220106_03,RTX-1050,polyAselection,10x,cDNA,,False,,50bp,pairedEnd,1202304149,1114535946.0,12402,4937,16194,-L8TX_220106_03_G10-1151911966
491,scrnaSeq,M1TX_211123_155_C01,IlluminaNovaseq6000,8.82,A8TX_220328_01,L8TX_220331_01,RTX-1069,polyAselection,10x,cDNA,,False,,50bp,pairedEnd,1652051502,1562840721.0,10382,5097,15178,-L8TX_220331_01_B06-1169929016
492,scrnaSeq,M1TX_211123_155_D01,IlluminaNovaseq6000,8.82,A8TX_220328_01,L8TX_220331_01,RTX-1069,polyAselection,10x,cDNA,,False,,50bp,pairedEnd,1537055966,1454054944.0,10075,4925,13960,-L8TX_220331_01_C06-1169929017
493,scrnaSeq,M1TX_211123_157_G01,IlluminaNovaseq6000,8.82,A8TX_211129_01,L8TX_211202_01,RTX-1045,polyAselection,10x,cDNA,,False,,50bp,pairedEnd,1876311230,1784371980.0,10193,5368,17662,-L8TX_211202_01_D04-1149924873
494,scrnaSeq,M1TX_211123_157_H01,IlluminaNovaseq6000,8.82,A8TX_211129_01,L8TX_211202_01,RTX-1045,polyAselection,10x,cDNA,,False,,50bp,pairedEnd,2009519692,1913062747.0,9766,5286,16742,-L8TX_211202_01_G04-1149924874
495,scrnaSeq,M1TX_211130_151_E01,IlluminaNovaseq6000,8.98,A8TX_211206_01,L8TX_211208_01,RTX-1048,polyAselection,10x,cDNA,,False,,50bp,pairedEnd,1059254207,991461938.0,9227,4235,13043,-L8TX_211208_01_F07-1149510066
496,scrnaSeq,M1TX_211130_151_F01,IlluminaNovaseq6000,8.98,A8TX_211206_01,L8TX_211208_01,RTX-1048,polyAselection,10x,cDNA,,False,,50bp,pairedEnd,1209829484,1133610227.0,8973,4037,11672,-L8TX_211208_01_G07-1149510067
497,scrnaSeq,M1TX_211130_155_G01,IlluminaNovaseq6000,9.28,A8TX_211206_01,L8TX_211208_01,RTX-1048,polyAselection,10x,cDNA,,False,,50bp,pairedEnd,994119248,930495616.0,10401,4773,15706,-L8TX_211208_01_H07-1149510068
498,scrnaSeq,M1TX_211130_155_H01,IlluminaNovaseq6000,9.28,A8TX_211206_01,L8TX_211208_01,RTX-1048,polyAselection,10x,cDNA,,False,,50bp,pairedEnd,1397555629,1309509624.0,10238,5052,17628,-L8TX_211208_01_A08-1149510069
499,scrnaSeq,M1TX_211130_157_F01,IlluminaNovaseq6000,9.28,A8TX_211206_01,L8TX_211208_01,RTX-1046,polyAselection,10x,cDNA,,False,,50bp,pairedEnd,894235603,842369938.0,8235,4921,15211,-L8TX_211208_01_C07-1149476843
500,scrnaSeq,M1TX_211130_159_C01,IlluminaNovaseq6000,8.67,A8TX_211206_01,L8TX_211208_01,RTX-1046,polyAselection,10x,cDNA,,False,,50bp,pairedEnd,1195344872,1124819525.0,8822,5902,20035,-L8TX_211208_01_D06-1149476841
501,scrnaSeq,M1TX_211130_159_D01,IlluminaNovaseq6000,8.67,A8TX_211206_01,L8TX_211208_01,RTX-1046,polyAselection,10x,cDNA,,False,,50bp,pairedEnd,1220895757,1150083803.0,9288,6124,21229,-L8TX_211208_01_E06-1149476842
502,scrnaSeq,M1TX_220113_155_E01,IlluminaNovaseq6000,6.23,A8TX_220613_01,L8TX_220616_01,RTX-4020,polyAselection,10x,cDNA,,False,,50bp,pairedEnd,1414351960,1326662138.0,8453,3318,8085,-L8TX_220616_01_B02-1188020677
503,scrnaSeq,M1TX_220113_157_C01,IlluminaNovaseq6000,6.23,A8TX_220118_01,L8TX_220120_01,RTX-1055,polyAselection,10x,cDNA,,False,,50bp,pairedEnd,1444884311,1375529864.0,8403,3429,8684,-L8TX_220120_01_G12-1155539601
504,scrnaSeq,M1TX_220113_157_D01,IlluminaNovaseq6000,6.23,A8TX_220118_01,L8TX_220120_01,RTX-1055,polyAselection,10x,cDNA,,False,,50bp,pairedEnd,1800146096,1715539229.0,9117,3193,7348,-L8TX_220120_01_H12-1155539602
505,scrnaSeq,M1TX_220222_151_B01,IlluminaNovaseq6000,7.28,A8TX_220228_01,L8TX_220303_01,RTX-1060,polyAselection,10x,cDNA,,False,,50bp,pairedEnd,1219734724,1140451967.0,8338,4522,12047,-L8TX_220303_01_C09-1164238795
506,scrnaSeq,M1TX_220222_155_C01,IlluminaNovaseq6000,8.63,A8TX_220228_01,L8TX_220303_01,RTX-1060,polyAselection,10x,cDNA,,False,,50bp,pairedEnd,1197273189,1118253159.0,8619,2409,4740,-L8TX_220303_01_D09-1164238796
507,scrnaSeq,M1TX_220222_155_D01,IlluminaNovaseq6000,8.63,A8TX_220228_01,L8TX_220303_01,RTX-1060,polyAselection,10x,cDNA,,False,,50bp,pairedEnd,1396691224,1303112912.0,8958,2528,5107,-L8TX_220303_01_E09-1164238797
508,scrnaSeq,M1TX_220222_159_E01,IlluminaNovaseq6000,6.67,A8TX_220228_01,L8TX_220303_01,RTX-1060,polyAselection,10x,cDNA,,False,,50bp,pairedEnd,1031549785,965530599.0,7850,5822,22195,-L8TX_220303_01_C08-1164238798
509,scrnaSeq,M1TX_220222_159_F01,IlluminaNovaseq6000,6.67,A8TX_220228_01,L8TX_220303_01,RTX-1060,polyAselection,10x,cDNA,,False,,50bp,pairedEnd,1211185172,1132458136.0,6443,6763,29737,-L8TX_220303_01_F09-1164238799
510,scrnaSeq,M1TX_220301_151_A01,IlluminaNovaseq6000,5.93,A8TX_220307_01,L8TX_220310_01,RTX-1062,polyAselection,10x,cDNA,,False,,50bp,pairedEnd,995912260,922214753.0,7882,3258,7994,-L8TX_220310_01_C12-1165228903
511,scrnaSeq,M1TX_220301_151_B01,IlluminaNovaseq6000,5.93,A8TX_220307_01,L8TX_220310_01,RTX-1062,polyAselection,10x,cDNA,,False,,50bp,pairedEnd,1229617973,1138626243.0,7515,2941,6816,-L8TX_220310_01_A12-1165228904
512,scrnaSeq,M1TX_220301_155_C01,IlluminaNovaseq6000,8.63,A8TX_220307_01,L8TX_220310_01,RTX-1062,polyAselection,10x,cDNA,,False,,50bp,pairedEnd,950914523,880546848.0,7074,2742,5984,-L8TX_220310_01_B11-1165228905
513,scrnaSeq,M1TX_220301_155_D01,IlluminaNovaseq6000,8.63,A8TX_220307_01,L8TX_220310_01,RTX-1062,polyAselection,10x,cDNA,,False,,50bp,pairedEnd,943420656,874550948.0,6547,2898,6483,-L8TX_220310_01_C11-1165228906
514,scrnaSeq,M1TX_220301_159_E01,IlluminaNovaseq6000,9.48,A8TX_220307_01,L8TX_220310_01,RTX-1062,polyAselection,10x,cDNA,,False,,50bp,pairedEnd,1207071406,1122576408.0,8304,6035,20723,-L8TX_220310_01_H10-1165228907
515,scrnaSeq,M1TX_220301_159_F01,IlluminaNovaseq6000,9.48,A8TX_220307_01,L8TX_220310_01,RTX-1062,polyAselection,10x,cDNA,,False,,50bp,pairedEnd,1358858155,1261020368.0,7660,6558,24863,-L8TX_220310_01_A11-1165228908
516,scrnaSeq,M1TX_220303_151_A01,IlluminaNovaseq6000,9.17,A8TX_220307_01,L8TX_220310_01,RTX-1063,polyAselection,10x,cDNA,,False,,50bp,pairedEnd,1535831844,1443681933.0,10307,5066,15429,-L8TX_220310_01_D11-1165241498
517,scrnaSeq,M1TX_220303_151_B01,IlluminaNovaseq6000,9.17,A8TX_220307_01,L8TX_220310_01,RTX-1063,polyAselection,10x,cDNA,,False,,50bp,pairedEnd,1571288638,1480153897.0,9713,5342,17269,-L8TX_220310_01_E11-1165241499
518,scrnaSeq,M1TX_220303_155_C01,IlluminaNovaseq6000,7.93,A8TX_220307_01,L8TX_220310_01,RTX-1064,polyAselection,10x,cDNA,,False,,50bp,pairedEnd,888362761,832395907.0,9920,3887,10196,-L8TX_220310_01_F11-1167231864
519,scrnaSeq,M1TX_220303_155_D01,IlluminaNovaseq6000,7.93,A8TX_220307_01,L8TX_220310_01,RTX-1064,polyAselection,10x,cDNA,,False,,50bp,pairedEnd,1055415999,989980207.0,9760,4200,11382,-L8TX_220310_01_G11-1167231865
520,scrnaSeq,M1TX_220303_159_E01,IlluminaNovaseq6000,7.2,A8TX_220307_01,L8TX_220310_01,RTX-1064,polyAselection,10x,cDNA,,False,,50bp,pairedEnd,1350100626,1265044287.0,8669,3629,8692,-L8TX_220310_01_H11-1167231866
521,scrnaSeq,M1TX_220303_159_F01,IlluminaNovaseq6000,7.2,A8TX_220307_01,L8TX_220310_01,RTX-1064,polyAselection,10x,cDNA,,False,,50bp,pairedEnd,1168200243,1094603628.0,7362,3636,8860,-L8TX_220310_01_D12-1167231867
522,scrnaSeq,M1TX_220303_161_C01,IlluminaNovaseq6000,7.2,A8TX_220321_01,L8TX_220324_01,RTX-1068,polyAselection,10x,cDNA,,False,,50bp,pairedEnd,952385231,894289732.0,7467,3068,7079,-L8TX_220324_01_F04-1169916922
523,scrnaSeq,M1TX_220303_161_D01,IlluminaNovaseq6000,7.2,A8TX_220321_01,L8TX_220324_01,RTX-1068,polyAselection,10x,cDNA,,False,,50bp,pairedEnd,1020771354,956462759.0,7243,3173,7525,-L8TX_220324_01_G04-1169916923
524,scrnaSeq,M1TX_220308_151_A01,IlluminaNovaseq6000,8.57,A8TX_220314_01,L8TX_220317_01,RTX-1064,polyAselection,10x,cDNA,,False,,50bp,pairedEnd,1481778983,1389908686.0,8780,3982,10183,-L8TX_220317_01_E02-1167231868
525,scrnaSeq,M1TX_220308_153_A01,IlluminaNovaseq6000,8.57,A8TX_220613_01,L8TX_220616_01,RTX-4020,polyAselection,10x,cDNA,,False,,50bp,pairedEnd,1200204193,1125791533.0,9525,3345,7432,-L8TX_220616_01_G01-1188020674
526,scrnaSeq,M1TX_220308_155_C01,IlluminaNovaseq6000,7.93,A8TX_220314_01,L8TX_220317_01,RTX-1064,polyAselection,10x,cDNA,,False,,50bp,pairedEnd,1791418139,1678558796.0,7776,4137,11404,-L8TX_220317_01_F12-1167231869
527,scrnaSeq,M1TX_220308_155_D01,IlluminaNovaseq6000,7.93,A8TX_220314_01,L8TX_220317_01,RTX-1064,polyAselection,10x,cDNA,,False,,50bp,pairedEnd,1313633453,1229560912.0,7915,4016,11180,-L8TX_220317_01_F02-1167231870
528,scrnaSeq,M1TX_220308_159_F01,IlluminaNovaseq6000,6.9,A8TX_220314_01,L8TX_220317_01,RTX-1065,polyAselection,10x,cDNA,,False,,50bp,pairedEnd,1626272267,1543332381.0,7268,3358,8464,-L8TX_220317_01_G12-1167235332
529,scrnaSeq,M1TX_220310_151_A01,IlluminaNovaseq6000,8.67,A8TX_220314_01,L8TX_220317_01,RTX-1066,polyAselection,10x,cDNA,,False,,50bp,pairedEnd,1614891112,1519612536.0,8840,5446,17974,-L8TX_220317_01_H12-1167701350
530,scrnaSeq,M1TX_220310_151_B01,IlluminaNovaseq6000,8.67,A8TX_220314_01,L8TX_220317_01,RTX-1066,polyAselection,10x,cDNA,,False,,50bp,pairedEnd,1161814490,1092105621.0,9569,5604,19504,-L8TX_220317_01_H01-1167701351
531,scrnaSeq,M1TX_220310_155_C01,IlluminaNovaseq6000,8.68,A8TX_220314_01,L8TX_220317_01,RTX-1066,polyAselection,10x,cDNA,,False,,50bp,pairedEnd,1088696041,1023374279.0,7861,4675,15502,-L8TX_220317_01_A02-1167701352
532,scrnaSeq,M1TX_220310_155_D01,IlluminaNovaseq6000,8.68,A8TX_220314_01,L8TX_220317_01,RTX-1066,polyAselection,10x,cDNA,,False,,50bp,pairedEnd,1646019261,1545612086.0,25584,1383,1894,-L8TX_220317_01_E12-1167701353
533,scrnaSeq,M1TX_220310_157_A01,IlluminaNovaseq6000,8.68,A8TX_220321_01,L8TX_220324_01,RTX-1068,polyAselection,10x,cDNA,,False,,50bp,pairedEnd,2130054092,1993730630.0,10292,4134,10866,-L8TX_220324_01_B04-1169916920
534,scrnaSeq,M1TX_220310_157_B01,IlluminaNovaseq6000,8.68,A8TX_220321_01,L8TX_220324_01,RTX-1068,polyAselection,10x,cDNA,,False,,50bp,pairedEnd,1248720934,1172548957.0,12808,3619,8749,-L8TX_220324_01_C04-1169916921
535,scrnaSeq,M1TX_220310_159_E01,IlluminaNovaseq6000,7.9,A8TX_220314_01,L8TX_220317_01,RTX-1066,polyAselection,10x,cDNA,,False,,50bp,pairedEnd,1385842431,1301306043.0,8930,1751,3228,-L8TX_220317_01_G02-1167701354
536,scrnaSeq,M1TX_220310_159_F01,IlluminaNovaseq6000,7.9,A8TX_220314_01,L8TX_220317_01,RTX-1066,polyAselection,10x,cDNA,,False,,50bp,pairedEnd,1346008270,1261209749.0,8234,1670,3058,-L8TX_220317_01_H02-1167701356
537,scrnaSeq,M1TX_220328_151_A01,IlluminaNovaseq6000,9.08,A8TX_220404_01,L8TX_220407_01,RTX-4001,polyAselection,10x,cDNA,,False,,50bp,pairedEnd,928629226,856196146.0,8520,5706,20252,-L8TX_220407_01_E11-1172418072
538,scrnaSeq,M1TX_220328_153_A01,IlluminaNovaseq6000,9.08,A8TX_220502_01,L8TX_220505_01,RTX-4007,polyAselection,10x,cDNA,,False,,50bp,pairedEnd,1300420809,1208090932.0,8684,5378,19416,-L8TX_220505_01_D05-1177377383
539,scrnaSeq,M1TX_220407_151_F01,IlluminaNovaseq6000,7.2,A8TX_220411_01,L8TX_220414_03,RTX-4003,polyAselection,10x,cDNA,,False,,50bp,pairedEnd,1240201040,1174470385.0,7764,1859,3587,-L8TX_220414_03_B09-1174085026
540,scrnaSeq,M1TX_220412_151_A01,IlluminaNovaseq6000,8.15,A8TX_220419_01,L8TX_220421_01,RTX-1071,polyAselection,10x,cDNA,,False,,50bp,pairedEnd,1287361106,1222993051.0,8289,3912,9891,-L8TX_220421_01_B08-1174226108
541,scrnaSeq,M1TX_220412_151_B01,IlluminaNovaseq6000,8.15,A8TX_220419_01,L8TX_220421_01,RTX-1071,polyAselection,10x,cDNA,,False,,50bp,pairedEnd,1388858658,1319415725.0,7967,3917,10029,-L8TX_220421_01_C08-1174226109
542,scrnaSeq,M1TX_220412_155_C01,IlluminaNovaseq6000,3.43,A8TX_220419_01,L8TX_220421_01,RTX-4003,polyAselection,10x,cDNA,,False,,50bp,pairedEnd,1153002235,1086128105.0,3492,623,1294,-L8TX_220421_01_E11-1174085027
543,scrnaSeq,M1TX_220412_155_D01,IlluminaNovaseq6000,3.43,A8TX_220419_01,L8TX_220421_01,RTX-4003,polyAselection,10x,cDNA,,False,,50bp,pairedEnd,1844613099,1732091700.0,3885,619,1252,-L8TX_220421_01_F11-1174085028
544,scrnaSeq,M1TX_220412_159_E01,IlluminaNovaseq6000,6.73,A8TX_220419_01,L8TX_220421_01,RTX-4003,polyAselection,10x,cDNA,,False,,50bp,pairedEnd,1185040042,1119862840.0,6332,3533,8760,-L8TX_220421_01_G11-1174085029
545,scrnaSeq,M1TX_220412_159_F01,IlluminaNovaseq6000,6.73,A8TX_220419_01,L8TX_220421_01,RTX-4004,polyAselection,10x,cDNA,,False,,50bp,pairedEnd,892902981,814327519.0,6897,3376,8309,-L8TX_220421_01_H11-1174070508
546,scrnaSeq,M1TX_220414_151_A01,IlluminaNovaseq6000,8.67,A8TX_220425_01,L8TX_220428_01,RTX-4006,polyAselection,10x,cDNA,,False,,50bp,pairedEnd,1163478366,1116939231.0,9656,4854,15155,-L8TX_220428_01_H03-1176659182
547,scrnaSeq,M1TX_220414_151_B01,IlluminaNovaseq6000,8.67,A8TX_220425_01,L8TX_220428_01,RTX-4006,polyAselection,10x,cDNA,,False,,50bp,pairedEnd,1531416787,1470160116.0,9178,5018,15938,-L8TX_220428_01_A04-1176659183
548,scrnaSeq,M1TX_220414_155_C01,IlluminaNovaseq6000,8.27,A8TX_220425_01,L8TX_220428_01,RTX-4006,polyAselection,10x,cDNA,,False,,50bp,pairedEnd,1320495725,1265034905.0,8830,4286,12496,-L8TX_220428_01_B04-1176659184
549,scrnaSeq,M1TX_220414_155_D01,IlluminaNovaseq6000,8.27,A8TX_220425_01,L8TX_220428_01,RTX-4007,polyAselection,10x,cDNA,,False,,50bp,pairedEnd,1226782938,1136001001.0,9395,4146,11594,-L8TX_220428_01_G03-1177377378
550,scrnaSeq,M1TX_220502_153_A01,IlluminaNovaseq6000,9.37,A8TX_220509_01,L8TX_220512_01,RTX-4009,polyAselection,10x,cDNA,,False,,50bp,pairedEnd,1719576361,1600925592.0,8133,6927,28789,-L8TX_220512_01_C08-1179085616
551,scrnaSeq,M1TX_220502_153_B01,IlluminaNovaseq6000,9.37,A8TX_220509_01,L8TX_220512_01,RTX-4009,polyAselection,10x,cDNA,,False,,50bp,pairedEnd,1602333973,1491772929.0,7538,6778,27600,-L8TX_220512_01_D08-1179085617
552,scrnaSeq,M1TX_220502_155_C01,IlluminaNovaseq6000,7.52,A8TX_220509_01,L8TX_220512_01,RTX-4010,polyAselection,10x,cDNA,,False,,50bp,pairedEnd,1247558803,1156487010.0,5672,4046,10944,-L8TX_220512_01_E08-1178955805
553,scrnaSeq,M1TX_220502_155_D01,IlluminaNovaseq6000,7.52,A8TX_220509_01,L8TX_220512_01,RTX-4011,polyAselection,10x,cDNA,,False,,50bp,pairedEnd,775925035,740232483.0,5602,3860,10272,-L8TX_220512_01_F08-1181938669
554,scrnaSeq,M1TX_220502_159_B01,IlluminaNovaseq6000,8.92,A8TX_220613_01,L8TX_220616_01,RTX-4020,polyAselection,10x,cDNA,,False,,50bp,pairedEnd,1176076914,1098455838.0,7755,2423,4799,-L8TX_220616_01_H01-1188020675
555,scrnaSeq,M1TX_220502_159_C01,IlluminaNovaseq6000,8.92,A8TX_220613_01,L8TX_220616_01,RTX-4020,polyAselection,10x,cDNA,,False,,50bp,pairedEnd,1306274396,1223979109.0,7863,2627,5523,-L8TX_220616_01_A02-1188020676
556,scrnaSeq,M2TX_211104_253_B01,IlluminaNovaseq6000,9.37,A8TX_211109_01,L8TX_211111_01,RTX-1039,polyAselection,10x,cDNA,,False,,50bp,pairedEnd,1089518588,1011073250.0,7348,3348,8380,-L8TX_211111_01_A10-1143324881
557,scrnaSeq,M2TX_211104_255_C01,IlluminaNovaseq6000,8.58,A8TX_211109_01,L8TX_211111_01,RTX-1039,polyAselection,10x,cDNA,,False,,50bp,pairedEnd,1102892667,1023484395.0,7008,3916,11192,-L8TX_211111_01_B10-1143324882
558,scrnaSeq,M2TX_211108_251_G01,IlluminaNovaseq6000,9.04,A8TX_211115_01,L8TX_211118_01,RTX-1041,polyAselection,10x,cDNA,,False,,50bp,pairedEnd,1378782586,1333282761.0,9817,4977,16585,-L8TX_211118_01_G11-1144727206
559,scrnaSeq,M2TX_211108_251_H01,IlluminaNovaseq6000,9.04,A8TX_211115_01,L8TX_211118_01,RTX-1041,polyAselection,10x,cDNA,,False,,50bp,pairedEnd,1492194392,1442951977.0,9251,4900,16442,-L8TX_211118_01_H11-1144727207
560,scrnaSeq,M2TX_211108_255_E01,IlluminaNovaseq6000,9.18,A8TX_211213_01,L8TX_211216_01,RTX-1049,polyAselection,10x,cDNA,,False,,50bp,pairedEnd,1485803961,1417456979.0,10497,5252,17979,-L8TX_211216_01_B04-1149532258
561,scrnaSeq,M2TX_211111_253_F01,IlluminaNovaseq6000,8.0,A8TX_211115_01,L8TX_211118_01,RTX-1041,polyAselection,10x,cDNA,,False,,50bp,pairedEnd,1330155611,1284930320.0,7760,5447,20741,-L8TX_211118_01_B12-1144727205
562,scrnaSeq,M2TX_211111_255_C01,IlluminaNovaseq6000,8.0,A8TX_220202_01,L8TX_220203_01,RTX-1056,polyAselection,10x,cDNA,,False,,50bp,pairedEnd,1360695874,1288578993.0,7247,5282,17639,-L8TX_220203_01_G03-1159293569
563,scrnaSeq,M2TX_211111_255_D01,IlluminaNovaseq6000,8.0,A8TX_220202_01,L8TX_220203_01,RTX-1056,polyAselection,10x,cDNA,,False,,50bp,pairedEnd,1544611622,1458113371.0,6412,5236,17332,-L8TX_220203_01_H03-1159293570
564,scrnaSeq,M2TX_211115_251_A01,IlluminaNovaseq6000,8.92,A8TX_211122_01,L8TX_211124_01,RTX-1041,polyAselection,10x,cDNA,,False,,50bp,pairedEnd,1276815030,1233403319.0,7223,3372,8588,-L8TX_211124_01_F03-1144727211
565,scrnaSeq,M2TX_211116_251_F01,IlluminaNovaseq6000,5.6,A8TX_211213_01,L8TX_211216_01,RTX-1049,polyAselection,10x,cDNA,,False,,50bp,pairedEnd,1279998639,1221118702.0,7325,3720,10448,-L8TX_211216_01_B09-1149532259
566,scrnaSeq,M2TX_211116_251_G01,IlluminaNovaseq6000,5.6,A8TX_211213_01,L8TX_211216_01,RTX-1049,polyAselection,10x,cDNA,,False,,50bp,pairedEnd,1235154235,1178337140.0,7496,3749,10549,-L8TX_211216_01_C09-1149532261
567,scrnaSeq,M2TX_211116_257_H01,IlluminaNovaseq6000,2.9,A8TX_211206_01,L8TX_211208_01,RTX-1046,polyAselection,10x,cDNA,,False,,50bp,pairedEnd,1348168364,1264581925.0,6587,950,2163,-L8TX_211208_01_C08-1149476845
568,scrnaSeq,M2TX_211117_253_G01,IlluminaNovaseq6000,9.07,A8TX_211206_01,L8TX_211208_01,RTX-1046,polyAselection,10x,cDNA,,False,,50bp,pairedEnd,911744081,857951180.0,8653,5065,17482,-L8TX_211208_01_D07-1149476844
569,scrnaSeq,M2TX_211117_255_A01,IlluminaNovaseq6000,8.75,A8TX_211129_01,L8TX_211202_01,RTX-1044,polyAselection,10x,cDNA,,False,,50bp,pairedEnd,1319190929,1234762710.0,10008,4040,11315,-L8TX_211202_01_E04-1146681321
570,scrnaSeq,M2TX_211117_255_B01,IlluminaNovaseq6000,8.75,A8TX_211129_01,L8TX_211202_01,RTX-1044,polyAselection,10x,cDNA,,False,,50bp,pairedEnd,1235223985,1156169650.0,9080,3971,11356,-L8TX_211202_01_F04-1146681322
571,scrnaSeq,M2TX_211117_259_C01,IlluminaNovaseq6000,8.82,A8TX_211129_01,L8TX_211202_01,RTX-1044,polyAselection,10x,cDNA,,False,,50bp,pairedEnd,1481190483,1383431911.0,10901,4535,13754,-L8TX_211202_01_H03-1146681323
572,scrnaSeq,M2TX_211117_259_D01,IlluminaNovaseq6000,8.82,A8TX_211129_01,L8TX_211202_01,RTX-1044,polyAselection,10x,cDNA,,False,,50bp,pairedEnd,1265673753,1185936307.0,9997,4683,14770,-L8TX_211202_01_A04-1146681324
573,scrnaSeq,M2TX_211122_255_E01,IlluminaNovaseq6000,8.65,A8TX_211129_01,L8TX_211202_01,RTX-1044,polyAselection,10x,cDNA,,False,,50bp,pairedEnd,1314933994,1229463284.0,8688,4494,13082,-L8TX_211202_01_B04-1146681325
574,scrnaSeq,M2TX_211122_255_F01,IlluminaNovaseq6000,8.65,A8TX_211129_01,L8TX_211202_01,RTX-1044,polyAselection,10x,cDNA,,False,,50bp,pairedEnd,1364348987,1277030652.0,8819,4909,15072,-L8TX_211202_01_C04-1146681326
575,scrnaSeq,M2TX_211202_251_G01,IlluminaNovaseq6000,8.7,A8TX_211213_01,L8TX_211216_01,RTX-1049,polyAselection,10x,cDNA,,False,,50bp,pairedEnd,1329126978,1269316264.0,8385,3630,10040,-L8TX_211216_01_E09-1149532251
576,scrnaSeq,M2TX_211202_253_A01,IlluminaNovaseq6000,8.7,A8TX_211206_01,L8TX_211208_01,RTX-1047,polyAselection,10x,cDNA,,False,,50bp,pairedEnd,1308612787,1244490760.0,9954,5088,18449,-L8TX_211208_01_E07-1149523086
577,scrnaSeq,M2TX_211202_255_C01,IlluminaNovaseq6000,8.03,A8TX_211206_01,L8TX_211208_01,RTX-1048,polyAselection,10x,cDNA,,False,,50bp,pairedEnd,1482585257,1389182386.0,9321,6120,24637,-L8TX_211208_01_F06-1149510064
578,scrnaSeq,M2TX_211202_257_A01,IlluminaNovaseq6000,8.03,A8TX_220202_01,L8TX_220203_01,RTX-1056,polyAselection,10x,cDNA,,False,,50bp,pairedEnd,1480510614,1403524062.0,7201,5828,19083,-L8TX_220203_01_E03-1159293567
579,scrnaSeq,M2TX_211202_257_B01,IlluminaNovaseq6000,8.03,A8TX_220202_01,L8TX_220203_01,RTX-1056,polyAselection,10x,cDNA,,False,,50bp,pairedEnd,1660239524,1573907069.0,8305,5329,15687,-L8TX_220203_01_F03-1159293568
580,scrnaSeq,M2TX_220217_251_A01,IlluminaNovaseq6000,9.43,A8TX_220221_01,L8TX_220224_02,RTX-1059,polyAselection,10x,cDNA,,False,,50bp,pairedEnd,1286950625,1216168341.0,8444,5260,17733,-L8TX_220224_02_F07-1162262295
581,scrnaSeq,M2TX_220217_251_B01,IlluminaNovaseq6000,9.43,A8TX_220221_01,L8TX_220224_02,RTX-1059,polyAselection,10x,cDNA,,False,,50bp,pairedEnd,1502417941,1421287372.0,8343,5355,18333,-L8TX_220224_02_G07-1162262296
582,scrnaSeq,M2TX_220217_255_C01,IlluminaNovaseq6000,9.45,A8TX_220221_01,L8TX_220224_02,RTX-1059,polyAselection,10x,cDNA,,False,,50bp,pairedEnd,1259924399,1191888481.0,9881,3330,6818,-L8TX_220224_02_H07-1162262297
583,scrnaSeq,M2TX_220217_255_D01,IlluminaNovaseq6000,9.45,A8TX_220221_01,L8TX_220224_02,RTX-1060,polyAselection,10x,cDNA,,False,,50bp,pairedEnd,1059189870,990342528.0,7244,5425,16877,-L8TX_220224_02_A08-1164238792
584,scrnaSeq,M2TX_220217_259_E01,IlluminaNovaseq6000,9.43,A8TX_220221_01,L8TX_220224_02,RTX-1060,polyAselection,10x,cDNA,,False,,50bp,pairedEnd,1193392652,1115822130.0,8651,4915,12794,-L8TX_220224_02_B08-1164238793
585,scrnaSeq,M2TX_220217_259_F01,IlluminaNovaseq6000,9.43,A8TX_220221_01,L8TX_220224_01,RTX-1060,polyAselection,10x,cDNA,,False,,50bp,pairedEnd,1549710600,1448979411.0,8422,853,1040,-L8TX_220224_01_B07-1164238794
586,scrnaSeq,M2TX_220217_261_G01,IlluminaNovaseq6000,9.43,A8TX_220321_01,L8TX_220324_01,RTX-1068,polyAselection,10x,cDNA,,False,,50bp,pairedEnd,1397228442,1310600279.0,9178,4896,14104,-L8TX_220324_01_D04-1169916924
587,scrnaSeq,M2TX_220217_261_H01,IlluminaNovaseq6000,9.43,A8TX_220321_01,L8TX_220324_01,RTX-1068,polyAselection,10x,cDNA,,False,,50bp,pairedEnd,998388837,936488729.0,8615,4564,12428,-L8TX_220324_01_E04-1169916925
588,scrnaSeq,M2TX_220224_251_A01,IlluminaNovaseq6000,9.43,A8TX_220228_01,L8TX_220303_01,RTX-1061,polyAselection,10x,cDNA,,False,,50bp,pairedEnd,1091699151,1036022494.0,8024,5299,15562,-L8TX_220303_01_D08-1164285576
589,scrnaSeq,M2TX_220224_251_B01,IlluminaNovaseq6000,9.43,A8TX_220228_01,L8TX_220303_01,RTX-1061,polyAselection,10x,cDNA,,False,,50bp,pairedEnd,1176707005,1116694948.0,8203,5599,16879,-L8TX_220303_01_G09-1164285577
590,scrnaSeq,M2TX_220224_255_C01,IlluminaNovaseq6000,7.2,A8TX_220228_01,L8TX_220303_01,RTX-1061,polyAselection,10x,cDNA,,False,,50bp,pairedEnd,1144251533,1085894705.0,8282,4960,14612,-L8TX_220303_01_B10-1164285578
591,scrnaSeq,M2TX_220224_255_D01,IlluminaNovaseq6000,7.2,A8TX_220228_01,L8TX_220303_01,RTX-1061,polyAselection,10x,cDNA,,False,,50bp,pairedEnd,1407488566,1335706649.0,8598,5238,16222,-L8TX_220303_01_H09-1164285579
592,scrnaSeq,M2TX_220224_259_E01,IlluminaNovaseq6000,9.27,A8TX_220228_01,L8TX_220303_01,RTX-1062,polyAselection,10x,cDNA,,False,,50bp,pairedEnd,1167478486,1082252557.0,8985,4194,11527,-L8TX_220303_01_E08-1165228901
593,scrnaSeq,M2TX_220224_259_F01,IlluminaNovaseq6000,9.27,A8TX_220228_01,L8TX_220303_01,RTX-1062,polyAselection,10x,cDNA,,False,,50bp,pairedEnd,1338209534,1239182028.0,8838,4300,12110,-L8TX_220303_01_F08-1165228902
594,scrnaSeq,M2TX_220331_151_B01,IlluminaNovaseq6000,6.55,A8TX_220411_01,L8TX_220414_03,RTX-4002,polyAselection,10x,cDNA,,False,,50bp,pairedEnd,1229455535,1179047858.0,7251,1993,3842,-L8TX_220414_03_E08-1173083448
595,scrnaSeq,M2TX_220331_155_D01,IlluminaNovaseq6000,5.67,A8TX_220411_01,L8TX_220414_03,RTX-4002,polyAselection,10x,cDNA,,False,,50bp,pairedEnd,1256921852,1206644978.0,5920,2270,4858,-L8TX_220414_03_A09-1173083449
596,scrnaSeq,M2TX_220331_157_B01,IlluminaNovaseq6000,5.67,A8TX_220502_01,L8TX_220505_01,RTX-4008,polyAselection,10x,cDNA,,False,,50bp,pairedEnd,958474536,898090640.0,6678,2430,5342,-L8TX_220505_01_E05-1177380818
597,scrnaSeq,M2TX_220331_159_E01,IlluminaNovaseq6000,9.43,A8TX_220411_01,L8TX_220414_03,RTX-4002,polyAselection,10x,cDNA,,False,,50bp,pairedEnd,1263836985,1215811180.0,9953,4564,12369,-L8TX_220414_03_F08-1173083450
598,scrnaSeq,M2TX_220331_159_F01,IlluminaNovaseq6000,9.43,A8TX_220411_01,L8TX_220414_03,RTX-4002,polyAselection,10x,cDNA,,False,,50bp,pairedEnd,1417331102,1362055189.0,9832,4552,12400,-L8TX_220414_03_B08-1173083451
599,scrnaSeq,M2TX_220407_251_A01,IlluminaNovaseq6000,8.4,A8TX_220411_01,L8TX_220414_03,RTX-4003,polyAselection,10x,cDNA,,False,,50bp,pairedEnd,1133083411,1075296157.0,7411,3667,9347,-L8TX_220414_03_G08-1174085022
600,scrnaSeq,M2TX_220407_251_B01,IlluminaNovaseq6000,8.4,A8TX_220411_01,L8TX_220414_03,RTX-4003,polyAselection,10x,cDNA,,False,,50bp,pairedEnd,1580626509,1498433931.0,8372,3687,8952,-L8TX_220414_03_H08-1174085023
601,scrnaSeq,M2TX_220407_255_C01,IlluminaNovaseq6000,8.43,A8TX_220411_01,L8TX_220414_03,RTX-4003,polyAselection,10x,cDNA,,False,,50bp,pairedEnd,1293657877,1227681325.0,11568,5035,15346,-L8TX_220414_03_C08-1174085024
602,scrnaSeq,M2TX_220407_255_D01,IlluminaNovaseq6000,8.43,A8TX_220411_01,L8TX_220414_03,RTX-4003,polyAselection,10x,cDNA,,False,,50bp,pairedEnd,1319883907,1252569828.0,10111,5083,15591,-L8TX_220414_03_D08-1174085025
603,scrnaSeq,M1HX_221129_151_1_B01,IlluminaNovaseq6000,8.33,A8HX_221212_03,L8HX_221215_03,RTX-4055,polyAselection,10x,cDNA,,False,,50bp,pairedEnd,2274487303,2133469090.0,14922,5998,27333,-L8HX_221215_03_A10-1237215012
604,scrnaSeq,M1HX_221129_153_1_C01,IlluminaNovaseq6000,8.75,A8HX_221212_03,L8HX_221215_03,RTX-4055,polyAselection,10x,cDNA,,False,,50bp,pairedEnd,2086993441,1959686841.0,13408,6780,33626,-L8HX_221215_03_B10-1237215014
605,scrnaSeq,M1HX_221207_154_1_A01,IlluminaNovaseq6000,8.65,A8HX_221223_02,L8HX_230105_03,RTX-4057,polyAselection,10x,cDNA,,False,,50bp,pairedEnd,2362147724,2215694565.0,17717,6874,29299,-L8HX_230105_03_E11-1239621965
606,scrnaSeq,M1HX_221207_158_1_B01,IlluminaNovaseq6000,8.6,A8HX_221223_02,L8HX_230105_03,RTX-4057,polyAselection,10x,cDNA,,False,,50bp,pairedEnd,2557097105,2395999987.0,17304,6397,28310,-L8HX_230105_03_F11-1239621966
607,scrnaSeq,M1HX_221207_162_1_C01,IlluminaNovaseq6000,7.9,A8HX_221223_02,L8HX_230105_03,RTX-4059,polyAselection,10x,cDNA,,False,,50bp,pairedEnd,3125163193,3000156665.0,15047,2652,5649,-L8HX_230105_03_B12-1241928662
608,scrnaSeq,M1HX_221207_164_2_B01,IlluminaNovaseq6000,7.9,A8HX_230130_01,L8HX_230202_88,RTX-4064,polyAselection,10x,cDNA,,False,,50bp,pairedEnd,2718907006,2621026354.0,10914,2531,5826,-L8HX_230202_88_D08-1249629862
609,scrnaSeq,M1HX_230105_402_1_A01,IlluminaNovaseq6000,9.04,A8HX_230110_02,L8HX_230112_02,RTX-4059,polyAselection,10x,cDNA,,False,,50bp,pairedEnd,2602211776,2508532152.0,13040,6866,28614,-L8HX_230112_02_E02-1241928665
610,scrnaSeq,M1HX_230105_404_2_A01,IlluminaNovaseq6000,7.93,A8HX_230110_02,L8HX_230112_02,RTX-4059,polyAselection,10x,cDNA,,False,,50bp,pairedEnd,3419503231,3282723102.0,16830,4372,13322,-L8HX_230112_02_F02-1241928666
611,scrnaSeq,M1HX_230110_401_1_A01,IlluminaNovaseq6000,8.87,A8HX_230117_02,L8HX_230119_02,RTX-4060,polyAselection,10x,cDNA,,False,,50bp,pairedEnd,2276513961,2092116330.0,18800,6455,26936,-L8HX_230119_02_D04-1243673660
612,scrnaSeq,M1HX_230110_402_1_B01,IlluminaNovaseq6000,9.53,A8HX_230117_02,L8HX_230119_02,RTX-4060,polyAselection,10x,cDNA,,False,,50bp,pairedEnd,2054003841,1891737538.0,22542,6070,20974,-L8HX_230119_02_C04-1243673661
613,scrnaSeq,M1HX_230110_404_1_C01,IlluminaNovaseq6000,8.63,A8HX_230117_02,L8HX_230119_02,RTX-4060,polyAselection,10x,cDNA,,False,,50bp,pairedEnd,3031083237,2788596578.0,14883,2443,5358,-L8HX_230119_02_F04-1243673662
614,scrnaSeq,M1HX_230112_401_2_A01,IlluminaNovaseq6000,8.85,A8HX_230117_02,L8HX_230119_02,RTX-4060,polyAselection,10x,cDNA,,False,,50bp,pairedEnd,1913899365,1760787416.0,16064,4434,14664,-L8HX_230119_02_G04-1243673663
615,scrnaSeq,M1HX_230112_403_2_B01,IlluminaNovaseq6000,8.98,A8HX_230117_02,L8HX_230119_02,RTX-4061,polyAselection,10x,cDNA,,False,,50bp,pairedEnd,2897503475,2735243280.0,19684,5970,23134,-L8HX_230119_02_H04-1244670536
616,scrnaSeq,M1HX_230112_405_2_C01,IlluminaNovaseq6000,9.43,A8HX_230117_02,L8HX_230119_02,RTX-4061,polyAselection,10x,cDNA,,False,,50bp,pairedEnd,2897060183,2740618933.0,20310,5526,20393,-L8HX_230119_02_E04-1244670537
617,scrnaSeq,M1HX_230117_431_1_A01,IlluminaNovaseq6000,8.82,A8HX_230123_01,L8HX_230126_02,RTX-4061,polyAselection,10x,cDNA,,False,,50bp,pairedEnd,2051332576,1934406619.0,16526,6737,26321,-L8HX_230126_02_C07-1244670538
618,scrnaSeq,M1HX_230117_433_1_B01,IlluminaNovaseq6000,9.48,A8HX_230123_01,L8HX_230126_02,RTX-4061,polyAselection,10x,cDNA,,False,,50bp,pairedEnd,2309757153,2180410752.0,19711,6587,23313,-L8HX_230126_02_D07-1244670539
619,scrnaSeq,M1HX_230117_435_1_C01,IlluminaNovaseq6000,9.17,A8HX_230123_01,L8HX_230126_02,RTX-4062,polyAselection,10x,cDNA,,False,,50bp,pairedEnd,2371355599,2229074263.0,17396,5502,19601,-L8HX_230126_02_E07-1244668541
620,scrnaSeq,M1HX_230119_431_2_A01,IlluminaNovaseq6000,9.18,A8HX_230123_01,L8HX_230126_02,RTX-4062,polyAselection,10x,cDNA,,False,,50bp,pairedEnd,2565984771,2417157654.0,17324,6813,30844,-L8HX_230126_02_F07-1244668542
621,scrnaSeq,M1HX_230119_433_2_B01,IlluminaNovaseq6000,9.6,A8HX_230123_01,L8HX_230126_02,RTX-4062,polyAselection,10x,cDNA,,False,,50bp,pairedEnd,2657619510,2500819959.0,18889,6216,25767,-L8HX_230126_02_G07-1244668543
622,scrnaSeq,M1HX_230119_435_2_C01,IlluminaNovaseq6000,8.67,A8HX_230123_01,L8HX_230126_02,RTX-4062,polyAselection,10x,cDNA,,False,,50bp,pairedEnd,2393675060,2252448231.0,17720,6046,24304,-L8HX_230126_02_H07-1244668544
623,scrnaSeq,M1HX_230123_401_1_A01,IlluminaNovaseq6000,8.0,A8HX_230130_01,L8HX_230202_88,RTX-4063,polyAselection,10x,cDNA,,False,,50bp,pairedEnd,2637649063,2479390119.0,15793,5668,23153,-L8HX_230202_88_A08-1246474126
624,scrnaSeq,M1HX_230123_403_1_B01,IlluminaNovaseq6000,9.07,A8HX_230130_01,L8HX_230202_88,RTX-4063,polyAselection,10x,cDNA,,False,,50bp,pairedEnd,2663345660,2495554883.0,12248,5221,17990,-L8HX_230202_88_B08-1246474127
625,scrnaSeq,M1HX_230123_405_2_A01,IlluminaNovaseq6000,9.43,A8HX_230130_01,L8HX_230202_88,RTX-4063,polyAselection,10x,cDNA,,False,,50bp,pairedEnd,2543730660,2391106820.0,18649,6312,23857,-L8HX_230202_88_C08-1246474128
626,scrnaSeq,M1HX_230130_401_1_A01,IlluminaNovaseq6000,9.27,A8HX_230207_02,L8HX_230209_22,RTX-4064,polyAselection,10x,cDNA,,False,,50bp,pairedEnd,2431094245,2358161418.0,15185,6715,29212,-L8HX_230209_22_F10-1249629864
627,scrnaSeq,M1HX_230130_403_1_B01,IlluminaNovaseq6000,9.17,A8HX_230207_02,L8HX_230209_22,RTX-4064,polyAselection,10x,cDNA,,False,,50bp,pairedEnd,2755412723,2678261167.0,16183,5096,19224,-L8HX_230209_22_H10-1249629865
628,scrnaSeq,M1HX_230201_151_2_A01,IlluminaNovaseq6000,7.93,A8HX_230207_02,L8HX_230209_22,RTX-4064,polyAselection,10x,cDNA,,False,,50bp,pairedEnd,4434681231,4306075475.0,18848,7066,29972,-L8HX_230209_22_G10-1249629866
629,scrnaSeq,M1HX_230201_155_2_B01,IlluminaNovaseq6000,8.03,A8HX_230207_02,L8HX_230209_22,RTX-4065,polyAselection,10x,cDNA,,False,,50bp,pairedEnd,2803178503,2668625935.0,18710,6648,24256,-L8HX_230209_22_E10-1250572879
630,scrnaSeq,M1HX_230207_401_1_A01,IlluminaNovaseq6000,5.6,A8HX_230213_02,L8HX_230216_22,RTX-4065,polyAselection,10x,cDNA,,False,,50bp,pairedEnd,2924663801,2778430611.0,18988,2348,4191,-L8HX_230216_22_B01-1250572885
631,scrnaSeq,M1HX_230207_403_1_B01,IlluminaNovaseq6000,8.27,A8HX_230213_02,L8HX_230216_22,RTX-4065,polyAselection,10x,cDNA,,False,,50bp,pairedEnd,2414477012,2300996592.0,18346,5939,24238,-L8HX_230216_22_C01-1250572888
632,scrnaSeq,M1HX_230207_405_1_C01,IlluminaNovaseq6000,7.03,A8HX_230213_02,L8HX_230216_22,RTX-4065,polyAselection,10x,cDNA,,False,,50bp,pairedEnd,2512750673,2389625890.0,16471,6219,28666,-L8HX_230216_22_D01-1250572889
633,scrnaSeq,M1HX_230209_151_2_A01,IlluminaNovaseq6000,9.55,A8HX_230213_02,L8HX_230216_22,RTX-4066,polyAselection,10x,cDNA,,False,,50bp,pairedEnd,3025553263,2868224493.0,16480,6107,26372,-L8HX_230216_22_E01-1252214191
634,scrnaSeq,M1HX_230209_155_2_B01,IlluminaNovaseq6000,6.73,A8HX_230213_02,L8HX_230216_22,RTX-4066,polyAselection,10x,cDNA,,False,,50bp,pairedEnd,2768739060,2624764629.0,15812,5122,19465,-L8HX_230216_22_G12-1252214192
635,scrnaSeq,M1HX_230209_159_2_C01,IlluminaNovaseq6000,7.27,A8HX_230213_02,L8HX_230216_22,RTX-4066,polyAselection,10x,cDNA,,False,,50bp,pairedEnd,2207893425,2088667180.0,16586,5301,20950,-L8HX_230216_22_H12-1252214193
636,scrnaSeq,M1HX_230213_431_1_A01,IlluminaNovaseq6000,8.68,A8HX_230220_02,L8HX_230223_23,RTX-4067,polyAselection,10x,cDNA,,False,,50bp,pairedEnd,2404915355,2291884333.0,16723,5181,17923,-L8HX_230223_23_D04-1252233037
637,scrnaSeq,M1HX_230213_433_1_B01,IlluminaNovaseq6000,8.4,A8HX_230220_02,L8HX_230223_23,RTX-4068,polyAselection,10x,cDNA,,False,,50bp,pairedEnd,3026718125,2869328782.0,18105,3772,10134,-L8HX_230223_23_G04-1254639684
638,scrnaSeq,M1HX_230213_435_2_A01,IlluminaNovaseq6000,7.2,A8HX_230220_02,L8HX_230223_23,RTX-4068,polyAselection,10x,cDNA,,False,,50bp,pairedEnd,2765289347,2629790169.0,17867,4569,15193,-L8HX_230223_23_E04-1254639685
639,scrnaSeq,M1HX_230523_403_2_B01,IlluminaNovaseq6000,8.63,A8HX_230530_02,L8HX_230601_22,RTX-4086,polyAselection,10x,cDNA,,False,,50bp,pairedEnd,2398176341,2302249287.0,7617,3236,8266,-L8HX_230601_22_B04-1278293560
640,scrnaSeq,M1HX_230523_405_2_C01,IlluminaNovaseq6000,8.82,A8HX_230530_02,L8HX_230601_22,RTX-4086,polyAselection,10x,cDNA,,False,,50bp,pairedEnd,2940256145,2825586155.0,24810,3049,6106,-L8HX_230601_22_G04-1278293561
641,scrnaSeq,M2HX_221201_253_2_A01,IlluminaNovaseq6000,9.08,A8HX_221212_03,L8HX_221215_03,RTX-4055,polyAselection,10x,cDNA,,False,,50bp,pairedEnd,2072013423,1943548591.0,15759,7512,38120,-L8HX_221215_03_H09-1237215015
642,scrnaSeq,M2HX_221201_255_2_B01,IlluminaNovaseq6000,9.43,A8HX_221212_03,L8HX_221222_03,RTX-4056,polyAselection,10x,cDNA,,False,,50bp,pairedEnd,1247330049,1179974226.0,6113,6464,25212,-L8HX_221222_03_H12-1240664173
643,scrnaSeq,M2HX_221201_259_2_C01,IlluminaNovaseq6000,8.57,A8HX_221212_03,L8HX_221215_03,RTX-4055,polyAselection,10x,cDNA,,False,,50bp,pairedEnd,2517986151,2359353023.0,17191,6748,30397,-L8HX_221215_03_C10-1237215016
644,scrnaSeq,M2HX_221212_251_2_A01,IlluminaNovaseq6000,5.67,A8HX_221223_02,L8HX_230105_03,RTX-4059,polyAselection,10x,cDNA,,False,,50bp,pairedEnd,2960039719,2847558210.0,17507,6205,27228,-L8HX_230105_03_G11-1241928664
645,scrnaSeq,M2HX_221212_255_2_B01,IlluminaNovaseq6000,9.07,A8HX_221223_02,L8HX_230105_03,RTX-4058,polyAselection,10x,cDNA,,False,,50bp,pairedEnd,3412817611,3218287007.0,16941,7671,41999,-L8HX_230105_03_H11-1240666352
646,scrnaSeq,M2HX_221212_259_2_C01,IlluminaNovaseq6000,8.1,A8HX_221223_02,L8HX_230105_03,RTX-4058,polyAselection,10x,cDNA,,False,,50bp,pairedEnd,2360269394,2225734039.0,18381,5947,24745,-L8HX_230105_03_A12-1240666353
647,scrnaSeq,M1TX_181211_101_A01_A01,IlluminaNovaseq6000,8.5,AKTX_190328_03,LKTX_190330_03,10X174,polyAselection,10x,cDNA,,False,,50bp,pairedEnd,573999584,550465601.0,5973,6520,24133,-LKTX_190330_03_G01-977091754
648,scrnaSeq,M1TX_181211_101_B01_B01,IlluminaNovaseq6000,8.5,AKTX_190328_03,LKTX_190330_03,10X174,polyAselection,10x,cDNA,,False,,50bp,pairedEnd,437837904,421637902.0,5862,5926,20077,-LKTX_190330_03_H01-977091757
649,scrnaSeq,M1TX_190909_103_D01,IlluminaNovaseq6000,7.4,A8TX_190924_01,L8TX_191003_01,RTX-864,polyAselection,10x,cDNA,,False,,50bp,pairedEnd,831570283,796644331.0,10642,5681,18862,-L8TX_191003_01_F03-970136911
650,scrnaSeq,M1TX_190909_103_E01,IlluminaNovaseq6000,7.4,A8TX_190924_01,L8TX_191003_01,RTX-885,polyAselection,10x,cDNA,,False,,50bp,pairedEnd,1094487204,1044140793.0,11041,5938,21202,-L8TX_191003_01_G03-1027250989
651,scrnaSeq,M1TX_190911_104_F01,IlluminaNovaseq6000,8.5,A8TX_190924_01,L8TX_191003_01,RTX-864,polyAselection,10x,cDNA,,False,,50bp,pairedEnd,904913126,865096948.0,6477,6094,23630,-L8TX_191003_01_B04-970136916
652,scrnaSeq,M1TX_190911_104_G01,IlluminaNovaseq6000,8.5,A8TX_190924_01,L8TX_191003_01,RTX-864,polyAselection,10x,cDNA,,False,,50bp,pairedEnd,764759266,732639377.0,6743,5827,21503,-L8TX_191003_01_C04-970136918
653,scrnaSeq,M1TX_191030_103_F01,IlluminaNovaseq6000,8.5,A8TX_191101_03,L8TX_191105_01,RTX-886,polyAselection,10x,cDNA,,False,,50bp,pairedEnd,1028234764,992246547.0,9832,6138,22058,-L8TX_191105_01_B09-1027251189
654,scrnaSeq,M1TX_191030_105_C01,IlluminaNovaseq6000,7.4,A8TX_191101_03,L8TX_191105_01,RTX-885,polyAselection,10x,cDNA,,False,,50bp,pairedEnd,1028277914,984061964.0,10909,5848,20478,-L8TX_191105_01_H08-1027250969
655,scrnaSeq,M1TX_191030_105_D01,IlluminaNovaseq6000,7.4,A8TX_191101_03,L8TX_191105_01,RTX-885,polyAselection,10x,cDNA,,False,,50bp,pairedEnd,1232498297,1180733369.0,11861,5890,20643,-L8TX_191105_01_D09-1027250949
656,scrnaSeq,M1TX_191118_107_D01,IlluminaNovaseq6000,7.4,A8TX_191223_07,L8TX_200107_01,RTX-875,polyAselection,10x,cDNA,,False,,50bp,pairedEnd,584550473,569352161.0,9125,5320,16979,-L8TX_200107_01_C10-1003930258
657,scrnaSeq,M1TX_191118_107_E01,IlluminaNovaseq6000,7.4,A8TX_191223_07,L8TX_200107_01,RTX-875,polyAselection,10x,cDNA,,False,,50bp,pairedEnd,655794822,638744157.0,9758,5436,17654,-L8TX_200107_01_D10-1003930259
658,scrnaSeq,M1TX_191118_107_F01,IlluminaNovaseq6000,7.4,A8TX_191223_07,L8TX_200107_01,RTX-875,polyAselection,10x,cDNA,,False,,50bp,pairedEnd,630351901,613962752.0,10384,5345,16930,-L8TX_200107_01_E10-1003930261
659,scrnaSeq,M1TX_191118_108_F01,IlluminaNovaseq6000,8.5,A8TX_200110_01,L8TX_200114_01,RTX-875,polyAselection,10x,cDNA,,False,,50bp,pairedEnd,832566329,810919604.0,9041,5873,19639,-L8TX_200114_01_G11-1003930272
660,scrnaSeq,M1TX_191204_101_E01,IlluminaNovaseq6000,8.83,A8TX_191213_03,L8TX_191217_01,RTX-874,polyAselection,10x,cDNA,,False,,50bp,pairedEnd,663717052,643805540.0,8542,5546,17432,-L8TX_191217_01_A04-1002609402
661,scrnaSeq,M1TX_191204_101_F01,IlluminaNovaseq6000,8.83,A8TX_191213_03,L8TX_191217_01,RTX-874,polyAselection,10x,cDNA,,False,,50bp,pairedEnd,680479918,658704561.0,7561,5766,18700,-L8TX_191217_01_B04-1002609403
662,scrnaSeq,M1TX_191204_101_G01,IlluminaNovaseq6000,8.83,A8TX_191213_03,L8TX_191217_01,RTX-874,polyAselection,10x,cDNA,,False,,50bp,pairedEnd,825005967,799430782.0,8663,5664,17896,-L8TX_191217_01_C04-1002609404
663,scrnaSeq,M1TX_191204_101_H01,IlluminaNovaseq6000,8.83,A8TX_191213_03,L8TX_191217_01,RTX-874,polyAselection,10x,cDNA,,False,,50bp,pairedEnd,729231753,707354800.0,7976,5684,17931,-L8TX_191217_01_D04-1002609405
664,scrnaSeq,M1TX_191216_109_E01,IlluminaNovaseq6000,8.5,A8TX_191223_04,L8TX_200107_01,RTX-874,polyAselection,10x,cDNA,,False,,50bp,pairedEnd,668039853,647330618.0,7264,5566,20805,-L8TX_200107_01_F10-1002609410
665,scrnaSeq,M1TX_200117_103_C01,IlluminaNovaseq6000,7.91,A8TX_200211_05,L8TX_200213_01,RTX-878,polyAselection,10x,cDNA,,False,,50bp,pairedEnd,678304111,655920075.0,10514,5278,15030,-L8TX_200213_01_F05-1010264419
666,scrnaSeq,M1TX_200117_103_D01,IlluminaNovaseq6000,7.91,A8TX_200211_05,L8TX_200213_01,RTX-878,polyAselection,10x,cDNA,,False,,50bp,pairedEnd,743565734,719771631.0,11124,5206,14519,-L8TX_200213_01_A07-1010264420
667,scrnaSeq,M1TX_200117_106_E01,IlluminaNovaseq6000,7.91,A8TX_200211_05,L8TX_200213_01,RTX-878,polyAselection,10x,cDNA,,False,,50bp,pairedEnd,720862926,697795312.0,9536,5339,15472,-L8TX_200213_01_D06-1010264421
668,scrnaSeq,M1TX_200117_106_F01,IlluminaNovaseq6000,7.91,A8TX_200211_05,L8TX_200213_01,RTX-878,polyAselection,10x,cDNA,,False,,50bp,pairedEnd,802397315,775115806.0,10013,5379,15116,-L8TX_200213_01_B07-1010264422
669,scrnaSeq,M1TX_200117_110_G01,IlluminaNovaseq6000,8.15,A8TX_200211_05,L8TX_200213_01,RTX-880,polyAselection,10x,cDNA,,False,,50bp,pairedEnd,1099702770,1063412579.0,10210,5776,17824,-L8TX_200213_01_E06-1011463828
670,scrnaSeq,M1TX_200117_110_H01,IlluminaNovaseq6000,8.15,A8TX_200211_05,L8TX_200213_01,RTX-880,polyAselection,10x,cDNA,,False,,50bp,pairedEnd,850211343,822154369.0,11061,5411,15390,-L8TX_200213_01_C07-1011463829
671,scrnaSeq,M1TX_200124_103_A01_A01,IlluminaNovaseq6000,7.91,AKTX_200206_01,LKTX_200208_01,10X248,polyAselection,10x,cDNA,,False,,50bp,pairedEnd,3467506,3380818.0,9205,175,201,-LKTX_200208_01_A01-1071429605
672,scrnaSeq,M1TX_200124_103_B01_B01,IlluminaNovaseq6000,7.91,AKTX_200206_01,LKTX_200208_01,10X248,polyAselection,10x,cDNA,,False,,50bp,pairedEnd,458519540,447515071.0,4371,5262,14685,-LKTX_200208_01_B01-1071429606
673,scrnaSeq,M1TX_200124_107_A01_A01,IlluminaNovaseq6000,8.15,AKTX_200206_01,LKTX_200208_01,10X248,polyAselection,10x,cDNA,,False,,50bp,pairedEnd,572119750,558388876.0,5116,5319,14509,-LKTX_200208_01_C01-1071429607
674,scrnaSeq,M1TX_200124_107_B01_B01,IlluminaNovaseq6000,8.15,AKTX_200206_01,LKTX_200208_01,10X248,polyAselection,10x,cDNA,,False,,50bp,pairedEnd,587560797,573459338.0,5588,5165,13740,-LKTX_200208_01_D01-1071429608
675,scrnaSeq,M1TX_180926_004_A01_A01,IlluminaNovaseq6000,8.5,AKTX_200525_02,LKTX_200527_02,10X265,polyAselection,10x,cDNA,,False,,50bp,pairedEnd,2539426561,2402297527.0,13258,7544,36814,-LKTX_200527_02_G01-1237893301
676,scrnaSeq,M1TX_180926_004_B01_B01,IlluminaNovaseq6000,8.5,AKTX_200525_02,LKTX_200527_02,10X265,polyAselection,10x,cDNA,,False,,50bp,pairedEnd,3039253940,2866016465.0,20466,5672,19410,-LKTX_200527_02_H01-1237893302
677,scrnaSeq,M1TX_200206_108_A01_A01,IlluminaNovaseq6000,8.15,AKTX_200525_01,LKTX_200527_01,10X264,polyAselection,10x,cDNA,,False,,50bp,pairedEnd,820856663,795410106.0,7149,5236,14898,-LKTX_200527_01_A01-1071410449
678,scrnaSeq,M1TX_200206_108_B01_B01,IlluminaNovaseq6000,8.15,AKTX_200525_01,LKTX_200527_01,10X264,polyAselection,10x,cDNA,,False,,50bp,pairedEnd,906000006,877914006.0,8156,4962,13506,-LKTX_200527_01_B01-1071410450
679,scrnaSeq,M1TX_200218_102_A01_A01,IlluminaNovaseq6000,7.91,AKTX_200525_02,LKTX_200527_02,10X265,polyAselection,10x,cDNA,,False,,50bp,pairedEnd,1100581163,1010333508.0,8136,7052,25726,-LKTX_200527_02_E01-1071375497
680,scrnaSeq,M1TX_200218_102_B01_B01,IlluminaNovaseq6000,7.91,AKTX_200525_02,LKTX_200527_02,10X265,polyAselection,10x,cDNA,,False,,50bp,pairedEnd,366776327,336700668.0,7292,5459,15669,-LKTX_200527_02_F01-1071375498
681,scrnaSeq,M1TX_200218_103_H01,IlluminaNovaseq6000,7.91,A8TX_200721_01,L8TX_200723_01,RTX-903,polyAselection,10x,cDNA,,False,,50bp,pairedEnd,1356668860,1277982066.0,9019,6216,21591,-L8TX_200723_01_D12-1045870155
682,scrnaSeq,M1TX_200709_101_A01,IlluminaNovaseq6000,8.15,A8TX_200714_01,L8TX_200716_01,RTX-900,polyAselection,10x,cDNA,,False,,50bp,pairedEnd,1332208516,1260269256.0,7995,7020,30127,-L8TX_200716_01_B08-1047397668
683,scrnaSeq,M1TX_200709_101_B01,IlluminaNovaseq6000,8.15,A8TX_200714_01,L8TX_200716_01,RTX-900,polyAselection,10x,cDNA,,False,,50bp,pairedEnd,954584353,903036798.0,14430,3822,9441,-L8TX_200716_01_D06-1047397669
684,scrnaSeq,M1TX_200709_102_E01,IlluminaNovaseq6000,8.15,A8TX_200714_01,L8TX_200716_01,RTX-903,polyAselection,10x,cDNA,,False,,50bp,pairedEnd,1167436767,1099725435.0,9576,6657,26660,-L8TX_200716_01_C08-1045870150
685,scrnaSeq,M1TX_200709_102_F01,IlluminaNovaseq6000,8.15,A8TX_200714_01,L8TX_200716_01,RTX-903,polyAselection,10x,cDNA,,False,,50bp,pairedEnd,1078721756,1016155894.0,9621,6538,26085,-L8TX_200716_01_G06-1045870151
686,scrnaSeq,M1TX_200709_103_G01,IlluminaNovaseq6000,8.15,A8TX_200901_01,L8TX_200903_01,RTX-918,polyAselection,10x,cDNA,,False,,50bp,pairedEnd,1336872118,1292755338.0,8856,7680,42252,-L8TX_200903_01_E11-1051406359
687,scrnaSeq,M1TX_200709_104_H01,IlluminaNovaseq6000,8.15,A8TX_200901_01,L8TX_200902_01,RTX-918,polyAselection,10x,cDNA,,False,,50bp,pairedEnd,1286425703,1243973655.0,5941,8528,56858,-L8TX_200902_01_A11-1051406360
688,scrnaSeq,M1TX_200709_105_C01,IlluminaNovaseq6000,7.91,A8TX_200714_01,L8TX_200716_01,RTX-900,polyAselection,10x,cDNA,,False,,50bp,pairedEnd,1155646029,1093241143.0,9721,6023,20555,-L8TX_200716_01_E06-1047397670
689,scrnaSeq,M1TX_200709_105_D01,IlluminaNovaseq6000,7.91,A8TX_200714_01,L8TX_200716_01,RTX-900,polyAselection,10x,cDNA,,False,,50bp,pairedEnd,1314994150,1243984466.0,9227,6285,22480,-L8TX_200716_01_F06-1047397671
690,scrnaSeq,M1TX_200709_106_G01,IlluminaNovaseq6000,7.91,A8TX_200714_01,L8TX_200716_01,RTX-903,polyAselection,10x,cDNA,,False,,50bp,pairedEnd,1110387700,1044874826.0,8536,6032,19892,-L8TX_200716_01_D08-1045870152
691,scrnaSeq,M1TX_180914_002_A01_A01,IlluminaNovaseq6000,8.5,AKTX_190821_01,LKTX_190823_01,10X217,polyAselection,10x,cDNA,,False,,50bp,pairedEnd,760480371,710288667.0,6218,7251,32022,-LKTX_190823_01_C01-1011706443
692,scrnaSeq,M1TX_180914_002_B01_B01,IlluminaNovaseq6000,8.5,AKTX_190821_01,LKTX_190823_01,10X217,polyAselection,10x,cDNA,,False,,50bp,pairedEnd,1048686535,1002544327.0,7036,7564,35048,-LKTX_190823_01_D01-1011706444
693,scrnaSeq,M1TX_200206_109_A01_A01,IlluminaNovaseq6000,8.15,AKTX_200525_01,LKTX_200527_01,10X264,polyAselection,10x,cDNA,,False,,50bp,pairedEnd,637690320,617921920.0,5369,6132,19605,-LKTX_200527_01_C01-1071410451
694,scrnaSeq,M1TX_200206_109_B01_B01,IlluminaNovaseq6000,8.15,AKTX_200525_01,LKTX_200527_01,10X264,polyAselection,10x,cDNA,,False,,50bp,pairedEnd,821013773,794741332.0,5911,6289,20153,-LKTX_200527_01_D01-1071410452
695,scrnaSeq,M1TX_200218_101_A01_A01,IlluminaNovaseq6000,7.91,AKTX_200525_02,LKTX_200527_02,10X265,polyAselection,10x,cDNA,,False,,50bp,pairedEnd,129460574,118844807.0,4075,4559,11303,-LKTX_200527_02_C01-1071375495
696,scrnaSeq,M1TX_200218_101_B01_B01,IlluminaNovaseq6000,7.91,AKTX_200525_02,LKTX_200527_02,10X265,polyAselection,10x,cDNA,,False,,50bp,pairedEnd,171435010,157377339.0,6262,4205,9931,-LKTX_200527_02_D01-1071375496
697,scrnaSeq,M1HX_230213_437_2_B01,IlluminaNovaseq6000,9.6,A8HX_230220_02,L8HX_230223_23,RTX-4068,polyAselection,10x,cDNA,,False,,50bp,pairedEnd,2665259101,2529330887.0,18040,6860,32077,-L8HX_230223_23_F04-1254639686
698,scrnaSeq,M1HX_230220_401_1_A01,IlluminaNovaseq6000,8.67,A8HX_230227_01,L8HX_230302_01,RTX-4069,polyAselection,10x,cDNA,,False,,50bp,pairedEnd,3252307314,3131971943.0,16109,6096,24502,-L8HX_230302_01_C07-1253828332
699,scrnaSeq,M1HX_230220_403_1_B01,IlluminaNovaseq6000,8.0,A8HX_230227_01,L8HX_230302_01,RTX-4069,polyAselection,10x,cDNA,,False,,50bp,pairedEnd,2486603478,2399572356.0,14708,6047,25107,-L8HX_230302_01_H06-1253828333
700,scrnaSeq,M1HX_230220_405_2_A01,IlluminaNovaseq6000,9.07,A8HX_230227_01,L8HX_230302_01,RTX-4069,polyAselection,10x,cDNA,,False,,50bp,pairedEnd,3299516694,3184033610.0,8641,6368,26097,-L8HX_230302_01_A07-1253828334
701,scrnaSeq,M1HX_230220_407_2_B01,IlluminaNovaseq6000,9.43,A8HX_230227_01,L8HX_230302_01,RTX-4070,polyAselection,10x,cDNA,,False,,50bp,pairedEnd,2876361842,2695151046.0,12221,7502,33101,-L8HX_230302_01_B07-1254918487
702,scrnaSeq,M1HX_230224_431_1_A01,IlluminaNovaseq6000,9.27,A8HX_230306_02,L8HX_230309_22,RTX-4071,polyAselection,10x,cDNA,,False,,50bp,pairedEnd,2445006039,2317865725.0,16613,4198,12620,-L8HX_230309_22_E08-1254926506
703,scrnaSeq,M1HX_230224_433_1_B01,IlluminaNovaseq6000,9.17,A8HX_230306_02,L8HX_230309_22,RTX-4071,polyAselection,10x,cDNA,,False,,50bp,pairedEnd,2443776791,2314256621.0,17510,5282,17896,-L8HX_230309_22_B08-1254926507
704,scrnaSeq,M1HX_230224_435_1_C01,IlluminaNovaseq6000,9.18,A8HX_230306_02,L8HX_230309_22,RTX-4071,polyAselection,10x,cDNA,,False,,50bp,pairedEnd,2138905164,2025543190.0,17001,4952,17244,-L8HX_230309_22_C08-1254926508
705,scrnaSeq,M1HX_230224_437_1_D01,IlluminaNovaseq6000,9.48,A8HX_230306_02,L8HX_230309_22,RTX-4071,polyAselection,10x,cDNA,,False,,50bp,pairedEnd,1830929128,1733889884.0,16668,5252,17360,-L8HX_230309_22_D08-1254926509
706,scrnaSeq,M1HX_230309_401_1_A01,IlluminaNovaseq6000,9.17,A8HX_230313_02,L8HX_230316_23,RTX-4073,polyAselection,10x,cDNA,,False,,50bp,pairedEnd,2256458800,2150405236.0,17489,4973,16655,-L8HX_230316_23_H11-1256954993
707,scrnaSeq,M1HX_230309_402_1_A01,IlluminaNovaseq6000,9.17,A8HX_230410_02,L8HX_230413_23,RTX-4077,polyAselection,10x,cDNA,,False,,50bp,pairedEnd,2011621694,1959319530.0,15904,5422,20088,-L8HX_230413_23_D09-1266294887
708,scrnaSeq,M1HX_230309_403_1_B01,IlluminaNovaseq6000,8.82,A8HX_230313_02,L8HX_230316_23,RTX-4073,polyAselection,10x,cDNA,,False,,50bp,pairedEnd,1980908291,1885824693.0,8948,6025,22839,-L8HX_230316_23_G11-1256954994
709,scrnaSeq,M1HX_230309_405_2_A01,IlluminaNovaseq6000,9.04,A8HX_230313_02,L8HX_230316_23,RTX-4074,polyAselection,10x,cDNA,,False,,50bp,pairedEnd,2152437532,2042663218.0,24713,4138,10053,-L8HX_230316_23_A12-1259810108
710,scrnaSeq,M1HX_230309_407_2_B01,IlluminaNovaseq6000,8.82,A8HX_230313_02,L8HX_230316_23,RTX-4074,polyAselection,10x,cDNA,,False,,50bp,pairedEnd,2472856053,2346740394.0,10642,3707,9780,-L8HX_230316_23_B12-1259810110
711,scrnaSeq,M1HX_230313_402_1_B01,IlluminaNovaseq6000,8.1,A8HX_230320_02,L8HX_230406_23,RTX-4076,polyAselection,10x,cDNA,,False,,50bp,pairedEnd,2909478289,2766913853.0,8356,3718,7986,-L8HX_230406_23_A07-1264529882
712,scrnaSeq,M1HX_230313_404_2_B01,IlluminaNovaseq6000,9.08,A8HX_230320_02,L8HX_230323_22,RTX-4075,polyAselection,10x,cDNA,,False,,50bp,pairedEnd,2940088672,2784263972.0,13341,6577,28720,-L8HX_230323_22_H01-1262636994
713,scrnaSeq,M1HX_230313_406_1_A01,IlluminaNovaseq6000,9.07,A8HX_230327_02,L8HX_230330_23,RTX-4076,polyAselection,10x,cDNA,,False,,50bp,pairedEnd,2451768732,2336535602.0,12165,6363,26481,-L8HX_230330_23_F03-1264529883
714,scrnaSeq,M1HX_230323_401_1_B01,IlluminaNovaseq6000,5.6,A8HX_230327_02,L8HX_230330_23,RTX-4075,polyAselection,10x,cDNA,,False,,50bp,pairedEnd,1617323307,1539691788.0,5400,3358,7902,-L8HX_230330_23_D03-1262636999
715,scrnaSeq,M1HX_230323_403_2_A01,IlluminaNovaseq6000,8.03,A8HX_230327_02,L8HX_230330_23,RTX-4077,polyAselection,10x,cDNA,,False,,50bp,pairedEnd,3465551688,3371981792.0,20549,7213,32030,-L8HX_230330_23_H12-1266294880
716,scrnaSeq,M1HX_230323_405_2_B01,IlluminaNovaseq6000,7.03,A8HX_230327_02,L8HX_230330_23,RTX-4077,polyAselection,10x,cDNA,,False,,50bp,pairedEnd,1633270253,1595705037.0,9387,5441,19709,-L8HX_230330_23_E03-1266294882
717,scrnaSeq,M1HX_230323_407_1_B01,IlluminaNovaseq6000,7.2,A8HX_230410_02,L8HX_230413_23,RTX-4078,polyAselection,10x,cDNA,,False,,50bp,pairedEnd,2308766669,2204872169.0,14480,4042,12355,-L8HX_230413_23_G08-1267516616
718,scrnaSeq,M1HX_230327_401_1_C01,IlluminaNovaseq6000,8.4,A8HX_230410_02,L8HX_230413_23,RTX-4078,polyAselection,10x,cDNA,,False,,50bp,pairedEnd,2264333065,2160173744.0,11639,4555,12909,-L8HX_230413_23_E08-1267516617
719,scrnaSeq,M1HX_230327_403_2_A01,IlluminaNovaseq6000,8.27,A8HX_230410_02,L8HX_230413_23,RTX-4078,polyAselection,10x,cDNA,,False,,50bp,pairedEnd,2414753765,2303675092.0,15237,4599,13945,-L8HX_230413_23_B09-1267516618
720,scrnaSeq,M1HX_230327_405_2_B01,IlluminaNovaseq6000,6.73,A8HX_230410_02,L8HX_230413_23,RTX-4078,polyAselection,10x,cDNA,,False,,50bp,pairedEnd,2989832443,2852300151.0,17461,3668,8989,-L8HX_230413_23_H08-1267516619
721,scrnaSeq,M1HX_230327_407_2_C01,IlluminaNovaseq6000,8.65,A8HX_230410_02,L8HX_230413_23,RTX-4079,polyAselection,10x,cDNA,,False,,50bp,pairedEnd,2579764265,2468834402.0,16585,5808,22233,-L8HX_230413_23_C09-1268228987
722,scrnaSeq,M1HX_230331_431_1_A01,IlluminaNovaseq6000,8.6,A8HX_230417_02,L8HX_230421_03,RTX-4079,polyAselection,10x,cDNA,,False,,50bp,pairedEnd,2456311661,2348233948.0,10372,5511,20356,-L8HX_230421_03_A12-1268228988
723,scrnaSeq,M1HX_230331_432_1_B01,IlluminaNovaseq6000,7.9,A8HX_230417_02,L8HX_230421_03,RTX-4079,polyAselection,10x,cDNA,,False,,50bp,pairedEnd,2833410013,2705906562.0,8509,1865,3883,-L8HX_230421_03_B12-1268228989
724,scrnaSeq,M1HX_230331_434_1_C01,IlluminaNovaseq6000,8.87,A8HX_230417_02,L8HX_230421_03,RTX-4079,polyAselection,10x,cDNA,,False,,50bp,pairedEnd,2721069273,2601342225.0,19519,4123,10212,-L8HX_230421_03_H11-1268228990
725,scrnaSeq,M1HX_230331_436_1_D01,IlluminaNovaseq6000,9.53,A8HX_230417_02,L8HX_230421_03,RTX-4080,polyAselection,10x,cDNA,,False,,50bp,pairedEnd,2911105513,2826683453.0,14980,4440,13234,-L8HX_230421_03_C12-1269376192
726,scrnaSeq,M1HX_230403_401_2_A01,IlluminaNovaseq6000,5.67,A8HX_230417_02,L8HX_230421_03,RTX-4080,polyAselection,10x,cDNA,,False,,50bp,pairedEnd,2725349685,2643589194.0,11496,2270,3862,-L8HX_230421_03_D12-1269376195
727,scrnaSeq,M1HX_230403_403_2_B01,IlluminaNovaseq6000,9.55,A8HX_230417_02,L8HX_230421_03,RTX-4078,polyAselection,10x,cDNA,,False,,50bp,pairedEnd,1452367162,1388463007.0,7034,3134,7748,-L8HX_230421_03_G12-1267516620
728,scrnaSeq,M1HX_230403_405_2_C01,IlluminaNovaseq6000,7.27,A8HX_230417_02,L8HX_230421_03,RTX-4080,polyAselection,10x,cDNA,,False,,50bp,pairedEnd,2520367740,2442236340.0,13559,3313,8411,-L8HX_230421_03_E12-1269376196
729,scrnaSeq,M1HX_230403_407_2_D01,IlluminaNovaseq6000,8.75,A8HX_230417_02,L8HX_230421_03,RTX-4080,polyAselection,10x,cDNA,,False,,50bp,pairedEnd,2791183675,2701865797.0,17766,4533,14462,-L8HX_230421_03_F12-1269376197
730,scrnaSeq,M1HX_230405_401_1_A01,IlluminaNovaseq6000,8.57,A8HX_230501_02,L8HX_230505_02,RTX-4082,polyAselection,10x,cDNA,,False,,50bp,pairedEnd,2449985240,2359335786.0,15565,5251,16956,-L8HX_230505_02_A09-1270755198
731,scrnaSeq,M1HX_230405_403_2_A01,IlluminaNovaseq6000,9.43,A8HX_230501_02,L8HX_230505_02,RTX-4082,polyAselection,10x,cDNA,,False,,50bp,pairedEnd,3001843164,2887773124.0,17790,6497,23738,-L8HX_230505_02_H08-1270755199
732,scrnaSeq,M1HX_230522_430_1_A01,IlluminaNovaseq6000,8.68,A8HX_230530_02,L8HX_230601_22,RTX-4085,polyAselection,10x,cDNA,,False,,50bp,pairedEnd,2872760008,2729122008.0,14451,4441,13856,-L8HX_230601_22_C04-1277848642
733,scrnaSeq,M1HX_230522_432_1_B01,IlluminaNovaseq6000,7.93,A8HX_230530_02,L8HX_230601_22,RTX-4085,polyAselection,10x,cDNA,,False,,50bp,pairedEnd,2193328982,2083662533.0,19046,5811,22200,-L8HX_230601_22_F04-1277848643
734,scrnaSeq,M1HX_230522_434_1_C01,IlluminaNovaseq6000,8.33,A8HX_230530_02,L8HX_230601_22,RTX-4085,polyAselection,10x,cDNA,,False,,50bp,pairedEnd,2516433187,2388095094.0,12948,5633,22472,-L8HX_230601_22_D04-1277848644
735,scrnaSeq,M1HX_230522_436_1_D01,IlluminaNovaseq6000,8.63,A8HX_230530_02,L8HX_230601_22,RTX-4085,polyAselection,10x,cDNA,,False,,50bp,pairedEnd,3068609461,2921316207.0,13932,3228,6584,-L8HX_230601_22_E04-1277848645
736,scrnaSeq,M1HX_230523_401_2_A01,IlluminaNovaseq6000,8.63,A8HX_230530_02,L8HX_230601_22,RTX-4086,polyAselection,10x,cDNA,,False,,50bp,pairedEnd,2723352155,2617141421.0,8182,2092,4204,-L8HX_230601_22_A04-1278293559
737,scrnaSeq,M2HX_230227_401_2_A01,IlluminaNovaseq6000,9.43,A8HX_230306_02,L8HX_230309_22,RTX-4072,polyAselection,10x,cDNA,,False,,50bp,pairedEnd,1762828007,1664109639.0,13589,4897,16504,-L8HX_230309_22_F08-1256476298
738,scrnaSeq,M2HX_230227_403_2_B01,IlluminaNovaseq6000,8.85,A8HX_230306_02,L8HX_230309_22,RTX-4072,polyAselection,10x,cDNA,,False,,50bp,pairedEnd,2213957445,2089975828.0,15204,5664,20937,-L8HX_230309_22_G08-1256476299
739,scrnaSeq,M2HX_230227_405_2_C01,IlluminaNovaseq6000,8.98,A8HX_230306_02,L8HX_230309_22,RTX-4072,polyAselection,10x,cDNA,,False,,50bp,pairedEnd,2973551242,2804058821.0,14340,4052,12206,-L8HX_230309_22_H08-1256476300
740,scrnaSeq,M2HX_230227_407_2_D01,IlluminaNovaseq6000,7.93,A8HX_230306_02,L8HX_230309_22,RTX-4072,polyAselection,10x,cDNA,,False,,50bp,pairedEnd,2382226473,2239292885.0,6895,1220,1931,-L8HX_230309_22_A09-1256476301
741,scrnaSeq,M2HX_230227_408_1_A01,IlluminaNovaseq6000,7.93,A8HX_230731_01,L8HX_230803_02,RTX-4091,polyAselection,10x,cDNA,,False,,50bp,pairedEnd,2838133873,2738799187.0,11808,1156,1745,-L8HX_230803_02_C08-NY-TX4091-1
742,scrnaSeq,M1TX_190228_104_A01_A01,IlluminaNovaseq6000,8.5,AKTX_190522_02,LKTX_190524_02,10X191,polyAselection,10x,cDNA,,False,,50bp,pairedEnd,494407824,473642695.0,5644,5554,22400,-LKTX_190524_02_E01-974850412
743,scrnaSeq,M1TX_190228_104_B01_B01,IlluminaNovaseq6000,8.5,AKTX_190522_02,LKTX_190524_02,10X191,polyAselection,10x,cDNA,,False,,50bp,pairedEnd,661630533,633842051.0,5926,5920,25854,-LKTX_190524_02_F01-974850416
744,scrnaSeq,M1TX_190306_102_A01_A01,IlluminaNovaseq6000,8.5,AKTX_190522_03,LKTX_190524_03,10X192,polyAselection,10x,cDNA,,False,,50bp,pairedEnd,360070350,343507114.0,4621,4151,12012,-LKTX_190524_03_C01-976088708
745,scrnaSeq,M1TX_190306_102_B01_B01,IlluminaNovaseq6000,8.5,AKTX_190522_03,LKTX_190524_03,10X192,polyAselection,10x,cDNA,,False,,50bp,pairedEnd,438250401,418967383.0,5090,4540,14116,-LKTX_190524_03_D01-976088711
746,scrnaSeq,M1TX_190307_101_A01_A01,IlluminaNovaseq6000,8.5,AKTX_190522_03,LKTX_190524_03,10X192,polyAselection,10x,cDNA,,False,,50bp,pairedEnd,723450766,685831326.0,5906,7740,36965,-LKTX_190524_03_E01-976088714
747,scrnaSeq,M1TX_190307_101_B01_B01,IlluminaNovaseq6000,8.5,AKTX_190522_03,LKTX_190524_03,10X192,polyAselection,10x,cDNA,,False,,50bp,pairedEnd,743467377,706294008.0,6273,7685,37220,-LKTX_190524_03_F01-976088719
748,scrnaSeq,M1TX_190429_101_A01_A01,IlluminaNovaseq6000,8.5,AKTX_190618_02,LKTX_190620_02,10X206,polyAselection,10x,cDNA,,False,,50bp,pairedEnd,1275808087,1205638642.0,9330,8126,41510,-LKTX_190620_02_A01-978714189
749,scrnaSeq,M1TX_190429_101_B01_B01,IlluminaNovaseq6000,8.5,AKTX_190618_02,LKTX_190620_02,10X206,polyAselection,10x,cDNA,,False,,50bp,pairedEnd,1430312366,1351645186.0,9532,8042,39880,-LKTX_190620_02_B01-978714191
750,scrnaSeq,M1TX_190429_102_A01_A01,IlluminaNovaseq6000,8.5,AKTX_190911_01,LKTX_190913_01,10X224,polyAselection,10x,cDNA,,False,,50bp,pairedEnd,1372921714,1309767315.0,14260,2777,6069,-LKTX_190913_01_A01-1199677324
751,scrnaSeq,M1TX_190429_102_B01_B01,IlluminaNovaseq6000,8.5,AKTX_190911_01,LKTX_190913_01,10X224,polyAselection,10x,cDNA,,False,,50bp,pairedEnd,1736869825,1656973813.0,15337,2890,6495,-LKTX_190913_01_B01-1199677325
752,scrnaSeq,M1TX_190530_102_A01_A01,IlluminaNovaseq6000,8.5,AKTX_190830_01,LKTX_190901_01,10X222,polyAselection,10x,cDNA,,False,,50bp,pairedEnd,817499779,779894789.0,9281,2403,5042,-LKTX_190901_01_G01-1199541089
753,scrnaSeq,M1TX_190530_102_B01_B01,IlluminaNovaseq6000,8.5,AKTX_190830_01,LKTX_190901_01,10X222,polyAselection,10x,cDNA,,False,,50bp,pairedEnd,860667755,821077038.0,9907,2458,5236,-LKTX_190901_01_H01-1199541091
754,scrnaSeq,M1TX_190531_101_A01_A01,IlluminaNovaseq6000,8.5,AKTX_190618_02,LKTX_190620_02,10X206,polyAselection,10x,cDNA,,False,,50bp,pairedEnd,779227180,739486594.0,8500,5454,21158,-LKTX_190620_02_E01-978714198
755,scrnaSeq,M1TX_190531_101_B01_B01,IlluminaNovaseq6000,8.5,AKTX_190618_02,LKTX_190620_02,10X206,polyAselection,10x,cDNA,,False,,50bp,pairedEnd,907454385,860266757.0,8597,5735,23538,-LKTX_190620_02_F01-978714201
756,scrnaSeq,M1TX_190531_103_A01_A01,IlluminaNovaseq6000,8.5,AKTX_190618_02,LKTX_190620_02,10X206,polyAselection,10x,cDNA,,False,,50bp,pairedEnd,1333983943,1257946858.0,9563,8034,42197,-LKTX_190620_02_G01-978714203
757,scrnaSeq,M1TX_190531_103_B01_B01,IlluminaNovaseq6000,8.5,AKTX_190618_02,LKTX_190620_02,10X206,polyAselection,10x,cDNA,,False,,50bp,pairedEnd,1721186385,1631684693.0,9914,8176,43806,-LKTX_190620_02_H01-978714205
758,scrnaSeq,M1TX_190722_105_A01_A01,IlluminaNovaseq6000,8.15,AKTX_191008_01,LKTX_191010_01,10X229,polyAselection,10x,cDNA,,False,,50bp,pairedEnd,548621361,520093050.0,6320,5872,22536,-LKTX_191010_01_A01-1011729177
759,scrnaSeq,M1TX_190722_105_B01_B01,IlluminaNovaseq6000,8.15,AKTX_191008_01,LKTX_191010_01,10X229,polyAselection,10x,cDNA,,False,,50bp,pairedEnd,554003007,524640848.0,6295,5856,22347,-LKTX_191010_01_B01-1011729179
760,scrnaSeq,M1TX_190722_107_A01_A01,IlluminaNovaseq6000,8.15,AKTX_191008_03,LKTX_191010_03,10X230,polyAselection,10x,cDNA,,False,,50bp,pairedEnd,507396466,481519246.0,5595,2490,5862,-LKTX_191010_03_E01-1237640564
761,scrnaSeq,M1TX_190722_107_B01_B01,IlluminaNovaseq6000,8.15,AKTX_191008_03,LKTX_191010_03,10X230,polyAselection,10x,cDNA,,False,,50bp,pairedEnd,472814551,448701009.0,5976,2384,5430,-LKTX_191010_03_F01-1237640566
762,scrnaSeq,M1TX_190802_105_A01_A01,IlluminaNovaseq6000,8.15,AKTX_191008_01,LKTX_191010_01,10X229,polyAselection,10x,cDNA,,False,,50bp,pairedEnd,648052188,613705422.0,6813,7442,32293,-LKTX_191010_01_C01-1011729180
763,scrnaSeq,M1TX_190802_105_B01_B01,IlluminaNovaseq6000,8.15,AKTX_191008_01,LKTX_191010_01,10X229,polyAselection,10x,cDNA,,False,,50bp,pairedEnd,723972225,684877725.0,8169,7173,29961,-LKTX_191010_01_D01-1011729181
764,scrnaSeq,M1TX_190816_101_A01_A01,IlluminaNovaseq6000,8.15,AKTX_191008_01,LKTX_191010_01,10X229,polyAselection,10x,cDNA,,False,,50bp,pairedEnd,559612456,530512608.0,6102,6075,24365,-LKTX_191010_01_E01-1011729182
765,scrnaSeq,M1TX_190816_101_B01_B01,IlluminaNovaseq6000,8.15,AKTX_191008_01,LKTX_191010_01,10X229,polyAselection,10x,cDNA,,False,,50bp,pairedEnd,697666931,660690584.0,6786,6180,25092,-LKTX_191010_01_F01-1011729183
766,scrnaSeq,M1TX_190816_103_A01_A01,IlluminaNovaseq6000,8.15,AKTX_191008_03,LKTX_191010_03,10X230,polyAselection,10x,cDNA,,False,,50bp,pairedEnd,541975870,514335101.0,6191,2570,5996,-LKTX_191010_03_G01-1237640567
767,scrnaSeq,M1TX_190816_103_B01_B01,IlluminaNovaseq6000,8.15,AKTX_191008_03,LKTX_191010_03,10X230,polyAselection,10x,cDNA,,False,,50bp,pairedEnd,451027984,427123501.0,6171,2575,5996,-LKTX_191010_03_H01-1237640569
768,scrnaSeq,M1TX_190816_105_A01_A01,IlluminaNovaseq6000,8.15,AKTX_191008_01,LKTX_191010_01,10X229,polyAselection,10x,cDNA,,False,,50bp,pairedEnd,619471065,587258570.0,6898,7558,34718,-LKTX_191010_01_G01-1011729184
769,scrnaSeq,M1TX_190816_105_B01_B01,IlluminaNovaseq6000,8.15,AKTX_191008_01,LKTX_191010_01,10X229,polyAselection,10x,cDNA,,False,,50bp,pairedEnd,700095848,660190385.0,6642,7883,38348,-LKTX_191010_01_H01-1011729185
770,scrnaSeq,M1TX_210526_153_A01_A01,IlluminaNovaseq6000,7.91,AKTX_210809_03,LKTX_210811_03,10X380,polyAselection,10x,cDNA,,False,,50bp,pairedEnd,537880873,516903519.0,6043,2265,4238,-LKTX_210811_03_C01-1189127432
771,scrnaSeq,M1TX_210526_153_B01_B01,IlluminaNovaseq6000,7.91,AKTX_210809_03,LKTX_210811_03,10X380,polyAselection,10x,cDNA,,False,,50bp,pairedEnd,761868962,731394204.0,7151,2295,4241,-LKTX_210811_03_D01-1189127433
772,scrnaSeq,M1TX_210611_151_A01_A01,IlluminaNovaseq6000,7.91,AKTX_210823_01,LKTX_210825_01,10X386,polyAselection,10x,cDNA,,False,,50bp,pairedEnd,753875508,726735990.0,7502,3981,9531,-LKTX_210825_01_G01-1189179999
773,scrnaSeq,M1TX_210611_151_B01_B01,IlluminaNovaseq6000,7.91,AKTX_210823_01,LKTX_210825_01,10X386,polyAselection,10x,cDNA,,False,,50bp,pairedEnd,686113716,662099736.0,7787,4033,9692,-LKTX_210825_01_H01-1189180000
774,scrnaSeq,M1TX_210611_152_A01_A01,IlluminaNovaseq6000,7.91,AKTX_210816_04,LKTX_210818_04,10X385,polyAselection,10x,cDNA,,False,,50bp,pairedEnd,620335822,598003732.0,9197,2791,5458,-LKTX_210818_04_A01-1189155663
775,scrnaSeq,M1TX_210611_152_B01_B01,IlluminaNovaseq6000,7.91,AKTX_210816_04,LKTX_210818_04,10X385,polyAselection,10x,cDNA,,False,,50bp,pairedEnd,670383597,645579404.0,8904,2686,5205,-LKTX_210818_04_B01-1189155664
776,scrnaSeq,M1TX_210611_154_A01_A01,IlluminaNovaseq6000,7.91,AKTX_210816_02,LKTX_210818_02,10X383,polyAselection,10x,cDNA,,False,,50bp,pairedEnd,678680284,653569113.0,7813,3500,7725,-LKTX_210818_02_A01-1189116223
777,scrnaSeq,M1TX_210611_154_B01_B01,IlluminaNovaseq6000,7.91,AKTX_210816_02,LKTX_210818_02,10X383,polyAselection,10x,cDNA,,False,,50bp,pairedEnd,600807261,579178200.0,7335,3560,7957,-LKTX_210818_02_B01-1189116224
778,scrnaSeq,M1TX_210624_156_A01_A01,IlluminaNovaseq6000,7.91,AKTX_210830_03,LKTX_210901_03,10X392,polyAselection,10x,cDNA,,False,,50bp,pairedEnd,567647284,532453152.0,8723,4181,9811,-LKTX_210901_03_A01-1188294355
779,scrnaSeq,M1TX_210624_156_B01_B01,IlluminaNovaseq6000,7.91,AKTX_210830_03,LKTX_210901_03,10X392,polyAselection,10x,cDNA,,False,,50bp,pairedEnd,460702871,433060699.0,8029,3937,8945,-LKTX_210901_03_B01-1188294356
780,scrnaSeq,M1TX_210624_157_A01_A01,IlluminaNovaseq6000,7.91,AKTX_210823_03,LKTX_210825_03,10X388,polyAselection,10x,cDNA,,False,,50bp,pairedEnd,475861026,453019697.0,6515,4247,12060,-LKTX_210825_03_E01-1189151006
781,scrnaSeq,M1TX_210624_157_B01_B01,IlluminaNovaseq6000,7.91,AKTX_210823_03,LKTX_210825_03,10X388,polyAselection,10x,cDNA,,False,,50bp,pairedEnd,530416792,503365536.0,7250,4212,11940,-LKTX_210825_03_F01-1189151007
782,scrnaSeq,M1TX_210625_152_A01_A01,IlluminaNovaseq6000,8.15,AKTX_211126_01,LKTX_211128_01,10X418,polyAselection,10x,cDNA,,False,,50bp,pairedEnd,1571628109,1522907638.0,6207,7816,34639,-LKTX_211128_01_C01-1188113522
783,scrnaSeq,M1TX_210625_152_B01_B01,IlluminaNovaseq6000,8.15,AKTX_211126_01,LKTX_211128_01,10X418,polyAselection,10x,cDNA,,False,,50bp,pairedEnd,1668403145,1599998616.0,6187,8191,38522,-LKTX_211128_01_D01-1188113523
784,scrnaSeq,M1TX_210630_153_A01_A01,IlluminaNovaseq6000,7.91,AKTX_210816_03,LKTX_210818_03,10X384,polyAselection,10x,cDNA,,False,,50bp,pairedEnd,555874743,535863252.0,5162,6216,19327,-LKTX_210818_03_G01-1189145310
785,scrnaSeq,M1TX_210630_153_B01_B01,IlluminaNovaseq6000,7.91,AKTX_210816_04,LKTX_210818_04,10X385,polyAselection,10x,cDNA,,False,,50bp,pairedEnd,636191573,613288676.0,5693,5946,17639,-LKTX_210818_04_G01-1189155669
786,scrnaSeq,M1TX_210701_157_A01_A01,IlluminaNovaseq6000,8.15,AKTX_210823_03,LKTX_210825_03,10X388,polyAselection,10x,cDNA,,False,,50bp,pairedEnd,427973899,406575204.0,4763,5802,18405,-LKTX_210825_03_C01-1189151004
787,scrnaSeq,M1TX_210701_157_B01_B01,IlluminaNovaseq6000,8.15,AKTX_210823_03,LKTX_210825_03,10X388,polyAselection,10x,cDNA,,False,,50bp,pairedEnd,567333858,539534499.0,6379,5719,17932,-LKTX_210825_03_D01-1189151005
788,scrnaSeq,M1TX_210701_158_A01_A01,IlluminaNovaseq6000,8.15,AKTX_210830_04,LKTX_210901_04,10X393,polyAselection,10x,cDNA,,False,,50bp,pairedEnd,667642043,630921731.0,6920,5498,17362,-LKTX_210901_04_C01-1188531557
789,scrnaSeq,M1TX_210701_158_B01_B01,IlluminaNovaseq6000,8.15,AKTX_210830_04,LKTX_210901_04,10X393,polyAselection,10x,cDNA,,False,,50bp,pairedEnd,769408108,730937703.0,8132,5428,16987,-LKTX_210901_04_D01-1188531558
790,scrnaSeq,M1HX_220317_151_2_B01,IlluminaNovaseq6000,7.93,A8HX_220404_02,L8HX_220407_03,RTX-4002,polyAselection,10x,cDNA,,False,,50bp,pairedEnd,2127871662,2042756796.0,11276,5892,27055,-L8HX_220407_03_B12-1173083445
791,scrnaSeq,M1HX_220317_157_2_A01,IlluminaNovaseq6000,9.04,A8HX_220404_02,L8HX_220407_03,RTX-4001,polyAselection,10x,cDNA,,False,,50bp,pairedEnd,1826450732,1669375969.0,16932,7301,34576,-L8HX_220407_03_G11-1172418076
792,scrnaSeq,M1HX_220317_159_2_C01,IlluminaNovaseq6000,7.2,A8HX_220404_02,L8HX_220407_03,RTX-4002,polyAselection,10x,cDNA,,False,,50bp,pairedEnd,3116655389,2995105829.0,15725,5862,28842,-L8HX_220407_03_C12-1173083446
793,scrnaSeq,M1HX_220321_151_1_C01,IlluminaNovaseq6000,9.43,A8HX_220419_03,L8HX_220421_03,RTX-4004,polyAselection,10x,cDNA,,False,,50bp,pairedEnd,1678131255,1530455705.0,14833,6872,30424,-L8HX_220421_03_A12-1174070526
794,scrnaSeq,M1HX_220321_155_1_D01,IlluminaNovaseq6000,9.27,A8HX_220419_03,L8HX_220421_03,RTX-4004,polyAselection,10x,cDNA,,False,,50bp,pairedEnd,2280631764,2082216801.0,15813,6746,35467,-L8HX_220421_03_D12-1174070530
795,scrnaSeq,M1HX_220328_155_1_B01,IlluminaNovaseq6000,8.0,A8HX_220404_02,L8HX_220407_03,RTX-4001,polyAselection,10x,cDNA,,False,,50bp,pairedEnd,2057459619,1886690471.0,18892,6174,27297,-L8HX_220407_03_A12-1172418074
796,scrnaSeq,M1HX_220328_159_1_C01,IlluminaNovaseq6000,6.73,A8HX_220404_02,L8HX_220407_03,RTX-4001,polyAselection,10x,cDNA,,False,,50bp,pairedEnd,1587399838,1458820451.0,14431,5317,22012,-L8HX_220407_03_H11-1172418075
797,scrnaSeq,M1HX_220411_401_2_A01,IlluminaNovaseq6000,8.27,A8HX_220419_03,L8HX_220421_03,RTX-4005,polyAselection,10x,cDNA,,False,,50bp,pairedEnd,2016564202,1909686299.0,21767,4663,14802,-L8HX_220421_03_E12-1174082307
798,scrnaSeq,M1HX_220411_403_2_B01,IlluminaNovaseq6000,7.9,A8HX_220419_03,L8HX_220421_03,RTX-4005,polyAselection,10x,cDNA,,False,,50bp,pairedEnd,2891169514,2732155191.0,7458,2806,6706,-L8HX_220421_03_G12-1174082308
799,scrnaSeq,M1HX_220411_405_2_C01,IlluminaNovaseq6000,9.43,A8HX_220419_03,L8HX_220421_03,RTX-4005,polyAselection,10x,cDNA,,False,,50bp,pairedEnd,2853405505,2699321608.0,18722,6819,34002,-L8HX_220421_03_B12-1174082309
800,scrnaSeq,M1HX_220414_159_2_D01,IlluminaNovaseq6000,8.63,A8HX_220419_03,L8HX_220421_03,RTX-4005,polyAselection,10x,cDNA,,False,,50bp,pairedEnd,2625773273,2476104196.0,11254,3410,9520,-L8HX_220421_03_H12-1174082310
801,scrnaSeq,M1HX_220629_151_1_C01,IlluminaNovaseq6000,9.43,A8HX_220711_01,L8HX_220714_02,RTX-4028,polyAselection,10x,cDNA,,False,,50bp,pairedEnd,2315606664,2158145411.0,19255,7085,27664,-L8HX_220714_02_H01-1194262309
802,scrnaSeq,M1HX_220707_151_2_A01,IlluminaNovaseq6000,9.6,A8HX_220711_01,L8HX_220714_02,RTX-4028,polyAselection,10x,cDNA,,False,,50bp,pairedEnd,2387621677,2230038646.0,19077,7075,36639,-L8HX_220714_02_D02-1194262310
803,scrnaSeq,M1HX_220707_155_2_B01,IlluminaNovaseq6000,9.17,A8HX_220711_01,L8HX_220714_02,RTX-4028,polyAselection,10x,cDNA,,False,,50bp,pairedEnd,2798547041,2616641483.0,17710,5294,17206,-L8HX_220714_02_B02-1194262311
804,scrnaSeq,M1HX_221116_154_1_A01,IlluminaNovaseq6000,7.93,A8HX_221212_03,L8HX_221215_03,RTX-4055,polyAselection,10x,cDNA,,False,,50bp,pairedEnd,1352952024,1269068999.0,16924,6515,28565,-L8HX_221215_03_G09-1237215011
805,scrnaSeq,M2HX_220316_251_1_A01,IlluminaNovaseq6000,5.67,A8HX_220419_03,L8HX_220421_03,RTX-4004,polyAselection,10x,cDNA,,False,,50bp,pairedEnd,1398618619,1272742943.0,15736,3825,12101,-L8HX_220421_03_F12-1174070517
806,scrnaSeq,M2HX_220316_255_1_B01,IlluminaNovaseq6000,8.67,A8HX_220419_03,L8HX_220421_03,RTX-4004,polyAselection,10x,cDNA,,False,,50bp,pairedEnd,2197353804,2008381377.0,18436,6838,34754,-L8HX_220421_03_C12-1174070522
807,scrnaSeq,M2HX_220419_430_2_A01,IlluminaNovaseq6000,8.1,A8HX_220426_02,L8HX_220428_03,RTX-4006,polyAselection,10x,cDNA,,False,,50bp,pairedEnd,2781538997,2659151281.0,13427,3168,6461,-L8HX_220428_03_G12-1176659185
808,scrnaSeq,M2HX_220419_434_2_B01,IlluminaNovaseq6000,8.03,A8HX_220426_02,L8HX_220428_03,RTX-4006,polyAselection,10x,cDNA,,False,,50bp,pairedEnd,2375819546,2278410945.0,16147,6749,29798,-L8HX_220428_03_C12-1176659186
809,scrnaSeq,M2HX_220419_435_2_C01,IlluminaNovaseq6000,7.03,A8HX_220426_02,L8HX_220428_03,RTX-4006,polyAselection,10x,cDNA,,False,,50bp,pairedEnd,2356098409,2257142276.0,15204,6744,34805,-L8HX_220428_03_H12-1176659187
810,scrnaSeq,M2HX_220425_431_1_A01,IlluminaNovaseq6000,9.18,A8HX_220502_02,L8HX_220505_03,RTX-4007,polyAselection,10x,cDNA,,False,,50bp,pairedEnd,2329747101,2162005310.0,18249,6662,29527,-L8HX_220505_03_A07-1177377384
811,scrnaSeq,M2HX_220425_433_1_B01,IlluminaNovaseq6000,8.6,A8HX_220502_02,L8HX_220505_03,RTX-4008,polyAselection,10x,cDNA,,False,,50bp,pairedEnd,2191354888,2044534111.0,12307,6439,28893,-L8HX_220505_03_E07-1177380819
812,scrnaSeq,M2HX_220425_435_1_C01,IlluminaNovaseq6000,5.6,A8HX_220502_02,L8HX_220505_03,RTX-4008,polyAselection,10x,cDNA,,False,,50bp,pairedEnd,2539277508,2371685192.0,14494,6468,29836,-L8HX_220505_03_F07-1177380820
813,scrnaSeq,M2HX_220425_437_2_A01,IlluminaNovaseq6000,8.57,A8HX_220502_02,L8HX_220505_03,RTX-4008,polyAselection,10x,cDNA,,False,,50bp,pairedEnd,2281281196,2126154075.0,14736,6325,28879,-L8HX_220505_03_D07-1177380821
814,scrnaSeq,M2HX_220426_430_2_B01,IlluminaNovaseq6000,8.82,A8HX_220502_02,L8HX_220505_03,RTX-4008,polyAselection,10x,cDNA,,False,,50bp,pairedEnd,1597805543,1493948183.0,15924,6833,31090,-L8HX_220505_03_B07-1177380822
815,scrnaSeq,M2HX_220426_432_2_C01,IlluminaNovaseq6000,8.85,A8HX_220502_02,L8HX_220505_03,RTX-4009,polyAselection,10x,cDNA,,False,,50bp,pairedEnd,1919384116,1783107844.0,15346,7377,36410,-L8HX_220505_03_C07-1179085610
816,scrnaSeq,M2HX_220426_435_2_B01,IlluminaNovaseq6000,9.48,A8HX_220523_01,L8HX_220526_02,RTX-4013,polyAselection,10x,cDNA,,False,,50bp,pairedEnd,2487685639,2291158474.0,18882,7608,39546,-L8HX_220526_02_H04-1183261021
817,scrnaSeq,M2HX_220502_431_1_B01,IlluminaNovaseq6000,7.27,A8HX_220510_02,L8HX_220512_03,RTX-4010,polyAselection,10x,cDNA,,False,,50bp,pairedEnd,1986663847,1839650722.0,16376,4044,12052,-L8HX_220512_03_G10-1178955806
818,scrnaSeq,M2HX_220502_433_2_A01,IlluminaNovaseq6000,8.82,A8HX_220510_02,L8HX_220512_03,RTX-4010,polyAselection,10x,cDNA,,False,,50bp,pairedEnd,1826305748,1694811734.0,13768,7528,40028,-L8HX_220512_03_E10-1178955808
819,scrnaSeq,M2HX_220502_434_1_C01,IlluminaNovaseq6000,8.63,A8HX_220510_02,L8HX_220512_03,RTX-4010,polyAselection,10x,cDNA,,False,,50bp,pairedEnd,2511176096,2322837889.0,20478,3300,7345,-L8HX_220512_03_H10-1178955807
820,scrnaSeq,M2HX_220502_436_2_B01,IlluminaNovaseq6000,9.53,A8HX_220510_02,L8HX_220512_03,RTX-4010,polyAselection,10x,cDNA,,False,,50bp,pairedEnd,1569080600,1454537716.0,14864,6630,24764,-L8HX_220512_03_F10-1178955810
821,scrnaSeq,M2HX_220503_430_2_C01,IlluminaNovaseq6000,9.07,A8HX_220510_02,L8HX_220512_03,RTX-4011,polyAselection,10x,cDNA,,False,,50bp,pairedEnd,3142684624,2988693077.0,18720,5126,17522,-L8HX_220512_03_A11-1181938670
822,scrnaSeq,M2HX_220504_432_2_A01,IlluminaNovaseq6000,8.33,A8HX_220517_02,L8HX_220519_03,RTX-4012,polyAselection,10x,cDNA,,False,,50bp,pairedEnd,1958618800,1843060291.0,17670,6212,28775,-L8HX_220519_03_E02-1183196994
823,scrnaSeq,M2HX_220504_433_2_A01,IlluminaNovaseq6000,8.98,A8HX_230731_01,L8HX_230803_02,RTX-4091,polyAselection,10x,cDNA,,False,,50bp,pairedEnd,3371051432,3263177786.0,18562,6259,28398,-L8HX_230803_02_D08-NY-TX4881-2
824,scrnaSeq,M2HX_220510_431_1_A01,IlluminaNovaseq6000,8.87,A8HX_220517_02,L8HX_220519_03,RTX-4011,polyAselection,10x,cDNA,,False,,50bp,pairedEnd,1675791000,1595353032.0,17720,6322,23823,-L8HX_220519_03_D02-1181938671
825,scrnaSeq,M2HX_220510_432_1_A01,IlluminaNovaseq6000,8.87,A8HX_220531_03,L8HX_220602_03,RTX-4017,polyAselection,10x,cDNA,,False,,50bp,pairedEnd,3606515468,3476680911.0,15211,8339,50055,-L8HX_220602_03_G08-1184885904
826,scrnaSeq,M2HX_220510_433_1_B01,IlluminaNovaseq6000,8.75,A8HX_220517_02,L8HX_220519_03,RTX-4011,polyAselection,10x,cDNA,,False,,50bp,pairedEnd,3170775527,3024919853.0,14313,5292,20387,-L8HX_220519_03_A03-1181938672
827,scrnaSeq,M2HX_220510_434_1_B01,IlluminaNovaseq6000,8.75,A8HX_220531_03,L8HX_220602_03,RTX-4017,polyAselection,10x,cDNA,,False,,50bp,pairedEnd,2541263176,2447236438.0,12555,4932,18162,-L8HX_220602_03_F09-1184885905
828,scrnaSeq,M2HX_220510_435_1_C01,IlluminaNovaseq6000,9.55,A8HX_220531_03,L8HX_220602_03,RTX-4017,polyAselection,10x,cDNA,,False,,50bp,pairedEnd,3261480717,3140805930.0,15439,6761,37951,-L8HX_220602_03_G09-1184885906
829,scrnaSeq,M2HX_220510_436_1_C01,IlluminaNovaseq6000,9.55,A8HX_220517_02,L8HX_220519_03,RTX-4011,polyAselection,10x,cDNA,,False,,50bp,pairedEnd,2481522547,2367372510.0,13688,6641,34166,-L8HX_220519_03_G02-1181938673
830,scrnaSeq,M2HX_220519_431_1_B01,IlluminaNovaseq6000,8.65,A8HX_220523_01,L8HX_220526_02,RTX-4014,polyAselection,10x,cDNA,,False,,50bp,pairedEnd,2530692451,2371258827.0,15342,5664,21464,-L8HX_220526_02_F05-1184843178
831,scrnaSeq,M2HX_220519_433_2_A01,IlluminaNovaseq6000,9.17,A8HX_220523_01,L8HX_220526_02,RTX-4014,polyAselection,10x,cDNA,,False,,50bp,pairedEnd,2480092868,2328807203.0,17313,7013,36039,-L8HX_220526_02_B05-1184843179
832,scrnaSeq,M2HX_220519_434_2_B01,IlluminaNovaseq6000,9.07,A8HX_220523_01,L8HX_220526_02,RTX-4014,polyAselection,10x,cDNA,,False,,50bp,pairedEnd,2736216021,2572043060.0,18516,6947,36713,-L8HX_220526_02_G05-1184843180
833,scrnaSeq,M2HX_220606_431_1_A01,IlluminaNovaseq6000,8.1,A8HX_220614_02,L8HX_220616_03,RTX-4021,polyAselection,10x,cDNA,,False,,50bp,pairedEnd,2573545273,2437147374.0,12719,3795,9251,-L8HX_220616_03_G12-1189466153
834,scrnaSeq,M2HX_220606_433_2_A01,IlluminaNovaseq6000,8.03,A8HX_220614_02,L8HX_220616_03,RTX-4021,polyAselection,10x,cDNA,,False,,50bp,pairedEnd,2223756454,2103673605.0,17464,7261,37098,-L8HX_220616_03_H12-1189466154
835,scrnaSeq,M2HX_220606_435_1_A01,IlluminaNovaseq6000,7.03,A8HX_220621_03,L8HX_220623_03,RTX-4023,polyAselection,10x,cDNA,,False,,50bp,pairedEnd,2018722591,1877412010.0,17908,6523,30706,-L8HX_220623_03_G07-1190176972
836,scrnaSeq,M2HX_220621_431_1_A01,IlluminaNovaseq6000,9.08,A8HX_220627_02,L8HX_220630_03,RTX-4025,polyAselection,10x,cDNA,,False,,50bp,pairedEnd,3249938161,3038692181.0,19284,7408,31876,-L8HX_220630_03_E08-1191978352
837,scrnaSeq,M2HX_220621_433_1_B01,IlluminaNovaseq6000,8.4,A8HX_220627_02,L8HX_220630_03,RTX-4025,polyAselection,10x,cDNA,,False,,50bp,pairedEnd,2367403838,2213522589.0,10286,6011,25906,-L8HX_220630_03_F08-1191978353
838,scrnaSeq,M2HX_220621_435_2_A01,IlluminaNovaseq6000,8.68,A8HX_220627_02,L8HX_220630_03,RTX-4026,polyAselection,10x,cDNA,,False,,50bp,pairedEnd,2169674560,2037324412.0,2897,7972,48449,-L8HX_220630_03_G08-1192616601
839,scrnaSeq,M2HX_220621_436_1_A01,IlluminaNovaseq6000,8.68,A8HX_220726_02,L8HX_220728_02,RTX-4031,polyAselection,10x,cDNA,,False,,50bp,pairedEnd,2716029285,2566647674.0,13110,7573,40874,-L8HX_220728_02_D05-1197133857
840,scrnaSeq,M1TX_181114_001_A01_A01,IlluminaNovaseq6000,8.5,AKTX_181207_01,LKTX_181209_01,10X145,polyAselection,10x,cDNA,,False,,50bp,pairedEnd,460157509,411380813.0,7267,5605,22152,-LKTX_181209_01_A01-963038061
841,scrnaSeq,M1TX_181114_001_B01_B01,IlluminaNovaseq6000,8.5,AKTX_181207_01,LKTX_181209_01,10X145,polyAselection,10x,cDNA,,False,,50bp,pairedEnd,1141180830,1051027544.0,7583,7195,36614,-LKTX_181209_01_B01-963038064
842,scrnaSeq,M2TX_201106_201_A01_A01,IlluminaNovaseq6000,8.15,AKTX_201130_01,LKTX_201201_01,10X318,polyAselection,10x,cDNA,,False,,50bp,pairedEnd,738727455,713610722.0,6021,6362,23619,-LKTX_201201_01_G01-1112566078
843,scrnaSeq,M2TX_201106_201_B01_B01,IlluminaNovaseq6000,8.15,AKTX_201130_01,LKTX_201201_01,10X318,polyAselection,10x,cDNA,,False,,50bp,pairedEnd,664092845,643505967.0,5943,6090,21391,-LKTX_201201_01_H01-1112566079
844,scrnaSeq,M2TX_201120_202_A01_A01,IlluminaNovaseq6000,7.91,AKTX_210215_02,LKTX_210217_02,10X330,polyAselection,10x,cDNA,,False,,50bp,pairedEnd,1629723328,1543347992.0,7882,6042,28025,-LKTX_210217_02_A01-1112561150
845,scrnaSeq,M2TX_201120_202_B01_B01,IlluminaNovaseq6000,7.91,AKTX_210215_02,LKTX_210217_02,10X330,polyAselection,10x,cDNA,,False,,50bp,pairedEnd,647149257,612850346.0,3257,6874,32727,-LKTX_210217_02_B01-1112561151
