project,clock_name,modality,cell_type,feature,coefficient,importance,rank,model_type
atac_processing_techniques,igvf_pfc_train_MTG,ATAC,All-cells,feat_105809,-0.020112350983085,,18,RidgeCV
atac_processing_techniques,igvf_pfc_train_MTG,ATAC,All-cells,feat_105844,0.0123517910181824,,193,RidgeCV
atac_processing_techniques,igvf_pfc_train_MTG,ATAC,All-cells,feat_108014,0.0161109552273794,,59,RidgeCV
atac_processing_techniques,igvf_pfc_train_MTG,ATAC,All-cells,feat_108122,-0.0145510603311169,,88,RidgeCV
atac_processing_techniques,igvf_pfc_train_MTG,ATAC,All-cells,feat_108123,-0.0145510603311169,,89,RidgeCV
atac_processing_techniques,igvf_pfc_train_MTG,ATAC,All-cells,feat_108262,-0.0155646763922251,,67,RidgeCV
atac_processing_techniques,igvf_pfc_train_MTG,ATAC,All-cells,feat_108263,-0.0212327016254037,,12,RidgeCV
atac_processing_techniques,igvf_pfc_train_MTG,ATAC,All-cells,feat_113141,0.0177311732947467,,33,RidgeCV
atac_processing_techniques,igvf_pfc_train_MTG,ATAC,All-cells,feat_113174,0.0201024352636826,,19,RidgeCV
atac_processing_techniques,igvf_pfc_train_MTG,ATAC,All-cells,feat_114018,0.0129442242978959,,155,RidgeCV
atac_processing_techniques,igvf_pfc_train_MTG,ATAC,All-cells,feat_115898,0.0177831572651708,,31,RidgeCV
atac_processing_techniques,igvf_pfc_train_MTG,ATAC,All-cells,feat_115899,0.0169065014547899,,46,RidgeCV
atac_processing_techniques,igvf_pfc_train_MTG,ATAC,All-cells,feat_125162,0.01670624399141,,49,RidgeCV
atac_processing_techniques,igvf_pfc_train_MTG,ATAC,All-cells,feat_129858,-0.0134323994597786,,131,RidgeCV
atac_processing_techniques,igvf_pfc_train_MTG,ATAC,All-cells,feat_129937,0.0123250729021947,,195,RidgeCV
atac_processing_techniques,igvf_pfc_train_MTG,ATAC,All-cells,feat_131709,0.0153458944929394,,70,RidgeCV
atac_processing_techniques,igvf_pfc_train_MTG,ATAC,All-cells,feat_131711,0.0198883364705302,,22,RidgeCV
atac_processing_techniques,igvf_pfc_train_MTG,ATAC,All-cells,feat_135873,-0.0125333524400012,,181,RidgeCV
atac_processing_techniques,igvf_pfc_train_MTG,ATAC,All-cells,feat_147646,0.0136676367425565,,120,RidgeCV
atac_processing_techniques,igvf_pfc_train_MTG,ATAC,All-cells,feat_149707,-0.0128268180991753,,161,RidgeCV
atac_processing_techniques,igvf_pfc_train_MTG,ATAC,All-cells,feat_149711,-0.0211058562163412,,14,RidgeCV
atac_processing_techniques,igvf_pfc_train_MTG,ATAC,All-cells,feat_149712,-0.0211058562163412,,13,RidgeCV
atac_processing_techniques,igvf_pfc_train_MTG,ATAC,All-cells,feat_149714,-0.0170585893104262,,43,RidgeCV
atac_processing_techniques,igvf_pfc_train_MTG,ATAC,All-cells,feat_14990,-0.0133377060175159,,138,RidgeCV
atac_processing_techniques,igvf_pfc_train_MTG,ATAC,All-cells,feat_156375,-0.0213908090927434,,11,RidgeCV
atac_processing_techniques,igvf_pfc_train_MTG,ATAC,All-cells,feat_157952,0.0128731828766175,,159,RidgeCV
atac_processing_techniques,igvf_pfc_train_MTG,ATAC,All-cells,feat_157953,0.0128731828766175,,160,RidgeCV
atac_processing_techniques,igvf_pfc_train_MTG,ATAC,All-cells,feat_157960,0.0165385855933976,,51,RidgeCV
atac_processing_techniques,igvf_pfc_train_MTG,ATAC,All-cells,feat_165734,0.0156156316212117,,66,RidgeCV
atac_processing_techniques,igvf_pfc_train_MTG,ATAC,All-cells,feat_169994,0.0136124416237533,,123,RidgeCV
atac_processing_techniques,igvf_pfc_train_MTG,ATAC,All-cells,feat_169995,0.0122442494335264,,198,RidgeCV
atac_processing_techniques,igvf_pfc_train_MTG,ATAC,All-cells,feat_175181,0.0144583702384016,,94,RidgeCV
atac_processing_techniques,igvf_pfc_train_MTG,ATAC,All-cells,feat_175182,0.0144583702384016,,93,RidgeCV
atac_processing_techniques,igvf_pfc_train_MTG,ATAC,All-cells,feat_176931,0.0163394818259867,,52,RidgeCV
atac_processing_techniques,igvf_pfc_train_MTG,ATAC,All-cells,feat_176932,0.0163394818259867,,53,RidgeCV
atac_processing_techniques,igvf_pfc_train_MTG,ATAC,All-cells,feat_179140,-0.0126318308031073,,172,RidgeCV
atac_processing_techniques,igvf_pfc_train_MTG,ATAC,All-cells,feat_181457,0.0127574692192273,,167,RidgeCV
atac_processing_techniques,igvf_pfc_train_MTG,ATAC,All-cells,feat_181470,0.0141477540004359,,102,RidgeCV
atac_processing_techniques,igvf_pfc_train_MTG,ATAC,All-cells,feat_181472,0.0312190371483218,,1,RidgeCV
atac_processing_techniques,igvf_pfc_train_MTG,ATAC,All-cells,feat_181473,0.0176973291914267,,35,RidgeCV
atac_processing_techniques,igvf_pfc_train_MTG,ATAC,All-cells,feat_186491,0.0168143617138431,,48,RidgeCV
atac_processing_techniques,igvf_pfc_train_MTG,ATAC,All-cells,feat_186496,0.0162543052675798,,57,RidgeCV
atac_processing_techniques,igvf_pfc_train_MTG,ATAC,All-cells,feat_186497,0.0162543052675798,,56,RidgeCV
atac_processing_techniques,igvf_pfc_train_MTG,ATAC,All-cells,feat_186504,0.0152651912327388,,71,RidgeCV
atac_processing_techniques,igvf_pfc_train_MTG,ATAC,All-cells,feat_188362,-0.0165559572336456,,50,RidgeCV
atac_processing_techniques,igvf_pfc_train_MTG,ATAC,All-cells,feat_191455,0.012486666344618,,189,RidgeCV
atac_processing_techniques,igvf_pfc_train_MTG,ATAC,All-cells,feat_193975,0.0143001576308526,,98,RidgeCV
atac_processing_techniques,igvf_pfc_train_MTG,ATAC,All-cells,feat_193976,0.0172920436886664,,39,RidgeCV
atac_processing_techniques,igvf_pfc_train_MTG,ATAC,All-cells,feat_193977,0.0172920436886664,,38,RidgeCV
atac_processing_techniques,igvf_pfc_train_MTG,ATAC,All-cells,feat_193978,0.0182457422051873,,28,RidgeCV
atac_processing_techniques,igvf_pfc_train_MTG,ATAC,All-cells,feat_193979,0.0176711217715664,,36,RidgeCV
atac_processing_techniques,igvf_pfc_train_MTG,ATAC,All-cells,feat_193980,0.0145890455770338,,86,RidgeCV
atac_processing_techniques,igvf_pfc_train_MTG,ATAC,All-cells,feat_194929,0.0138995933747954,,114,RidgeCV
atac_processing_techniques,igvf_pfc_train_MTG,ATAC,All-cells,feat_198783,0.022664902171195,,4,RidgeCV
atac_processing_techniques,igvf_pfc_train_MTG,ATAC,All-cells,feat_200632,0.0150962391982096,,75,RidgeCV
atac_processing_techniques,igvf_pfc_train_MTG,ATAC,All-cells,feat_201182,0.0219942903555378,,8,RidgeCV
atac_processing_techniques,igvf_pfc_train_MTG,ATAC,All-cells,feat_201183,0.0219942903555378,,7,RidgeCV
atac_processing_techniques,igvf_pfc_train_MTG,ATAC,All-cells,feat_201906,0.0150900543899593,,76,RidgeCV
atac_processing_techniques,igvf_pfc_train_MTG,ATAC,All-cells,feat_201912,0.0158536222648481,,63,RidgeCV
atac_processing_techniques,igvf_pfc_train_MTG,ATAC,All-cells,feat_203445,0.0140914754077836,,103,RidgeCV
atac_processing_techniques,igvf_pfc_train_MTG,ATAC,All-cells,feat_203461,0.0125241900598468,,182,RidgeCV
atac_processing_techniques,igvf_pfc_train_MTG,ATAC,All-cells,feat_20419,0.0193085941608912,,25,RidgeCV
atac_processing_techniques,igvf_pfc_train_MTG,ATAC,All-cells,feat_205369,-0.0130025831741856,,151,RidgeCV
atac_processing_techniques,igvf_pfc_train_MTG,ATAC,All-cells,feat_20796,-0.0159779243134921,,62,RidgeCV
atac_processing_techniques,igvf_pfc_train_MTG,ATAC,All-cells,feat_20797,-0.0145377924213072,,91,RidgeCV
atac_processing_techniques,igvf_pfc_train_MTG,ATAC,All-cells,feat_20798,-0.0145377924213072,,90,RidgeCV
atac_processing_techniques,igvf_pfc_train_MTG,ATAC,All-cells,feat_215568,0.0150090986451922,,79,RidgeCV
atac_processing_techniques,igvf_pfc_train_MTG,ATAC,All-cells,feat_216647,0.0201556563716063,,17,RidgeCV
atac_processing_techniques,igvf_pfc_train_MTG,ATAC,All-cells,feat_225372,0.0150819097749411,,77,RidgeCV
atac_processing_techniques,igvf_pfc_train_MTG,ATAC,All-cells,feat_22585,0.0200258069702941,,20,RidgeCV
atac_processing_techniques,igvf_pfc_train_MTG,ATAC,All-cells,feat_227260,-0.0240969228585198,,3,RidgeCV
atac_processing_techniques,igvf_pfc_train_MTG,ATAC,All-cells,feat_228210,0.0162931051584605,,55,RidgeCV
atac_processing_techniques,igvf_pfc_train_MTG,ATAC,All-cells,feat_228221,0.0136921236868235,,119,RidgeCV
atac_processing_techniques,igvf_pfc_train_MTG,ATAC,All-cells,feat_232429,0.0154033192071264,,68,RidgeCV
atac_processing_techniques,igvf_pfc_train_MTG,ATAC,All-cells,feat_238539,-0.0148682522231466,,81,RidgeCV
atac_processing_techniques,igvf_pfc_train_MTG,ATAC,All-cells,feat_241425,0.0130861845875298,,149,RidgeCV
atac_processing_techniques,igvf_pfc_train_MTG,ATAC,All-cells,feat_248706,0.0127035674307728,,170,RidgeCV
atac_processing_techniques,igvf_pfc_train_MTG,ATAC,All-cells,feat_2522,0.0130262221981417,,150,RidgeCV
atac_processing_techniques,igvf_pfc_train_MTG,ATAC,All-cells,feat_2532,0.0158490576116903,,64,RidgeCV
atac_processing_techniques,igvf_pfc_train_MTG,ATAC,All-cells,feat_2533,0.0142190384407333,,101,RidgeCV
atac_processing_techniques,igvf_pfc_train_MTG,ATAC,All-cells,feat_256354,-0.0139103633747739,,113,RidgeCV
atac_processing_techniques,igvf_pfc_train_MTG,ATAC,All-cells,feat_26229,-0.0125069772481883,,188,RidgeCV
atac_processing_techniques,igvf_pfc_train_MTG,ATAC,All-cells,feat_264149,0.0139721799822081,,110,RidgeCV
atac_processing_techniques,igvf_pfc_train_MTG,ATAC,All-cells,feat_264150,0.0139721799822081,,109,RidgeCV
atac_processing_techniques,igvf_pfc_train_MTG,ATAC,All-cells,feat_273239,-0.0139615619427363,,112,RidgeCV
atac_processing_techniques,igvf_pfc_train_MTG,ATAC,All-cells,feat_289866,0.012667746661456,,171,RidgeCV
atac_processing_techniques,igvf_pfc_train_MTG,ATAC,All-cells,feat_290422,-0.0140549969307196,,106,RidgeCV
atac_processing_techniques,igvf_pfc_train_MTG,ATAC,All-cells,feat_292094,0.014750271281089,,83,RidgeCV
atac_processing_techniques,igvf_pfc_train_MTG,ATAC,All-cells,feat_297604,0.017720261275086,,34,RidgeCV
atac_processing_techniques,igvf_pfc_train_MTG,ATAC,All-cells,feat_297605,0.0221987694309515,,6,RidgeCV
atac_processing_techniques,igvf_pfc_train_MTG,ATAC,All-cells,feat_299323,0.0140133336548652,,108,RidgeCV
atac_processing_techniques,igvf_pfc_train_MTG,ATAC,All-cells,feat_299324,0.012767606732977,,165,RidgeCV
atac_processing_techniques,igvf_pfc_train_MTG,ATAC,All-cells,feat_299325,0.0172376406675948,,40,RidgeCV
atac_processing_techniques,igvf_pfc_train_MTG,ATAC,All-cells,feat_299328,0.0169127045213008,,45,RidgeCV
atac_processing_techniques,igvf_pfc_train_MTG,ATAC,All-cells,feat_30355,0.0138831543335318,,115,RidgeCV
atac_processing_techniques,igvf_pfc_train_MTG,ATAC,All-cells,feat_3088,0.0125984500817024,,174,RidgeCV
atac_processing_techniques,igvf_pfc_train_MTG,ATAC,All-cells,feat_3090,0.0133245065529896,,139,RidgeCV
atac_processing_techniques,igvf_pfc_train_MTG,ATAC,All-cells,feat_309639,-0.012342595083366,,194,RidgeCV
atac_processing_techniques,igvf_pfc_train_MTG,ATAC,All-cells,feat_310062,0.0169962788398052,,44,RidgeCV
atac_processing_techniques,igvf_pfc_train_MTG,ATAC,All-cells,feat_310207,0.0122348045771285,,199,RidgeCV
atac_processing_techniques,igvf_pfc_train_MTG,ATAC,All-cells,feat_316682,0.0129785864449339,,152,RidgeCV
atac_processing_techniques,igvf_pfc_train_MTG,ATAC,All-cells,feat_31914,0.0218361973591408,,9,RidgeCV
atac_processing_techniques,igvf_pfc_train_MTG,ATAC,All-cells,feat_31915,0.0218361973591408,,10,RidgeCV
atac_processing_techniques,igvf_pfc_train_MTG,ATAC,All-cells,feat_31955,0.0129526073956413,,154,RidgeCV
atac_processing_techniques,igvf_pfc_train_MTG,ATAC,All-cells,feat_320967,0.0132152751788713,,145,RidgeCV
atac_processing_techniques,igvf_pfc_train_MTG,ATAC,All-cells,feat_321529,0.0131649807007079,,147,RidgeCV
atac_processing_techniques,igvf_pfc_train_MTG,ATAC,All-cells,feat_321532,0.0356895170759748,,0,RidgeCV
atac_processing_techniques,igvf_pfc_train_MTG,ATAC,All-cells,feat_329151,-0.0143755692788944,,96,RidgeCV
atac_processing_techniques,igvf_pfc_train_MTG,ATAC,All-cells,feat_332063,0.0132516922730398,,142,RidgeCV
atac_processing_techniques,igvf_pfc_train_MTG,ATAC,All-cells,feat_332064,0.0129570091635765,,153,RidgeCV
atac_processing_techniques,igvf_pfc_train_MTG,ATAC,All-cells,feat_335573,0.0135836254849247,,124,RidgeCV
atac_processing_techniques,igvf_pfc_train_MTG,ATAC,All-cells,feat_350805,0.0132679145703419,,141,RidgeCV
atac_processing_techniques,igvf_pfc_train_MTG,ATAC,All-cells,feat_352125,-0.0128110650447044,,164,RidgeCV
atac_processing_techniques,igvf_pfc_train_MTG,ATAC,All-cells,feat_352390,0.0144453731819987,,95,RidgeCV
atac_processing_techniques,igvf_pfc_train_MTG,ATAC,All-cells,feat_352405,0.0125199462282068,,185,RidgeCV
atac_processing_techniques,igvf_pfc_train_MTG,ATAC,All-cells,feat_352406,0.0125199462282068,,184,RidgeCV
atac_processing_techniques,igvf_pfc_train_MTG,ATAC,All-cells,feat_352562,0.0125105242795716,,186,RidgeCV
atac_processing_techniques,igvf_pfc_train_MTG,ATAC,All-cells,feat_352587,0.012570289326327,,176,RidgeCV
atac_processing_techniques,igvf_pfc_train_MTG,ATAC,All-cells,feat_352588,0.0146105403137084,,85,RidgeCV
atac_processing_techniques,igvf_pfc_train_MTG,ATAC,All-cells,feat_352605,0.0124128206659427,,190,RidgeCV
atac_processing_techniques,igvf_pfc_train_MTG,ATAC,All-cells,feat_352621,0.0124004063562289,,192,RidgeCV
atac_processing_techniques,igvf_pfc_train_MTG,ATAC,All-cells,feat_352653,0.0135135634878787,,127,RidgeCV
atac_processing_techniques,igvf_pfc_train_MTG,ATAC,All-cells,feat_354951,0.012405403820163,,191,RidgeCV
atac_processing_techniques,igvf_pfc_train_MTG,ATAC,All-cells,feat_356230,0.0171186913927515,,42,RidgeCV
atac_processing_techniques,igvf_pfc_train_MTG,ATAC,All-cells,feat_361926,0.0135770231038633,,125,RidgeCV
atac_processing_techniques,igvf_pfc_train_MTG,ATAC,All-cells,feat_362206,0.0142197212627525,,100,RidgeCV
atac_processing_techniques,igvf_pfc_train_MTG,ATAC,All-cells,feat_362844,0.0126237197527368,,173,RidgeCV
atac_processing_techniques,igvf_pfc_train_MTG,ATAC,All-cells,feat_362853,0.0175853470878498,,37,RidgeCV
atac_processing_techniques,igvf_pfc_train_MTG,ATAC,All-cells,feat_36412,0.0148562644318337,,82,RidgeCV
atac_processing_techniques,igvf_pfc_train_MTG,ATAC,All-cells,feat_364689,-0.0131552666021022,,148,RidgeCV
atac_processing_techniques,igvf_pfc_train_MTG,ATAC,All-cells,feat_366604,-0.0151020491348993,,74,RidgeCV
atac_processing_techniques,igvf_pfc_train_MTG,ATAC,All-cells,feat_369495,-0.0163295292591601,,54,RidgeCV
atac_processing_techniques,igvf_pfc_train_MTG,ATAC,All-cells,feat_371816,-0.0180168747346773,,30,RidgeCV
atac_processing_techniques,igvf_pfc_train_MTG,ATAC,All-cells,feat_371824,-0.0145052823812186,,92,RidgeCV
atac_processing_techniques,igvf_pfc_train_MTG,ATAC,All-cells,feat_371827,-0.0140318799546697,,107,RidgeCV
atac_processing_techniques,igvf_pfc_train_MTG,ATAC,All-cells,feat_371828,-0.0125372902781347,,180,RidgeCV
atac_processing_techniques,igvf_pfc_train_MTG,ATAC,All-cells,feat_381688,-0.0125770992967187,,175,RidgeCV
atac_processing_techniques,igvf_pfc_train_MTG,ATAC,All-cells,feat_38193,-0.0206878383175271,,15,RidgeCV
atac_processing_techniques,igvf_pfc_train_MTG,ATAC,All-cells,feat_383072,-0.0134138978176079,,133,RidgeCV
atac_processing_techniques,igvf_pfc_train_MTG,ATAC,All-cells,feat_384174,0.0125525325180716,,179,RidgeCV
atac_processing_techniques,igvf_pfc_train_MTG,ATAC,All-cells,feat_384175,0.0125525325180716,,178,RidgeCV
atac_processing_techniques,igvf_pfc_train_MTG,ATAC,All-cells,feat_385745,0.0138628356703811,,116,RidgeCV
atac_processing_techniques,igvf_pfc_train_MTG,ATAC,All-cells,feat_388123,0.0133831111705626,,135,RidgeCV
atac_processing_techniques,igvf_pfc_train_MTG,ATAC,All-cells,feat_388124,0.0133831111705626,,136,RidgeCV
atac_processing_techniques,igvf_pfc_train_MTG,ATAC,All-cells,feat_390110,0.013240524832926,,143,RidgeCV
atac_processing_techniques,igvf_pfc_train_MTG,ATAC,All-cells,feat_390111,0.013240524832926,,144,RidgeCV
atac_processing_techniques,igvf_pfc_train_MTG,ATAC,All-cells,feat_390112,0.0138030348452314,,117,RidgeCV
atac_processing_techniques,igvf_pfc_train_MTG,ATAC,All-cells,feat_390113,0.0138030348452314,,118,RidgeCV
atac_processing_techniques,igvf_pfc_train_MTG,ATAC,All-cells,feat_390946,-0.0202974836837947,,16,RidgeCV
atac_processing_techniques,igvf_pfc_train_MTG,ATAC,All-cells,feat_390949,-0.0133102112132781,,140,RidgeCV
atac_processing_techniques,igvf_pfc_train_MTG,ATAC,All-cells,feat_390952,-0.0196179551210676,,24,RidgeCV
atac_processing_techniques,igvf_pfc_train_MTG,ATAC,All-cells,feat_390963,-0.0134276837311596,,132,RidgeCV
atac_processing_techniques,igvf_pfc_train_MTG,ATAC,All-cells,feat_391696,0.0160485317395329,,60,RidgeCV
atac_processing_techniques,igvf_pfc_train_MTG,ATAC,All-cells,feat_395811,-0.0225303400319229,,5,RidgeCV
atac_processing_techniques,igvf_pfc_train_MTG,ATAC,All-cells,feat_399054,-0.0140886564802501,,104,RidgeCV
atac_processing_techniques,igvf_pfc_train_MTG,ATAC,All-cells,feat_39982,-0.0171347802936699,,41,RidgeCV
atac_processing_techniques,igvf_pfc_train_MTG,ATAC,All-cells,feat_403406,-0.0153905679939813,,69,RidgeCV
atac_processing_techniques,igvf_pfc_train_MTG,ATAC,All-cells,feat_404175,-0.0152163689232647,,72,RidgeCV
atac_processing_techniques,igvf_pfc_train_MTG,ATAC,All-cells,feat_404176,-0.0152163689232647,,73,RidgeCV
atac_processing_techniques,igvf_pfc_train_MTG,ATAC,All-cells,feat_404216,0.0134988196826643,,129,RidgeCV
atac_processing_techniques,igvf_pfc_train_MTG,ATAC,All-cells,feat_40761,0.0133858625928598,,134,RidgeCV
atac_processing_techniques,igvf_pfc_train_MTG,ATAC,All-cells,feat_40764,0.014055369027159,,105,RidgeCV
atac_processing_techniques,igvf_pfc_train_MTG,ATAC,All-cells,feat_40781,0.0158352399272083,,65,RidgeCV
atac_processing_techniques,igvf_pfc_train_MTG,ATAC,All-cells,feat_408855,0.0129019769779683,,157,RidgeCV
atac_processing_techniques,igvf_pfc_train_MTG,ATAC,All-cells,feat_42039,0.0125217158075703,,183,RidgeCV
atac_processing_techniques,igvf_pfc_train_MTG,ATAC,All-cells,feat_422107,-0.0134468055655238,,130,RidgeCV
atac_processing_techniques,igvf_pfc_train_MTG,ATAC,All-cells,feat_422637,0.0197791211344625,,23,RidgeCV
atac_processing_techniques,igvf_pfc_train_MTG,ATAC,All-cells,feat_422927,0.0129412451810582,,156,RidgeCV
atac_processing_techniques,igvf_pfc_train_MTG,ATAC,All-cells,feat_430002,-0.0128210628248871,,163,RidgeCV
atac_processing_techniques,igvf_pfc_train_MTG,ATAC,All-cells,feat_431577,-0.0145742184767215,,87,RidgeCV
atac_processing_techniques,igvf_pfc_train_MTG,ATAC,All-cells,feat_433573,-0.0136262002874437,,122,RidgeCV
atac_processing_techniques,igvf_pfc_train_MTG,ATAC,All-cells,feat_43975,-0.013501611579024,,128,RidgeCV
atac_processing_techniques,igvf_pfc_train_MTG,ATAC,All-cells,feat_44843,-0.0133438360462341,,137,RidgeCV
atac_processing_techniques,igvf_pfc_train_MTG,ATAC,All-cells,feat_46007,-0.0181484885812999,,29,RidgeCV
atac_processing_techniques,igvf_pfc_train_MTG,ATAC,All-cells,feat_47961,-0.0142228325322799,,99,RidgeCV
atac_processing_techniques,igvf_pfc_train_MTG,ATAC,All-cells,feat_51,-0.013178186912566,,146,RidgeCV
atac_processing_techniques,igvf_pfc_train_MTG,ATAC,All-cells,feat_58755,-0.0127584700963398,,166,RidgeCV
atac_processing_techniques,igvf_pfc_train_MTG,ATAC,All-cells,feat_60383,0.0177576642802491,,32,RidgeCV
atac_processing_techniques,igvf_pfc_train_MTG,ATAC,All-cells,feat_62334,-0.0127223122377446,,169,RidgeCV
atac_processing_techniques,igvf_pfc_train_MTG,ATAC,All-cells,feat_62335,-0.0127223122377446,,168,RidgeCV
atac_processing_techniques,igvf_pfc_train_MTG,ATAC,All-cells,feat_63042,-0.0122851402375657,,197,RidgeCV
atac_processing_techniques,igvf_pfc_train_MTG,ATAC,All-cells,feat_63047,-0.0146612825165482,,84,RidgeCV
atac_processing_techniques,igvf_pfc_train_MTG,ATAC,All-cells,feat_63941,0.0199363622590268,,21,RidgeCV
atac_processing_techniques,igvf_pfc_train_MTG,ATAC,All-cells,feat_65995,-0.0183315339757967,,27,RidgeCV
atac_processing_techniques,igvf_pfc_train_MTG,ATAC,All-cells,feat_67679,0.0160198995108227,,61,RidgeCV
atac_processing_techniques,igvf_pfc_train_MTG,ATAC,All-cells,feat_73185,0.0125643739140445,,177,RidgeCV
atac_processing_techniques,igvf_pfc_train_MTG,ATAC,All-cells,feat_73223,-0.0125087355290823,,187,RidgeCV
atac_processing_techniques,igvf_pfc_train_MTG,ATAC,All-cells,feat_74759,0.0150385845321932,,78,RidgeCV
atac_processing_techniques,igvf_pfc_train_MTG,ATAC,All-cells,feat_75403,0.0162113421608708,,58,RidgeCV
atac_processing_techniques,igvf_pfc_train_MTG,ATAC,All-cells,feat_76559,0.0148757221253327,,80,RidgeCV
atac_processing_techniques,igvf_pfc_train_MTG,ATAC,All-cells,feat_78459,-0.0136610774063229,,121,RidgeCV
atac_processing_techniques,igvf_pfc_train_MTG,ATAC,All-cells,feat_8409,0.0168515669169041,,47,RidgeCV
atac_processing_techniques,igvf_pfc_train_MTG,ATAC,All-cells,feat_8412,0.0128216570193412,,162,RidgeCV
atac_processing_techniques,igvf_pfc_train_MTG,ATAC,All-cells,feat_884,0.0135537245710695,,126,RidgeCV
atac_processing_techniques,igvf_pfc_train_MTG,ATAC,All-cells,feat_90292,0.0123223835903181,,196,RidgeCV
atac_processing_techniques,igvf_pfc_train_MTG,ATAC,All-cells,feat_90331,0.0143307148152798,,97,RidgeCV
atac_processing_techniques,igvf_pfc_train_MTG,ATAC,All-cells,feat_94492,-0.0129010952505117,,158,RidgeCV
atac_processing_techniques,igvf_pfc_train_MTG,ATAC,All-cells,feat_98181,0.0139632802288214,,111,RidgeCV
atac_processing_techniques,igvf_pfc_train_MTG,ATAC,All-cells,feat_98186,0.0186469809581026,,26,RidgeCV
atac_processing_techniques,igvf_pfc_train_MTG,ATAC,All-cells,feat_98187,0.0251468314476253,,2,RidgeCV
atac_processing_techniques,igvf_pfc_train_MTG,ATAC,Astro,feat_101000,-0.0072253041447592,,164,RidgeCV
atac_processing_techniques,igvf_pfc_train_MTG,ATAC,Astro,feat_111192,-0.0070852068792373,,183,RidgeCV
atac_processing_techniques,igvf_pfc_train_MTG,ATAC,Astro,feat_11476,0.0078932786783121,,102,RidgeCV
atac_processing_techniques,igvf_pfc_train_MTG,ATAC,Astro,feat_11477,0.0078932786783121,,101,RidgeCV
atac_processing_techniques,igvf_pfc_train_MTG,ATAC,Astro,feat_116598,0.0083186701640021,,66,RidgeCV
atac_processing_techniques,igvf_pfc_train_MTG,ATAC,Astro,feat_116599,0.0083186701640021,,67,RidgeCV
atac_processing_techniques,igvf_pfc_train_MTG,ATAC,Astro,feat_116724,-0.0083232558336879,,65,RidgeCV
atac_processing_techniques,igvf_pfc_train_MTG,ATAC,Astro,feat_116725,-0.0108325744603455,,17,RidgeCV
atac_processing_techniques,igvf_pfc_train_MTG,ATAC,Astro,feat_120888,0.0073072486319828,,150,RidgeCV
atac_processing_techniques,igvf_pfc_train_MTG,ATAC,Astro,feat_122295,0.0074590190413641,,138,RidgeCV
atac_processing_techniques,igvf_pfc_train_MTG,ATAC,Astro,feat_136897,-0.008098694118046,,81,RidgeCV
atac_processing_techniques,igvf_pfc_train_MTG,ATAC,Astro,feat_1371,0.0070762703976343,,187,RidgeCV
atac_processing_techniques,igvf_pfc_train_MTG,ATAC,Astro,feat_13980,-0.0074786297503884,,135,RidgeCV
atac_processing_techniques,igvf_pfc_train_MTG,ATAC,Astro,feat_140765,0.007257086084709,,156,RidgeCV
atac_processing_techniques,igvf_pfc_train_MTG,ATAC,Astro,feat_144548,0.0070633182515187,,192,RidgeCV
atac_processing_techniques,igvf_pfc_train_MTG,ATAC,Astro,feat_144560,0.0086232624480338,,52,RidgeCV
atac_processing_techniques,igvf_pfc_train_MTG,ATAC,Astro,feat_14465,0.0074879216221611,,133,RidgeCV
atac_processing_techniques,igvf_pfc_train_MTG,ATAC,Astro,feat_14491,0.0129803555813011,,1,RidgeCV
atac_processing_techniques,igvf_pfc_train_MTG,ATAC,Astro,feat_148252,0.0075129488126846,,130,RidgeCV
atac_processing_techniques,igvf_pfc_train_MTG,ATAC,Astro,feat_152535,0.0071516046668344,,173,RidgeCV
atac_processing_techniques,igvf_pfc_train_MTG,ATAC,Astro,feat_15299,0.0072580379099504,,155,RidgeCV
atac_processing_techniques,igvf_pfc_train_MTG,ATAC,Astro,feat_154924,0.0074973127725046,,132,RidgeCV
atac_processing_techniques,igvf_pfc_train_MTG,ATAC,Astro,feat_154925,0.0073561809475144,,147,RidgeCV
atac_processing_techniques,igvf_pfc_train_MTG,ATAC,Astro,feat_156361,-0.0108577818371804,,15,RidgeCV
atac_processing_techniques,igvf_pfc_train_MTG,ATAC,Astro,feat_156363,-0.0089759826277693,,45,RidgeCV
atac_processing_techniques,igvf_pfc_train_MTG,ATAC,Astro,feat_156364,-0.0089759826277693,,44,RidgeCV
atac_processing_techniques,igvf_pfc_train_MTG,ATAC,Astro,feat_156366,-0.0117703639012994,,6,RidgeCV
atac_processing_techniques,igvf_pfc_train_MTG,ATAC,Astro,feat_156367,-0.0116443182500453,,10,RidgeCV
atac_processing_techniques,igvf_pfc_train_MTG,ATAC,Astro,feat_156368,-0.0120138792347799,,4,RidgeCV
atac_processing_techniques,igvf_pfc_train_MTG,ATAC,Astro,feat_156369,-0.0113964781033195,,11,RidgeCV
atac_processing_techniques,igvf_pfc_train_MTG,ATAC,Astro,feat_156370,-0.0118415518213464,,5,RidgeCV
atac_processing_techniques,igvf_pfc_train_MTG,ATAC,Astro,feat_156371,-0.0117030546935397,,9,RidgeCV
atac_processing_techniques,igvf_pfc_train_MTG,ATAC,Astro,feat_156372,-0.011721812945905,,8,RidgeCV
atac_processing_techniques,igvf_pfc_train_MTG,ATAC,Astro,feat_156373,-0.011721812945905,,7,RidgeCV
atac_processing_techniques,igvf_pfc_train_MTG,ATAC,Astro,feat_156374,-0.009796134252394,,30,RidgeCV
atac_processing_techniques,igvf_pfc_train_MTG,ATAC,Astro,feat_156375,-0.0080980873578917,,82,RidgeCV
atac_processing_techniques,igvf_pfc_train_MTG,ATAC,Astro,feat_159309,0.0072315471079579,,160,RidgeCV
atac_processing_techniques,igvf_pfc_train_MTG,ATAC,Astro,feat_159915,-0.0075390607202116,,127,RidgeCV
atac_processing_techniques,igvf_pfc_train_MTG,ATAC,Astro,feat_159985,-0.0089168125469077,,47,RidgeCV
atac_processing_techniques,igvf_pfc_train_MTG,ATAC,Astro,feat_161450,0.0080573858259291,,90,RidgeCV
atac_processing_techniques,igvf_pfc_train_MTG,ATAC,Astro,feat_161451,0.0080573858259291,,89,RidgeCV
atac_processing_techniques,igvf_pfc_train_MTG,ATAC,Astro,feat_161456,0.0078965573874447,,100,RidgeCV
atac_processing_techniques,igvf_pfc_train_MTG,ATAC,Astro,feat_167183,0.0080115791171584,,94,RidgeCV
atac_processing_techniques,igvf_pfc_train_MTG,ATAC,Astro,feat_175959,-0.0077534849686472,,108,RidgeCV
atac_processing_techniques,igvf_pfc_train_MTG,ATAC,Astro,feat_177162,0.0072281347170709,,162,RidgeCV
atac_processing_techniques,igvf_pfc_train_MTG,ATAC,Astro,feat_177163,0.0072281347170709,,163,RidgeCV
atac_processing_techniques,igvf_pfc_train_MTG,ATAC,Astro,feat_177311,0.0113804846105,,12,RidgeCV
atac_processing_techniques,igvf_pfc_train_MTG,ATAC,Astro,feat_177312,0.0076935730912146,,110,RidgeCV
atac_processing_techniques,igvf_pfc_train_MTG,ATAC,Astro,feat_179839,0.0090995558294687,,41,RidgeCV
atac_processing_techniques,igvf_pfc_train_MTG,ATAC,Astro,feat_182877,0.0070617673741903,,193,RidgeCV
atac_processing_techniques,igvf_pfc_train_MTG,ATAC,Astro,feat_182878,0.0105781730680914,,20,RidgeCV
atac_processing_techniques,igvf_pfc_train_MTG,ATAC,Astro,feat_186426,-0.0104362869082947,,21,RidgeCV
atac_processing_techniques,igvf_pfc_train_MTG,ATAC,Astro,feat_187810,-0.0104123118860928,,22,RidgeCV
atac_processing_techniques,igvf_pfc_train_MTG,ATAC,Astro,feat_187811,-0.0108923976845382,,14,RidgeCV
atac_processing_techniques,igvf_pfc_train_MTG,ATAC,Astro,feat_187812,-0.0108557928380425,,16,RidgeCV
atac_processing_techniques,igvf_pfc_train_MTG,ATAC,Astro,feat_187813,-0.00988113046443,,29,RidgeCV
atac_processing_techniques,igvf_pfc_train_MTG,ATAC,Astro,feat_190835,-0.0076263488555861,,119,RidgeCV
atac_processing_techniques,igvf_pfc_train_MTG,ATAC,Astro,feat_192062,-0.0089441429947137,,46,RidgeCV
atac_processing_techniques,igvf_pfc_train_MTG,ATAC,Astro,feat_197068,-0.0090612181961546,,42,RidgeCV
atac_processing_techniques,igvf_pfc_train_MTG,ATAC,Astro,feat_199572,-0.0129710264007819,,2,RidgeCV
atac_processing_techniques,igvf_pfc_train_MTG,ATAC,Astro,feat_199573,-0.008255883854045,,70,RidgeCV
atac_processing_techniques,igvf_pfc_train_MTG,ATAC,Astro,feat_199578,-0.0077246130832068,,109,RidgeCV
atac_processing_techniques,igvf_pfc_train_MTG,ATAC,Astro,feat_200676,-0.0073705434770687,,143,RidgeCV
atac_processing_techniques,igvf_pfc_train_MTG,ATAC,Astro,feat_201184,0.0071154011768891,,177,RidgeCV
atac_processing_techniques,igvf_pfc_train_MTG,ATAC,Astro,feat_203412,-0.0080557878134047,,91,RidgeCV
atac_processing_techniques,igvf_pfc_train_MTG,ATAC,Astro,feat_203413,-0.0080557878134047,,92,RidgeCV
atac_processing_techniques,igvf_pfc_train_MTG,ATAC,Astro,feat_20419,0.0071028461621308,,180,RidgeCV
atac_processing_techniques,igvf_pfc_train_MTG,ATAC,Astro,feat_204785,-0.0076663167915576,,113,RidgeCV
atac_processing_techniques,igvf_pfc_train_MTG,ATAC,Astro,feat_206894,0.0111400253719085,,13,RidgeCV
atac_processing_techniques,igvf_pfc_train_MTG,ATAC,Astro,feat_207726,-0.010603908131208,,19,RidgeCV
atac_processing_techniques,igvf_pfc_train_MTG,ATAC,Astro,feat_207727,-0.0092054703239893,,38,RidgeCV
atac_processing_techniques,igvf_pfc_train_MTG,ATAC,Astro,feat_21599,0.0076065668249537,,120,RidgeCV
atac_processing_techniques,igvf_pfc_train_MTG,ATAC,Astro,feat_21609,0.0070905178580572,,182,RidgeCV
atac_processing_techniques,igvf_pfc_train_MTG,ATAC,Astro,feat_219944,-0.0078737294985146,,103,RidgeCV
atac_processing_techniques,igvf_pfc_train_MTG,ATAC,Astro,feat_221292,0.0085581745471544,,58,RidgeCV
atac_processing_techniques,igvf_pfc_train_MTG,ATAC,Astro,feat_221374,-0.0071659280981916,,172,RidgeCV
atac_processing_techniques,igvf_pfc_train_MTG,ATAC,Astro,feat_238614,-0.0075423280461682,,126,RidgeCV
atac_processing_techniques,igvf_pfc_train_MTG,ATAC,Astro,feat_240297,-0.0075359904803518,,128,RidgeCV
atac_processing_techniques,igvf_pfc_train_MTG,ATAC,Astro,feat_24306,-0.0078137481308569,,106,RidgeCV
atac_processing_techniques,igvf_pfc_train_MTG,ATAC,Astro,feat_247898,-0.0080747074880476,,87,RidgeCV
atac_processing_techniques,igvf_pfc_train_MTG,ATAC,Astro,feat_25101,-0.0082270269339749,,74,RidgeCV
atac_processing_techniques,igvf_pfc_train_MTG,ATAC,Astro,feat_25102,-0.0080852917088855,,85,RidgeCV
atac_processing_techniques,igvf_pfc_train_MTG,ATAC,Astro,feat_251589,0.0082298354644892,,73,RidgeCV
atac_processing_techniques,igvf_pfc_train_MTG,ATAC,Astro,feat_251590,0.0082298354644892,,72,RidgeCV
atac_processing_techniques,igvf_pfc_train_MTG,ATAC,Astro,feat_251594,0.0073244720320012,,149,RidgeCV
atac_processing_techniques,igvf_pfc_train_MTG,ATAC,Astro,feat_251595,0.0071116188505889,,178,RidgeCV
atac_processing_techniques,igvf_pfc_train_MTG,ATAC,Astro,feat_251599,0.0070489958965347,,195,RidgeCV
atac_processing_techniques,igvf_pfc_train_MTG,ATAC,Astro,feat_252852,0.0084731997586347,,60,RidgeCV
atac_processing_techniques,igvf_pfc_train_MTG,ATAC,Astro,feat_258247,-0.0075826102684756,,123,RidgeCV
atac_processing_techniques,igvf_pfc_train_MTG,ATAC,Astro,feat_260137,0.00704331315832,,196,RidgeCV
atac_processing_techniques,igvf_pfc_train_MTG,ATAC,Astro,feat_260697,0.008846737217976,,48,RidgeCV
atac_processing_techniques,igvf_pfc_train_MTG,ATAC,Astro,feat_260745,-0.0071970187569436,,166,RidgeCV
atac_processing_techniques,igvf_pfc_train_MTG,ATAC,Astro,feat_265573,-0.0070336963373208,,197,RidgeCV
atac_processing_techniques,igvf_pfc_train_MTG,ATAC,Astro,feat_272043,0.0070776055452941,,186,RidgeCV
atac_processing_techniques,igvf_pfc_train_MTG,ATAC,Astro,feat_282349,-0.0089962481589562,,43,RidgeCV
atac_processing_techniques,igvf_pfc_train_MTG,ATAC,Astro,feat_284535,-0.007856863944913,,104,RidgeCV
atac_processing_techniques,igvf_pfc_train_MTG,ATAC,Astro,feat_287200,-0.013918537771016,,0,RidgeCV
atac_processing_techniques,igvf_pfc_train_MTG,ATAC,Astro,feat_287201,-0.0100090465877016,,28,RidgeCV
atac_processing_techniques,igvf_pfc_train_MTG,ATAC,Astro,feat_287202,-0.0100090465877016,,27,RidgeCV
atac_processing_techniques,igvf_pfc_train_MTG,ATAC,Astro,feat_287782,-0.0079012776206853,,99,RidgeCV
atac_processing_techniques,igvf_pfc_train_MTG,ATAC,Astro,feat_287783,-0.0079012776206853,,98,RidgeCV
atac_processing_techniques,igvf_pfc_train_MTG,ATAC,Astro,feat_288512,-0.0091417179681781,,40,RidgeCV
atac_processing_techniques,igvf_pfc_train_MTG,ATAC,Astro,feat_29520,0.0081724902992602,,79,RidgeCV
atac_processing_techniques,igvf_pfc_train_MTG,ATAC,Astro,feat_295709,-0.007021153162112,,199,RidgeCV
atac_processing_techniques,igvf_pfc_train_MTG,ATAC,Astro,feat_299873,0.0091492209359305,,39,RidgeCV
atac_processing_techniques,igvf_pfc_train_MTG,ATAC,Astro,feat_299889,0.0074078980114532,,140,RidgeCV
atac_processing_techniques,igvf_pfc_train_MTG,ATAC,Astro,feat_300401,-0.0075566502616135,,124,RidgeCV
atac_processing_techniques,igvf_pfc_train_MTG,ATAC,Astro,feat_300731,-0.0083156594174824,,68,RidgeCV
atac_processing_techniques,igvf_pfc_train_MTG,ATAC,Astro,feat_307673,-0.0120603891615346,,3,RidgeCV
atac_processing_techniques,igvf_pfc_train_MTG,ATAC,Astro,feat_307674,-0.0103431964819326,,24,RidgeCV
atac_processing_techniques,igvf_pfc_train_MTG,ATAC,Astro,feat_307676,-0.007445544979577,,139,RidgeCV
atac_processing_techniques,igvf_pfc_train_MTG,ATAC,Astro,feat_308305,-0.0072455856974318,,159,RidgeCV
atac_processing_techniques,igvf_pfc_train_MTG,ATAC,Astro,feat_308355,0.0103345136441853,,25,RidgeCV
atac_processing_techniques,igvf_pfc_train_MTG,ATAC,Astro,feat_31375,0.0084399994232074,,62,RidgeCV
atac_processing_techniques,igvf_pfc_train_MTG,ATAC,Astro,feat_31376,0.0086145701920708,,53,RidgeCV
atac_processing_techniques,igvf_pfc_train_MTG,ATAC,Astro,feat_315052,-0.0081944547224466,,77,RidgeCV
atac_processing_techniques,igvf_pfc_train_MTG,ATAC,Astro,feat_31914,0.0073666912725172,,144,RidgeCV
atac_processing_techniques,igvf_pfc_train_MTG,ATAC,Astro,feat_31915,0.0073666912725172,,145,RidgeCV
atac_processing_techniques,igvf_pfc_train_MTG,ATAC,Astro,feat_31919,0.0097012989875852,,31,RidgeCV
atac_processing_techniques,igvf_pfc_train_MTG,ATAC,Astro,feat_321237,0.0085081428434677,,59,RidgeCV
atac_processing_techniques,igvf_pfc_train_MTG,ATAC,Astro,feat_327495,0.0079980512935126,,96,RidgeCV
atac_processing_techniques,igvf_pfc_train_MTG,ATAC,Astro,feat_330026,0.0076386885218296,,117,RidgeCV
atac_processing_techniques,igvf_pfc_train_MTG,ATAC,Astro,feat_330027,0.0076386885218296,,118,RidgeCV
atac_processing_techniques,igvf_pfc_train_MTG,ATAC,Astro,feat_330715,-0.0080065809719917,,95,RidgeCV
atac_processing_techniques,igvf_pfc_train_MTG,ATAC,Astro,feat_334047,-0.0070699365934009,,188,RidgeCV
atac_processing_techniques,igvf_pfc_train_MTG,ATAC,Astro,feat_334048,-0.0086138138845532,,54,RidgeCV
atac_processing_techniques,igvf_pfc_train_MTG,ATAC,Astro,feat_334257,0.0080485637440681,,93,RidgeCV
atac_processing_techniques,igvf_pfc_train_MTG,ATAC,Astro,feat_334969,0.0079876433451197,,97,RidgeCV
atac_processing_techniques,igvf_pfc_train_MTG,ATAC,Astro,feat_33620,0.0083740615811072,,64,RidgeCV
atac_processing_techniques,igvf_pfc_train_MTG,ATAC,Astro,feat_340377,0.0072143667882433,,165,RidgeCV
atac_processing_techniques,igvf_pfc_train_MTG,ATAC,Astro,feat_340388,0.0080926563796782,,84,RidgeCV
atac_processing_techniques,igvf_pfc_train_MTG,ATAC,Astro,feat_343313,0.0074726511284438,,136,RidgeCV
atac_processing_techniques,igvf_pfc_train_MTG,ATAC,Astro,feat_346517,0.0096090569223599,,32,RidgeCV
atac_processing_techniques,igvf_pfc_train_MTG,ATAC,Astro,feat_346518,0.0100750160370557,,26,RidgeCV
atac_processing_techniques,igvf_pfc_train_MTG,ATAC,Astro,feat_350805,0.0071177562233989,,176,RidgeCV
atac_processing_techniques,igvf_pfc_train_MTG,ATAC,Astro,feat_352145,0.008175571517842,,78,RidgeCV
atac_processing_techniques,igvf_pfc_train_MTG,ATAC,Astro,feat_356858,0.0071706693539745,,171,RidgeCV
atac_processing_techniques,igvf_pfc_train_MTG,ATAC,Astro,feat_359907,-0.0073630194546177,,146,RidgeCV
atac_processing_techniques,igvf_pfc_train_MTG,ATAC,Astro,feat_361109,-0.007054499276078,,194,RidgeCV
atac_processing_techniques,igvf_pfc_train_MTG,ATAC,Astro,feat_36387,-0.0080727098843218,,88,RidgeCV
atac_processing_techniques,igvf_pfc_train_MTG,ATAC,Astro,feat_36427,-0.0085940908880471,,55,RidgeCV
atac_processing_techniques,igvf_pfc_train_MTG,ATAC,Astro,feat_367507,0.0074674739847867,,137,RidgeCV
atac_processing_techniques,igvf_pfc_train_MTG,ATAC,Astro,feat_368711,0.0070665821646326,,189,RidgeCV
atac_processing_techniques,igvf_pfc_train_MTG,ATAC,Astro,feat_36938,-0.0072872277717017,,153,RidgeCV
atac_processing_techniques,igvf_pfc_train_MTG,ATAC,Astro,feat_36939,-0.0087191607277937,,51,RidgeCV
atac_processing_techniques,igvf_pfc_train_MTG,ATAC,Astro,feat_372753,-0.0076031114314796,,121,RidgeCV
atac_processing_techniques,igvf_pfc_train_MTG,ATAC,Astro,feat_373368,-0.0081979123151721,,75,RidgeCV
atac_processing_techniques,igvf_pfc_train_MTG,ATAC,Astro,feat_373369,-0.0081979123151721,,76,RidgeCV
atac_processing_techniques,igvf_pfc_train_MTG,ATAC,Astro,feat_374826,-0.007182772737906,,168,RidgeCV
atac_processing_techniques,igvf_pfc_train_MTG,ATAC,Astro,feat_378050,-0.0076499015817677,,115,RidgeCV
atac_processing_techniques,igvf_pfc_train_MTG,ATAC,Astro,feat_378051,-0.0076499015817677,,114,RidgeCV
atac_processing_techniques,igvf_pfc_train_MTG,ATAC,Astro,feat_378052,-0.0082463417696235,,71,RidgeCV
atac_processing_techniques,igvf_pfc_train_MTG,ATAC,Astro,feat_378053,-0.0075538373181861,,125,RidgeCV
atac_processing_techniques,igvf_pfc_train_MTG,ATAC,Astro,feat_382595,-0.0080799015754386,,86,RidgeCV
atac_processing_techniques,igvf_pfc_train_MTG,ATAC,Astro,feat_383035,0.0070654289921017,,190,RidgeCV
atac_processing_techniques,igvf_pfc_train_MTG,ATAC,Astro,feat_383036,0.0070654289921017,,191,RidgeCV
atac_processing_techniques,igvf_pfc_train_MTG,ATAC,Astro,feat_388072,-0.0104103276021905,,23,RidgeCV
atac_processing_techniques,igvf_pfc_train_MTG,ATAC,Astro,feat_393598,0.007081021358206,,184,RidgeCV
atac_processing_techniques,igvf_pfc_train_MTG,ATAC,Astro,feat_393599,0.007081021358206,,185,RidgeCV
atac_processing_techniques,igvf_pfc_train_MTG,ATAC,Astro,feat_394018,-0.0071725976084151,,170,RidgeCV
atac_processing_techniques,igvf_pfc_train_MTG,ATAC,Astro,feat_395811,-0.0095829464595755,,33,RidgeCV
atac_processing_techniques,igvf_pfc_train_MTG,ATAC,Astro,feat_397419,-0.0084665103138781,,61,RidgeCV
atac_processing_techniques,igvf_pfc_train_MTG,ATAC,Astro,feat_39760,-0.010656550050058,,18,RidgeCV
atac_processing_techniques,igvf_pfc_train_MTG,ATAC,Astro,feat_406547,0.0092327164373578,,37,RidgeCV
atac_processing_techniques,igvf_pfc_train_MTG,ATAC,Astro,feat_407440,0.0081098019344452,,80,RidgeCV
atac_processing_techniques,igvf_pfc_train_MTG,ATAC,Astro,feat_416054,-0.0072288333599222,,161,RidgeCV
atac_processing_techniques,igvf_pfc_train_MTG,ATAC,Astro,feat_416213,0.0080936274979654,,83,RidgeCV
atac_processing_techniques,igvf_pfc_train_MTG,ATAC,Astro,feat_419740,0.0072539815300502,,158,RidgeCV
atac_processing_techniques,igvf_pfc_train_MTG,ATAC,Astro,feat_419741,0.0072539815300502,,157,RidgeCV
atac_processing_techniques,igvf_pfc_train_MTG,ATAC,Astro,feat_42067,0.0075342601380638,,129,RidgeCV
atac_processing_techniques,igvf_pfc_train_MTG,ATAC,Astro,feat_421529,0.0071787335962791,,169,RidgeCV
atac_processing_techniques,igvf_pfc_train_MTG,ATAC,Astro,feat_422130,0.009468238798975,,34,RidgeCV
atac_processing_techniques,igvf_pfc_train_MTG,ATAC,Astro,feat_424680,0.0070307416740759,,198,RidgeCV
atac_processing_techniques,igvf_pfc_train_MTG,ATAC,Astro,feat_425812,-0.0075075337824844,,131,RidgeCV
atac_processing_techniques,igvf_pfc_train_MTG,ATAC,Astro,feat_427236,-0.0071331492578989,,175,RidgeCV
atac_processing_techniques,igvf_pfc_train_MTG,ATAC,Astro,feat_429751,-0.0071100841401708,,179,RidgeCV
atac_processing_techniques,igvf_pfc_train_MTG,ATAC,Astro,feat_429755,-0.008429026537644,,63,RidgeCV
atac_processing_techniques,igvf_pfc_train_MTG,ATAC,Astro,feat_435049,0.0087655726511513,,49,RidgeCV
atac_processing_techniques,igvf_pfc_train_MTG,ATAC,Astro,feat_435888,-0.0074787683543846,,134,RidgeCV
atac_processing_techniques,igvf_pfc_train_MTG,ATAC,Astro,feat_43895,0.0074052474819544,,141,RidgeCV
atac_processing_techniques,igvf_pfc_train_MTG,ATAC,Astro,feat_47100,0.008303893901112,,69,RidgeCV
atac_processing_techniques,igvf_pfc_train_MTG,ATAC,Astro,feat_47101,0.0085894052574473,,56,RidgeCV
atac_processing_techniques,igvf_pfc_train_MTG,ATAC,Astro,feat_49,-0.0073342732530654,,148,RidgeCV
atac_processing_techniques,igvf_pfc_train_MTG,ATAC,Astro,feat_49122,0.0077967142795399,,107,RidgeCV
atac_processing_techniques,igvf_pfc_train_MTG,ATAC,Astro,feat_51,-0.0093816696929932,,36,RidgeCV
atac_processing_techniques,igvf_pfc_train_MTG,ATAC,Astro,feat_65269,0.0071028222056362,,181,RidgeCV
atac_processing_techniques,igvf_pfc_train_MTG,ATAC,Astro,feat_6739,-0.0078155108892159,,105,RidgeCV
atac_processing_techniques,igvf_pfc_train_MTG,ATAC,Astro,feat_68902,-0.008563969524922,,57,RidgeCV
atac_processing_techniques,igvf_pfc_train_MTG,ATAC,Astro,feat_68997,0.0076426941543415,,116,RidgeCV
atac_processing_techniques,igvf_pfc_train_MTG,ATAC,Astro,feat_70471,0.0072583725872346,,154,RidgeCV
atac_processing_techniques,igvf_pfc_train_MTG,ATAC,Astro,feat_71503,0.0087575145981531,,50,RidgeCV
atac_processing_techniques,igvf_pfc_train_MTG,ATAC,Astro,feat_73682,-0.0071373285901195,,174,RidgeCV
atac_processing_techniques,igvf_pfc_train_MTG,ATAC,Astro,feat_74760,0.0075870385732018,,122,RidgeCV
atac_processing_techniques,igvf_pfc_train_MTG,ATAC,Astro,feat_78008,-0.0094627813677237,,35,RidgeCV
atac_processing_techniques,igvf_pfc_train_MTG,ATAC,Astro,feat_78747,0.0073729604163269,,142,RidgeCV
atac_processing_techniques,igvf_pfc_train_MTG,ATAC,Astro,feat_8172,0.0072916162047125,,151,RidgeCV
atac_processing_techniques,igvf_pfc_train_MTG,ATAC,Astro,feat_8173,0.0072916162047125,,152,RidgeCV
atac_processing_techniques,igvf_pfc_train_MTG,ATAC,Astro,feat_87140,-0.0071849034373203,,167,RidgeCV
atac_processing_techniques,igvf_pfc_train_MTG,ATAC,Astro,feat_90476,0.0076703046692661,,112,RidgeCV
atac_processing_techniques,igvf_pfc_train_MTG,ATAC,Astro,feat_90477,0.0076703046692661,,111,RidgeCV
atac_processing_techniques,igvf_pfc_train_MTG,ATAC,Excitatory,feat_100419,-0.0079082146030574,,97,RidgeCV
atac_processing_techniques,igvf_pfc_train_MTG,ATAC,Excitatory,feat_101514,-0.0078284397464892,,106,RidgeCV
atac_processing_techniques,igvf_pfc_train_MTG,ATAC,Excitatory,feat_102589,-0.0079650288133076,,92,RidgeCV
atac_processing_techniques,igvf_pfc_train_MTG,ATAC,Excitatory,feat_102882,-0.0071871213376145,,186,RidgeCV
atac_processing_techniques,igvf_pfc_train_MTG,ATAC,Excitatory,feat_103483,-0.0073969591254964,,145,RidgeCV
atac_processing_techniques,igvf_pfc_train_MTG,ATAC,Excitatory,feat_105473,-0.0077386656028309,,124,RidgeCV
atac_processing_techniques,igvf_pfc_train_MTG,ATAC,Excitatory,feat_105809,-0.007800096044096,,110,RidgeCV
atac_processing_techniques,igvf_pfc_train_MTG,ATAC,Excitatory,feat_108122,-0.0086786274522633,,50,RidgeCV
atac_processing_techniques,igvf_pfc_train_MTG,ATAC,Excitatory,feat_108123,-0.0086786274522633,,49,RidgeCV
atac_processing_techniques,igvf_pfc_train_MTG,ATAC,Excitatory,feat_108263,-0.0101954986715883,,11,RidgeCV
atac_processing_techniques,igvf_pfc_train_MTG,ATAC,Excitatory,feat_110600,-0.0094337493415031,,25,RidgeCV
atac_processing_techniques,igvf_pfc_train_MTG,ATAC,Excitatory,feat_113246,-0.0089649819297336,,40,RidgeCV
atac_processing_techniques,igvf_pfc_train_MTG,ATAC,Excitatory,feat_115414,-0.0073620257298931,,153,RidgeCV
atac_processing_techniques,igvf_pfc_train_MTG,ATAC,Excitatory,feat_117210,-0.0077699647147287,,116,RidgeCV
atac_processing_techniques,igvf_pfc_train_MTG,ATAC,Excitatory,feat_120390,-0.0094884972578627,,23,RidgeCV
atac_processing_techniques,igvf_pfc_train_MTG,ATAC,Excitatory,feat_121604,-0.007825386739871,,107,RidgeCV
atac_processing_techniques,igvf_pfc_train_MTG,ATAC,Excitatory,feat_121785,-0.0079857834517758,,91,RidgeCV
atac_processing_techniques,igvf_pfc_train_MTG,ATAC,Excitatory,feat_121786,-0.00856646643802,,53,RidgeCV
atac_processing_techniques,igvf_pfc_train_MTG,ATAC,Excitatory,feat_121791,-0.0090118512636253,,34,RidgeCV
atac_processing_techniques,igvf_pfc_train_MTG,ATAC,Excitatory,feat_121801,-0.0071672384207179,,188,RidgeCV
atac_processing_techniques,igvf_pfc_train_MTG,ATAC,Excitatory,feat_123585,0.0076803239756093,,128,RidgeCV
atac_processing_techniques,igvf_pfc_train_MTG,ATAC,Excitatory,feat_126302,0.0090547104836602,,32,RidgeCV
atac_processing_techniques,igvf_pfc_train_MTG,ATAC,Excitatory,feat_126303,0.0090547104836602,,31,RidgeCV
atac_processing_techniques,igvf_pfc_train_MTG,ATAC,Excitatory,feat_126544,0.0081224512923192,,77,RidgeCV
atac_processing_techniques,igvf_pfc_train_MTG,ATAC,Excitatory,feat_131103,-0.0077945689064973,,112,RidgeCV
atac_processing_techniques,igvf_pfc_train_MTG,ATAC,Excitatory,feat_132116,-0.0085511778256818,,54,RidgeCV
atac_processing_techniques,igvf_pfc_train_MTG,ATAC,Excitatory,feat_135503,-0.0072841399246755,,164,RidgeCV
atac_processing_techniques,igvf_pfc_train_MTG,ATAC,Excitatory,feat_136271,-0.0074051397131024,,142,RidgeCV
atac_processing_techniques,igvf_pfc_train_MTG,ATAC,Excitatory,feat_138916,-0.0081148916355143,,78,RidgeCV
atac_processing_techniques,igvf_pfc_train_MTG,ATAC,Excitatory,feat_139926,-0.0098652326669388,,17,RidgeCV
atac_processing_techniques,igvf_pfc_train_MTG,ATAC,Excitatory,feat_139945,-0.008250806101633,,70,RidgeCV
atac_processing_techniques,igvf_pfc_train_MTG,ATAC,Excitatory,feat_147617,-0.0074022306142229,,143,RidgeCV
atac_processing_techniques,igvf_pfc_train_MTG,ATAC,Excitatory,feat_148847,-0.0097333476765032,,19,RidgeCV
atac_processing_techniques,igvf_pfc_train_MTG,ATAC,Excitatory,feat_149271,-0.0077743036206703,,115,RidgeCV
atac_processing_techniques,igvf_pfc_train_MTG,ATAC,Excitatory,feat_151426,-0.0106962678374111,,5,RidgeCV
atac_processing_techniques,igvf_pfc_train_MTG,ATAC,Excitatory,feat_154597,-0.0074089879919327,,141,RidgeCV
atac_processing_techniques,igvf_pfc_train_MTG,ATAC,Excitatory,feat_156375,-0.0075594385142289,,136,RidgeCV
atac_processing_techniques,igvf_pfc_train_MTG,ATAC,Excitatory,feat_156377,-0.0091992041082665,,30,RidgeCV
atac_processing_techniques,igvf_pfc_train_MTG,ATAC,Excitatory,feat_156378,-0.008880932076115,,42,RidgeCV
atac_processing_techniques,igvf_pfc_train_MTG,ATAC,Excitatory,feat_156379,-0.008880932076115,,41,RidgeCV
atac_processing_techniques,igvf_pfc_train_MTG,ATAC,Excitatory,feat_156384,-0.0095377985168409,,22,RidgeCV
atac_processing_techniques,igvf_pfc_train_MTG,ATAC,Excitatory,feat_156452,-0.0114043529962807,,1,RidgeCV
atac_processing_techniques,igvf_pfc_train_MTG,ATAC,Excitatory,feat_156453,-0.0073087846860689,,158,RidgeCV
atac_processing_techniques,igvf_pfc_train_MTG,ATAC,Excitatory,feat_156502,-0.0108276803189785,,3,RidgeCV
atac_processing_techniques,igvf_pfc_train_MTG,ATAC,Excitatory,feat_167905,-0.0102849687187327,,10,RidgeCV
atac_processing_techniques,igvf_pfc_train_MTG,ATAC,Excitatory,feat_16964,-0.0077613095915143,,118,RidgeCV
atac_processing_techniques,igvf_pfc_train_MTG,ATAC,Excitatory,feat_172987,-0.0081366877302642,,73,RidgeCV
atac_processing_techniques,igvf_pfc_train_MTG,ATAC,Excitatory,feat_181437,-0.0078353508687854,,105,RidgeCV
atac_processing_techniques,igvf_pfc_train_MTG,ATAC,Excitatory,feat_184290,-0.0072570021841862,,169,RidgeCV
atac_processing_techniques,igvf_pfc_train_MTG,ATAC,Excitatory,feat_186258,-0.007283366288382,,165,RidgeCV
atac_processing_techniques,igvf_pfc_train_MTG,ATAC,Excitatory,feat_187979,-0.0074738881118973,,138,RidgeCV
atac_processing_techniques,igvf_pfc_train_MTG,ATAC,Excitatory,feat_188403,-0.0084454034450766,,56,RidgeCV
atac_processing_techniques,igvf_pfc_train_MTG,ATAC,Excitatory,feat_189523,-0.0081236042836026,,76,RidgeCV
atac_processing_techniques,igvf_pfc_train_MTG,ATAC,Excitatory,feat_194160,-0.0111108385718714,,2,RidgeCV
atac_processing_techniques,igvf_pfc_train_MTG,ATAC,Excitatory,feat_196125,0.0083032154774842,,62,RidgeCV
atac_processing_techniques,igvf_pfc_train_MTG,ATAC,Excitatory,feat_19930,-0.0077553218370307,,120,RidgeCV
atac_processing_techniques,igvf_pfc_train_MTG,ATAC,Excitatory,feat_201888,-0.0101657847071708,,13,RidgeCV
atac_processing_techniques,igvf_pfc_train_MTG,ATAC,Excitatory,feat_205369,-0.009631974984914,,20,RidgeCV
atac_processing_techniques,igvf_pfc_train_MTG,ATAC,Excitatory,feat_21133,0.0107357056843744,,4,RidgeCV
atac_processing_techniques,igvf_pfc_train_MTG,ATAC,Excitatory,feat_213564,-0.0081105466915955,,80,RidgeCV
atac_processing_techniques,igvf_pfc_train_MTG,ATAC,Excitatory,feat_217750,-0.0097681716183777,,18,RidgeCV
atac_processing_techniques,igvf_pfc_train_MTG,ATAC,Excitatory,feat_219379,-0.0096160257547353,,21,RidgeCV
atac_processing_techniques,igvf_pfc_train_MTG,ATAC,Excitatory,feat_22208,0.0071996977493816,,182,RidgeCV
atac_processing_techniques,igvf_pfc_train_MTG,ATAC,Excitatory,feat_22209,0.0071996977493816,,181,RidgeCV
atac_processing_techniques,igvf_pfc_train_MTG,ATAC,Excitatory,feat_22543,-0.0072756313768581,,168,RidgeCV
atac_processing_techniques,igvf_pfc_train_MTG,ATAC,Excitatory,feat_226285,0.0072356674071393,,176,RidgeCV
atac_processing_techniques,igvf_pfc_train_MTG,ATAC,Excitatory,feat_227260,-0.0078520721395503,,102,RidgeCV
atac_processing_techniques,igvf_pfc_train_MTG,ATAC,Excitatory,feat_227675,0.0078527395911666,,101,RidgeCV
atac_processing_techniques,igvf_pfc_train_MTG,ATAC,Excitatory,feat_229218,0.008127133907133,,75,RidgeCV
atac_processing_techniques,igvf_pfc_train_MTG,ATAC,Excitatory,feat_232339,-0.0080297701797081,,87,RidgeCV
atac_processing_techniques,igvf_pfc_train_MTG,ATAC,Excitatory,feat_232595,0.0073947619975562,,147,RidgeCV
atac_processing_techniques,igvf_pfc_train_MTG,ATAC,Excitatory,feat_234192,-0.0071420830564964,,190,RidgeCV
atac_processing_techniques,igvf_pfc_train_MTG,ATAC,Excitatory,feat_234193,-0.0071420830564964,,189,RidgeCV
atac_processing_techniques,igvf_pfc_train_MTG,ATAC,Excitatory,feat_234523,-0.0083250021344329,,61,RidgeCV
atac_processing_techniques,igvf_pfc_train_MTG,ATAC,Excitatory,feat_234757,-0.0073442966967391,,155,RidgeCV
atac_processing_techniques,igvf_pfc_train_MTG,ATAC,Excitatory,feat_234758,-0.0073442966967391,,154,RidgeCV
atac_processing_techniques,igvf_pfc_train_MTG,ATAC,Excitatory,feat_240037,-0.0082650122781798,,67,RidgeCV
atac_processing_techniques,igvf_pfc_train_MTG,ATAC,Excitatory,feat_245605,-0.0093956346535048,,27,RidgeCV
atac_processing_techniques,igvf_pfc_train_MTG,ATAC,Excitatory,feat_246506,-0.008261657113388,,68,RidgeCV
atac_processing_techniques,igvf_pfc_train_MTG,ATAC,Excitatory,feat_246850,-0.0074963782441906,,137,RidgeCV
atac_processing_techniques,igvf_pfc_train_MTG,ATAC,Excitatory,feat_248212,-0.0077977584173678,,111,RidgeCV
atac_processing_techniques,igvf_pfc_train_MTG,ATAC,Excitatory,feat_257576,0.0081317231648072,,74,RidgeCV
atac_processing_techniques,igvf_pfc_train_MTG,ATAC,Excitatory,feat_260159,0.0072377369440516,,175,RidgeCV
atac_processing_techniques,igvf_pfc_train_MTG,ATAC,Excitatory,feat_261446,-0.0078697169315479,,99,RidgeCV
atac_processing_techniques,igvf_pfc_train_MTG,ATAC,Excitatory,feat_261447,-0.0078697169315479,,98,RidgeCV
atac_processing_techniques,igvf_pfc_train_MTG,ATAC,Excitatory,feat_262465,-0.0072188920210116,,178,RidgeCV
atac_processing_techniques,igvf_pfc_train_MTG,ATAC,Excitatory,feat_26359,-0.008054941239557,,84,RidgeCV
atac_processing_techniques,igvf_pfc_train_MTG,ATAC,Excitatory,feat_268604,-0.0078060552921956,,109,RidgeCV
atac_processing_techniques,igvf_pfc_train_MTG,ATAC,Excitatory,feat_275339,-0.0082776222225008,,65,RidgeCV
atac_processing_techniques,igvf_pfc_train_MTG,ATAC,Excitatory,feat_278812,-0.0080042703674731,,90,RidgeCV
atac_processing_techniques,igvf_pfc_train_MTG,ATAC,Excitatory,feat_280111,-0.0074330236122224,,139,RidgeCV
atac_processing_techniques,igvf_pfc_train_MTG,ATAC,Excitatory,feat_280601,-0.0073336225577133,,157,RidgeCV
atac_processing_techniques,igvf_pfc_train_MTG,ATAC,Excitatory,feat_282821,-0.0071063274639069,,196,RidgeCV
atac_processing_techniques,igvf_pfc_train_MTG,ATAC,Excitatory,feat_282822,-0.0071063274639069,,195,RidgeCV
atac_processing_techniques,igvf_pfc_train_MTG,ATAC,Excitatory,feat_284907,-0.008034770753189,,86,RidgeCV
atac_processing_techniques,igvf_pfc_train_MTG,ATAC,Excitatory,feat_285415,-0.0073931473404863,,150,RidgeCV
atac_processing_techniques,igvf_pfc_train_MTG,ATAC,Excitatory,feat_285422,-0.0099178545355742,,15,RidgeCV
atac_processing_techniques,igvf_pfc_train_MTG,ATAC,Excitatory,feat_288155,-0.0071083252739349,,194,RidgeCV
atac_processing_techniques,igvf_pfc_train_MTG,ATAC,Excitatory,feat_29118,-0.0086381741980602,,51,RidgeCV
atac_processing_techniques,igvf_pfc_train_MTG,ATAC,Excitatory,feat_300108,0.0072967485743046,,160,RidgeCV
atac_processing_techniques,igvf_pfc_train_MTG,ATAC,Excitatory,feat_301020,-0.0072520028321259,,171,RidgeCV
atac_processing_techniques,igvf_pfc_train_MTG,ATAC,Excitatory,feat_302134,-0.0099057875760108,,16,RidgeCV
atac_processing_techniques,igvf_pfc_train_MTG,ATAC,Excitatory,feat_307726,-0.0101734359974093,,12,RidgeCV
atac_processing_techniques,igvf_pfc_train_MTG,ATAC,Excitatory,feat_309639,-0.0088281678192816,,44,RidgeCV
atac_processing_techniques,igvf_pfc_train_MTG,ATAC,Excitatory,feat_309963,-0.0083998488015589,,60,RidgeCV
atac_processing_techniques,igvf_pfc_train_MTG,ATAC,Excitatory,feat_318219,0.0072877099602584,,163,RidgeCV
atac_processing_techniques,igvf_pfc_train_MTG,ATAC,Excitatory,feat_320016,-0.0071152214516155,,193,RidgeCV
atac_processing_techniques,igvf_pfc_train_MTG,ATAC,Excitatory,feat_321532,0.0070936910822429,,198,RidgeCV
atac_processing_techniques,igvf_pfc_train_MTG,ATAC,Excitatory,feat_321653,-0.007932574600399,,96,RidgeCV
atac_processing_techniques,igvf_pfc_train_MTG,ATAC,Excitatory,feat_322124,-0.0092244165062859,,28,RidgeCV
atac_processing_techniques,igvf_pfc_train_MTG,ATAC,Excitatory,feat_322870,-0.007634199790733,,132,RidgeCV
atac_processing_techniques,igvf_pfc_train_MTG,ATAC,Excitatory,feat_325447,0.0077914287695919,,113,RidgeCV
atac_processing_techniques,igvf_pfc_train_MTG,ATAC,Excitatory,feat_327936,-0.0105171527265262,,7,RidgeCV
atac_processing_techniques,igvf_pfc_train_MTG,ATAC,Excitatory,feat_327969,-0.0072911058106618,,162,RidgeCV
atac_processing_techniques,igvf_pfc_train_MTG,ATAC,Excitatory,feat_32955,-0.0076825314267448,,127,RidgeCV
atac_processing_techniques,igvf_pfc_train_MTG,ATAC,Excitatory,feat_329622,-0.0084293628286018,,59,RidgeCV
atac_processing_techniques,igvf_pfc_train_MTG,ATAC,Excitatory,feat_331698,-0.0077528062720644,,121,RidgeCV
atac_processing_techniques,igvf_pfc_train_MTG,ATAC,Excitatory,feat_334798,-0.0082906111780739,,63,RidgeCV
atac_processing_techniques,igvf_pfc_train_MTG,ATAC,Excitatory,feat_33502,-0.0072397136201459,,173,RidgeCV
atac_processing_techniques,igvf_pfc_train_MTG,ATAC,Excitatory,feat_337589,0.0077675821876819,,117,RidgeCV
atac_processing_techniques,igvf_pfc_train_MTG,ATAC,Excitatory,feat_342863,-0.0072521195256371,,170,RidgeCV
atac_processing_techniques,igvf_pfc_train_MTG,ATAC,Excitatory,feat_343693,-0.0073756201186495,,152,RidgeCV
atac_processing_techniques,igvf_pfc_train_MTG,ATAC,Excitatory,feat_343857,-0.007128033013208,,192,RidgeCV
atac_processing_techniques,igvf_pfc_train_MTG,ATAC,Excitatory,feat_343882,-0.0087888810648243,,45,RidgeCV
atac_processing_techniques,igvf_pfc_train_MTG,ATAC,Excitatory,feat_343923,-0.0080364722035241,,85,RidgeCV
atac_processing_techniques,igvf_pfc_train_MTG,ATAC,Excitatory,feat_345876,-0.0072774328021425,,167,RidgeCV
atac_processing_techniques,igvf_pfc_train_MTG,ATAC,Excitatory,feat_347561,-0.0070856890582082,,199,RidgeCV
atac_processing_techniques,igvf_pfc_train_MTG,ATAC,Excitatory,feat_349981,-0.00794377170954,,95,RidgeCV
atac_processing_techniques,igvf_pfc_train_MTG,ATAC,Excitatory,feat_35030,0.0078663036210295,,100,RidgeCV
atac_processing_techniques,igvf_pfc_train_MTG,ATAC,Excitatory,feat_350769,-0.0077882134045357,,114,RidgeCV
atac_processing_techniques,igvf_pfc_train_MTG,ATAC,Excitatory,feat_350770,-0.0078376347023659,,103,RidgeCV
atac_processing_techniques,igvf_pfc_train_MTG,ATAC,Excitatory,feat_350842,0.0084429036946169,,58,RidgeCV
atac_processing_techniques,igvf_pfc_train_MTG,ATAC,Excitatory,feat_350843,0.0084429036946169,,57,RidgeCV
atac_processing_techniques,igvf_pfc_train_MTG,ATAC,Excitatory,feat_35204,-0.0073995460006035,,144,RidgeCV
atac_processing_techniques,igvf_pfc_train_MTG,ATAC,Excitatory,feat_357770,0.0073390931526644,,156,RidgeCV
atac_processing_techniques,igvf_pfc_train_MTG,ATAC,Excitatory,feat_361317,-0.0073946805255549,,149,RidgeCV
atac_processing_techniques,igvf_pfc_train_MTG,ATAC,Excitatory,feat_361318,-0.0073946805255549,,148,RidgeCV
atac_processing_techniques,igvf_pfc_train_MTG,ATAC,Excitatory,feat_363031,0.0071989644032243,,183,RidgeCV
atac_processing_techniques,igvf_pfc_train_MTG,ATAC,Excitatory,feat_365158,0.0072121963262471,,179,RidgeCV
atac_processing_techniques,igvf_pfc_train_MTG,ATAC,Excitatory,feat_371808,-0.0094580096334013,,24,RidgeCV
atac_processing_techniques,igvf_pfc_train_MTG,ATAC,Excitatory,feat_371827,-0.0104218923103255,,8,RidgeCV
atac_processing_techniques,igvf_pfc_train_MTG,ATAC,Excitatory,feat_371903,-0.0078128409215,,108,RidgeCV
atac_processing_techniques,igvf_pfc_train_MTG,ATAC,Excitatory,feat_37378,-0.0090500907744481,,33,RidgeCV
atac_processing_techniques,igvf_pfc_train_MTG,ATAC,Excitatory,feat_374260,-0.0071021059378584,,197,RidgeCV
atac_processing_techniques,igvf_pfc_train_MTG,ATAC,Excitatory,feat_375566,-0.0082786342102398,,64,RidgeCV
atac_processing_techniques,igvf_pfc_train_MTG,ATAC,Excitatory,feat_375569,-0.0077513933456836,,122,RidgeCV
atac_processing_techniques,igvf_pfc_train_MTG,ATAC,Excitatory,feat_378193,-0.0073959704605808,,146,RidgeCV
atac_processing_techniques,igvf_pfc_train_MTG,ATAC,Excitatory,feat_38193,-0.0082524470540665,,69,RidgeCV
atac_processing_techniques,igvf_pfc_train_MTG,ATAC,Excitatory,feat_386950,-0.0082657300278546,,66,RidgeCV
atac_processing_techniques,igvf_pfc_train_MTG,ATAC,Excitatory,feat_389130,-0.0087803538537004,,46,RidgeCV
atac_processing_techniques,igvf_pfc_train_MTG,ATAC,Excitatory,feat_39148,0.0087511477330124,,47,RidgeCV
atac_processing_techniques,igvf_pfc_train_MTG,ATAC,Excitatory,feat_392069,-0.008837787750563,,43,RidgeCV
atac_processing_techniques,igvf_pfc_train_MTG,ATAC,Excitatory,feat_392070,-0.0073906829725061,,151,RidgeCV
atac_processing_techniques,igvf_pfc_train_MTG,ATAC,Excitatory,feat_395811,-0.0114477254727072,,0,RidgeCV
atac_processing_techniques,igvf_pfc_train_MTG,ATAC,Excitatory,feat_39847,0.0081120573729257,,79,RidgeCV
atac_processing_techniques,igvf_pfc_train_MTG,ATAC,Excitatory,feat_400089,-0.0071675777444559,,187,RidgeCV
atac_processing_techniques,igvf_pfc_train_MTG,ATAC,Excitatory,feat_403348,-0.0075903188196858,,135,RidgeCV
atac_processing_techniques,igvf_pfc_train_MTG,ATAC,Excitatory,feat_415757,-0.0077118582334117,,126,RidgeCV
atac_processing_techniques,igvf_pfc_train_MTG,ATAC,Excitatory,feat_41685,-0.0078360972937038,,104,RidgeCV
atac_processing_techniques,igvf_pfc_train_MTG,ATAC,Excitatory,feat_41840,0.007224343820729,,177,RidgeCV
atac_processing_techniques,igvf_pfc_train_MTG,ATAC,Excitatory,feat_418463,-0.0081074917441127,,81,RidgeCV
atac_processing_techniques,igvf_pfc_train_MTG,ATAC,Excitatory,feat_421113,-0.0090030247873788,,35,RidgeCV
atac_processing_techniques,igvf_pfc_train_MTG,ATAC,Excitatory,feat_422588,-0.0077587057334561,,119,RidgeCV
atac_processing_techniques,igvf_pfc_train_MTG,ATAC,Excitatory,feat_425156,-0.0077472287102109,,123,RidgeCV
atac_processing_techniques,igvf_pfc_train_MTG,ATAC,Excitatory,feat_427726,-0.0101347652772089,,14,RidgeCV
atac_processing_techniques,igvf_pfc_train_MTG,ATAC,Excitatory,feat_428240,-0.0071982030855471,,184,RidgeCV
atac_processing_techniques,igvf_pfc_train_MTG,ATAC,Excitatory,feat_430178,-0.0089904569948687,,39,RidgeCV
atac_processing_techniques,igvf_pfc_train_MTG,ATAC,Excitatory,feat_430682,-0.0080188060657129,,88,RidgeCV
atac_processing_techniques,igvf_pfc_train_MTG,ATAC,Excitatory,feat_430683,-0.0081692885667291,,72,RidgeCV
atac_processing_techniques,igvf_pfc_train_MTG,ATAC,Excitatory,feat_436303,0.0080561168026084,,83,RidgeCV
atac_processing_techniques,igvf_pfc_train_MTG,ATAC,Excitatory,feat_438227,0.008540257247578,,55,RidgeCV
atac_processing_techniques,igvf_pfc_train_MTG,ATAC,Excitatory,feat_438229,0.0072041632270852,,180,RidgeCV
atac_processing_techniques,igvf_pfc_train_MTG,ATAC,Excitatory,feat_438231,0.008636338020068,,52,RidgeCV
atac_processing_techniques,igvf_pfc_train_MTG,ATAC,Excitatory,feat_438237,0.0072806598851427,,166,RidgeCV
atac_processing_techniques,igvf_pfc_train_MTG,ATAC,Excitatory,feat_43975,-0.0094180309977688,,26,RidgeCV
atac_processing_techniques,igvf_pfc_train_MTG,ATAC,Excitatory,feat_45081,-0.0071910320579868,,185,RidgeCV
atac_processing_techniques,igvf_pfc_train_MTG,ATAC,Excitatory,feat_4673,-0.0089921546472578,,37,RidgeCV
atac_processing_techniques,igvf_pfc_train_MTG,ATAC,Excitatory,feat_4674,-0.0089921546472578,,38,RidgeCV
atac_processing_techniques,igvf_pfc_train_MTG,ATAC,Excitatory,feat_47784,-0.0104092406066368,,9,RidgeCV
atac_processing_techniques,igvf_pfc_train_MTG,ATAC,Excitatory,feat_47785,-0.0077136019853687,,125,RidgeCV
atac_processing_techniques,igvf_pfc_train_MTG,ATAC,Excitatory,feat_5048,-0.0079579746312052,,93,RidgeCV
atac_processing_techniques,igvf_pfc_train_MTG,ATAC,Excitatory,feat_51315,-0.0089941799107009,,36,RidgeCV
atac_processing_techniques,igvf_pfc_train_MTG,ATAC,Excitatory,feat_53138,-0.0082093071208581,,71,RidgeCV
atac_processing_techniques,igvf_pfc_train_MTG,ATAC,Excitatory,feat_54060,-0.007601868010214,,134,RidgeCV
atac_processing_techniques,igvf_pfc_train_MTG,ATAC,Excitatory,feat_55239,-0.0076260121627429,,133,RidgeCV
atac_processing_techniques,igvf_pfc_train_MTG,ATAC,Excitatory,feat_55496,-0.0072921683566501,,161,RidgeCV
atac_processing_techniques,igvf_pfc_train_MTG,ATAC,Excitatory,feat_60346,0.0072507486571698,,172,RidgeCV
atac_processing_techniques,igvf_pfc_train_MTG,ATAC,Excitatory,feat_71485,-0.0074278324693436,,140,RidgeCV
atac_processing_techniques,igvf_pfc_train_MTG,ATAC,Excitatory,feat_72502,-0.0076568474788337,,130,RidgeCV
atac_processing_techniques,igvf_pfc_train_MTG,ATAC,Excitatory,feat_72503,-0.0076568474788337,,129,RidgeCV
atac_processing_techniques,igvf_pfc_train_MTG,ATAC,Excitatory,feat_73235,-0.0080635137563696,,82,RidgeCV
atac_processing_techniques,igvf_pfc_train_MTG,ATAC,Excitatory,feat_77871,-0.0072377683384832,,174,RidgeCV
atac_processing_techniques,igvf_pfc_train_MTG,ATAC,Excitatory,feat_77872,-0.0073024822906778,,159,RidgeCV
atac_processing_techniques,igvf_pfc_train_MTG,ATAC,Excitatory,feat_87660,-0.0087478578505568,,48,RidgeCV
atac_processing_techniques,igvf_pfc_train_MTG,ATAC,Excitatory,feat_88518,-0.0106207752442519,,6,RidgeCV
atac_processing_techniques,igvf_pfc_train_MTG,ATAC,Excitatory,feat_90168,-0.0079501520925117,,94,RidgeCV
atac_processing_techniques,igvf_pfc_train_MTG,ATAC,Excitatory,feat_94483,-0.0071342931990952,,191,RidgeCV
atac_processing_techniques,igvf_pfc_train_MTG,ATAC,Excitatory,feat_96363,-0.0076366764504091,,131,RidgeCV
atac_processing_techniques,igvf_pfc_train_MTG,ATAC,Excitatory,feat_97593,-0.0080114550614415,,89,RidgeCV
atac_processing_techniques,igvf_pfc_train_MTG,ATAC,Excitatory,feat_99072,-0.0092198419755549,,29,RidgeCV
atac_processing_techniques,igvf_pfc_train_MTG,ATAC,Inhibitory,feat_102882,-0.0059945323545922,,168,RidgeCV
atac_processing_techniques,igvf_pfc_train_MTG,ATAC,Inhibitory,feat_103220,-0.006195172115372,,120,RidgeCV
atac_processing_techniques,igvf_pfc_train_MTG,ATAC,Inhibitory,feat_104135,0.0066677408092989,,60,RidgeCV
atac_processing_techniques,igvf_pfc_train_MTG,ATAC,Inhibitory,feat_106381,0.005883140659764,,198,RidgeCV
atac_processing_techniques,igvf_pfc_train_MTG,ATAC,Inhibitory,feat_10662,-0.0060644676652656,,140,RidgeCV
atac_processing_techniques,igvf_pfc_train_MTG,ATAC,Inhibitory,feat_107253,-0.005999809450096,,166,RidgeCV
atac_processing_techniques,igvf_pfc_train_MTG,ATAC,Inhibitory,feat_108289,-0.0060013998947388,,165,RidgeCV
atac_processing_techniques,igvf_pfc_train_MTG,ATAC,Inhibitory,feat_108419,-0.0060899183653072,,135,RidgeCV
atac_processing_techniques,igvf_pfc_train_MTG,ATAC,Inhibitory,feat_108466,-0.008507640395819,,7,RidgeCV
atac_processing_techniques,igvf_pfc_train_MTG,ATAC,Inhibitory,feat_108875,-0.006233839348233,,114,RidgeCV
atac_processing_techniques,igvf_pfc_train_MTG,ATAC,Inhibitory,feat_109822,-0.0060065661070673,,162,RidgeCV
atac_processing_techniques,igvf_pfc_train_MTG,ATAC,Inhibitory,feat_109823,-0.0060065661070673,,163,RidgeCV
atac_processing_techniques,igvf_pfc_train_MTG,ATAC,Inhibitory,feat_110807,0.0066720631237665,,59,RidgeCV
atac_processing_techniques,igvf_pfc_train_MTG,ATAC,Inhibitory,feat_112505,0.0070142054196078,,36,RidgeCV
atac_processing_techniques,igvf_pfc_train_MTG,ATAC,Inhibitory,feat_112656,0.0066260484508785,,63,RidgeCV
atac_processing_techniques,igvf_pfc_train_MTG,ATAC,Inhibitory,feat_114713,0.0069669898935615,,41,RidgeCV
atac_processing_techniques,igvf_pfc_train_MTG,ATAC,Inhibitory,feat_117274,-0.0060039908632724,,164,RidgeCV
atac_processing_techniques,igvf_pfc_train_MTG,ATAC,Inhibitory,feat_117623,0.0073395323165204,,24,RidgeCV
atac_processing_techniques,igvf_pfc_train_MTG,ATAC,Inhibitory,feat_117624,0.0073395323165204,,25,RidgeCV
atac_processing_techniques,igvf_pfc_train_MTG,ATAC,Inhibitory,feat_118217,-0.0064639429452518,,80,RidgeCV
atac_processing_techniques,igvf_pfc_train_MTG,ATAC,Inhibitory,feat_118374,-0.0060198760226401,,154,RidgeCV
atac_processing_techniques,igvf_pfc_train_MTG,ATAC,Inhibitory,feat_119,-0.0059045742985278,,189,RidgeCV
atac_processing_techniques,igvf_pfc_train_MTG,ATAC,Inhibitory,feat_12288,-0.0062183239738811,,115,RidgeCV
atac_processing_techniques,igvf_pfc_train_MTG,ATAC,Inhibitory,feat_124320,-0.0065392980730154,,73,RidgeCV
atac_processing_techniques,igvf_pfc_train_MTG,ATAC,Inhibitory,feat_124323,-0.0058994025279195,,192,RidgeCV
atac_processing_techniques,igvf_pfc_train_MTG,ATAC,Inhibitory,feat_127362,-0.0070030826887552,,37,RidgeCV
atac_processing_techniques,igvf_pfc_train_MTG,ATAC,Inhibitory,feat_131416,-0.0060455703249527,,146,RidgeCV
atac_processing_techniques,igvf_pfc_train_MTG,ATAC,Inhibitory,feat_136215,-0.0073640456456236,,22,RidgeCV
atac_processing_techniques,igvf_pfc_train_MTG,ATAC,Inhibitory,feat_139736,-0.0066873584590218,,58,RidgeCV
atac_processing_techniques,igvf_pfc_train_MTG,ATAC,Inhibitory,feat_149299,-0.0063379168332837,,93,RidgeCV
atac_processing_techniques,igvf_pfc_train_MTG,ATAC,Inhibitory,feat_149410,-0.0059711087879327,,177,RidgeCV
atac_processing_techniques,igvf_pfc_train_MTG,ATAC,Inhibitory,feat_151218,-0.007638540454938,,19,RidgeCV
atac_processing_techniques,igvf_pfc_train_MTG,ATAC,Inhibitory,feat_151426,-0.0061113130929408,,127,RidgeCV
atac_processing_techniques,igvf_pfc_train_MTG,ATAC,Inhibitory,feat_152092,-0.0062559633690037,,107,RidgeCV
atac_processing_techniques,igvf_pfc_train_MTG,ATAC,Inhibitory,feat_153400,-0.0064426064593835,,81,RidgeCV
atac_processing_techniques,igvf_pfc_train_MTG,ATAC,Inhibitory,feat_157031,-0.0060101392721475,,160,RidgeCV
atac_processing_techniques,igvf_pfc_train_MTG,ATAC,Inhibitory,feat_157443,-0.0076598611487216,,17,RidgeCV
atac_processing_techniques,igvf_pfc_train_MTG,ATAC,Inhibitory,feat_157461,-0.0067362322623017,,54,RidgeCV
atac_processing_techniques,igvf_pfc_train_MTG,ATAC,Inhibitory,feat_15984,-0.0071751763580655,,29,RidgeCV
atac_processing_techniques,igvf_pfc_train_MTG,ATAC,Inhibitory,feat_163528,-0.0066132435312104,,65,RidgeCV
atac_processing_techniques,igvf_pfc_train_MTG,ATAC,Inhibitory,feat_170180,-0.0059375575406168,,185,RidgeCV
atac_processing_techniques,igvf_pfc_train_MTG,ATAC,Inhibitory,feat_177775,-0.0076396721153878,,18,RidgeCV
atac_processing_techniques,igvf_pfc_train_MTG,ATAC,Inhibitory,feat_182627,-0.0060455702998222,,147,RidgeCV
atac_processing_techniques,igvf_pfc_train_MTG,ATAC,Inhibitory,feat_183546,-0.0062682173491848,,102,RidgeCV
atac_processing_techniques,igvf_pfc_train_MTG,ATAC,Inhibitory,feat_183547,-0.0063424747462894,,90,RidgeCV
atac_processing_techniques,igvf_pfc_train_MTG,ATAC,Inhibitory,feat_186332,-0.0063885731346656,,85,RidgeCV
atac_processing_techniques,igvf_pfc_train_MTG,ATAC,Inhibitory,feat_187071,-0.0064810044904461,,79,RidgeCV
atac_processing_techniques,igvf_pfc_train_MTG,ATAC,Inhibitory,feat_187973,-0.0062602073142567,,106,RidgeCV
atac_processing_techniques,igvf_pfc_train_MTG,ATAC,Inhibitory,feat_190628,-0.0060410689925774,,149,RidgeCV
atac_processing_techniques,igvf_pfc_train_MTG,ATAC,Inhibitory,feat_190784,0.005985591237863,,171,RidgeCV
atac_processing_techniques,igvf_pfc_train_MTG,ATAC,Inhibitory,feat_191212,-0.0063157700281222,,97,RidgeCV
atac_processing_techniques,igvf_pfc_train_MTG,ATAC,Inhibitory,feat_191779,-0.0082221959808363,,10,RidgeCV
atac_processing_techniques,igvf_pfc_train_MTG,ATAC,Inhibitory,feat_193115,-0.0064191062309425,,83,RidgeCV
atac_processing_techniques,igvf_pfc_train_MTG,ATAC,Inhibitory,feat_193923,0.0059297002939172,,187,RidgeCV
atac_processing_techniques,igvf_pfc_train_MTG,ATAC,Inhibitory,feat_199037,0.0060402509332831,,150,RidgeCV
atac_processing_techniques,igvf_pfc_train_MTG,ATAC,Inhibitory,feat_203294,-0.005926304937923,,188,RidgeCV
atac_processing_techniques,igvf_pfc_train_MTG,ATAC,Inhibitory,feat_204610,0.00610722075276,,130,RidgeCV
atac_processing_techniques,igvf_pfc_train_MTG,ATAC,Inhibitory,feat_205042,-0.0060476575220914,,144,RidgeCV
atac_processing_techniques,igvf_pfc_train_MTG,ATAC,Inhibitory,feat_206159,-0.0076780549038099,,16,RidgeCV
atac_processing_techniques,igvf_pfc_train_MTG,ATAC,Inhibitory,feat_21063,0.0065095187438309,,76,RidgeCV
atac_processing_techniques,igvf_pfc_train_MTG,ATAC,Inhibitory,feat_214529,-0.00633759418109,,94,RidgeCV
atac_processing_techniques,igvf_pfc_train_MTG,ATAC,Inhibitory,feat_219484,-0.0061213889856021,,126,RidgeCV
atac_processing_techniques,igvf_pfc_train_MTG,ATAC,Inhibitory,feat_220500,-0.0059768052724554,,175,RidgeCV
atac_processing_techniques,igvf_pfc_train_MTG,ATAC,Inhibitory,feat_220501,-0.0088925734411409,,2,RidgeCV
atac_processing_techniques,igvf_pfc_train_MTG,ATAC,Inhibitory,feat_220502,-0.0088925734411409,,1,RidgeCV
atac_processing_techniques,igvf_pfc_train_MTG,ATAC,Inhibitory,feat_221111,-0.0065377401995753,,74,RidgeCV
atac_processing_techniques,igvf_pfc_train_MTG,ATAC,Inhibitory,feat_224671,-0.0063620317884324,,89,RidgeCV
atac_processing_techniques,igvf_pfc_train_MTG,ATAC,Inhibitory,feat_228294,-0.0059980993660692,,167,RidgeCV
atac_processing_techniques,igvf_pfc_train_MTG,ATAC,Inhibitory,feat_231774,-0.0063670334901432,,87,RidgeCV
atac_processing_techniques,igvf_pfc_train_MTG,ATAC,Inhibitory,feat_231775,-0.0063670334901432,,88,RidgeCV
atac_processing_techniques,igvf_pfc_train_MTG,ATAC,Inhibitory,feat_235370,-0.0069836691361671,,40,RidgeCV
atac_processing_techniques,igvf_pfc_train_MTG,ATAC,Inhibitory,feat_238488,-0.0086375036639718,,5,RidgeCV
atac_processing_techniques,igvf_pfc_train_MTG,ATAC,Inhibitory,feat_239736,-0.0071041156462307,,31,RidgeCV
atac_processing_techniques,igvf_pfc_train_MTG,ATAC,Inhibitory,feat_240763,-0.0069918665122376,,39,RidgeCV
atac_processing_techniques,igvf_pfc_train_MTG,ATAC,Inhibitory,feat_248354,-0.0059589415433474,,180,RidgeCV
atac_processing_techniques,igvf_pfc_train_MTG,ATAC,Inhibitory,feat_25030,-0.0070524983342651,,34,RidgeCV
atac_processing_techniques,igvf_pfc_train_MTG,ATAC,Inhibitory,feat_251657,-0.0059795358940539,,174,RidgeCV
atac_processing_techniques,igvf_pfc_train_MTG,ATAC,Inhibitory,feat_252323,-0.0069003291260937,,45,RidgeCV
atac_processing_techniques,igvf_pfc_train_MTG,ATAC,Inhibitory,feat_258820,-0.0063712856241886,,86,RidgeCV
atac_processing_techniques,igvf_pfc_train_MTG,ATAC,Inhibitory,feat_263804,-0.0099563801118152,,0,RidgeCV
atac_processing_techniques,igvf_pfc_train_MTG,ATAC,Inhibitory,feat_270587,-0.006509158369388,,77,RidgeCV
atac_processing_techniques,igvf_pfc_train_MTG,ATAC,Inhibitory,feat_273788,-0.0060843712766874,,136,RidgeCV
atac_processing_techniques,igvf_pfc_train_MTG,ATAC,Inhibitory,feat_274800,-0.0064991879272253,,78,RidgeCV
atac_processing_techniques,igvf_pfc_train_MTG,ATAC,Inhibitory,feat_275089,-0.006209264126913,,116,RidgeCV
atac_processing_techniques,igvf_pfc_train_MTG,ATAC,Inhibitory,feat_27820,-0.0061080071684048,,129,RidgeCV
atac_processing_techniques,igvf_pfc_train_MTG,ATAC,Inhibitory,feat_279596,-0.0061233994889444,,125,RidgeCV
atac_processing_techniques,igvf_pfc_train_MTG,ATAC,Inhibitory,feat_284087,-0.0068726878971756,,46,RidgeCV
atac_processing_techniques,igvf_pfc_train_MTG,ATAC,Inhibitory,feat_284117,-0.0060973221511287,,133,RidgeCV
atac_processing_techniques,igvf_pfc_train_MTG,ATAC,Inhibitory,feat_288638,-0.0062022409254619,,118,RidgeCV
atac_processing_techniques,igvf_pfc_train_MTG,ATAC,Inhibitory,feat_29407,0.0068427512500448,,49,RidgeCV
atac_processing_techniques,igvf_pfc_train_MTG,ATAC,Inhibitory,feat_29835,-0.0060472262168733,,145,RidgeCV
atac_processing_techniques,igvf_pfc_train_MTG,ATAC,Inhibitory,feat_299315,-0.0060073292496481,,161,RidgeCV
atac_processing_techniques,igvf_pfc_train_MTG,ATAC,Inhibitory,feat_300109,0.0064389097107876,,82,RidgeCV
atac_processing_techniques,igvf_pfc_train_MTG,ATAC,Inhibitory,feat_304494,-0.0058969524569516,,194,RidgeCV
atac_processing_techniques,igvf_pfc_train_MTG,ATAC,Inhibitory,feat_305675,0.0060289007963268,,152,RidgeCV
atac_processing_techniques,igvf_pfc_train_MTG,ATAC,Inhibitory,feat_30685,0.0067124014563348,,56,RidgeCV
atac_processing_techniques,igvf_pfc_train_MTG,ATAC,Inhibitory,feat_307715,-0.0065988521548125,,67,RidgeCV
atac_processing_techniques,igvf_pfc_train_MTG,ATAC,Inhibitory,feat_308597,-0.0062617513045898,,105,RidgeCV
atac_processing_techniques,igvf_pfc_train_MTG,ATAC,Inhibitory,feat_316811,-0.0059727451529379,,176,RidgeCV
atac_processing_techniques,igvf_pfc_train_MTG,ATAC,Inhibitory,feat_318702,0.0062393627500029,,111,RidgeCV
atac_processing_techniques,igvf_pfc_train_MTG,ATAC,Inhibitory,feat_318703,0.0062393627500029,,110,RidgeCV
atac_processing_techniques,igvf_pfc_train_MTG,ATAC,Inhibitory,feat_318704,0.0059848015027827,,172,RidgeCV
atac_processing_techniques,igvf_pfc_train_MTG,ATAC,Inhibitory,feat_319445,-0.006109451011711,,128,RidgeCV
atac_processing_techniques,igvf_pfc_train_MTG,ATAC,Inhibitory,feat_321532,0.0079218098887719,,14,RidgeCV
atac_processing_techniques,igvf_pfc_train_MTG,ATAC,Inhibitory,feat_323726,-0.0071996737710225,,28,RidgeCV
atac_processing_techniques,igvf_pfc_train_MTG,ATAC,Inhibitory,feat_327305,0.0081177479881881,,11,RidgeCV
atac_processing_techniques,igvf_pfc_train_MTG,ATAC,Inhibitory,feat_327306,0.0081177479881881,,12,RidgeCV
atac_processing_techniques,igvf_pfc_train_MTG,ATAC,Inhibitory,feat_331211,-0.0068652388704027,,47,RidgeCV
atac_processing_techniques,igvf_pfc_train_MTG,ATAC,Inhibitory,feat_334251,-0.0068532251306965,,48,RidgeCV
atac_processing_techniques,igvf_pfc_train_MTG,ATAC,Inhibitory,feat_337899,0.0058937085891254,,195,RidgeCV
atac_processing_techniques,igvf_pfc_train_MTG,ATAC,Inhibitory,feat_34157,-0.0063239908232142,,96,RidgeCV
atac_processing_techniques,igvf_pfc_train_MTG,ATAC,Inhibitory,feat_344507,-0.0059410228869627,,184,RidgeCV
atac_processing_techniques,igvf_pfc_train_MTG,ATAC,Inhibitory,feat_345861,-0.0061876995633232,,121,RidgeCV
atac_processing_techniques,igvf_pfc_train_MTG,ATAC,Inhibitory,feat_346453,-0.0065446870041239,,72,RidgeCV
atac_processing_techniques,igvf_pfc_train_MTG,ATAC,Inhibitory,feat_347585,0.0060103051084284,,159,RidgeCV
atac_processing_techniques,igvf_pfc_train_MTG,ATAC,Inhibitory,feat_348134,-0.0062371267474055,,112,RidgeCV
atac_processing_techniques,igvf_pfc_train_MTG,ATAC,Inhibitory,feat_349397,-0.0075288005917918,,21,RidgeCV
atac_processing_techniques,igvf_pfc_train_MTG,ATAC,Inhibitory,feat_349677,-0.0067350034311002,,55,RidgeCV
atac_processing_techniques,igvf_pfc_train_MTG,ATAC,Inhibitory,feat_354703,-0.0069999636012002,,38,RidgeCV
atac_processing_techniques,igvf_pfc_train_MTG,ATAC,Inhibitory,feat_363871,-0.0066127146104371,,66,RidgeCV
atac_processing_techniques,igvf_pfc_train_MTG,ATAC,Inhibitory,feat_363881,-0.0083802099200513,,9,RidgeCV
atac_processing_techniques,igvf_pfc_train_MTG,ATAC,Inhibitory,feat_366642,-0.0063268179777646,,95,RidgeCV
atac_processing_techniques,igvf_pfc_train_MTG,ATAC,Inhibitory,feat_366967,-0.0062085314528731,,117,RidgeCV
atac_processing_techniques,igvf_pfc_train_MTG,ATAC,Inhibitory,feat_366968,-0.0066623378375739,,61,RidgeCV
atac_processing_techniques,igvf_pfc_train_MTG,ATAC,Inhibitory,feat_367738,-0.0059616545916998,,179,RidgeCV
atac_processing_techniques,igvf_pfc_train_MTG,ATAC,Inhibitory,feat_373368,-0.0065702933302383,,70,RidgeCV
atac_processing_techniques,igvf_pfc_train_MTG,ATAC,Inhibitory,feat_373369,-0.0065702933302383,,69,RidgeCV
atac_processing_techniques,igvf_pfc_train_MTG,ATAC,Inhibitory,feat_374915,-0.0062821892951972,,101,RidgeCV
atac_processing_techniques,igvf_pfc_train_MTG,ATAC,Inhibitory,feat_375521,-0.0062651034505419,,104,RidgeCV
atac_processing_techniques,igvf_pfc_train_MTG,ATAC,Inhibitory,feat_379311,-0.0070640390748352,,33,RidgeCV
atac_processing_techniques,igvf_pfc_train_MTG,ATAC,Inhibitory,feat_379472,-0.0061475006616486,,124,RidgeCV
atac_processing_techniques,igvf_pfc_train_MTG,ATAC,Inhibitory,feat_379680,-0.0079319802741174,,13,RidgeCV
atac_processing_techniques,igvf_pfc_train_MTG,ATAC,Inhibitory,feat_380815,-0.0066961303915413,,57,RidgeCV
atac_processing_techniques,igvf_pfc_train_MTG,ATAC,Inhibitory,feat_381379,-0.0059505032595114,,182,RidgeCV
atac_processing_techniques,igvf_pfc_train_MTG,ATAC,Inhibitory,feat_381686,-0.0070668136860825,,32,RidgeCV
atac_processing_techniques,igvf_pfc_train_MTG,ATAC,Inhibitory,feat_381688,-0.0059879181978127,,170,RidgeCV
atac_processing_techniques,igvf_pfc_train_MTG,ATAC,Inhibitory,feat_381689,-0.0063051688880156,,99,RidgeCV
atac_processing_techniques,igvf_pfc_train_MTG,ATAC,Inhibitory,feat_38193,-0.0088021776199645,,3,RidgeCV
atac_processing_techniques,igvf_pfc_train_MTG,ATAC,Inhibitory,feat_383577,-0.0065789257350051,,68,RidgeCV
atac_processing_techniques,igvf_pfc_train_MTG,ATAC,Inhibitory,feat_38498,-0.0072474988590571,,27,RidgeCV
atac_processing_techniques,igvf_pfc_train_MTG,ATAC,Inhibitory,feat_389135,-0.0060940850837113,,134,RidgeCV
atac_processing_techniques,igvf_pfc_train_MTG,ATAC,Inhibitory,feat_390048,-0.0062021656572918,,119,RidgeCV
atac_processing_techniques,igvf_pfc_train_MTG,ATAC,Inhibitory,feat_391419,0.0059364996573384,,186,RidgeCV
atac_processing_techniques,igvf_pfc_train_MTG,ATAC,Inhibitory,feat_394029,-0.0065195271183435,,75,RidgeCV
atac_processing_techniques,igvf_pfc_train_MTG,ATAC,Inhibitory,feat_395811,-0.0085169084915023,,6,RidgeCV
atac_processing_techniques,igvf_pfc_train_MTG,ATAC,Inhibitory,feat_396010,-0.0068214960445803,,52,RidgeCV
atac_processing_techniques,igvf_pfc_train_MTG,ATAC,Inhibitory,feat_396619,-0.0059802250548245,,173,RidgeCV
atac_processing_techniques,igvf_pfc_train_MTG,ATAC,Inhibitory,feat_396683,-0.0058813230083806,,199,RidgeCV
atac_processing_techniques,igvf_pfc_train_MTG,ATAC,Inhibitory,feat_397100,-0.0076133639358188,,20,RidgeCV
atac_processing_techniques,igvf_pfc_train_MTG,ATAC,Inhibitory,feat_39732,-0.0060103600264782,,158,RidgeCV
atac_processing_techniques,igvf_pfc_train_MTG,ATAC,Inhibitory,feat_398524,-0.0062400200393086,,109,RidgeCV
atac_processing_techniques,igvf_pfc_train_MTG,ATAC,Inhibitory,feat_400449,-0.0059552988621928,,181,RidgeCV
atac_processing_techniques,igvf_pfc_train_MTG,ATAC,Inhibitory,feat_401728,-0.006059005619078,,142,RidgeCV
atac_processing_techniques,igvf_pfc_train_MTG,ATAC,Inhibitory,feat_401729,-0.006059005619078,,141,RidgeCV
atac_processing_techniques,igvf_pfc_train_MTG,ATAC,Inhibitory,feat_402123,-0.0059897829556157,,169,RidgeCV
atac_processing_techniques,igvf_pfc_train_MTG,ATAC,Inhibitory,feat_402982,-0.0065662983447647,,71,RidgeCV
atac_processing_techniques,igvf_pfc_train_MTG,ATAC,Inhibitory,feat_403406,-0.0060157169621936,,157,RidgeCV
atac_processing_techniques,igvf_pfc_train_MTG,ATAC,Inhibitory,feat_404120,-0.0071410264283174,,30,RidgeCV
atac_processing_techniques,igvf_pfc_train_MTG,ATAC,Inhibitory,feat_404164,-0.0063383363143707,,92,RidgeCV
atac_processing_techniques,igvf_pfc_train_MTG,ATAC,Inhibitory,feat_404165,-0.0063383363143707,,91,RidgeCV
atac_processing_techniques,igvf_pfc_train_MTG,ATAC,Inhibitory,feat_404198,-0.0061704230178909,,122,RidgeCV
atac_processing_techniques,igvf_pfc_train_MTG,ATAC,Inhibitory,feat_404584,-0.0063106413925674,,98,RidgeCV
atac_processing_techniques,igvf_pfc_train_MTG,ATAC,Inhibitory,feat_404587,-0.0069400180279382,,43,RidgeCV
atac_processing_techniques,igvf_pfc_train_MTG,ATAC,Inhibitory,feat_404625,-0.0060178130843959,,156,RidgeCV
atac_processing_techniques,igvf_pfc_train_MTG,ATAC,Inhibitory,feat_405250,-0.0068264673750364,,51,RidgeCV
atac_processing_techniques,igvf_pfc_train_MTG,ATAC,Inhibitory,feat_405251,-0.0068264673750364,,50,RidgeCV
atac_processing_techniques,igvf_pfc_train_MTG,ATAC,Inhibitory,feat_409032,-0.0062430005318113,,108,RidgeCV
atac_processing_techniques,igvf_pfc_train_MTG,ATAC,Inhibitory,feat_415058,-0.006076755014043,,138,RidgeCV
atac_processing_techniques,igvf_pfc_train_MTG,ATAC,Inhibitory,feat_426119,-0.0063042252234953,,100,RidgeCV
atac_processing_techniques,igvf_pfc_train_MTG,ATAC,Inhibitory,feat_435899,-0.0073123365451082,,26,RidgeCV
atac_processing_techniques,igvf_pfc_train_MTG,ATAC,Inhibitory,feat_4504,-0.0059026981695397,,190,RidgeCV
atac_processing_techniques,igvf_pfc_train_MTG,ATAC,Inhibitory,feat_45730,-0.0077217157279442,,15,RidgeCV
atac_processing_techniques,igvf_pfc_train_MTG,ATAC,Inhibitory,feat_45779,-0.0060832658174516,,137,RidgeCV
atac_processing_techniques,igvf_pfc_train_MTG,ATAC,Inhibitory,feat_46793,-0.0062367969991555,,113,RidgeCV
atac_processing_techniques,igvf_pfc_train_MTG,ATAC,Inhibitory,feat_47845,-0.0060184116592686,,155,RidgeCV
atac_processing_techniques,igvf_pfc_train_MTG,ATAC,Inhibitory,feat_50,-0.0062662219594745,,103,RidgeCV
atac_processing_techniques,igvf_pfc_train_MTG,ATAC,Inhibitory,feat_51,-0.0070510822128303,,35,RidgeCV
atac_processing_techniques,igvf_pfc_train_MTG,ATAC,Inhibitory,feat_51428,-0.0060212881001642,,153,RidgeCV
atac_processing_techniques,igvf_pfc_train_MTG,ATAC,Inhibitory,feat_52,-0.0064155068315454,,84,RidgeCV
atac_processing_techniques,igvf_pfc_train_MTG,ATAC,Inhibitory,feat_54123,-0.0059454240570814,,183,RidgeCV
atac_processing_techniques,igvf_pfc_train_MTG,ATAC,Inhibitory,feat_55073,-0.0060397689662964,,151,RidgeCV
atac_processing_techniques,igvf_pfc_train_MTG,ATAC,Inhibitory,feat_56214,-0.0058969652369279,,193,RidgeCV
atac_processing_techniques,igvf_pfc_train_MTG,ATAC,Inhibitory,feat_56657,-0.0066170056833875,,64,RidgeCV
atac_processing_techniques,igvf_pfc_train_MTG,ATAC,Inhibitory,feat_5728,-0.0084286092806999,,8,RidgeCV
atac_processing_techniques,igvf_pfc_train_MTG,ATAC,Inhibitory,feat_58755,-0.0059016013378941,,191,RidgeCV
atac_processing_techniques,igvf_pfc_train_MTG,ATAC,Inhibitory,feat_59,-0.0058867458169553,,196,RidgeCV
atac_processing_techniques,igvf_pfc_train_MTG,ATAC,Inhibitory,feat_60,-0.0058867458169553,,197,RidgeCV
atac_processing_techniques,igvf_pfc_train_MTG,ATAC,Inhibitory,feat_61,-0.0069420834332798,,42,RidgeCV
atac_processing_techniques,igvf_pfc_train_MTG,ATAC,Inhibitory,feat_63938,-0.0059670157472709,,178,RidgeCV
atac_processing_techniques,igvf_pfc_train_MTG,ATAC,Inhibitory,feat_70344,0.0061061795326998,,132,RidgeCV
atac_processing_techniques,igvf_pfc_train_MTG,ATAC,Inhibitory,feat_73767,-0.0073455850156289,,23,RidgeCV
atac_processing_techniques,igvf_pfc_train_MTG,ATAC,Inhibitory,feat_74210,-0.0061510738308229,,123,RidgeCV
atac_processing_techniques,igvf_pfc_train_MTG,ATAC,Inhibitory,feat_80664,-0.0066277484468485,,62,RidgeCV
atac_processing_techniques,igvf_pfc_train_MTG,ATAC,Inhibitory,feat_89326,0.006069675941022,,139,RidgeCV
atac_processing_techniques,igvf_pfc_train_MTG,ATAC,Inhibitory,feat_89827,-0.0086794963798691,,4,RidgeCV
atac_processing_techniques,igvf_pfc_train_MTG,ATAC,Inhibitory,feat_89851,-0.0061066287928134,,131,RidgeCV
atac_processing_techniques,igvf_pfc_train_MTG,ATAC,Inhibitory,feat_91771,-0.0067540072147668,,53,RidgeCV
atac_processing_techniques,igvf_pfc_train_MTG,ATAC,Inhibitory,feat_93015,-0.0060550278019885,,143,RidgeCV
atac_processing_techniques,igvf_pfc_train_MTG,ATAC,Inhibitory,feat_95624,-0.0060453441838993,,148,RidgeCV
atac_processing_techniques,igvf_pfc_train_MTG,ATAC,Inhibitory,feat_96359,-0.0069073500528722,,44,RidgeCV
atac_processing_techniques,igvf_pfc_train_MTG,ATAC,Microglia,feat_104839,0.0100784325592752,,66,RidgeCV
atac_processing_techniques,igvf_pfc_train_MTG,ATAC,Microglia,feat_105844,0.0143304632379508,,1,RidgeCV
atac_processing_techniques,igvf_pfc_train_MTG,ATAC,Microglia,feat_110129,0.0085999660400713,,176,RidgeCV
atac_processing_techniques,igvf_pfc_train_MTG,ATAC,Microglia,feat_110140,0.0090569062073438,,129,RidgeCV
atac_processing_techniques,igvf_pfc_train_MTG,ATAC,Microglia,feat_113067,0.0085630465919431,,185,RidgeCV
atac_processing_techniques,igvf_pfc_train_MTG,ATAC,Microglia,feat_114533,0.0113119644729893,,33,RidgeCV
atac_processing_techniques,igvf_pfc_train_MTG,ATAC,Microglia,feat_121085,0.0128778229388274,,11,RidgeCV
atac_processing_techniques,igvf_pfc_train_MTG,ATAC,Microglia,feat_121086,0.0092691780246276,,114,RidgeCV
atac_processing_techniques,igvf_pfc_train_MTG,ATAC,Microglia,feat_121087,0.0093365982118971,,107,RidgeCV
atac_processing_techniques,igvf_pfc_train_MTG,ATAC,Microglia,feat_121088,0.0097205084630642,,82,RidgeCV
atac_processing_techniques,igvf_pfc_train_MTG,ATAC,Microglia,feat_121089,0.0097205084630642,,83,RidgeCV
atac_processing_techniques,igvf_pfc_train_MTG,ATAC,Microglia,feat_121106,0.0110303442947473,,38,RidgeCV
atac_processing_techniques,igvf_pfc_train_MTG,ATAC,Microglia,feat_121107,0.0089082279761554,,141,RidgeCV
atac_processing_techniques,igvf_pfc_train_MTG,ATAC,Microglia,feat_121932,-0.0103746393415407,,53,RidgeCV
atac_processing_techniques,igvf_pfc_train_MTG,ATAC,Microglia,feat_125999,0.0087110424558933,,171,RidgeCV
atac_processing_techniques,igvf_pfc_train_MTG,ATAC,Microglia,feat_126000,0.0087110424558933,,170,RidgeCV
atac_processing_techniques,igvf_pfc_train_MTG,ATAC,Microglia,feat_127497,0.0108351236665113,,42,RidgeCV
atac_processing_techniques,igvf_pfc_train_MTG,ATAC,Microglia,feat_129395,-0.0093003405597051,,109,RidgeCV
atac_processing_techniques,igvf_pfc_train_MTG,ATAC,Microglia,feat_129858,-0.0134176233831318,,8,RidgeCV
atac_processing_techniques,igvf_pfc_train_MTG,ATAC,Microglia,feat_130920,0.0098437253808413,,78,RidgeCV
atac_processing_techniques,igvf_pfc_train_MTG,ATAC,Microglia,feat_138299,0.0098682338759942,,76,RidgeCV
atac_processing_techniques,igvf_pfc_train_MTG,ATAC,Microglia,feat_138300,0.0089882025257285,,137,RidgeCV
atac_processing_techniques,igvf_pfc_train_MTG,ATAC,Microglia,feat_138947,0.008787283688772,,160,RidgeCV
atac_processing_techniques,igvf_pfc_train_MTG,ATAC,Microglia,feat_143393,0.0088004324300891,,156,RidgeCV
atac_processing_techniques,igvf_pfc_train_MTG,ATAC,Microglia,feat_143394,0.009157788253932,,123,RidgeCV
atac_processing_techniques,igvf_pfc_train_MTG,ATAC,Microglia,feat_144557,0.0092504560682445,,116,RidgeCV
atac_processing_techniques,igvf_pfc_train_MTG,ATAC,Microglia,feat_144558,0.0092504560682445,,117,RidgeCV
atac_processing_techniques,igvf_pfc_train_MTG,ATAC,Microglia,feat_149218,0.0088971074265809,,142,RidgeCV
atac_processing_techniques,igvf_pfc_train_MTG,ATAC,Microglia,feat_149224,0.0090885371067406,,127,RidgeCV
atac_processing_techniques,igvf_pfc_train_MTG,ATAC,Microglia,feat_151364,0.0084597817461469,,193,RidgeCV
atac_processing_techniques,igvf_pfc_train_MTG,ATAC,Microglia,feat_160753,0.0131780135110223,,9,RidgeCV
atac_processing_techniques,igvf_pfc_train_MTG,ATAC,Microglia,feat_160754,0.0122863652015469,,19,RidgeCV
atac_processing_techniques,igvf_pfc_train_MTG,ATAC,Microglia,feat_161840,0.0092908894465423,,110,RidgeCV
atac_processing_techniques,igvf_pfc_train_MTG,ATAC,Microglia,feat_161841,0.0092908894465423,,111,RidgeCV
atac_processing_techniques,igvf_pfc_train_MTG,ATAC,Microglia,feat_166747,0.0106307619241644,,44,RidgeCV
atac_processing_techniques,igvf_pfc_train_MTG,ATAC,Microglia,feat_169230,0.009223446188121,,119,RidgeCV
atac_processing_techniques,igvf_pfc_train_MTG,ATAC,Microglia,feat_169231,0.009223446188121,,118,RidgeCV
atac_processing_techniques,igvf_pfc_train_MTG,ATAC,Microglia,feat_172970,0.0101427697384255,,60,RidgeCV
atac_processing_techniques,igvf_pfc_train_MTG,ATAC,Microglia,feat_172986,0.0088055388070008,,152,RidgeCV
atac_processing_techniques,igvf_pfc_train_MTG,ATAC,Microglia,feat_174462,-0.0087762762264389,,162,RidgeCV
atac_processing_techniques,igvf_pfc_train_MTG,ATAC,Microglia,feat_180767,0.0117089328782913,,30,RidgeCV
atac_processing_techniques,igvf_pfc_train_MTG,ATAC,Microglia,feat_181111,-0.0096626475087244,,88,RidgeCV
atac_processing_techniques,igvf_pfc_train_MTG,ATAC,Microglia,feat_181112,-0.0118472637424049,,28,RidgeCV
atac_processing_techniques,igvf_pfc_train_MTG,ATAC,Microglia,feat_181113,-0.0100300123058645,,68,RidgeCV
atac_processing_techniques,igvf_pfc_train_MTG,ATAC,Microglia,feat_181468,0.0095713475303699,,94,RidgeCV
atac_processing_techniques,igvf_pfc_train_MTG,ATAC,Microglia,feat_181516,0.0085113620715968,,189,RidgeCV
atac_processing_techniques,igvf_pfc_train_MTG,ATAC,Microglia,feat_194790,0.0094945797561757,,98,RidgeCV
atac_processing_techniques,igvf_pfc_train_MTG,ATAC,Microglia,feat_201420,0.0088109682790245,,151,RidgeCV
atac_processing_techniques,igvf_pfc_train_MTG,ATAC,Microglia,feat_201421,0.0088109682790245,,150,RidgeCV
atac_processing_techniques,igvf_pfc_train_MTG,ATAC,Microglia,feat_201422,0.0099143154088016,,74,RidgeCV
atac_processing_techniques,igvf_pfc_train_MTG,ATAC,Microglia,feat_201441,0.0095943046139523,,90,RidgeCV
atac_processing_techniques,igvf_pfc_train_MTG,ATAC,Microglia,feat_201442,0.0095943046139523,,91,RidgeCV
atac_processing_techniques,igvf_pfc_train_MTG,ATAC,Microglia,feat_201447,0.0119852891658422,,26,RidgeCV
atac_processing_techniques,igvf_pfc_train_MTG,ATAC,Microglia,feat_201636,0.0129672825926708,,10,RidgeCV
atac_processing_techniques,igvf_pfc_train_MTG,ATAC,Microglia,feat_202878,0.0101073099531448,,65,RidgeCV
atac_processing_techniques,igvf_pfc_train_MTG,ATAC,Microglia,feat_205534,0.0145574585588411,,0,RidgeCV
atac_processing_techniques,igvf_pfc_train_MTG,ATAC,Microglia,feat_205547,0.0092110494083523,,120,RidgeCV
atac_processing_techniques,igvf_pfc_train_MTG,ATAC,Microglia,feat_208474,0.008791792192348,,157,RidgeCV
atac_processing_techniques,igvf_pfc_train_MTG,ATAC,Microglia,feat_230858,0.0085833800046014,,181,RidgeCV
atac_processing_techniques,igvf_pfc_train_MTG,ATAC,Microglia,feat_23180,0.0090130766245455,,134,RidgeCV
atac_processing_techniques,igvf_pfc_train_MTG,ATAC,Microglia,feat_237247,-0.0089366052796443,,140,RidgeCV
atac_processing_techniques,igvf_pfc_train_MTG,ATAC,Microglia,feat_241384,-0.008543076055393,,188,RidgeCV
atac_processing_techniques,igvf_pfc_train_MTG,ATAC,Microglia,feat_24402,0.0126877487254226,,13,RidgeCV
atac_processing_techniques,igvf_pfc_train_MTG,ATAC,Microglia,feat_245361,-0.0094980248913641,,97,RidgeCV
atac_processing_techniques,igvf_pfc_train_MTG,ATAC,Microglia,feat_245362,-0.008883280173749,,144,RidgeCV
atac_processing_techniques,igvf_pfc_train_MTG,ATAC,Microglia,feat_24784,0.0085598413420809,,186,RidgeCV
atac_processing_techniques,igvf_pfc_train_MTG,ATAC,Microglia,feat_24785,0.0085598413420809,,187,RidgeCV
atac_processing_techniques,igvf_pfc_train_MTG,ATAC,Microglia,feat_25563,0.0119524450992865,,27,RidgeCV
atac_processing_techniques,igvf_pfc_train_MTG,ATAC,Microglia,feat_256107,0.0095055617619468,,96,RidgeCV
atac_processing_techniques,igvf_pfc_train_MTG,ATAC,Microglia,feat_258226,0.0104931447131863,,50,RidgeCV
atac_processing_techniques,igvf_pfc_train_MTG,ATAC,Microglia,feat_258309,0.0093550645504003,,105,RidgeCV
atac_processing_techniques,igvf_pfc_train_MTG,ATAC,Microglia,feat_25925,0.0121238205739564,,23,RidgeCV
atac_processing_techniques,igvf_pfc_train_MTG,ATAC,Microglia,feat_25926,0.0121238205739564,,22,RidgeCV
atac_processing_techniques,igvf_pfc_train_MTG,ATAC,Microglia,feat_260811,-0.0088116935522889,,149,RidgeCV
atac_processing_techniques,igvf_pfc_train_MTG,ATAC,Microglia,feat_260812,-0.0084952125853976,,190,RidgeCV
atac_processing_techniques,igvf_pfc_train_MTG,ATAC,Microglia,feat_262315,0.0090134417339732,,133,RidgeCV
atac_processing_techniques,igvf_pfc_train_MTG,ATAC,Microglia,feat_262317,0.0090594097435874,,128,RidgeCV
atac_processing_techniques,igvf_pfc_train_MTG,ATAC,Microglia,feat_262705,0.0084503460202508,,196,RidgeCV
atac_processing_techniques,igvf_pfc_train_MTG,ATAC,Microglia,feat_263500,0.0101481199042339,,59,RidgeCV
atac_processing_techniques,igvf_pfc_train_MTG,ATAC,Microglia,feat_267255,0.0087901297801951,,159,RidgeCV
atac_processing_techniques,igvf_pfc_train_MTG,ATAC,Microglia,feat_267946,0.0114178735197722,,32,RidgeCV
atac_processing_techniques,igvf_pfc_train_MTG,ATAC,Microglia,feat_270291,0.0087816566458491,,161,RidgeCV
atac_processing_techniques,igvf_pfc_train_MTG,ATAC,Microglia,feat_270292,0.0099863123223503,,70,RidgeCV
atac_processing_techniques,igvf_pfc_train_MTG,ATAC,Microglia,feat_273432,-0.0092822555894626,,112,RidgeCV
atac_processing_techniques,igvf_pfc_train_MTG,ATAC,Microglia,feat_280413,0.0099315030133698,,72,RidgeCV
atac_processing_techniques,igvf_pfc_train_MTG,ATAC,Microglia,feat_280414,0.0099315030133698,,73,RidgeCV
atac_processing_techniques,igvf_pfc_train_MTG,ATAC,Microglia,feat_280419,0.0106252239293162,,45,RidgeCV
atac_processing_techniques,igvf_pfc_train_MTG,ATAC,Microglia,feat_281367,0.0102919881422866,,54,RidgeCV
atac_processing_techniques,igvf_pfc_train_MTG,ATAC,Microglia,feat_281379,0.0102199044501088,,56,RidgeCV
atac_processing_techniques,igvf_pfc_train_MTG,ATAC,Microglia,feat_281416,0.0125781030051261,,15,RidgeCV
atac_processing_techniques,igvf_pfc_train_MTG,ATAC,Microglia,feat_281417,0.0125781030051261,,14,RidgeCV
atac_processing_techniques,igvf_pfc_train_MTG,ATAC,Microglia,feat_281434,0.0089738255685505,,139,RidgeCV
atac_processing_techniques,igvf_pfc_train_MTG,ATAC,Microglia,feat_285408,0.0084233706478303,,198,RidgeCV
atac_processing_techniques,igvf_pfc_train_MTG,ATAC,Microglia,feat_285426,0.0102872827681112,,55,RidgeCV
atac_processing_techniques,igvf_pfc_train_MTG,ATAC,Microglia,feat_285427,0.0117708872533532,,29,RidgeCV
atac_processing_techniques,igvf_pfc_train_MTG,ATAC,Microglia,feat_288761,0.0091437895521691,,124,RidgeCV
atac_processing_techniques,igvf_pfc_train_MTG,ATAC,Microglia,feat_30144,0.0127216941768855,,12,RidgeCV
atac_processing_techniques,igvf_pfc_train_MTG,ATAC,Microglia,feat_306625,0.0087135945787297,,169,RidgeCV
atac_processing_techniques,igvf_pfc_train_MTG,ATAC,Microglia,feat_315909,0.0086431717763495,,174,RidgeCV
atac_processing_techniques,igvf_pfc_train_MTG,ATAC,Microglia,feat_319493,-0.008494114425364,,191,RidgeCV
atac_processing_techniques,igvf_pfc_train_MTG,ATAC,Microglia,feat_321534,0.0097113354979763,,84,RidgeCV
atac_processing_techniques,igvf_pfc_train_MTG,ATAC,Microglia,feat_322232,0.009018137191673,,132,RidgeCV
atac_processing_techniques,igvf_pfc_train_MTG,ATAC,Microglia,feat_328595,0.0098558883133199,,77,RidgeCV
atac_processing_techniques,igvf_pfc_train_MTG,ATAC,Microglia,feat_3307,-0.0096652467843348,,86,RidgeCV
atac_processing_techniques,igvf_pfc_train_MTG,ATAC,Microglia,feat_3308,-0.0096652467843348,,87,RidgeCV
atac_processing_techniques,igvf_pfc_train_MTG,ATAC,Microglia,feat_33612,0.0113060973972667,,34,RidgeCV
atac_processing_techniques,igvf_pfc_train_MTG,ATAC,Microglia,feat_338780,0.0084410381439688,,197,RidgeCV
atac_processing_techniques,igvf_pfc_train_MTG,ATAC,Microglia,feat_341376,0.010857995037244,,41,RidgeCV
atac_processing_techniques,igvf_pfc_train_MTG,ATAC,Microglia,feat_341377,0.0087707279135456,,163,RidgeCV
atac_processing_techniques,igvf_pfc_train_MTG,ATAC,Microglia,feat_341378,0.0092753236135389,,113,RidgeCV
atac_processing_techniques,igvf_pfc_train_MTG,ATAC,Microglia,feat_341379,0.0105177989717574,,48,RidgeCV
atac_processing_techniques,igvf_pfc_train_MTG,ATAC,Microglia,feat_341381,0.0084877985758231,,192,RidgeCV
atac_processing_techniques,igvf_pfc_train_MTG,ATAC,Microglia,feat_347083,0.0125717896422487,,16,RidgeCV
atac_processing_techniques,igvf_pfc_train_MTG,ATAC,Microglia,feat_347092,0.0105220297054054,,47,RidgeCV
atac_processing_techniques,igvf_pfc_train_MTG,ATAC,Microglia,feat_347104,0.0094910711610666,,100,RidgeCV
atac_processing_techniques,igvf_pfc_train_MTG,ATAC,Microglia,feat_347105,0.0094910711610666,,99,RidgeCV
atac_processing_techniques,igvf_pfc_train_MTG,ATAC,Microglia,feat_348559,0.0095717098580642,,93,RidgeCV
atac_processing_techniques,igvf_pfc_train_MTG,ATAC,Microglia,feat_348560,0.0104311098329925,,52,RidgeCV
atac_processing_techniques,igvf_pfc_train_MTG,ATAC,Microglia,feat_349248,0.0085936859461549,,178,RidgeCV
atac_processing_techniques,igvf_pfc_train_MTG,ATAC,Microglia,feat_349531,0.0087316259857581,,165,RidgeCV
atac_processing_techniques,igvf_pfc_train_MTG,ATAC,Microglia,feat_350451,-0.0096311948317108,,89,RidgeCV
atac_processing_techniques,igvf_pfc_train_MTG,ATAC,Microglia,feat_351029,0.008731181430732,,166,RidgeCV
atac_processing_techniques,igvf_pfc_train_MTG,ATAC,Microglia,feat_351030,0.0087172160801329,,168,RidgeCV
atac_processing_techniques,igvf_pfc_train_MTG,ATAC,Microglia,feat_351817,0.0088178821996359,,147,RidgeCV
atac_processing_techniques,igvf_pfc_train_MTG,ATAC,Microglia,feat_352403,0.0140876126292637,,3,RidgeCV
atac_processing_techniques,igvf_pfc_train_MTG,ATAC,Microglia,feat_352404,0.0140876126292637,,2,RidgeCV
atac_processing_techniques,igvf_pfc_train_MTG,ATAC,Microglia,feat_352405,0.0121998478150229,,21,RidgeCV
atac_processing_techniques,igvf_pfc_train_MTG,ATAC,Microglia,feat_352406,0.0121998478150229,,20,RidgeCV
atac_processing_techniques,igvf_pfc_train_MTG,ATAC,Microglia,feat_352414,0.0095494633508496,,95,RidgeCV
atac_processing_techniques,igvf_pfc_train_MTG,ATAC,Microglia,feat_352435,0.0088164149729465,,148,RidgeCV
atac_processing_techniques,igvf_pfc_train_MTG,ATAC,Microglia,feat_352726,0.0105331015142345,,46,RidgeCV
atac_processing_techniques,igvf_pfc_train_MTG,ATAC,Microglia,feat_352730,0.0087178081537274,,167,RidgeCV
atac_processing_techniques,igvf_pfc_train_MTG,ATAC,Microglia,feat_358466,0.0087093756770225,,172,RidgeCV
atac_processing_techniques,igvf_pfc_train_MTG,ATAC,Microglia,feat_358475,0.0088038642829552,,155,RidgeCV
atac_processing_techniques,igvf_pfc_train_MTG,ATAC,Microglia,feat_362642,0.0085785426494389,,183,RidgeCV
atac_processing_techniques,igvf_pfc_train_MTG,ATAC,Microglia,feat_363317,0.0091590004874443,,122,RidgeCV
atac_processing_techniques,igvf_pfc_train_MTG,ATAC,Microglia,feat_363319,0.0085961695844173,,177,RidgeCV
atac_processing_techniques,igvf_pfc_train_MTG,ATAC,Microglia,feat_372920,0.0099484401904886,,71,RidgeCV
atac_processing_techniques,igvf_pfc_train_MTG,ATAC,Microglia,feat_375121,0.0136927154538533,,4,RidgeCV
atac_processing_techniques,igvf_pfc_train_MTG,ATAC,Microglia,feat_375122,0.0136927154538533,,5,RidgeCV
atac_processing_techniques,igvf_pfc_train_MTG,ATAC,Microglia,feat_383081,-0.0104903266915,,51,RidgeCV
atac_processing_techniques,igvf_pfc_train_MTG,ATAC,Microglia,feat_383082,-0.0108953924345834,,40,RidgeCV
atac_processing_techniques,igvf_pfc_train_MTG,ATAC,Microglia,feat_388431,-0.0092063019448057,,121,RidgeCV
atac_processing_techniques,igvf_pfc_train_MTG,ATAC,Microglia,feat_39477,0.0100310325750527,,67,RidgeCV
atac_processing_techniques,igvf_pfc_train_MTG,ATAC,Microglia,feat_39492,0.0087645222466164,,164,RidgeCV
atac_processing_techniques,igvf_pfc_train_MTG,ATAC,Microglia,feat_39498,0.0093504879638854,,106,RidgeCV
atac_processing_techniques,igvf_pfc_train_MTG,ATAC,Microglia,feat_39522,0.0115546333275298,,31,RidgeCV
atac_processing_techniques,igvf_pfc_train_MTG,ATAC,Microglia,feat_399956,0.0096935708184709,,85,RidgeCV
atac_processing_techniques,igvf_pfc_train_MTG,ATAC,Microglia,feat_402740,0.01096391024443,,39,RidgeCV
atac_processing_techniques,igvf_pfc_train_MTG,ATAC,Microglia,feat_402742,0.0085837679346537,,179,RidgeCV
atac_processing_techniques,igvf_pfc_train_MTG,ATAC,Microglia,feat_402743,0.0085837679346537,,180,RidgeCV
atac_processing_techniques,igvf_pfc_train_MTG,ATAC,Microglia,feat_402748,0.0092557418856143,,115,RidgeCV
atac_processing_techniques,igvf_pfc_train_MTG,ATAC,Microglia,feat_404175,-0.0101337662986383,,61,RidgeCV
atac_processing_techniques,igvf_pfc_train_MTG,ATAC,Microglia,feat_404176,-0.0101337662986383,,62,RidgeCV
atac_processing_techniques,igvf_pfc_train_MTG,ATAC,Microglia,feat_405000,-0.012095128592217,,24,RidgeCV
atac_processing_techniques,igvf_pfc_train_MTG,ATAC,Microglia,feat_405001,-0.012095128592217,,25,RidgeCV
atac_processing_techniques,igvf_pfc_train_MTG,ATAC,Microglia,feat_405094,0.0094661256888654,,101,RidgeCV
atac_processing_techniques,igvf_pfc_train_MTG,ATAC,Microglia,feat_405841,0.0101955029780891,,57,RidgeCV
atac_processing_techniques,igvf_pfc_train_MTG,ATAC,Microglia,feat_409859,-0.0087074219161077,,173,RidgeCV
atac_processing_techniques,igvf_pfc_train_MTG,ATAC,Microglia,feat_422806,0.0090127588424212,,136,RidgeCV
atac_processing_techniques,igvf_pfc_train_MTG,ATAC,Microglia,feat_422807,0.0090127588424212,,135,RidgeCV
atac_processing_techniques,igvf_pfc_train_MTG,ATAC,Microglia,feat_426540,0.0097901346078762,,80,RidgeCV
atac_processing_techniques,igvf_pfc_train_MTG,ATAC,Microglia,feat_427109,0.0090995710442961,,126,RidgeCV
atac_processing_techniques,igvf_pfc_train_MTG,ATAC,Microglia,feat_431454,0.0110904561635672,,36,RidgeCV
atac_processing_techniques,igvf_pfc_train_MTG,ATAC,Microglia,feat_431455,0.0110904561635672,,37,RidgeCV
atac_processing_techniques,igvf_pfc_train_MTG,ATAC,Microglia,feat_431577,-0.0134305981536225,,7,RidgeCV
atac_processing_techniques,igvf_pfc_train_MTG,ATAC,Microglia,feat_434168,0.0100259942685055,,69,RidgeCV
atac_processing_techniques,igvf_pfc_train_MTG,ATAC,Microglia,feat_435269,0.0084574399066195,,194,RidgeCV
atac_processing_techniques,igvf_pfc_train_MTG,ATAC,Microglia,feat_435270,0.0084574399066195,,195,RidgeCV
atac_processing_techniques,igvf_pfc_train_MTG,ATAC,Microglia,feat_435863,0.0084207292798065,,199,RidgeCV
atac_processing_techniques,igvf_pfc_train_MTG,ATAC,Microglia,feat_437518,0.0101889674443868,,58,RidgeCV
atac_processing_techniques,igvf_pfc_train_MTG,ATAC,Microglia,feat_44610,0.009115247298594,,125,RidgeCV
atac_processing_techniques,igvf_pfc_train_MTG,ATAC,Microglia,feat_45049,0.0088899182322142,,143,RidgeCV
atac_processing_techniques,igvf_pfc_train_MTG,ATAC,Microglia,feat_45052,0.0106509140706635,,43,RidgeCV
atac_processing_techniques,igvf_pfc_train_MTG,ATAC,Microglia,feat_45245,0.0093014445431936,,108,RidgeCV
atac_processing_techniques,igvf_pfc_train_MTG,ATAC,Microglia,feat_47286,0.0097834740986888,,81,RidgeCV
atac_processing_techniques,igvf_pfc_train_MTG,ATAC,Microglia,feat_57035,0.0101161196014405,,64,RidgeCV
atac_processing_techniques,igvf_pfc_train_MTG,ATAC,Microglia,feat_57036,0.0101161196014405,,63,RidgeCV
atac_processing_techniques,igvf_pfc_train_MTG,ATAC,Microglia,feat_57094,0.0090315227304145,,131,RidgeCV
atac_processing_techniques,igvf_pfc_train_MTG,ATAC,Microglia,feat_57095,0.0090315227304145,,130,RidgeCV
atac_processing_techniques,igvf_pfc_train_MTG,ATAC,Microglia,feat_58619,0.0095753067800911,,92,RidgeCV
atac_processing_techniques,igvf_pfc_train_MTG,ATAC,Microglia,feat_59303,0.0136491156484166,,6,RidgeCV
atac_processing_techniques,igvf_pfc_train_MTG,ATAC,Microglia,feat_61829,-0.0088759986482531,,145,RidgeCV
atac_processing_techniques,igvf_pfc_train_MTG,ATAC,Microglia,feat_65813,0.0086344547554915,,175,RidgeCV
atac_processing_techniques,igvf_pfc_train_MTG,ATAC,Microglia,feat_75089,-0.0087908683431341,,158,RidgeCV
atac_processing_techniques,igvf_pfc_train_MTG,ATAC,Microglia,feat_76212,0.0124476210887575,,18,RidgeCV
atac_processing_techniques,igvf_pfc_train_MTG,ATAC,Microglia,feat_79956,0.0098999701263728,,75,RidgeCV
atac_processing_techniques,igvf_pfc_train_MTG,ATAC,Microglia,feat_81193,0.012499422212997,,17,RidgeCV
atac_processing_techniques,igvf_pfc_train_MTG,ATAC,Microglia,feat_87578,-0.0089756407879341,,138,RidgeCV
atac_processing_techniques,igvf_pfc_train_MTG,ATAC,Microglia,feat_87609,-0.009414817802343,,103,RidgeCV
atac_processing_techniques,igvf_pfc_train_MTG,ATAC,Microglia,feat_87610,-0.009414817802343,,102,RidgeCV
atac_processing_techniques,igvf_pfc_train_MTG,ATAC,Microglia,feat_88397,0.008805306810454,,154,RidgeCV
atac_processing_techniques,igvf_pfc_train_MTG,ATAC,Microglia,feat_88398,0.008805306810454,,153,RidgeCV
atac_processing_techniques,igvf_pfc_train_MTG,ATAC,Microglia,feat_88722,0.0105175559098029,,49,RidgeCV
atac_processing_techniques,igvf_pfc_train_MTG,ATAC,Microglia,feat_93839,0.0088685658563539,,146,RidgeCV
atac_processing_techniques,igvf_pfc_train_MTG,ATAC,Microglia,feat_96521,0.0098191594951657,,79,RidgeCV
atac_processing_techniques,igvf_pfc_train_MTG,ATAC,Microglia,feat_97221,0.0085759661241996,,184,RidgeCV
atac_processing_techniques,igvf_pfc_train_MTG,ATAC,Microglia,feat_97649,0.008581738101908,,182,RidgeCV
atac_processing_techniques,igvf_pfc_train_MTG,ATAC,Microglia,feat_97672,0.0093745819870865,,104,RidgeCV
atac_processing_techniques,igvf_pfc_train_MTG,ATAC,Microglia,feat_97673,0.0111882075916015,,35,RidgeCV
atac_processing_techniques,igvf_pfc_train_MTG,ATAC,Oligo,feat_105809,-0.0202217239312069,,89,RidgeCV
atac_processing_techniques,igvf_pfc_train_MTG,ATAC,Oligo,feat_108014,0.0215268873906213,,71,RidgeCV
atac_processing_techniques,igvf_pfc_train_MTG,ATAC,Oligo,feat_108262,-0.0319184827800161,,11,RidgeCV
atac_processing_techniques,igvf_pfc_train_MTG,ATAC,Oligo,feat_108263,-0.0307413300339529,,12,RidgeCV
atac_processing_techniques,igvf_pfc_train_MTG,ATAC,Oligo,feat_113141,0.0262033254839358,,25,RidgeCV
atac_processing_techniques,igvf_pfc_train_MTG,ATAC,Oligo,feat_113160,0.0190409647673902,,119,RidgeCV
atac_processing_techniques,igvf_pfc_train_MTG,ATAC,Oligo,feat_113174,0.0245550181668974,,41,RidgeCV
atac_processing_techniques,igvf_pfc_train_MTG,ATAC,Oligo,feat_115898,0.025639678544134,,30,RidgeCV
atac_processing_techniques,igvf_pfc_train_MTG,ATAC,Oligo,feat_115899,0.0236785444531193,,46,RidgeCV
atac_processing_techniques,igvf_pfc_train_MTG,ATAC,Oligo,feat_116725,-0.0169587194132787,,183,RidgeCV
atac_processing_techniques,igvf_pfc_train_MTG,ATAC,Oligo,feat_129937,0.0189740738321987,,123,RidgeCV
atac_processing_techniques,igvf_pfc_train_MTG,ATAC,Oligo,feat_131139,0.0168705588231059,,189,RidgeCV
atac_processing_techniques,igvf_pfc_train_MTG,ATAC,Oligo,feat_131711,0.0232608467522318,,53,RidgeCV
atac_processing_techniques,igvf_pfc_train_MTG,ATAC,Oligo,feat_149711,-0.0300504280026726,,15,RidgeCV
atac_processing_techniques,igvf_pfc_train_MTG,ATAC,Oligo,feat_149712,-0.0300504280026726,,14,RidgeCV
atac_processing_techniques,igvf_pfc_train_MTG,ATAC,Oligo,feat_149714,-0.019634196453027,,104,RidgeCV
atac_processing_techniques,igvf_pfc_train_MTG,ATAC,Oligo,feat_150924,-0.0177962608228228,,155,RidgeCV
atac_processing_techniques,igvf_pfc_train_MTG,ATAC,Oligo,feat_155067,0.0196136770359753,,105,RidgeCV
atac_processing_techniques,igvf_pfc_train_MTG,ATAC,Oligo,feat_156375,-0.0230025307162747,,55,RidgeCV
atac_processing_techniques,igvf_pfc_train_MTG,ATAC,Oligo,feat_157952,0.0241730993423412,,42,RidgeCV
atac_processing_techniques,igvf_pfc_train_MTG,ATAC,Oligo,feat_157953,0.0241730993423412,,43,RidgeCV
atac_processing_techniques,igvf_pfc_train_MTG,ATAC,Oligo,feat_157960,0.0234192812262104,,49,RidgeCV
atac_processing_techniques,igvf_pfc_train_MTG,ATAC,Oligo,feat_165718,0.0188412180759459,,130,RidgeCV
atac_processing_techniques,igvf_pfc_train_MTG,ATAC,Oligo,feat_165734,0.0228235013801402,,59,RidgeCV
atac_processing_techniques,igvf_pfc_train_MTG,ATAC,Oligo,feat_168270,0.0168787257899078,,188,RidgeCV
atac_processing_techniques,igvf_pfc_train_MTG,ATAC,Oligo,feat_175752,0.0176528102642224,,158,RidgeCV
atac_processing_techniques,igvf_pfc_train_MTG,ATAC,Oligo,feat_181457,0.022695939646897,,61,RidgeCV
atac_processing_techniques,igvf_pfc_train_MTG,ATAC,Oligo,feat_181470,0.0254021827183449,,32,RidgeCV
atac_processing_techniques,igvf_pfc_train_MTG,ATAC,Oligo,feat_181472,0.0351718927549564,,3,RidgeCV
atac_processing_techniques,igvf_pfc_train_MTG,ATAC,Oligo,feat_181473,0.0230012587941157,,56,RidgeCV
atac_processing_techniques,igvf_pfc_train_MTG,ATAC,Oligo,feat_193975,0.0264027612682545,,24,RidgeCV
atac_processing_techniques,igvf_pfc_train_MTG,ATAC,Oligo,feat_193976,0.0274275578323987,,22,RidgeCV
atac_processing_techniques,igvf_pfc_train_MTG,ATAC,Oligo,feat_193977,0.0274275578323987,,21,RidgeCV
atac_processing_techniques,igvf_pfc_train_MTG,ATAC,Oligo,feat_193978,0.0288347811816924,,17,RidgeCV
atac_processing_techniques,igvf_pfc_train_MTG,ATAC,Oligo,feat_193979,0.0276749495025843,,20,RidgeCV
atac_processing_techniques,igvf_pfc_train_MTG,ATAC,Oligo,feat_193980,0.0257752811513987,,28,RidgeCV
atac_processing_techniques,igvf_pfc_train_MTG,ATAC,Oligo,feat_194929,0.0206940855238295,,85,RidgeCV
atac_processing_techniques,igvf_pfc_train_MTG,ATAC,Oligo,feat_198783,0.0325361740562415,,9,RidgeCV
atac_processing_techniques,igvf_pfc_train_MTG,ATAC,Oligo,feat_198784,0.0172907114491174,,170,RidgeCV
atac_processing_techniques,igvf_pfc_train_MTG,ATAC,Oligo,feat_198785,0.016821041826513,,197,RidgeCV
atac_processing_techniques,igvf_pfc_train_MTG,ATAC,Oligo,feat_198815,0.0179497002603066,,149,RidgeCV
atac_processing_techniques,igvf_pfc_train_MTG,ATAC,Oligo,feat_198859,0.0187845002002826,,131,RidgeCV
atac_processing_techniques,igvf_pfc_train_MTG,ATAC,Oligo,feat_198898,0.0176469999960757,,159,RidgeCV
atac_processing_techniques,igvf_pfc_train_MTG,ATAC,Oligo,feat_201182,0.0341445059904175,,7,RidgeCV
atac_processing_techniques,igvf_pfc_train_MTG,ATAC,Oligo,feat_201183,0.0341445059904175,,6,RidgeCV
atac_processing_techniques,igvf_pfc_train_MTG,ATAC,Oligo,feat_201912,0.0191012857158354,,117,RidgeCV
atac_processing_techniques,igvf_pfc_train_MTG,ATAC,Oligo,feat_203412,-0.0229763530273093,,57,RidgeCV
atac_processing_techniques,igvf_pfc_train_MTG,ATAC,Oligo,feat_203413,-0.0229763530273093,,58,RidgeCV
atac_processing_techniques,igvf_pfc_train_MTG,ATAC,Oligo,feat_20419,0.019335279180857,,111,RidgeCV
atac_processing_techniques,igvf_pfc_train_MTG,ATAC,Oligo,feat_207385,-0.0278150766625834,,19,RidgeCV
atac_processing_techniques,igvf_pfc_train_MTG,ATAC,Oligo,feat_207728,0.0192966362091731,,112,RidgeCV
atac_processing_techniques,igvf_pfc_train_MTG,ATAC,Oligo,feat_211086,0.0188936986194402,,128,RidgeCV
atac_processing_techniques,igvf_pfc_train_MTG,ATAC,Oligo,feat_216647,0.0226869047717549,,62,RidgeCV
atac_processing_techniques,igvf_pfc_train_MTG,ATAC,Oligo,feat_221152,-0.0186385233097756,,134,RidgeCV
atac_processing_techniques,igvf_pfc_train_MTG,ATAC,Oligo,feat_22206,-0.019040118470302,,120,RidgeCV
atac_processing_techniques,igvf_pfc_train_MTG,ATAC,Oligo,feat_22208,-0.0197670457477907,,99,RidgeCV
atac_processing_techniques,igvf_pfc_train_MTG,ATAC,Oligo,feat_22209,-0.0197670457477907,,100,RidgeCV
atac_processing_techniques,igvf_pfc_train_MTG,ATAC,Oligo,feat_225372,0.0195856305965938,,106,RidgeCV
atac_processing_techniques,igvf_pfc_train_MTG,ATAC,Oligo,feat_22585,0.0197830004569186,,97,RidgeCV
atac_processing_techniques,igvf_pfc_train_MTG,ATAC,Oligo,feat_227260,-0.0174545091625031,,166,RidgeCV
atac_processing_techniques,igvf_pfc_train_MTG,ATAC,Oligo,feat_228210,0.0269914437095291,,23,RidgeCV
atac_processing_techniques,igvf_pfc_train_MTG,ATAC,Oligo,feat_228211,0.0246527889232575,,37,RidgeCV
atac_processing_techniques,igvf_pfc_train_MTG,ATAC,Oligo,feat_228212,0.0246527889232575,,36,RidgeCV
atac_processing_techniques,igvf_pfc_train_MTG,ATAC,Oligo,feat_228213,0.0182791608241288,,144,RidgeCV
atac_processing_techniques,igvf_pfc_train_MTG,ATAC,Oligo,feat_228221,0.021766237554433,,67,RidgeCV
atac_processing_techniques,igvf_pfc_train_MTG,ATAC,Oligo,feat_228222,0.0204564087685209,,88,RidgeCV
atac_processing_techniques,igvf_pfc_train_MTG,ATAC,Oligo,feat_228223,0.0217188226958781,,69,RidgeCV
atac_processing_techniques,igvf_pfc_train_MTG,ATAC,Oligo,feat_232429,0.0172907652359163,,169,RidgeCV
atac_processing_techniques,igvf_pfc_train_MTG,ATAC,Oligo,feat_233444,0.0170941150830727,,177,RidgeCV
atac_processing_techniques,igvf_pfc_train_MTG,ATAC,Oligo,feat_240702,-0.0168564300603284,,191,RidgeCV
atac_processing_techniques,igvf_pfc_train_MTG,ATAC,Oligo,feat_251548,0.0186282636060994,,135,RidgeCV
atac_processing_techniques,igvf_pfc_train_MTG,ATAC,Oligo,feat_2521,0.0251484787176631,,33,RidgeCV
atac_processing_techniques,igvf_pfc_train_MTG,ATAC,Oligo,feat_2522,0.0322049963973748,,10,RidgeCV
atac_processing_techniques,igvf_pfc_train_MTG,ATAC,Oligo,feat_2523,0.024165286813272,,44,RidgeCV
atac_processing_techniques,igvf_pfc_train_MTG,ATAC,Oligo,feat_2532,0.0222413041719963,,64,RidgeCV
atac_processing_techniques,igvf_pfc_train_MTG,ATAC,Oligo,feat_261316,0.0175268892490649,,164,RidgeCV
atac_processing_techniques,igvf_pfc_train_MTG,ATAC,Oligo,feat_262369,-0.0173877602548832,,168,RidgeCV
atac_processing_techniques,igvf_pfc_train_MTG,ATAC,Oligo,feat_264025,0.0178651467850979,,154,RidgeCV
atac_processing_techniques,igvf_pfc_train_MTG,ATAC,Oligo,feat_264026,0.0178651467850979,,153,RidgeCV
atac_processing_techniques,igvf_pfc_train_MTG,ATAC,Oligo,feat_265287,-0.021021950070666,,80,RidgeCV
atac_processing_techniques,igvf_pfc_train_MTG,ATAC,Oligo,feat_266602,-0.0261523921545478,,26,RidgeCV
atac_processing_techniques,igvf_pfc_train_MTG,ATAC,Oligo,feat_266603,-0.0261523921545478,,27,RidgeCV
atac_processing_techniques,igvf_pfc_train_MTG,ATAC,Oligo,feat_267518,0.0181969567550121,,145,RidgeCV
atac_processing_techniques,igvf_pfc_train_MTG,ATAC,Oligo,feat_270659,0.0213124119765762,,75,RidgeCV
atac_processing_techniques,igvf_pfc_train_MTG,ATAC,Oligo,feat_270662,0.0172594453925128,,171,RidgeCV
atac_processing_techniques,igvf_pfc_train_MTG,ATAC,Oligo,feat_270663,0.0172594453925128,,172,RidgeCV
atac_processing_techniques,igvf_pfc_train_MTG,ATAC,Oligo,feat_273239,-0.0189381598425472,,125,RidgeCV
atac_processing_techniques,igvf_pfc_train_MTG,ATAC,Oligo,feat_290420,-0.0223472791461703,,63,RidgeCV
atac_processing_techniques,igvf_pfc_train_MTG,ATAC,Oligo,feat_290422,-0.0179357812056322,,151,RidgeCV
atac_processing_techniques,igvf_pfc_train_MTG,ATAC,Oligo,feat_297604,0.0256914133935898,,29,RidgeCV
atac_processing_techniques,igvf_pfc_train_MTG,ATAC,Oligo,feat_297605,0.0292868652349743,,16,RidgeCV
atac_processing_techniques,igvf_pfc_train_MTG,ATAC,Oligo,feat_299323,0.0231221516601817,,54,RidgeCV
atac_processing_techniques,igvf_pfc_train_MTG,ATAC,Oligo,feat_299324,0.0238405868877043,,45,RidgeCV
atac_processing_techniques,igvf_pfc_train_MTG,ATAC,Oligo,feat_299325,0.028546937695288,,18,RidgeCV
atac_processing_techniques,igvf_pfc_train_MTG,ATAC,Oligo,feat_299327,0.0168589898534264,,190,RidgeCV
atac_processing_techniques,igvf_pfc_train_MTG,ATAC,Oligo,feat_299328,0.0210923460312905,,78,RidgeCV
atac_processing_techniques,igvf_pfc_train_MTG,ATAC,Oligo,feat_3041,0.0189213959334163,,127,RidgeCV
atac_processing_techniques,igvf_pfc_train_MTG,ATAC,Oligo,feat_3087,0.0175957576014443,,160,RidgeCV
atac_processing_techniques,igvf_pfc_train_MTG,ATAC,Oligo,feat_3088,0.018387808707068,,140,RidgeCV
atac_processing_techniques,igvf_pfc_train_MTG,ATAC,Oligo,feat_3090,0.0190894095164826,,118,RidgeCV
atac_processing_techniques,igvf_pfc_train_MTG,ATAC,Oligo,feat_310062,0.0246034917521093,,38,RidgeCV
atac_processing_techniques,igvf_pfc_train_MTG,ATAC,Oligo,feat_310091,0.0168485879820101,,193,RidgeCV
atac_processing_techniques,igvf_pfc_train_MTG,ATAC,Oligo,feat_316682,0.0183410308184819,,143,RidgeCV
atac_processing_techniques,igvf_pfc_train_MTG,ATAC,Oligo,feat_31914,0.0359495982939263,,1,RidgeCV
atac_processing_techniques,igvf_pfc_train_MTG,ATAC,Oligo,feat_31915,0.0359495982939263,,0,RidgeCV
atac_processing_techniques,igvf_pfc_train_MTG,ATAC,Oligo,feat_320967,0.0197150022326909,,101,RidgeCV
atac_processing_techniques,igvf_pfc_train_MTG,ATAC,Oligo,feat_321529,0.0174133189230684,,167,RidgeCV
atac_processing_techniques,igvf_pfc_train_MTG,ATAC,Oligo,feat_321532,0.0351169120724891,,4,RidgeCV
atac_processing_techniques,igvf_pfc_train_MTG,ATAC,Oligo,feat_328434,-0.0255512992957057,,31,RidgeCV
atac_processing_techniques,igvf_pfc_train_MTG,ATAC,Oligo,feat_349960,-0.0194585724671999,,108,RidgeCV
atac_processing_techniques,igvf_pfc_train_MTG,ATAC,Oligo,feat_352390,0.019781236316625,,98,RidgeCV
atac_processing_techniques,igvf_pfc_train_MTG,ATAC,Oligo,feat_352405,0.0169813202443289,,182,RidgeCV
atac_processing_techniques,igvf_pfc_train_MTG,ATAC,Oligo,feat_352406,0.0169813202443289,,181,RidgeCV
atac_processing_techniques,igvf_pfc_train_MTG,ATAC,Oligo,feat_352408,0.0189321654708867,,126,RidgeCV
atac_processing_techniques,igvf_pfc_train_MTG,ATAC,Oligo,feat_352621,0.0168210733259664,,196,RidgeCV
atac_processing_techniques,igvf_pfc_train_MTG,ATAC,Oligo,feat_352653,0.0196873730322779,,102,RidgeCV
atac_processing_techniques,igvf_pfc_train_MTG,ATAC,Oligo,feat_352674,0.016822519326188,,195,RidgeCV
atac_processing_techniques,igvf_pfc_train_MTG,ATAC,Oligo,feat_356230,0.0198157452004365,,95,RidgeCV
atac_processing_techniques,igvf_pfc_train_MTG,ATAC,Oligo,feat_362206,0.0215025402324559,,72,RidgeCV
atac_processing_techniques,igvf_pfc_train_MTG,ATAC,Oligo,feat_362207,0.020213299732754,,90,RidgeCV
atac_processing_techniques,igvf_pfc_train_MTG,ATAC,Oligo,feat_362209,0.0183413550720325,,142,RidgeCV
atac_processing_techniques,igvf_pfc_train_MTG,ATAC,Oligo,feat_362210,0.0183413550720325,,141,RidgeCV
atac_processing_techniques,igvf_pfc_train_MTG,ATAC,Oligo,feat_362211,0.0200368710591418,,91,RidgeCV
atac_processing_techniques,igvf_pfc_train_MTG,ATAC,Oligo,feat_362212,0.0206146467838706,,87,RidgeCV
atac_processing_techniques,igvf_pfc_train_MTG,ATAC,Oligo,feat_362624,-0.0175531439051215,,163,RidgeCV
atac_processing_techniques,igvf_pfc_train_MTG,ATAC,Oligo,feat_362853,0.0213903461364503,,74,RidgeCV
atac_processing_techniques,igvf_pfc_train_MTG,ATAC,Oligo,feat_362864,0.0175815861558754,,162,RidgeCV
atac_processing_techniques,igvf_pfc_train_MTG,ATAC,Oligo,feat_364689,-0.0195106568989064,,107,RidgeCV
atac_processing_techniques,igvf_pfc_train_MTG,ATAC,Oligo,feat_366604,-0.0168102211856969,,198,RidgeCV
atac_processing_techniques,igvf_pfc_train_MTG,ATAC,Oligo,feat_374664,0.0184421976207587,,139,RidgeCV
atac_processing_techniques,igvf_pfc_train_MTG,ATAC,Oligo,feat_385745,0.0211718835001435,,77,RidgeCV
atac_processing_techniques,igvf_pfc_train_MTG,ATAC,Oligo,feat_388123,0.017123808433234,,175,RidgeCV
atac_processing_techniques,igvf_pfc_train_MTG,ATAC,Oligo,feat_388124,0.017123808433234,,174,RidgeCV
atac_processing_techniques,igvf_pfc_train_MTG,ATAC,Oligo,feat_390946,-0.0348982053206803,,5,RidgeCV
atac_processing_techniques,igvf_pfc_train_MTG,ATAC,Oligo,feat_390949,-0.01690706099941,,185,RidgeCV
atac_processing_techniques,igvf_pfc_train_MTG,ATAC,Oligo,feat_390952,-0.0245563327129133,,40,RidgeCV
atac_processing_techniques,igvf_pfc_train_MTG,ATAC,Oligo,feat_390962,-0.0171126969916835,,176,RidgeCV
atac_processing_techniques,igvf_pfc_train_MTG,ATAC,Oligo,feat_390963,-0.0184813060822825,,137,RidgeCV
atac_processing_techniques,igvf_pfc_train_MTG,ATAC,Oligo,feat_390968,-0.0187709883597755,,132,RidgeCV
atac_processing_techniques,igvf_pfc_train_MTG,ATAC,Oligo,feat_391058,-0.0190061747237569,,121,RidgeCV
atac_processing_techniques,igvf_pfc_train_MTG,ATAC,Oligo,feat_391059,-0.0190061747237569,,122,RidgeCV
atac_processing_techniques,igvf_pfc_train_MTG,ATAC,Oligo,feat_391063,-0.0193708832099594,,110,RidgeCV
atac_processing_techniques,igvf_pfc_train_MTG,ATAC,Oligo,feat_391696,0.0235323331468743,,48,RidgeCV
atac_processing_techniques,igvf_pfc_train_MTG,ATAC,Oligo,feat_393492,-0.0168283970007643,,194,RidgeCV
atac_processing_techniques,igvf_pfc_train_MTG,ATAC,Oligo,feat_393567,-0.0188912065743122,,129,RidgeCV
atac_processing_techniques,igvf_pfc_train_MTG,ATAC,Oligo,feat_395811,-0.0194092883704876,,109,RidgeCV
atac_processing_techniques,igvf_pfc_train_MTG,ATAC,Oligo,feat_398498,-0.020664831621296,,86,RidgeCV
atac_processing_techniques,igvf_pfc_train_MTG,ATAC,Oligo,feat_398645,0.0184514772579605,,138,RidgeCV
atac_processing_techniques,igvf_pfc_train_MTG,ATAC,Oligo,feat_403189,-0.0210035118736785,,81,RidgeCV
atac_processing_techniques,igvf_pfc_train_MTG,ATAC,Oligo,feat_403190,-0.0210035118736785,,82,RidgeCV
atac_processing_techniques,igvf_pfc_train_MTG,ATAC,Oligo,feat_403406,-0.0218134687502183,,66,RidgeCV
atac_processing_techniques,igvf_pfc_train_MTG,ATAC,Oligo,feat_403643,-0.0180448658780832,,148,RidgeCV
atac_processing_techniques,igvf_pfc_train_MTG,ATAC,Oligo,feat_404175,-0.0233712604740034,,51,RidgeCV
atac_processing_techniques,igvf_pfc_train_MTG,ATAC,Oligo,feat_404176,-0.0233712604740034,,50,RidgeCV
atac_processing_techniques,igvf_pfc_train_MTG,ATAC,Oligo,feat_404216,0.0169074558197479,,184,RidgeCV
atac_processing_techniques,igvf_pfc_train_MTG,ATAC,Oligo,feat_405000,-0.020880922979109,,84,RidgeCV
atac_processing_techniques,igvf_pfc_train_MTG,ATAC,Oligo,feat_405001,-0.020880922979109,,83,RidgeCV
atac_processing_techniques,igvf_pfc_train_MTG,ATAC,Oligo,feat_407121,-0.0200027450464753,,93,RidgeCV
atac_processing_techniques,igvf_pfc_train_MTG,ATAC,Oligo,feat_407122,-0.0200027450464753,,92,RidgeCV
atac_processing_techniques,igvf_pfc_train_MTG,ATAC,Oligo,feat_40760,0.0170932905481218,,178,RidgeCV
atac_processing_techniques,igvf_pfc_train_MTG,ATAC,Oligo,feat_40764,0.0250205664036743,,34,RidgeCV
atac_processing_techniques,igvf_pfc_train_MTG,ATAC,Oligo,feat_40776,0.0192653617414076,,115,RidgeCV
atac_processing_techniques,igvf_pfc_train_MTG,ATAC,Oligo,feat_40781,0.0217523016161557,,68,RidgeCV
atac_processing_techniques,igvf_pfc_train_MTG,ATAC,Oligo,feat_408855,0.019793488210357,,96,RidgeCV
atac_processing_techniques,igvf_pfc_train_MTG,ATAC,Oligo,feat_42039,0.0191612914596761,,116,RidgeCV
atac_processing_techniques,igvf_pfc_train_MTG,ATAC,Oligo,feat_422637,0.0233221959350053,,52,RidgeCV
atac_processing_techniques,igvf_pfc_train_MTG,ATAC,Oligo,feat_433573,-0.0189515830125973,,124,RidgeCV
atac_processing_techniques,igvf_pfc_train_MTG,ATAC,Oligo,feat_4501,-0.0175057268679719,,165,RidgeCV
atac_processing_techniques,igvf_pfc_train_MTG,ATAC,Oligo,feat_46007,-0.0355681295527591,,2,RidgeCV
atac_processing_techniques,igvf_pfc_train_MTG,ATAC,Oligo,feat_46168,-0.0177900594975317,,156,RidgeCV
atac_processing_techniques,igvf_pfc_train_MTG,ATAC,Oligo,feat_46169,-0.0227426685227012,,60,RidgeCV
atac_processing_techniques,igvf_pfc_train_MTG,ATAC,Oligo,feat_46170,-0.0198656314484689,,94,RidgeCV
atac_processing_techniques,igvf_pfc_train_MTG,ATAC,Oligo,feat_46171,-0.0168967733623145,,187,RidgeCV
atac_processing_techniques,igvf_pfc_train_MTG,ATAC,Oligo,feat_46172,-0.0168967733623145,,186,RidgeCV
atac_processing_techniques,igvf_pfc_train_MTG,ATAC,Oligo,feat_46175,-0.021191904718388,,76,RidgeCV
atac_processing_techniques,igvf_pfc_train_MTG,ATAC,Oligo,feat_60383,0.0167929181550933,,199,RidgeCV
atac_processing_techniques,igvf_pfc_train_MTG,ATAC,Oligo,feat_62347,-0.0196561775116916,,103,RidgeCV
atac_processing_techniques,igvf_pfc_train_MTG,ATAC,Oligo,feat_62483,-0.0168542255428626,,192,RidgeCV
atac_processing_techniques,igvf_pfc_train_MTG,ATAC,Oligo,feat_63941,0.0306050825759174,,13,RidgeCV
atac_processing_techniques,igvf_pfc_train_MTG,ATAC,Oligo,feat_65995,-0.0245872983030123,,39,RidgeCV
atac_processing_techniques,igvf_pfc_train_MTG,ATAC,Oligo,feat_67679,0.0210291250251553,,79,RidgeCV
atac_processing_techniques,igvf_pfc_train_MTG,ATAC,Oligo,feat_74132,-0.01758221846473,,161,RidgeCV
atac_processing_techniques,igvf_pfc_train_MTG,ATAC,Oligo,feat_75403,0.0249670045773207,,35,RidgeCV
atac_processing_techniques,igvf_pfc_train_MTG,ATAC,Oligo,feat_76559,0.0235885082337496,,47,RidgeCV
atac_processing_techniques,igvf_pfc_train_MTG,ATAC,Oligo,feat_77857,0.0185707103148888,,136,RidgeCV
atac_processing_techniques,igvf_pfc_train_MTG,ATAC,Oligo,feat_8408,0.0171399370396997,,173,RidgeCV
atac_processing_techniques,igvf_pfc_train_MTG,ATAC,Oligo,feat_8409,0.0186518358985408,,133,RidgeCV
atac_processing_techniques,igvf_pfc_train_MTG,ATAC,Oligo,feat_8412,0.0178940276163484,,152,RidgeCV
atac_processing_techniques,igvf_pfc_train_MTG,ATAC,Oligo,feat_884,0.0181711133895048,,146,RidgeCV
atac_processing_techniques,igvf_pfc_train_MTG,ATAC,Oligo,feat_89965,0.0176858861070753,,157,RidgeCV
atac_processing_techniques,igvf_pfc_train_MTG,ATAC,Oligo,feat_90286,0.0222179279662846,,65,RidgeCV
atac_processing_techniques,igvf_pfc_train_MTG,ATAC,Oligo,feat_90292,0.0216631427160603,,70,RidgeCV
atac_processing_techniques,igvf_pfc_train_MTG,ATAC,Oligo,feat_90294,0.0170626135582621,,179,RidgeCV
atac_processing_techniques,igvf_pfc_train_MTG,ATAC,Oligo,feat_90330,0.0180886600281753,,147,RidgeCV
atac_processing_techniques,igvf_pfc_train_MTG,ATAC,Oligo,feat_90331,0.0214059036990551,,73,RidgeCV
atac_processing_techniques,igvf_pfc_train_MTG,ATAC,Oligo,feat_90332,0.0179387529781352,,150,RidgeCV
atac_processing_techniques,igvf_pfc_train_MTG,ATAC,Oligo,feat_96952,0.0192727286132426,,113,RidgeCV
atac_processing_techniques,igvf_pfc_train_MTG,ATAC,Oligo,feat_96953,0.0192727286132426,,114,RidgeCV
atac_processing_techniques,igvf_pfc_train_MTG,ATAC,Oligo,feat_97327,0.017050354367548,,180,RidgeCV
atac_processing_techniques,igvf_pfc_train_MTG,ATAC,Oligo,feat_98187,0.0335620854598024,,8,RidgeCV
atac_processing_techniques,igvf_pfc_train_MTG,ATAC,OPC,feat_10159,-0.0067609443668461,,187,RidgeCV
atac_processing_techniques,igvf_pfc_train_MTG,ATAC,OPC,feat_10160,-0.0071920442778831,,138,RidgeCV
atac_processing_techniques,igvf_pfc_train_MTG,ATAC,OPC,feat_104837,0.0066957154341992,,197,RidgeCV
atac_processing_techniques,igvf_pfc_train_MTG,ATAC,OPC,feat_107267,0.008716667409657,,42,RidgeCV
atac_processing_techniques,igvf_pfc_train_MTG,ATAC,OPC,feat_114049,-0.0067511418162085,,192,RidgeCV
atac_processing_techniques,igvf_pfc_train_MTG,ATAC,OPC,feat_116984,-0.007817516541301,,77,RidgeCV
atac_processing_techniques,igvf_pfc_train_MTG,ATAC,OPC,feat_117169,0.008305340034727,,53,RidgeCV
atac_processing_techniques,igvf_pfc_train_MTG,ATAC,OPC,feat_119174,-0.0073082780317744,,116,RidgeCV
atac_processing_techniques,igvf_pfc_train_MTG,ATAC,OPC,feat_119252,-0.0074605722004556,,99,RidgeCV
atac_processing_techniques,igvf_pfc_train_MTG,ATAC,OPC,feat_121372,-0.0072891791806919,,121,RidgeCV
atac_processing_techniques,igvf_pfc_train_MTG,ATAC,OPC,feat_121844,0.0066826501527691,,199,RidgeCV
atac_processing_techniques,igvf_pfc_train_MTG,ATAC,OPC,feat_131234,0.0066847360289769,,198,RidgeCV
atac_processing_techniques,igvf_pfc_train_MTG,ATAC,OPC,feat_131708,0.0077980799493316,,79,RidgeCV
atac_processing_techniques,igvf_pfc_train_MTG,ATAC,OPC,feat_131709,0.0067281835732187,,194,RidgeCV
atac_processing_techniques,igvf_pfc_train_MTG,ATAC,OPC,feat_131711,0.009002364394474,,34,RidgeCV
atac_processing_techniques,igvf_pfc_train_MTG,ATAC,OPC,feat_13434,0.007601196592715,,90,RidgeCV
atac_processing_techniques,igvf_pfc_train_MTG,ATAC,OPC,feat_13476,0.007939940848102,,71,RidgeCV
atac_processing_techniques,igvf_pfc_train_MTG,ATAC,OPC,feat_135676,0.0068047074916722,,180,RidgeCV
atac_processing_techniques,igvf_pfc_train_MTG,ATAC,OPC,feat_135677,0.0068047074916722,,179,RidgeCV
atac_processing_techniques,igvf_pfc_train_MTG,ATAC,OPC,feat_137461,0.0070600848408793,,155,RidgeCV
atac_processing_techniques,igvf_pfc_train_MTG,ATAC,OPC,feat_138895,-0.0078741155222728,,74,RidgeCV
atac_processing_techniques,igvf_pfc_train_MTG,ATAC,OPC,feat_148577,-0.0079823943509284,,69,RidgeCV
atac_processing_techniques,igvf_pfc_train_MTG,ATAC,OPC,feat_149711,-0.0096880597944719,,19,RidgeCV
atac_processing_techniques,igvf_pfc_train_MTG,ATAC,OPC,feat_149712,-0.0096880597944719,,18,RidgeCV
atac_processing_techniques,igvf_pfc_train_MTG,ATAC,OPC,feat_153051,0.0075359770364419,,95,RidgeCV
atac_processing_techniques,igvf_pfc_train_MTG,ATAC,OPC,feat_153059,0.0082977321214687,,54,RidgeCV
atac_processing_techniques,igvf_pfc_train_MTG,ATAC,OPC,feat_153060,0.011541871555224,,8,RidgeCV
atac_processing_techniques,igvf_pfc_train_MTG,ATAC,OPC,feat_153061,0.011541871555224,,7,RidgeCV
atac_processing_techniques,igvf_pfc_train_MTG,ATAC,OPC,feat_155067,0.0088881929408684,,39,RidgeCV
atac_processing_techniques,igvf_pfc_train_MTG,ATAC,OPC,feat_156096,0.0072320987738866,,129,RidgeCV
atac_processing_techniques,igvf_pfc_train_MTG,ATAC,OPC,feat_156372,-0.018911630905789,,1,RidgeCV
atac_processing_techniques,igvf_pfc_train_MTG,ATAC,OPC,feat_156373,-0.018911630905789,,0,RidgeCV
atac_processing_techniques,igvf_pfc_train_MTG,ATAC,OPC,feat_156374,-0.0135842989996325,,4,RidgeCV
atac_processing_techniques,igvf_pfc_train_MTG,ATAC,OPC,feat_156375,-0.0153957060303766,,3,RidgeCV
atac_processing_techniques,igvf_pfc_train_MTG,ATAC,OPC,feat_156378,-0.0067520840502405,,190,RidgeCV
atac_processing_techniques,igvf_pfc_train_MTG,ATAC,OPC,feat_156379,-0.0067520840502405,,191,RidgeCV
atac_processing_techniques,igvf_pfc_train_MTG,ATAC,OPC,feat_156383,-0.0073940194872406,,106,RidgeCV
atac_processing_techniques,igvf_pfc_train_MTG,ATAC,OPC,feat_156384,-0.0099513169960978,,16,RidgeCV
atac_processing_techniques,igvf_pfc_train_MTG,ATAC,OPC,feat_156455,-0.0127375094312569,,5,RidgeCV
atac_processing_techniques,igvf_pfc_train_MTG,ATAC,OPC,feat_156458,-0.0121261151923135,,6,RidgeCV
atac_processing_techniques,igvf_pfc_train_MTG,ATAC,OPC,feat_156639,-0.0080772037212731,,64,RidgeCV
atac_processing_techniques,igvf_pfc_train_MTG,ATAC,OPC,feat_157798,0.0082782691846659,,57,RidgeCV
atac_processing_techniques,igvf_pfc_train_MTG,ATAC,OPC,feat_157799,0.0082782691846659,,56,RidgeCV
atac_processing_techniques,igvf_pfc_train_MTG,ATAC,OPC,feat_157800,0.0069451440335381,,168,RidgeCV
atac_processing_techniques,igvf_pfc_train_MTG,ATAC,OPC,feat_157801,0.0069451440335381,,169,RidgeCV
atac_processing_techniques,igvf_pfc_train_MTG,ATAC,OPC,feat_157802,0.0078097572691422,,78,RidgeCV
atac_processing_techniques,igvf_pfc_train_MTG,ATAC,OPC,feat_157813,0.007124351675464,,147,RidgeCV
atac_processing_techniques,igvf_pfc_train_MTG,ATAC,OPC,feat_157950,0.008243457076145,,59,RidgeCV
atac_processing_techniques,igvf_pfc_train_MTG,ATAC,OPC,feat_158836,0.0076033910270095,,89,RidgeCV
atac_processing_techniques,igvf_pfc_train_MTG,ATAC,OPC,feat_171986,0.0071752930721529,,141,RidgeCV
atac_processing_techniques,igvf_pfc_train_MTG,ATAC,OPC,feat_172803,-0.0074245179299022,,103,RidgeCV
atac_processing_techniques,igvf_pfc_train_MTG,ATAC,OPC,feat_176708,-0.0074268481373331,,101,RidgeCV
atac_processing_techniques,igvf_pfc_train_MTG,ATAC,OPC,feat_176709,-0.0074268481373331,,100,RidgeCV
atac_processing_techniques,igvf_pfc_train_MTG,ATAC,OPC,feat_177268,0.0083360557976777,,51,RidgeCV
atac_processing_techniques,igvf_pfc_train_MTG,ATAC,OPC,feat_177313,0.0068033456287191,,181,RidgeCV
atac_processing_techniques,igvf_pfc_train_MTG,ATAC,OPC,feat_184088,0.0083374984840199,,50,RidgeCV
atac_processing_techniques,igvf_pfc_train_MTG,ATAC,OPC,feat_184110,0.0071760865111142,,140,RidgeCV
atac_processing_techniques,igvf_pfc_train_MTG,ATAC,OPC,feat_184354,0.0076454101940586,,86,RidgeCV
atac_processing_techniques,igvf_pfc_train_MTG,ATAC,OPC,feat_185036,-0.0071680224574692,,143,RidgeCV
atac_processing_techniques,igvf_pfc_train_MTG,ATAC,OPC,feat_191115,0.0077731157604031,,81,RidgeCV
atac_processing_techniques,igvf_pfc_train_MTG,ATAC,OPC,feat_191455,0.008417430488174,,46,RidgeCV
atac_processing_techniques,igvf_pfc_train_MTG,ATAC,OPC,feat_199699,0.0102199248500821,,14,RidgeCV
atac_processing_techniques,igvf_pfc_train_MTG,ATAC,OPC,feat_200893,0.0075765994909971,,92,RidgeCV
atac_processing_techniques,igvf_pfc_train_MTG,ATAC,OPC,feat_201182,0.0109791552681779,,12,RidgeCV
atac_processing_techniques,igvf_pfc_train_MTG,ATAC,OPC,feat_201183,0.0109791552681779,,13,RidgeCV
atac_processing_techniques,igvf_pfc_train_MTG,ATAC,OPC,feat_201184,0.0073812635892198,,108,RidgeCV
atac_processing_techniques,igvf_pfc_train_MTG,ATAC,OPC,feat_201223,0.0092698535652894,,29,RidgeCV
atac_processing_techniques,igvf_pfc_train_MTG,ATAC,OPC,feat_201236,0.008996284223205,,36,RidgeCV
atac_processing_techniques,igvf_pfc_train_MTG,ATAC,OPC,feat_201252,0.0082950770249624,,55,RidgeCV
atac_processing_techniques,igvf_pfc_train_MTG,ATAC,OPC,feat_201253,0.0069846860620657,,163,RidgeCV
atac_processing_techniques,igvf_pfc_train_MTG,ATAC,OPC,feat_20304,0.0067801113802158,,184,RidgeCV
atac_processing_techniques,igvf_pfc_train_MTG,ATAC,OPC,feat_203301,-0.0077570709132601,,82,RidgeCV
atac_processing_techniques,igvf_pfc_train_MTG,ATAC,OPC,feat_203434,0.0072626685632209,,127,RidgeCV
atac_processing_techniques,igvf_pfc_train_MTG,ATAC,OPC,feat_205534,0.0094266673037102,,22,RidgeCV
atac_processing_techniques,igvf_pfc_train_MTG,ATAC,OPC,feat_205536,0.0077740173230978,,80,RidgeCV
atac_processing_techniques,igvf_pfc_train_MTG,ATAC,OPC,feat_205556,0.0072000498882642,,136,RidgeCV
atac_processing_techniques,igvf_pfc_train_MTG,ATAC,OPC,feat_205557,0.0068560314407636,,175,RidgeCV
atac_processing_techniques,igvf_pfc_train_MTG,ATAC,OPC,feat_210479,0.0091693077292707,,31,RidgeCV
atac_processing_techniques,igvf_pfc_train_MTG,ATAC,OPC,feat_21216,-0.0071541653015517,,146,RidgeCV
atac_processing_techniques,igvf_pfc_train_MTG,ATAC,OPC,feat_216271,-0.0081605218504262,,61,RidgeCV
atac_processing_techniques,igvf_pfc_train_MTG,ATAC,OPC,feat_216646,0.007355224075653,,113,RidgeCV
atac_processing_techniques,igvf_pfc_train_MTG,ATAC,OPC,feat_216647,0.0161746454497827,,2,RidgeCV
atac_processing_techniques,igvf_pfc_train_MTG,ATAC,OPC,feat_219579,0.0078836029611829,,73,RidgeCV
atac_processing_techniques,igvf_pfc_train_MTG,ATAC,OPC,feat_220552,0.0070400579244745,,157,RidgeCV
atac_processing_techniques,igvf_pfc_train_MTG,ATAC,OPC,feat_223220,-0.0073885584907907,,107,RidgeCV
atac_processing_techniques,igvf_pfc_train_MTG,ATAC,OPC,feat_224032,-0.0079625699853126,,70,RidgeCV
atac_processing_techniques,igvf_pfc_train_MTG,ATAC,OPC,feat_227863,-0.0070785785213306,,150,RidgeCV
atac_processing_techniques,igvf_pfc_train_MTG,ATAC,OPC,feat_229376,0.0101905291746061,,15,RidgeCV
atac_processing_techniques,igvf_pfc_train_MTG,ATAC,OPC,feat_231178,-0.0068823857409859,,173,RidgeCV
atac_processing_techniques,igvf_pfc_train_MTG,ATAC,OPC,feat_244113,0.0070718447634329,,151,RidgeCV
atac_processing_techniques,igvf_pfc_train_MTG,ATAC,OPC,feat_249889,0.0079070551967578,,72,RidgeCV
atac_processing_techniques,igvf_pfc_train_MTG,ATAC,OPC,feat_2531,0.0089554300989985,,38,RidgeCV
atac_processing_techniques,igvf_pfc_train_MTG,ATAC,OPC,feat_2532,0.0111706512201924,,9,RidgeCV
atac_processing_techniques,igvf_pfc_train_MTG,ATAC,OPC,feat_2533,0.0093218160395036,,28,RidgeCV
atac_processing_techniques,igvf_pfc_train_MTG,ATAC,OPC,feat_2554,0.0091849710545741,,30,RidgeCV
atac_processing_techniques,igvf_pfc_train_MTG,ATAC,OPC,feat_259858,0.0068424428979237,,176,RidgeCV
atac_processing_techniques,igvf_pfc_train_MTG,ATAC,OPC,feat_259885,0.0082402492333643,,60,RidgeCV
atac_processing_techniques,igvf_pfc_train_MTG,ATAC,OPC,feat_262903,0.0069191766634196,,170,RidgeCV
atac_processing_techniques,igvf_pfc_train_MTG,ATAC,OPC,feat_262904,0.0076483709533457,,85,RidgeCV
atac_processing_techniques,igvf_pfc_train_MTG,ATAC,OPC,feat_263511,-0.0072897137268667,,119,RidgeCV
atac_processing_techniques,igvf_pfc_train_MTG,ATAC,OPC,feat_263512,-0.0072897137268667,,120,RidgeCV
atac_processing_techniques,igvf_pfc_train_MTG,ATAC,OPC,feat_265312,-0.0067438434179987,,193,RidgeCV
atac_processing_techniques,igvf_pfc_train_MTG,ATAC,OPC,feat_273239,-0.0072683678313691,,124,RidgeCV
atac_processing_techniques,igvf_pfc_train_MTG,ATAC,OPC,feat_276919,-0.0069612624061089,,167,RidgeCV
atac_processing_techniques,igvf_pfc_train_MTG,ATAC,OPC,feat_279184,-0.0067146981940834,,195,RidgeCV
atac_processing_techniques,igvf_pfc_train_MTG,ATAC,OPC,feat_279201,-0.0084380507395516,,45,RidgeCV
atac_processing_techniques,igvf_pfc_train_MTG,ATAC,OPC,feat_284466,-0.007055559060253,,156,RidgeCV
atac_processing_techniques,igvf_pfc_train_MTG,ATAC,OPC,feat_290607,-0.0072577966380891,,128,RidgeCV
atac_processing_techniques,igvf_pfc_train_MTG,ATAC,OPC,feat_301569,-0.0068593761531624,,174,RidgeCV
atac_processing_techniques,igvf_pfc_train_MTG,ATAC,OPC,feat_307032,0.0083974079705813,,48,RidgeCV
atac_processing_techniques,igvf_pfc_train_MTG,ATAC,OPC,feat_307033,0.0083974079705813,,47,RidgeCV
atac_processing_techniques,igvf_pfc_train_MTG,ATAC,OPC,feat_307336,0.0076220509189748,,88,RidgeCV
atac_processing_techniques,igvf_pfc_train_MTG,ATAC,OPC,feat_308322,0.0067578904082115,,188,RidgeCV
atac_processing_techniques,igvf_pfc_train_MTG,ATAC,OPC,feat_308323,0.0067578904082115,,189,RidgeCV
atac_processing_techniques,igvf_pfc_train_MTG,ATAC,OPC,feat_311473,-0.0068062206992947,,178,RidgeCV
atac_processing_techniques,igvf_pfc_train_MTG,ATAC,OPC,feat_31375,0.0074686890243499,,98,RidgeCV
atac_processing_techniques,igvf_pfc_train_MTG,ATAC,OPC,feat_314554,-0.0072020309770835,,135,RidgeCV
atac_processing_techniques,igvf_pfc_train_MTG,ATAC,OPC,feat_319028,0.0073636260783522,,111,RidgeCV
atac_processing_techniques,igvf_pfc_train_MTG,ATAC,OPC,feat_31919,0.0081504087105189,,62,RidgeCV
atac_processing_techniques,igvf_pfc_train_MTG,ATAC,OPC,feat_321399,0.007263430380111,,126,RidgeCV
atac_processing_techniques,igvf_pfc_train_MTG,ATAC,OPC,feat_335977,0.007478849389485,,96,RidgeCV
atac_processing_techniques,igvf_pfc_train_MTG,ATAC,OPC,feat_335978,0.007478849389485,,97,RidgeCV
atac_processing_techniques,igvf_pfc_train_MTG,ATAC,OPC,feat_338877,-0.006779891087999,,185,RidgeCV
atac_processing_techniques,igvf_pfc_train_MTG,ATAC,OPC,feat_339557,-0.0071894988669208,,139,RidgeCV
atac_processing_techniques,igvf_pfc_train_MTG,ATAC,OPC,feat_339597,-0.0074250180603383,,102,RidgeCV
atac_processing_techniques,igvf_pfc_train_MTG,ATAC,OPC,feat_347578,-0.0087603613623704,,41,RidgeCV
atac_processing_techniques,igvf_pfc_train_MTG,ATAC,OPC,feat_34863,-0.0070657918234755,,154,RidgeCV
atac_processing_techniques,igvf_pfc_train_MTG,ATAC,OPC,feat_348822,-0.0099230954974841,,17,RidgeCV
atac_processing_techniques,igvf_pfc_train_MTG,ATAC,OPC,feat_350412,-0.0093417367146649,,27,RidgeCV
atac_processing_techniques,igvf_pfc_train_MTG,ATAC,OPC,feat_35152,-0.0089658568856161,,37,RidgeCV
atac_processing_techniques,igvf_pfc_train_MTG,ATAC,OPC,feat_354707,-0.0070269721246807,,160,RidgeCV
atac_processing_techniques,igvf_pfc_train_MTG,ATAC,OPC,feat_357049,-0.0071707458588326,,142,RidgeCV
atac_processing_techniques,igvf_pfc_train_MTG,ATAC,OPC,feat_357695,0.0073042642319101,,118,RidgeCV
atac_processing_techniques,igvf_pfc_train_MTG,ATAC,OPC,feat_357696,0.0073042642319101,,117,RidgeCV
atac_processing_techniques,igvf_pfc_train_MTG,ATAC,OPC,feat_358137,0.006709047955872,,196,RidgeCV
atac_processing_techniques,igvf_pfc_train_MTG,ATAC,OPC,feat_35871,-0.0071952095632413,,137,RidgeCV
atac_processing_techniques,igvf_pfc_train_MTG,ATAC,OPC,feat_359637,0.0072780202757793,,122,RidgeCV
atac_processing_techniques,igvf_pfc_train_MTG,ATAC,OPC,feat_362206,0.0075465038220932,,93,RidgeCV
atac_processing_techniques,igvf_pfc_train_MTG,ATAC,OPC,feat_363986,0.0089986623481169,,35,RidgeCV
atac_processing_techniques,igvf_pfc_train_MTG,ATAC,OPC,feat_363987,0.0071229526809772,,148,RidgeCV
atac_processing_techniques,igvf_pfc_train_MTG,ATAC,OPC,feat_368088,-0.0068008444683812,,183,RidgeCV
atac_processing_techniques,igvf_pfc_train_MTG,ATAC,OPC,feat_368554,0.0073708963624035,,110,RidgeCV
atac_processing_techniques,igvf_pfc_train_MTG,ATAC,OPC,feat_368555,0.0073708963624035,,109,RidgeCV
atac_processing_techniques,igvf_pfc_train_MTG,ATAC,OPC,feat_382006,0.0072659547861026,,125,RidgeCV
atac_processing_techniques,igvf_pfc_train_MTG,ATAC,OPC,feat_382824,0.00941625534692,,23,RidgeCV
atac_processing_techniques,igvf_pfc_train_MTG,ATAC,OPC,feat_387155,-0.0080765363712384,,65,RidgeCV
atac_processing_techniques,igvf_pfc_train_MTG,ATAC,OPC,feat_389369,0.0077299711799776,,83,RidgeCV
atac_processing_techniques,igvf_pfc_train_MTG,ATAC,OPC,feat_393021,0.0083684646351917,,49,RidgeCV
atac_processing_techniques,igvf_pfc_train_MTG,ATAC,OPC,feat_394029,-0.0074129314809606,,104,RidgeCV
atac_processing_techniques,igvf_pfc_train_MTG,ATAC,OPC,feat_394324,-0.0073596573072606,,112,RidgeCV
atac_processing_techniques,igvf_pfc_train_MTG,ATAC,OPC,feat_394929,0.0079983078372707,,67,RidgeCV
atac_processing_techniques,igvf_pfc_train_MTG,ATAC,OPC,feat_394930,0.0079983078372707,,68,RidgeCV
atac_processing_techniques,igvf_pfc_train_MTG,ATAC,OPC,feat_395058,0.0110244788206496,,11,RidgeCV
atac_processing_techniques,igvf_pfc_train_MTG,ATAC,OPC,feat_395811,-0.0110352784071574,,10,RidgeCV
atac_processing_techniques,igvf_pfc_train_MTG,ATAC,OPC,feat_39609,0.0093506207576673,,26,RidgeCV
atac_processing_techniques,igvf_pfc_train_MTG,ATAC,OPC,feat_396526,-0.0088621542067081,,40,RidgeCV
atac_processing_techniques,igvf_pfc_train_MTG,ATAC,OPC,feat_39710,0.0069060876518068,,171,RidgeCV
atac_processing_techniques,igvf_pfc_train_MTG,ATAC,OPC,feat_397592,0.0082531222810863,,58,RidgeCV
atac_processing_techniques,igvf_pfc_train_MTG,ATAC,OPC,feat_398498,-0.007227558021919,,130,RidgeCV
atac_processing_techniques,igvf_pfc_train_MTG,ATAC,OPC,feat_400587,-0.0069653258860264,,166,RidgeCV
atac_processing_techniques,igvf_pfc_train_MTG,ATAC,OPC,feat_403184,-0.007202956606207,,134,RidgeCV
atac_processing_techniques,igvf_pfc_train_MTG,ATAC,OPC,feat_403230,-0.0070671276247741,,152,RidgeCV
atac_processing_techniques,igvf_pfc_train_MTG,ATAC,OPC,feat_403231,-0.0070671276247741,,153,RidgeCV
atac_processing_techniques,igvf_pfc_train_MTG,ATAC,OPC,feat_417551,0.0068402932749353,,177,RidgeCV
atac_processing_techniques,igvf_pfc_train_MTG,ATAC,OPC,feat_422601,0.0070198578879931,,161,RidgeCV
atac_processing_techniques,igvf_pfc_train_MTG,ATAC,OPC,feat_425812,-0.0084966239760311,,43,RidgeCV
atac_processing_techniques,igvf_pfc_train_MTG,ATAC,OPC,feat_431894,-0.0068916912541042,,172,RidgeCV
atac_processing_techniques,igvf_pfc_train_MTG,ATAC,OPC,feat_433909,-0.0075428427307892,,94,RidgeCV
atac_processing_techniques,igvf_pfc_train_MTG,ATAC,OPC,feat_433911,-0.0072222140434988,,131,RidgeCV
atac_processing_techniques,igvf_pfc_train_MTG,ATAC,OPC,feat_433912,-0.0072222140434988,,132,RidgeCV
atac_processing_techniques,igvf_pfc_train_MTG,ATAC,OPC,feat_434898,-0.0096521208863778,,20,RidgeCV
atac_processing_techniques,igvf_pfc_train_MTG,ATAC,OPC,feat_434930,0.0073091467155753,,115,RidgeCV
atac_processing_techniques,igvf_pfc_train_MTG,ATAC,OPC,feat_436518,-0.0075893670886424,,91,RidgeCV
atac_processing_techniques,igvf_pfc_train_MTG,ATAC,OPC,feat_44843,-0.0095491505115706,,21,RidgeCV
atac_processing_techniques,igvf_pfc_train_MTG,ATAC,OPC,feat_44844,-0.0094127202821285,,24,RidgeCV
atac_processing_techniques,igvf_pfc_train_MTG,ATAC,OPC,feat_46007,-0.0090207651242776,,33,RidgeCV
atac_processing_techniques,igvf_pfc_train_MTG,ATAC,OPC,feat_50,-0.0091151033308027,,32,RidgeCV
atac_processing_techniques,igvf_pfc_train_MTG,ATAC,OPC,feat_51,-0.0093823211141415,,25,RidgeCV
atac_processing_techniques,igvf_pfc_train_MTG,ATAC,OPC,feat_55487,0.0078715673094103,,75,RidgeCV
atac_processing_techniques,igvf_pfc_train_MTG,ATAC,OPC,feat_57100,0.0067733566045666,,186,RidgeCV
atac_processing_techniques,igvf_pfc_train_MTG,ATAC,OPC,feat_59023,0.0083071780838965,,52,RidgeCV
atac_processing_techniques,igvf_pfc_train_MTG,ATAC,OPC,feat_64647,0.0070147025580533,,162,RidgeCV
atac_processing_techniques,igvf_pfc_train_MTG,ATAC,OPC,feat_65745,-0.0081440936917808,,63,RidgeCV
atac_processing_techniques,igvf_pfc_train_MTG,ATAC,OPC,feat_68427,0.0080631780984977,,66,RidgeCV
atac_processing_techniques,igvf_pfc_train_MTG,ATAC,OPC,feat_68428,0.0072144907585249,,133,RidgeCV
atac_processing_techniques,igvf_pfc_train_MTG,ATAC,OPC,feat_726,0.0077272359409261,,84,RidgeCV
atac_processing_techniques,igvf_pfc_train_MTG,ATAC,OPC,feat_74759,0.0084504603879179,,44,RidgeCV
atac_processing_techniques,igvf_pfc_train_MTG,ATAC,OPC,feat_78037,-0.0072712451479013,,123,RidgeCV
atac_processing_techniques,igvf_pfc_train_MTG,ATAC,OPC,feat_8101,-0.0078346905646826,,76,RidgeCV
atac_processing_techniques,igvf_pfc_train_MTG,ATAC,OPC,feat_85679,-0.0071676902382043,,145,RidgeCV
atac_processing_techniques,igvf_pfc_train_MTG,ATAC,OPC,feat_85680,-0.0071676902382043,,144,RidgeCV
atac_processing_techniques,igvf_pfc_train_MTG,ATAC,OPC,feat_8844,-0.0070295230595627,,158,RidgeCV
atac_processing_techniques,igvf_pfc_train_MTG,ATAC,OPC,feat_8845,-0.0070295230595627,,159,RidgeCV
atac_processing_techniques,igvf_pfc_train_MTG,ATAC,OPC,feat_89326,0.0073463989385682,,114,RidgeCV
atac_processing_techniques,igvf_pfc_train_MTG,ATAC,OPC,feat_91386,0.0073989197828389,,105,RidgeCV
atac_processing_techniques,igvf_pfc_train_MTG,ATAC,OPC,feat_92174,0.0076368769894522,,87,RidgeCV
atac_processing_techniques,igvf_pfc_train_MTG,ATAC,OPC,feat_9749,0.0069720023365827,,164,RidgeCV
atac_processing_techniques,igvf_pfc_train_MTG,ATAC,OPC,feat_9750,0.0069720023365827,,165,RidgeCV
atac_processing_techniques,igvf_pfc_train_MTG,ATAC,OPC,feat_97956,-0.0068015911047537,,182,RidgeCV
atac_processing_techniques,igvf_pfc_train_MTG,ATAC,OPC,feat_9848,-0.0071121963385497,,149,RidgeCV
