project,clock_name,modality,cell_type,feature,coefficient,importance,rank,model_type
pfc_to_hippocampus,pfc_to_hip_all_pfc_ridge_clock,ATAC,All_cells,chr10:109418762-109419262,-0.016895422532643,0.0102579512103868,154,RidgeCV
pfc_to_hippocampus,pfc_to_hip_all_pfc_ridge_clock,ATAC,All_cells,chr10:25068072-25068572,0.0129515348521711,0.0100355191542552,169,RidgeCV
pfc_to_hippocampus,pfc_to_hip_all_pfc_ridge_clock,ATAC,All_cells,chr10:47449415-47449915,0.0165359007445902,0.0097273355238487,192,RidgeCV
pfc_to_hippocampus,pfc_to_hip_all_pfc_ridge_clock,ATAC,All_cells,chr10:49177311-49177811,0.0155395282387268,0.0118303044605645,89,RidgeCV
pfc_to_hippocampus,pfc_to_hip_all_pfc_ridge_clock,ATAC,All_cells,chr10:6843415-6843915,0.01207817615489,0.0101400155835585,160,RidgeCV
pfc_to_hippocampus,pfc_to_hip_all_pfc_ridge_clock,ATAC,All_cells,chr10:84903204-84903704,-0.0152105700533857,0.0101585779375463,158,RidgeCV
pfc_to_hippocampus,pfc_to_hip_all_pfc_ridge_clock,ATAC,All_cells,chr10:95195983-95196483,-0.0180152826900928,0.0102249830493678,156,RidgeCV
pfc_to_hippocampus,pfc_to_hip_all_pfc_ridge_clock,ATAC,All_cells,chr1:10779155-10779655,0.01618482418803,0.0111056823334058,118,RidgeCV
pfc_to_hippocampus,pfc_to_hip_all_pfc_ridge_clock,ATAC,All_cells,chr1:10788570-10789070,0.0170777353710381,0.0117335146291888,91,RidgeCV
pfc_to_hippocampus,pfc_to_hip_all_pfc_ridge_clock,ATAC,All_cells,chr1:109687486-109687986,0.0267605991710858,0.0430286677879708,2,RidgeCV
pfc_to_hippocampus,pfc_to_hip_all_pfc_ridge_clock,ATAC,All_cells,chr1:109689913-109690413,0.0106174819675036,0.0100383803694856,168,RidgeCV
pfc_to_hippocampus,pfc_to_hip_all_pfc_ridge_clock,ATAC,All_cells,chr1:111228386-111228886,-0.0159613473447308,0.0120471191571519,80,RidgeCV
pfc_to_hippocampus,pfc_to_hip_all_pfc_ridge_clock,ATAC,All_cells,chr1:111249859-111250359,-0.0150823861905904,0.0139249529074524,55,RidgeCV
pfc_to_hippocampus,pfc_to_hip_all_pfc_ridge_clock,ATAC,All_cells,chr1:111253832-111254332,-0.021530751042743,0.0219688329514987,13,RidgeCV
pfc_to_hippocampus,pfc_to_hip_all_pfc_ridge_clock,ATAC,All_cells,chr1:111271419-111271919,-0.0205973880745594,0.0108580861730768,128,RidgeCV
pfc_to_hippocampus,pfc_to_hip_all_pfc_ridge_clock,ATAC,All_cells,chr11:1760352-1760852,0.017295177403059,0.0105988445480556,140,RidgeCV
pfc_to_hippocampus,pfc_to_hip_all_pfc_ridge_clock,ATAC,All_cells,chr11:19539799-19540299,0.0110362317709648,0.0095823162287488,198,RidgeCV
pfc_to_hippocampus,pfc_to_hip_all_pfc_ridge_clock,ATAC,All_cells,chr1:120811707-120812207,-0.0163722291641939,0.0120213752493897,82,RidgeCV
pfc_to_hippocampus,pfc_to_hip_all_pfc_ridge_clock,ATAC,All_cells,chr1:149708493-149708993,0.0260352907245634,0.0243181695220952,8,RidgeCV
pfc_to_hippocampus,pfc_to_hip_all_pfc_ridge_clock,ATAC,All_cells,chr1:164982966-164983466,-0.0116540170642703,0.0101290970872414,162,RidgeCV
pfc_to_hippocampus,pfc_to_hip_all_pfc_ridge_clock,ATAC,All_cells,chr11:6586449-6586949,0.0131681579696915,0.0098578177227579,184,RidgeCV
pfc_to_hippocampus,pfc_to_hip_all_pfc_ridge_clock,ATAC,All_cells,chr1:1692911-1693411,-0.0133571049451129,0.0110642338173966,121,RidgeCV
pfc_to_hippocampus,pfc_to_hip_all_pfc_ridge_clock,ATAC,All_cells,chr1:169658984-169659484,0.0147432869681699,0.0112693476268024,111,RidgeCV
pfc_to_hippocampus,pfc_to_hip_all_pfc_ridge_clock,ATAC,All_cells,chr11:74673865-74674365,-0.0147076309405171,0.011852012497535,87,RidgeCV
pfc_to_hippocampus,pfc_to_hip_all_pfc_ridge_clock,ATAC,All_cells,chr1:202004615-202005115,0.0188856835792027,0.0101431971590003,159,RidgeCV
pfc_to_hippocampus,pfc_to_hip_all_pfc_ridge_clock,ATAC,All_cells,chr1:207811881-207812381,0.0276179051137273,0.0122113327437006,76,RidgeCV
pfc_to_hippocampus,pfc_to_hip_all_pfc_ridge_clock,ATAC,All_cells,chr12:118740085-118740585,0.014705424401982,0.0119787131735388,83,RidgeCV
pfc_to_hippocampus,pfc_to_hip_all_pfc_ridge_clock,ATAC,All_cells,chr12:118827052-118827552,0.014090542268294,0.0100454277633668,167,RidgeCV
pfc_to_hippocampus,pfc_to_hip_all_pfc_ridge_clock,ATAC,All_cells,chr12:14249300-14249800,0.0160761968688924,0.0121419613804748,77,RidgeCV
pfc_to_hippocampus,pfc_to_hip_all_pfc_ridge_clock,ATAC,All_cells,chr12:19202356-19202856,-0.0153832730838644,0.0099740154511764,174,RidgeCV
pfc_to_hippocampus,pfc_to_hip_all_pfc_ridge_clock,ATAC,All_cells,chr1:226824949-226825449,0.0109514941203558,0.0096005290092846,197,RidgeCV
pfc_to_hippocampus,pfc_to_hip_all_pfc_ridge_clock,ATAC,All_cells,chr1:229856119-229856619,0.0135167757627084,0.0096785838666196,195,RidgeCV
pfc_to_hippocampus,pfc_to_hip_all_pfc_ridge_clock,ATAC,All_cells,chr12:30896535-30897035,0.0195350473648774,0.0163554254144544,38,RidgeCV
pfc_to_hippocampus,pfc_to_hip_all_pfc_ridge_clock,ATAC,All_cells,chr1:243101467-243101967,-0.0294044583912124,0.0192288586512857,20,RidgeCV
pfc_to_hippocampus,pfc_to_hip_all_pfc_ridge_clock,ATAC,All_cells,chr12:52267630-52268130,0.0120156517695258,0.0097318973112252,191,RidgeCV
pfc_to_hippocampus,pfc_to_hip_all_pfc_ridge_clock,ATAC,All_cells,chr12:71157890-71158390,0.0232670542775965,0.0144268754662786,51,RidgeCV
pfc_to_hippocampus,pfc_to_hip_all_pfc_ridge_clock,ATAC,All_cells,chr12:71158500-71159000,0.0231478343652587,0.0129793810348787,63,RidgeCV
pfc_to_hippocampus,pfc_to_hip_all_pfc_ridge_clock,ATAC,All_cells,chr12:85016359-85016859,0.0222979299727504,0.0164201914054268,37,RidgeCV
pfc_to_hippocampus,pfc_to_hip_all_pfc_ridge_clock,ATAC,All_cells,chr1:31218659-31219159,0.0218302494479492,0.0237782245579942,9,RidgeCV
pfc_to_hippocampus,pfc_to_hip_all_pfc_ridge_clock,ATAC,All_cells,chr13:25358042-25358542,0.0233780395500152,0.0125321490369275,72,RidgeCV
pfc_to_hippocampus,pfc_to_hip_all_pfc_ridge_clock,ATAC,All_cells,chr1:3423316-3423816,0.0168502327875731,0.0105093364947723,144,RidgeCV
pfc_to_hippocampus,pfc_to_hip_all_pfc_ridge_clock,ATAC,All_cells,chr14:19750950-19751450,0.0179071123217503,0.0110709098377486,120,RidgeCV
pfc_to_hippocampus,pfc_to_hip_all_pfc_ridge_clock,ATAC,All_cells,chr14:19800597-19801097,0.0450191807409918,0.0551096533734796,0,RidgeCV
pfc_to_hippocampus,pfc_to_hip_all_pfc_ridge_clock,ATAC,All_cells,chr14:23881161-23881661,-0.01561131554452,0.0098907437455689,182,RidgeCV
pfc_to_hippocampus,pfc_to_hip_all_pfc_ridge_clock,ATAC,All_cells,chr14:73536855-73537355,-0.019540335652003,0.0237522132790868,10,RidgeCV
pfc_to_hippocampus,pfc_to_hip_all_pfc_ridge_clock,ATAC,All_cells,chr14:73537660-73538160,-0.0133056221953452,0.0138852123011961,56,RidgeCV
pfc_to_hippocampus,pfc_to_hip_all_pfc_ridge_clock,ATAC,All_cells,chr14:91126086-91126586,0.0168073296202352,0.0099346381272162,179,RidgeCV
pfc_to_hippocampus,pfc_to_hip_all_pfc_ridge_clock,ATAC,All_cells,chr1:50423269-50423769,-0.0138295733722792,0.0107174117097218,135,RidgeCV
pfc_to_hippocampus,pfc_to_hip_all_pfc_ridge_clock,ATAC,All_cells,chr15:33985127-33985627,0.0145374960896869,0.0138811051806481,57,RidgeCV
pfc_to_hippocampus,pfc_to_hip_all_pfc_ridge_clock,ATAC,All_cells,chr16:22211674-22212174,0.0155345973680484,0.011235143850935,113,RidgeCV
pfc_to_hippocampus,pfc_to_hip_all_pfc_ridge_clock,ATAC,All_cells,chr16:24845670-24846170,0.0129932491355148,0.010763835902446,132,RidgeCV
pfc_to_hippocampus,pfc_to_hip_all_pfc_ridge_clock,ATAC,All_cells,chr16:28538825-28539325,0.0227429908075911,0.0130317827204205,62,RidgeCV
pfc_to_hippocampus,pfc_to_hip_all_pfc_ridge_clock,ATAC,All_cells,chr1:63842926-63843426,-0.018621745769382,0.0114568812788751,102,RidgeCV
pfc_to_hippocampus,pfc_to_hip_all_pfc_ridge_clock,ATAC,All_cells,chr16:78490638-78491138,0.0176063591110021,0.0103760604984675,149,RidgeCV
pfc_to_hippocampus,pfc_to_hip_all_pfc_ridge_clock,ATAC,All_cells,chr16:79562077-79562577,0.0159662444903803,0.011383434525888,104,RidgeCV
pfc_to_hippocampus,pfc_to_hip_all_pfc_ridge_clock,ATAC,All_cells,chr16:8047663-8048163,-0.0165915027440863,0.0177293802195319,28,RidgeCV
pfc_to_hippocampus,pfc_to_hip_all_pfc_ridge_clock,ATAC,All_cells,chr16:83199967-83200467,0.0165566868370272,0.0098916918827101,181,RidgeCV
pfc_to_hippocampus,pfc_to_hip_all_pfc_ridge_clock,ATAC,All_cells,chr16:83247699-83248199,0.0226423232061265,0.0178032467072137,27,RidgeCV
pfc_to_hippocampus,pfc_to_hip_all_pfc_ridge_clock,ATAC,All_cells,chr16:83772734-83773234,0.0120958261270884,0.0109708796494384,125,RidgeCV
pfc_to_hippocampus,pfc_to_hip_all_pfc_ridge_clock,ATAC,All_cells,chr16:9316541-9317041,0.0189516277858242,0.0103575691574301,151,RidgeCV
pfc_to_hippocampus,pfc_to_hip_all_pfc_ridge_clock,ATAC,All_cells,chr16:9970725-9971225,0.0183264842876408,0.0143728092551607,52,RidgeCV
pfc_to_hippocampus,pfc_to_hip_all_pfc_ridge_clock,ATAC,All_cells,chr17:19063588-19064088,0.0198308820693352,0.0154602672461176,42,RidgeCV
pfc_to_hippocampus,pfc_to_hip_all_pfc_ridge_clock,ATAC,All_cells,chr17:20896083-20896583,-0.0224556792118401,0.0119609783793988,84,RidgeCV
pfc_to_hippocampus,pfc_to_hip_all_pfc_ridge_clock,ATAC,All_cells,chr17:22521145-22521645,-0.0084704768723286,0.0103943029535821,147,RidgeCV
pfc_to_hippocampus,pfc_to_hip_all_pfc_ridge_clock,ATAC,All_cells,chr17:36182855-36183355,-0.0235126715052333,0.024884619207099,7,RidgeCV
pfc_to_hippocampus,pfc_to_hip_all_pfc_ridge_clock,ATAC,All_cells,chr17:36192239-36192739,-0.0152044580013548,0.011380410264414,105,RidgeCV
pfc_to_hippocampus,pfc_to_hip_all_pfc_ridge_clock,ATAC,All_cells,chr17:36195485-36195985,-0.0153138893529942,0.0097570132830522,190,RidgeCV
pfc_to_hippocampus,pfc_to_hip_all_pfc_ridge_clock,ATAC,All_cells,chr17:36199075-36199575,-0.0203191877889814,0.0122233755780032,75,RidgeCV
pfc_to_hippocampus,pfc_to_hip_all_pfc_ridge_clock,ATAC,All_cells,chr17:36210456-36210956,-0.0162324513330241,0.0128467782332869,67,RidgeCV
pfc_to_hippocampus,pfc_to_hip_all_pfc_ridge_clock,ATAC,All_cells,chr17:5643572-5644072,-0.0201195513432795,0.0170051276066218,34,RidgeCV
pfc_to_hippocampus,pfc_to_hip_all_pfc_ridge_clock,ATAC,All_cells,chr18:13993707-13994207,-0.0122642214978314,0.0108965857250288,127,RidgeCV
pfc_to_hippocampus,pfc_to_hip_all_pfc_ridge_clock,ATAC,All_cells,chr18:36867003-36867503,-0.0127625268640163,0.0095596629316821,199,RidgeCV
pfc_to_hippocampus,pfc_to_hip_all_pfc_ridge_clock,ATAC,All_cells,chr18:38010943-38011443,0.0171919023996615,0.011590568615209,98,RidgeCV
pfc_to_hippocampus,pfc_to_hip_all_pfc_ridge_clock,ATAC,All_cells,chr18:52395090-52395590,0.0177873340440222,0.0120276225023413,81,RidgeCV
pfc_to_hippocampus,pfc_to_hip_all_pfc_ridge_clock,ATAC,All_cells,chr18:58043916-58044416,-0.0249921726030797,0.0100682482678499,165,RidgeCV
pfc_to_hippocampus,pfc_to_hip_all_pfc_ridge_clock,ATAC,All_cells,chr18:58057214-58057714,-0.0258638744776389,0.0138445805056679,58,RidgeCV
pfc_to_hippocampus,pfc_to_hip_all_pfc_ridge_clock,ATAC,All_cells,chr18:712485-712985,-0.0169814922750165,0.0116566136469164,97,RidgeCV
pfc_to_hippocampus,pfc_to_hip_all_pfc_ridge_clock,ATAC,All_cells,chr18:7460069-7460569,0.0154306668946328,0.0099588413724019,175,RidgeCV
pfc_to_hippocampus,pfc_to_hip_all_pfc_ridge_clock,ATAC,All_cells,chr18:79323427-79323927,-0.0147517144163634,0.0125750810525964,71,RidgeCV
pfc_to_hippocampus,pfc_to_hip_all_pfc_ridge_clock,ATAC,All_cells,chr19:55207045-55207545,0.0153061463280319,0.0128361424970927,68,RidgeCV
pfc_to_hippocampus,pfc_to_hip_all_pfc_ridge_clock,ATAC,All_cells,chr19:5827889-5828389,-0.0292165093390498,0.0204399026603526,15,RidgeCV
pfc_to_hippocampus,pfc_to_hip_all_pfc_ridge_clock,ATAC,All_cells,chr20:20210209-20210709,0.0165532473203063,0.0101142480409321,163,RidgeCV
pfc_to_hippocampus,pfc_to_hip_all_pfc_ridge_clock,ATAC,All_cells,chr21:28019178-28019678,0.0115832557329078,0.0101637152743058,157,RidgeCV
pfc_to_hippocampus,pfc_to_hip_all_pfc_ridge_clock,ATAC,All_cells,chr21:44106986-44107486,-0.0166498244885636,0.0200101367745562,17,RidgeCV
pfc_to_hippocampus,pfc_to_hip_all_pfc_ridge_clock,ATAC,All_cells,chr2:145038119-145038619,0.0223318608038846,0.0153741358428766,43,RidgeCV
pfc_to_hippocampus,pfc_to_hip_all_pfc_ridge_clock,ATAC,All_cells,chr21:46150358-46150858,0.026441458998373,0.0175943527746553,29,RidgeCV
pfc_to_hippocampus,pfc_to_hip_all_pfc_ridge_clock,ATAC,All_cells,chr2:165648801-165649301,-0.0192103104802957,0.0098410276489631,185,RidgeCV
pfc_to_hippocampus,pfc_to_hip_all_pfc_ridge_clock,ATAC,All_cells,chr2:169348261-169348761,0.0095442702068538,0.00994280602406,177,RidgeCV
pfc_to_hippocampus,pfc_to_hip_all_pfc_ridge_clock,ATAC,All_cells,chr2:171553802-171554302,0.0261809385576691,0.0171504399791077,32,RidgeCV
pfc_to_hippocampus,pfc_to_hip_all_pfc_ridge_clock,ATAC,All_cells,chr21:8213048-8213548,-0.0362170729587357,0.036249291725621,3,RidgeCV
pfc_to_hippocampus,pfc_to_hip_all_pfc_ridge_clock,ATAC,All_cells,chr2:186734904-186735404,-0.0242176481789899,0.0123864411097972,73,RidgeCV
pfc_to_hippocampus,pfc_to_hip_all_pfc_ridge_clock,ATAC,All_cells,chr2:200477661-200478161,0.0200313286552186,0.0117222879640941,93,RidgeCV
pfc_to_hippocampus,pfc_to_hip_all_pfc_ridge_clock,ATAC,All_cells,chr22:17486212-17486712,0.0171819450420522,0.0100657673305603,166,RidgeCV
pfc_to_hippocampus,pfc_to_hip_all_pfc_ridge_clock,ATAC,All_cells,chr22:23984395-23984895,0.0116384351725344,0.0101122179957618,164,RidgeCV
pfc_to_hippocampus,pfc_to_hip_all_pfc_ridge_clock,ATAC,All_cells,chr22:27719538-27720038,0.0141958209850221,0.0115610601834949,101,RidgeCV
pfc_to_hippocampus,pfc_to_hip_all_pfc_ridge_clock,ATAC,All_cells,chr2:231017114-231017614,-0.0151597410532579,0.0097856302235266,188,RidgeCV
pfc_to_hippocampus,pfc_to_hip_all_pfc_ridge_clock,ATAC,All_cells,chr2:233466879-233467379,0.0163475059284233,0.0097949706451517,186,RidgeCV
pfc_to_hippocampus,pfc_to_hip_all_pfc_ridge_clock,ATAC,All_cells,chr2:239465100-239465600,0.0122768340313423,0.0122246975649216,74,RidgeCV
pfc_to_hippocampus,pfc_to_hip_all_pfc_ridge_clock,ATAC,All_cells,chr2:240132480-240132980,0.0197568373363706,0.0097752953371862,189,RidgeCV
pfc_to_hippocampus,pfc_to_hip_all_pfc_ridge_clock,ATAC,All_cells,chr22:46494759-46495259,-0.0147921421335676,0.0097114549776634,193,RidgeCV
pfc_to_hippocampus,pfc_to_hip_all_pfc_ridge_clock,ATAC,All_cells,chr22:50089615-50090115,-0.0189729218179812,0.0107359784752936,134,RidgeCV
pfc_to_hippocampus,pfc_to_hip_all_pfc_ridge_clock,ATAC,All_cells,chr2:3483226-3483726,-0.0222063957036435,0.0150658633217749,47,RidgeCV
pfc_to_hippocampus,pfc_to_hip_all_pfc_ridge_clock,ATAC,All_cells,chr2:47707782-47708282,-0.0152124280914254,0.0101396419433232,161,RidgeCV
pfc_to_hippocampus,pfc_to_hip_all_pfc_ridge_clock,ATAC,All_cells,chr2:47771203-47771703,-0.0101873640930704,0.009786629305627,187,RidgeCV
pfc_to_hippocampus,pfc_to_hip_all_pfc_ridge_clock,ATAC,All_cells,chr2:48607200-48607700,-0.0200510492129904,0.012869348210393,66,RidgeCV
pfc_to_hippocampus,pfc_to_hip_all_pfc_ridge_clock,ATAC,All_cells,chr2:9260313-9260813,0.0168735213330414,0.0117271373773052,92,RidgeCV
pfc_to_hippocampus,pfc_to_hip_all_pfc_ridge_clock,ATAC,All_cells,chr2:9303648-9304148,0.0197337173085477,0.0195153736875583,19,RidgeCV
pfc_to_hippocampus,pfc_to_hip_all_pfc_ridge_clock,ATAC,All_cells,chr3:125990197-125990697,-0.0165179443693118,0.011586732312635,100,RidgeCV
pfc_to_hippocampus,pfc_to_hip_all_pfc_ridge_clock,ATAC,All_cells,chr3:148727218-148727718,0.0176465044227263,0.0110746463982082,119,RidgeCV
pfc_to_hippocampus,pfc_to_hip_all_pfc_ridge_clock,ATAC,All_cells,chr3:148790784-148791284,0.0235024680750754,0.0191071822417708,21,RidgeCV
pfc_to_hippocampus,pfc_to_hip_all_pfc_ridge_clock,ATAC,All_cells,chr3:148815596-148816096,0.033074518673011,0.0203858129682676,16,RidgeCV
pfc_to_hippocampus,pfc_to_hip_all_pfc_ridge_clock,ATAC,All_cells,chr3:71973300-71973800,0.0150937655876745,0.0098628456965041,183,RidgeCV
pfc_to_hippocampus,pfc_to_hip_all_pfc_ridge_clock,ATAC,All_cells,chr3:84925628-84926128,0.0135723958245821,0.0109863312158111,124,RidgeCV
pfc_to_hippocampus,pfc_to_hip_all_pfc_ridge_clock,ATAC,All_cells,chr3:9101207-9101707,0.0188237750915306,0.0118489191673267,88,RidgeCV
pfc_to_hippocampus,pfc_to_hip_all_pfc_ridge_clock,ATAC,All_cells,chr4:104302729-104303229,0.0123250769158353,0.010310125016247,153,RidgeCV
pfc_to_hippocampus,pfc_to_hip_all_pfc_ridge_clock,ATAC,All_cells,chr4:10461161-10461661,-0.0278064775552155,0.0099507816046497,176,RidgeCV
pfc_to_hippocampus,pfc_to_hip_all_pfc_ridge_clock,ATAC,All_cells,chr4:1511600-1512100,-0.027327602875233,0.0261347151970982,5,RidgeCV
pfc_to_hippocampus,pfc_to_hip_all_pfc_ridge_clock,ATAC,All_cells,chr4:169345327-169345827,0.0118742614890122,0.0105832285400586,141,RidgeCV
pfc_to_hippocampus,pfc_to_hip_all_pfc_ridge_clock,ATAC,All_cells,chr4:169348515-169349015,0.0149822840999375,0.0104534156055392,145,RidgeCV
pfc_to_hippocampus,pfc_to_hip_all_pfc_ridge_clock,ATAC,All_cells,chr4:178090599-178091099,0.0222067310352378,0.0145348963074727,49,RidgeCV
pfc_to_hippocampus,pfc_to_hip_all_pfc_ridge_clock,ATAC,All_cells,chr4:178229685-178230185,-0.0132077859282196,0.0111885623069255,116,RidgeCV
pfc_to_hippocampus,pfc_to_hip_all_pfc_ridge_clock,ATAC,All_cells,chr4:35465067-35465567,0.0137094775929614,0.0121055878972927,78,RidgeCV
pfc_to_hippocampus,pfc_to_hip_all_pfc_ridge_clock,ATAC,All_cells,chr4:55008291-55008791,0.0234635356892507,0.0147227640531701,48,RidgeCV
pfc_to_hippocampus,pfc_to_hip_all_pfc_ridge_clock,ATAC,All_cells,chr4:55311791-55312291,0.0265259609034009,0.0170146387261346,33,RidgeCV
pfc_to_hippocampus,pfc_to_hip_all_pfc_ridge_clock,ATAC,All_cells,chr4:55801480-55801980,-0.0158023547044974,0.0103871889862353,148,RidgeCV
pfc_to_hippocampus,pfc_to_hip_all_pfc_ridge_clock,ATAC,All_cells,chr4:68062482-68062982,0.0164545586577415,0.0126994062876003,70,RidgeCV
pfc_to_hippocampus,pfc_to_hip_all_pfc_ridge_clock,ATAC,All_cells,chr4:8400930-8401430,0.0217303619021046,0.0115883388519829,99,RidgeCV
pfc_to_hippocampus,pfc_to_hip_all_pfc_ridge_clock,ATAC,All_cells,chr4:85784311-85784811,0.0229625527088017,0.0157872240592159,40,RidgeCV
pfc_to_hippocampus,pfc_to_hip_all_pfc_ridge_clock,ATAC,All_cells,chr5:156093939-156094439,0.0177452012406447,0.0113222491626504,107,RidgeCV
pfc_to_hippocampus,pfc_to_hip_all_pfc_ridge_clock,ATAC,All_cells,chr5:170862004-170862504,-0.0270620200013105,0.0096278718174708,196,RidgeCV
pfc_to_hippocampus,pfc_to_hip_all_pfc_ridge_clock,ATAC,All_cells,chr5:170896626-170897126,-0.0221867105122283,0.0182615602064263,24,RidgeCV
pfc_to_hippocampus,pfc_to_hip_all_pfc_ridge_clock,ATAC,All_cells,chr5:170982064-170982564,-0.0171954426020109,0.0107033986325676,137,RidgeCV
pfc_to_hippocampus,pfc_to_hip_all_pfc_ridge_clock,ATAC,All_cells,chr5:21481752-21482252,-0.0140073724326818,0.0127582469076819,69,RidgeCV
pfc_to_hippocampus,pfc_to_hip_all_pfc_ridge_clock,ATAC,All_cells,chr5:21482456-21482956,-0.0148945057404075,0.011312253430154,108,RidgeCV
pfc_to_hippocampus,pfc_to_hip_all_pfc_ridge_clock,ATAC,All_cells,chr5:3265416-3265916,0.012713802087817,0.0117708471245146,90,RidgeCV
pfc_to_hippocampus,pfc_to_hip_all_pfc_ridge_clock,ATAC,All_cells,chr5:43007508-43008008,0.0148965420128544,0.0107100666064356,136,RidgeCV
pfc_to_hippocampus,pfc_to_hip_all_pfc_ridge_clock,ATAC,All_cells,chr5:43008465-43008965,0.0192207476392217,0.0152210661212671,46,RidgeCV
pfc_to_hippocampus,pfc_to_hip_all_pfc_ridge_clock,ATAC,All_cells,chr5:43017809-43018309,0.0248173791453246,0.0206199209701204,14,RidgeCV
pfc_to_hippocampus,pfc_to_hip_all_pfc_ridge_clock,ATAC,All_cells,chr5:77972607-77973107,-0.0162700498190948,0.0110637323439731,122,RidgeCV
pfc_to_hippocampus,pfc_to_hip_all_pfc_ridge_clock,ATAC,All_cells,chr6:162976143-162976643,0.0195057839382794,0.0100117671238328,170,RidgeCV
pfc_to_hippocampus,pfc_to_hip_all_pfc_ridge_clock,ATAC,All_cells,chr6:168048206-168048706,0.0112971046418806,0.0099787007872893,173,RidgeCV
pfc_to_hippocampus,pfc_to_hip_all_pfc_ridge_clock,ATAC,All_cells,chr6:170185261-170185761,0.02285695257252,0.0221399723772133,12,RidgeCV
pfc_to_hippocampus,pfc_to_hip_all_pfc_ridge_clock,ATAC,All_cells,chr6:26224882-26225382,-0.0277810329700299,0.0141648920959521,54,RidgeCV
pfc_to_hippocampus,pfc_to_hip_all_pfc_ridge_clock,ATAC,All_cells,chr6:3484882-3485382,0.0167546368925993,0.0161422788555154,39,RidgeCV
pfc_to_hippocampus,pfc_to_hip_all_pfc_ridge_clock,ATAC,All_cells,chr6:35601865-35602365,0.0160620610743432,0.0116889510354187,96,RidgeCV
pfc_to_hippocampus,pfc_to_hip_all_pfc_ridge_clock,ATAC,All_cells,chr6:35650061-35650561,0.02154977183097,0.014509482019239,50,RidgeCV
pfc_to_hippocampus,pfc_to_hip_all_pfc_ridge_clock,ATAC,All_cells,chr7:102671549-102672049,-0.0268992697001329,0.0468212903368953,1,RidgeCV
pfc_to_hippocampus,pfc_to_hip_all_pfc_ridge_clock,ATAC,All_cells,chr7:116511613-116512113,0.0226229074399797,0.0109539805226456,126,RidgeCV
pfc_to_hippocampus,pfc_to_hip_all_pfc_ridge_clock,ATAC,All_cells,chr7:116525999-116526499,0.022118501785343,0.0106815398094792,138,RidgeCV
pfc_to_hippocampus,pfc_to_hip_all_pfc_ridge_clock,ATAC,All_cells,chr7:116545574-116546074,0.0280076778443915,0.0153332074138472,44,RidgeCV
pfc_to_hippocampus,pfc_to_hip_all_pfc_ridge_clock,ATAC,All_cells,chr7:116553789-116554289,0.0229273638220474,0.0102561821484963,155,RidgeCV
pfc_to_hippocampus,pfc_to_hip_all_pfc_ridge_clock,ATAC,All_cells,chr7:134351360-134351860,0.0138083901518621,0.0096977289646199,194,RidgeCV
pfc_to_hippocampus,pfc_to_hip_all_pfc_ridge_clock,ATAC,All_cells,chr7:143620713-143621213,-0.0110784674234755,0.0114115694715904,103,RidgeCV
pfc_to_hippocampus,pfc_to_hip_all_pfc_ridge_clock,ATAC,All_cells,chr7:147638913-147639413,0.0295193373948515,0.0166338273717093,36,RidgeCV
pfc_to_hippocampus,pfc_to_hip_all_pfc_ridge_clock,ATAC,All_cells,chr7:155230125-155230625,0.0116324538976549,0.009987731052471,171,RidgeCV
pfc_to_hippocampus,pfc_to_hip_all_pfc_ridge_clock,ATAC,All_cells,chr7:155402893-155403393,-0.0112109363115601,0.0134095815002814,60,RidgeCV
pfc_to_hippocampus,pfc_to_hip_all_pfc_ridge_clock,ATAC,All_cells,chr7:157319808-157320308,0.0197675044410746,0.0112384776987086,112,RidgeCV
pfc_to_hippocampus,pfc_to_hip_all_pfc_ridge_clock,ATAC,All_cells,chr7:158878215-158878715,0.0291615609209745,0.0188954535619497,22,RidgeCV
pfc_to_hippocampus,pfc_to_hip_all_pfc_ridge_clock,ATAC,All_cells,chr7:25854995-25855495,0.0416474875501324,0.0254920905153316,6,RidgeCV
pfc_to_hippocampus,pfc_to_hip_all_pfc_ridge_clock,ATAC,All_cells,chr7:25856877-25857377,0.0227410301447508,0.01172049042658,95,RidgeCV
pfc_to_hippocampus,pfc_to_hip_all_pfc_ridge_clock,ATAC,All_cells,chr7:28470384-28470884,-0.0119010971108664,0.0099066581904437,180,RidgeCV
pfc_to_hippocampus,pfc_to_hip_all_pfc_ridge_clock,ATAC,All_cells,chr7:57203466-57203966,0.024270577605227,0.0222124257768521,11,RidgeCV
pfc_to_hippocampus,pfc_to_hip_all_pfc_ridge_clock,ATAC,All_cells,chr7:57404423-57404923,0.0235335513060089,0.0199894257623862,18,RidgeCV
pfc_to_hippocampus,pfc_to_hip_all_pfc_ridge_clock,ATAC,All_cells,chr7:57995452-57995952,0.0204625548155461,0.0174274438523454,30,RidgeCV
pfc_to_hippocampus,pfc_to_hip_all_pfc_ridge_clock,ATAC,All_cells,chr7:75237546-75238046,-0.0235494720077151,0.0171758141359341,31,RidgeCV
pfc_to_hippocampus,pfc_to_hip_all_pfc_ridge_clock,ATAC,All_cells,chr7:75358949-75359449,-0.0101833461905309,0.0118757768312932,86,RidgeCV
pfc_to_hippocampus,pfc_to_hip_all_pfc_ridge_clock,ATAC,All_cells,chr7:76515862-76516362,0.0125649015903465,0.0136905541928432,59,RidgeCV
pfc_to_hippocampus,pfc_to_hip_all_pfc_ridge_clock,ATAC,All_cells,chr7:99975927-99976427,0.0168998562272598,0.0108001416854712,130,RidgeCV
pfc_to_hippocampus,pfc_to_hip_all_pfc_ridge_clock,ATAC,All_cells,chr8:104895956-104896456,0.0193438034207983,0.0117212906930699,94,RidgeCV
pfc_to_hippocampus,pfc_to_hip_all_pfc_ridge_clock,ATAC,All_cells,chr8:11423483-11423983,0.0175285972145096,0.0168674859491914,35,RidgeCV
pfc_to_hippocampus,pfc_to_hip_all_pfc_ridge_clock,ATAC,All_cells,chr8:11429209-11429709,0.0155059766950107,0.009936781568874,178,RidgeCV
pfc_to_hippocampus,pfc_to_hip_all_pfc_ridge_clock,ATAC,All_cells,chr8:11449136-11449636,0.0158513659714239,0.01136266446404,106,RidgeCV
pfc_to_hippocampus,pfc_to_hip_all_pfc_ridge_clock,ATAC,All_cells,chr8:115586831-115587331,0.0253195964975955,0.0186094061003121,23,RidgeCV
pfc_to_hippocampus,pfc_to_hip_all_pfc_ridge_clock,ATAC,All_cells,chr8:142089518-142090018,0.0115052550914985,0.0105182212076144,143,RidgeCV
pfc_to_hippocampus,pfc_to_hip_all_pfc_ridge_clock,ATAC,All_cells,chr8:2623148-2623648,0.0197291126495642,0.0143443563168757,53,RidgeCV
pfc_to_hippocampus,pfc_to_hip_all_pfc_ridge_clock,ATAC,All_cells,chr8:2630065-2630565,0.0159301278500377,0.0108029424508604,129,RidgeCV
pfc_to_hippocampus,pfc_to_hip_all_pfc_ridge_clock,ATAC,All_cells,chr8:27666442-27666942,0.0151602984031495,0.0107925643888547,131,RidgeCV
pfc_to_hippocampus,pfc_to_hip_all_pfc_ridge_clock,ATAC,All_cells,chr8:41249603-41250103,0.0151038566524972,0.0129465103158799,64,RidgeCV
pfc_to_hippocampus,pfc_to_hip_all_pfc_ridge_clock,ATAC,All_cells,chr8:41512040-41512540,0.012774122634092,0.0104252243467045,146,RidgeCV
pfc_to_hippocampus,pfc_to_hip_all_pfc_ridge_clock,ATAC,All_cells,chr8:7355028-7355528,-0.0138520999697694,0.0112194744659638,114,RidgeCV
pfc_to_hippocampus,pfc_to_hip_all_pfc_ridge_clock,ATAC,All_cells,chr8:8228016-8228516,0.0061985471764646,0.0129128220269427,65,RidgeCV
pfc_to_hippocampus,pfc_to_hip_all_pfc_ridge_clock,ATAC,All_cells,chr9:108708348-108708848,0.0120981435712035,0.0119253565436071,85,RidgeCV
pfc_to_hippocampus,pfc_to_hip_all_pfc_ridge_clock,ATAC,All_cells,chr9:123358129-123358629,0.0127168701192826,0.0099854430366064,172,RidgeCV
pfc_to_hippocampus,pfc_to_hip_all_pfc_ridge_clock,ATAC,All_cells,chr9:130908027-130908527,-0.0206987686421297,0.0107509734493117,133,RidgeCV
pfc_to_hippocampus,pfc_to_hip_all_pfc_ridge_clock,ATAC,All_cells,chr9:40222747-40223247,-0.0178536322683309,0.0120933097513526,79,RidgeCV
pfc_to_hippocampus,pfc_to_hip_all_pfc_ridge_clock,ATAC,All_cells,chr9:41643615-41644115,-0.0300525667933735,0.0338724046691632,4,RidgeCV
pfc_to_hippocampus,pfc_to_hip_all_pfc_ridge_clock,ATAC,All_cells,chr9:62897651-62898151,-0.0225272470448677,0.0178947355847239,26,RidgeCV
pfc_to_hippocampus,pfc_to_hip_all_pfc_ridge_clock,ATAC,All_cells,chr9:65386664-65387164,0.0161208868232153,0.0105704335315019,142,RidgeCV
pfc_to_hippocampus,pfc_to_hip_all_pfc_ridge_clock,ATAC,All_cells,chr9:74543108-74543608,0.0165095826365929,0.01033270889992,152,RidgeCV
pfc_to_hippocampus,pfc_to_hip_all_pfc_ridge_clock,ATAC,All_cells,chrX:115887994-115888494,0.0123503966048577,0.0152476505295447,45,RidgeCV
pfc_to_hippocampus,pfc_to_hip_all_pfc_ridge_clock,ATAC,All_cells,chrX:131741103-131741603,0.0068069672957437,0.0111233833894901,117,RidgeCV
pfc_to_hippocampus,pfc_to_hip_all_pfc_ridge_clock,ATAC,All_cells,chrX:131762703-131763203,0.0079194728294111,0.0103655400292685,150,RidgeCV
pfc_to_hippocampus,pfc_to_hip_all_pfc_ridge_clock,ATAC,All_cells,chrX:131763617-131764117,0.0081870718098397,0.0112697577083808,110,RidgeCV
pfc_to_hippocampus,pfc_to_hip_all_pfc_ridge_clock,ATAC,All_cells,chrX:19762-20262,-0.0158552803880349,0.0156782791308329,41,RidgeCV
pfc_to_hippocampus,pfc_to_hip_all_pfc_ridge_clock,ATAC,All_cells,chrX:3697803-3698303,0.014770719422024,0.0105989596917809,139,RidgeCV
pfc_to_hippocampus,pfc_to_hip_all_pfc_ridge_clock,ATAC,All_cells,chrX:56783354-56783854,0.0115696796823314,0.0112000134530403,115,RidgeCV
pfc_to_hippocampus,pfc_to_hip_all_pfc_ridge_clock,ATAC,All_cells,chrX:73850971-73851471,0.0070468950098767,0.0132889739636818,61,RidgeCV
pfc_to_hippocampus,pfc_to_hip_all_pfc_ridge_clock,ATAC,All_cells,chrY:12904518-12905018,-0.0054448184279917,0.0110396751329537,123,RidgeCV
pfc_to_hippocampus,pfc_to_hip_all_pfc_ridge_clock,ATAC,All_cells,chrY:15455938-15456438,-0.0162863459894727,0.0181615525746629,25,RidgeCV
pfc_to_hippocampus,pfc_to_hip_all_pfc_ridge_clock,ATAC,All_cells,chrY:2935745-2936245,-0.0053957336321939,0.011305636681083,109,RidgeCV
pfc_to_hippocampus,pfc_to_hip_all_pfc_ridge_clock,ATAC,Astro,chr10:103708789-103709289,-0.0102622702660663,0.0076007519705601,148,RidgeCV
pfc_to_hippocampus,pfc_to_hip_all_pfc_ridge_clock,ATAC,Astro,chr10:119378667-119379167,0.0122620901649811,0.0091498415844848,66,RidgeCV
pfc_to_hippocampus,pfc_to_hip_all_pfc_ridge_clock,ATAC,Astro,chr10:119542559-119543059,-0.0097113668433607,0.0078616438304329,126,RidgeCV
pfc_to_hippocampus,pfc_to_hip_all_pfc_ridge_clock,ATAC,Astro,chr10:30818896-30819396,0.0085972101754015,0.0072550912753538,197,RidgeCV
pfc_to_hippocampus,pfc_to_hip_all_pfc_ridge_clock,ATAC,Astro,chr10:35632929-35633429,-0.0109642355248014,0.0074221382896215,174,RidgeCV
pfc_to_hippocampus,pfc_to_hip_all_pfc_ridge_clock,ATAC,Astro,chr10:70254087-70254587,0.0117011436424625,0.0098243405420625,46,RidgeCV
pfc_to_hippocampus,pfc_to_hip_all_pfc_ridge_clock,ATAC,Astro,chr10:70272163-70272663,0.0102865296580092,0.0077425066551212,136,RidgeCV
pfc_to_hippocampus,pfc_to_hip_all_pfc_ridge_clock,ATAC,Astro,chr10:70283714-70284214,0.0095837351377216,0.007467050866974,166,RidgeCV
pfc_to_hippocampus,pfc_to_hip_all_pfc_ridge_clock,ATAC,Astro,chr10:75409410-75409910,0.0120707077072357,0.0096710192835105,50,RidgeCV
pfc_to_hippocampus,pfc_to_hip_all_pfc_ridge_clock,ATAC,Astro,chr10:83896195-83896695,-0.0133597374171474,0.0118513500863964,19,RidgeCV
pfc_to_hippocampus,pfc_to_hip_all_pfc_ridge_clock,ATAC,Astro,chr1:1000615-1001115,-0.0122674045099702,0.0090790156101909,68,RidgeCV
pfc_to_hippocampus,pfc_to_hip_all_pfc_ridge_clock,ATAC,Astro,chr1:109687486-109687986,0.0106265398259776,0.016622548231662,0,RidgeCV
pfc_to_hippocampus,pfc_to_hip_all_pfc_ridge_clock,ATAC,Astro,chr1:109689913-109690413,0.0069725330154387,0.0096236766565022,54,RidgeCV
pfc_to_hippocampus,pfc_to_hip_all_pfc_ridge_clock,ATAC,Astro,chr11:117793519-117794019,-0.0129679814968513,0.0099058351384042,42,RidgeCV
pfc_to_hippocampus,pfc_to_hip_all_pfc_ridge_clock,ATAC,Astro,chr11:126423750-126424250,-0.0107220569286152,0.0083016659960557,98,RidgeCV
pfc_to_hippocampus,pfc_to_hip_all_pfc_ridge_clock,ATAC,Astro,chr11:15615529-15616029,0.0090235179405423,0.0075002481322979,165,RidgeCV
pfc_to_hippocampus,pfc_to_hip_all_pfc_ridge_clock,ATAC,Astro,chr11:15937581-15938081,0.010263292319027,0.0074358456361023,172,RidgeCV
pfc_to_hippocampus,pfc_to_hip_all_pfc_ridge_clock,ATAC,Astro,chr1:115959779-115960279,0.0109184795901576,0.0084338800922837,88,RidgeCV
pfc_to_hippocampus,pfc_to_hip_all_pfc_ridge_clock,ATAC,Astro,chr1:116003021-116003521,0.0092756178978184,0.0078999885108871,121,RidgeCV
pfc_to_hippocampus,pfc_to_hip_all_pfc_ridge_clock,ATAC,Astro,chr1:158818837-158819337,-0.0106681102671178,0.0082338859157505,101,RidgeCV
pfc_to_hippocampus,pfc_to_hip_all_pfc_ridge_clock,ATAC,Astro,chr11:60900993-60901493,0.0098183578878559,0.0084867398991908,86,RidgeCV
pfc_to_hippocampus,pfc_to_hip_all_pfc_ridge_clock,ATAC,Astro,chr1:163167973-163168473,-0.0113909323261794,0.0086094351406635,81,RidgeCV
pfc_to_hippocampus,pfc_to_hip_all_pfc_ridge_clock,ATAC,Astro,chr11:64372818-64373318,0.0094201668783259,0.0074098020209723,175,RidgeCV
pfc_to_hippocampus,pfc_to_hip_all_pfc_ridge_clock,ATAC,Astro,chr1:205317500-205318000,0.0112542632791441,0.0083770160960315,96,RidgeCV
pfc_to_hippocampus,pfc_to_hip_all_pfc_ridge_clock,ATAC,Astro,chr1:205319493-205319993,0.012110771381304,0.0093347400445858,60,RidgeCV
pfc_to_hippocampus,pfc_to_hip_all_pfc_ridge_clock,ATAC,Astro,chr1:207644784-207645284,-0.0085779636523889,0.007609408423316,147,RidgeCV
pfc_to_hippocampus,pfc_to_hip_all_pfc_ridge_clock,ATAC,Astro,chr1:207811881-207812381,0.0100007332882869,0.0075284621073937,157,RidgeCV
pfc_to_hippocampus,pfc_to_hip_all_pfc_ridge_clock,ATAC,Astro,chr1:207820822-207821322,0.0132624496071479,0.0102658065568512,36,RidgeCV
pfc_to_hippocampus,pfc_to_hip_all_pfc_ridge_clock,ATAC,Astro,chr12:126726411-126726911,-0.0163382618794863,0.0136362662562584,10,RidgeCV
pfc_to_hippocampus,pfc_to_hip_all_pfc_ridge_clock,ATAC,Astro,chr12:126727523-126728023,-0.0146119859693082,0.0110274843735707,24,RidgeCV
pfc_to_hippocampus,pfc_to_hip_all_pfc_ridge_clock,ATAC,Astro,chr12:126734312-126734812,-0.0100670268618343,0.0087172951850472,77,RidgeCV
pfc_to_hippocampus,pfc_to_hip_all_pfc_ridge_clock,ATAC,Astro,chr12:129983714-129984214,-0.009132397345153,0.0077631961184782,134,RidgeCV
pfc_to_hippocampus,pfc_to_hip_all_pfc_ridge_clock,ATAC,Astro,chr12:130254494-130254994,0.0139023956819165,0.0109009594189511,29,RidgeCV
pfc_to_hippocampus,pfc_to_hip_all_pfc_ridge_clock,ATAC,Astro,chr12:1530065-1530565,-0.0196233443803946,0.0151603096764116,1,RidgeCV
pfc_to_hippocampus,pfc_to_hip_all_pfc_ridge_clock,ATAC,Astro,chr12:1530785-1531285,-0.0142134731743396,0.0101310570226816,38,RidgeCV
pfc_to_hippocampus,pfc_to_hip_all_pfc_ridge_clock,ATAC,Astro,chr1:218494401-218494901,0.0115284348224292,0.0091504958181727,65,RidgeCV
pfc_to_hippocampus,pfc_to_hip_all_pfc_ridge_clock,ATAC,Astro,chr1:227415836-227416336,-0.0097663842450443,0.0075387825237555,156,RidgeCV
pfc_to_hippocampus,pfc_to_hip_all_pfc_ridge_clock,ATAC,Astro,chr12:3205062-3205562,-0.010999580309727,0.0085103595071743,84,RidgeCV
pfc_to_hippocampus,pfc_to_hip_all_pfc_ridge_clock,ATAC,Astro,chr1:233613707-233614207,-0.0113448358329292,0.0089607040777678,69,RidgeCV
pfc_to_hippocampus,pfc_to_hip_all_pfc_ridge_clock,ATAC,Astro,chr1:233677682-233678182,-0.0125494758115738,0.0079183250774229,119,RidgeCV
pfc_to_hippocampus,pfc_to_hip_all_pfc_ridge_clock,ATAC,Astro,chr1:235649716-235650216,-0.0121195511052748,0.0099523591491294,40,RidgeCV
pfc_to_hippocampus,pfc_to_hip_all_pfc_ridge_clock,ATAC,Astro,chr1:24318161-24318661,-0.0105725709335714,0.0084397991720509,87,RidgeCV
pfc_to_hippocampus,pfc_to_hip_all_pfc_ridge_clock,ATAC,Astro,chr12:6700529-6701029,-0.0128557989480871,0.0084192826184339,90,RidgeCV
pfc_to_hippocampus,pfc_to_hip_all_pfc_ridge_clock,ATAC,Astro,chr12:90245387-90245887,0.012756461813098,0.0105653753548343,32,RidgeCV
pfc_to_hippocampus,pfc_to_hip_all_pfc_ridge_clock,ATAC,Astro,chr12:90343934-90344434,0.0099505404136564,0.0075550501768536,154,RidgeCV
pfc_to_hippocampus,pfc_to_hip_all_pfc_ridge_clock,ATAC,Astro,chr12:93892779-93893279,-0.0107506131161208,0.0076857368059638,141,RidgeCV
pfc_to_hippocampus,pfc_to_hip_all_pfc_ridge_clock,ATAC,Astro,chr12:95548518-95549018,-0.0113986533503234,0.008899767514429,70,RidgeCV
pfc_to_hippocampus,pfc_to_hip_all_pfc_ridge_clock,ATAC,Astro,chr13:113351414-113351914,0.0121419059557378,0.0083996335878282,92,RidgeCV
pfc_to_hippocampus,pfc_to_hip_all_pfc_ridge_clock,ATAC,Astro,chr13:52848408-52848908,-0.0111625716810491,0.00989432670059,44,RidgeCV
pfc_to_hippocampus,pfc_to_hip_all_pfc_ridge_clock,ATAC,Astro,chr14:100586498-100586998,-0.0100023938207578,0.0079698382884645,114,RidgeCV
pfc_to_hippocampus,pfc_to_hip_all_pfc_ridge_clock,ATAC,Astro,chr14:100587026-100587526,-0.0106472797854736,0.0082704670634161,100,RidgeCV
pfc_to_hippocampus,pfc_to_hip_all_pfc_ridge_clock,ATAC,Astro,chr14:101518629-101519129,0.0109846584829233,0.0094280810430063,58,RidgeCV
pfc_to_hippocampus,pfc_to_hip_all_pfc_ridge_clock,ATAC,Astro,chr14:34997807-34998307,0.0090731330336544,0.0076518529707229,142,RidgeCV
pfc_to_hippocampus,pfc_to_hip_all_pfc_ridge_clock,ATAC,Astro,chr1:43836392-43836892,0.011180669763355,0.0075032665276653,164,RidgeCV
pfc_to_hippocampus,pfc_to_hip_all_pfc_ridge_clock,ATAC,Astro,chr14:66174388-66174888,0.0112768818018693,0.0083793256599667,95,RidgeCV
pfc_to_hippocampus,pfc_to_hip_all_pfc_ridge_clock,ATAC,Astro,chr14:76950342-76950842,0.0095440361145441,0.0072742177312803,195,RidgeCV
pfc_to_hippocampus,pfc_to_hip_all_pfc_ridge_clock,ATAC,Astro,chr14:77219527-77220027,0.0103324516049519,0.0081200480499636,105,RidgeCV
pfc_to_hippocampus,pfc_to_hip_all_pfc_ridge_clock,ATAC,Astro,chr14:79062186-79062686,0.008822253948117,0.0072962507600942,193,RidgeCV
pfc_to_hippocampus,pfc_to_hip_all_pfc_ridge_clock,ATAC,Astro,chr14:80378163-80378663,-0.0107855849240805,0.0090994309031095,67,RidgeCV
pfc_to_hippocampus,pfc_to_hip_all_pfc_ridge_clock,ATAC,Astro,chr14:94599111-94599611,0.0089727059660611,0.0088431350487145,72,RidgeCV
pfc_to_hippocampus,pfc_to_hip_all_pfc_ridge_clock,ATAC,Astro,chr1:5493929-5494429,0.0096876738958369,0.0081891217167631,102,RidgeCV
pfc_to_hippocampus,pfc_to_hip_all_pfc_ridge_clock,ATAC,Astro,chr15:52289552-52290052,0.0110304570351077,0.0099076455170746,41,RidgeCV
pfc_to_hippocampus,pfc_to_hip_all_pfc_ridge_clock,ATAC,Astro,chr15:67943984-67944484,0.01018957763503,0.0076195458537746,145,RidgeCV
pfc_to_hippocampus,pfc_to_hip_all_pfc_ridge_clock,ATAC,Astro,chr1:57422244-57422744,-0.0106887234588057,0.0080914142827597,108,RidgeCV
pfc_to_hippocampus,pfc_to_hip_all_pfc_ridge_clock,ATAC,Astro,chr1:57423869-57424369,-0.0097840357768121,0.0085544252117355,82,RidgeCV
pfc_to_hippocampus,pfc_to_hip_all_pfc_ridge_clock,ATAC,Astro,chr15:83612820-83613320,0.0139329845912642,0.014070044923954,8,RidgeCV
pfc_to_hippocampus,pfc_to_hip_all_pfc_ridge_clock,ATAC,Astro,chr15:98003957-98004457,-0.0093253464759783,0.0077127905656805,140,RidgeCV
pfc_to_hippocampus,pfc_to_hip_all_pfc_ridge_clock,ATAC,Astro,chr1:60091375-60091875,0.010757572233069,0.0081075837109493,106,RidgeCV
pfc_to_hippocampus,pfc_to_hip_all_pfc_ridge_clock,ATAC,Astro,chr1:60448721-60449221,0.0179486574773477,0.0144903662580129,4,RidgeCV
pfc_to_hippocampus,pfc_to_hip_all_pfc_ridge_clock,ATAC,Astro,chr16:46390424-46390924,0.0072366181216621,0.0075235385919311,159,RidgeCV
pfc_to_hippocampus,pfc_to_hip_all_pfc_ridge_clock,ATAC,Astro,chr16:46394560-46395060,0.0077662085145397,0.0078631156663156,125,RidgeCV
pfc_to_hippocampus,pfc_to_hip_all_pfc_ridge_clock,ATAC,Astro,chr1:65401417-65401917,0.0097337818398642,0.007838386407414,130,RidgeCV
pfc_to_hippocampus,pfc_to_hip_all_pfc_ridge_clock,ATAC,Astro,chr16:8373683-8374183,0.0114581290339021,0.0079232248720774,118,RidgeCV
pfc_to_hippocampus,pfc_to_hip_all_pfc_ridge_clock,ATAC,Astro,chr16:88823729-88824229,0.010835415708915,0.007574789339841,151,RidgeCV
pfc_to_hippocampus,pfc_to_hip_all_pfc_ridge_clock,ATAC,Astro,chr17:32602354-32602854,-0.0098983459024828,0.0084305646959892,89,RidgeCV
pfc_to_hippocampus,pfc_to_hip_all_pfc_ridge_clock,ATAC,Astro,chr17:40436971-40437471,-0.0106043058296763,0.0076321582520021,144,RidgeCV
pfc_to_hippocampus,pfc_to_hip_all_pfc_ridge_clock,ATAC,Astro,chr17:43412649-43413149,-0.0114783763816242,0.0084008078382335,91,RidgeCV
pfc_to_hippocampus,pfc_to_hip_all_pfc_ridge_clock,ATAC,Astro,chr17:66975641-66976141,-0.0103419040446231,0.0073161049498791,189,RidgeCV
pfc_to_hippocampus,pfc_to_hip_all_pfc_ridge_clock,ATAC,Astro,chr17:66976687-66977187,-0.011323858299844,0.0079424331287143,117,RidgeCV
pfc_to_hippocampus,pfc_to_hip_all_pfc_ridge_clock,ATAC,Astro,chr17:66978430-66978930,-0.0103714813963383,0.0086938393895314,80,RidgeCV
pfc_to_hippocampus,pfc_to_hip_all_pfc_ridge_clock,ATAC,Astro,chr17:82228737-82229237,-0.0109668181083492,0.00816265917559,104,RidgeCV
pfc_to_hippocampus,pfc_to_hip_all_pfc_ridge_clock,ATAC,Astro,chr17:9875385-9875885,0.0105042601061186,0.0080358540351703,111,RidgeCV
pfc_to_hippocampus,pfc_to_hip_all_pfc_ridge_clock,ATAC,Astro,chr18:25736371-25736871,0.0091704107036369,0.0073253528507324,187,RidgeCV
pfc_to_hippocampus,pfc_to_hip_all_pfc_ridge_clock,ATAC,Astro,chr18:37612485-37612985,-0.0143258944880461,0.0114773314814087,23,RidgeCV
pfc_to_hippocampus,pfc_to_hip_all_pfc_ridge_clock,ATAC,Astro,chr1:85798919-85799419,0.0096357038439908,0.0073905555481409,177,RidgeCV
pfc_to_hippocampus,pfc_to_hip_all_pfc_ridge_clock,ATAC,Astro,chr18:79423788-79424288,0.0100212468498385,0.0087564348626668,73,RidgeCV
pfc_to_hippocampus,pfc_to_hip_all_pfc_ridge_clock,ATAC,Astro,chr18:79751088-79751588,0.0095441165132236,0.0073858529320364,180,RidgeCV
pfc_to_hippocampus,pfc_to_hip_all_pfc_ridge_clock,ATAC,Astro,chr19:13339831-13340331,-0.0123646347478162,0.0098178998937823,47,RidgeCV
pfc_to_hippocampus,pfc_to_hip_all_pfc_ridge_clock,ATAC,Astro,chr19:2866993-2867493,0.0098757333150295,0.0078550395964662,128,RidgeCV
pfc_to_hippocampus,pfc_to_hip_all_pfc_ridge_clock,ATAC,Astro,chr19:5827889-5828389,-0.0129438883664982,0.0101801541194687,37,RidgeCV
pfc_to_hippocampus,pfc_to_hip_all_pfc_ridge_clock,ATAC,Astro,chr19:6720486-6720986,0.0100761974569914,0.0073463935749377,184,RidgeCV
pfc_to_hippocampus,pfc_to_hip_all_pfc_ridge_clock,ATAC,Astro,chr20:11497651-11498151,0.0114057498733732,0.0073262952115094,186,RidgeCV
pfc_to_hippocampus,pfc_to_hip_all_pfc_ridge_clock,ATAC,Astro,chr20:29079908-29080408,-0.0099545435657523,0.0077358166363003,137,RidgeCV
pfc_to_hippocampus,pfc_to_hip_all_pfc_ridge_clock,ATAC,Astro,chr20:29445404-29445904,-0.0078189811388973,0.007882643221038,122,RidgeCV
pfc_to_hippocampus,pfc_to_hip_all_pfc_ridge_clock,ATAC,Astro,chr20:59381432-59381932,-0.0104969242190324,0.0079904967640696,113,RidgeCV
pfc_to_hippocampus,pfc_to_hip_all_pfc_ridge_clock,ATAC,Astro,chr20:59835732-59836232,0.0108911581685256,0.0083901612076561,93,RidgeCV
pfc_to_hippocampus,pfc_to_hip_all_pfc_ridge_clock,ATAC,Astro,chr20:6162260-6162760,0.0127254703871173,0.009802673435963,49,RidgeCV
pfc_to_hippocampus,pfc_to_hip_all_pfc_ridge_clock,ATAC,Astro,chr2:113185535-113186035,0.0086232975000842,0.0073698580315727,181,RidgeCV
pfc_to_hippocampus,pfc_to_hip_all_pfc_ridge_clock,ATAC,Astro,chr21:32977140-32977640,0.0095584399809434,0.007526218035312,158,RidgeCV
pfc_to_hippocampus,pfc_to_hip_all_pfc_ridge_clock,ATAC,Astro,chr21:44106986-44107486,-0.0088367441307769,0.0078588875441261,127,RidgeCV
pfc_to_hippocampus,pfc_to_hip_all_pfc_ridge_clock,ATAC,Astro,chr21:44322561-44323061,0.0129614782809871,0.0104073467136713,33,RidgeCV
pfc_to_hippocampus,pfc_to_hip_all_pfc_ridge_clock,ATAC,Astro,chr2:16013079-16013579,0.0104386809891125,0.0078460035553758,129,RidgeCV
pfc_to_hippocampus,pfc_to_hip_all_pfc_ridge_clock,ATAC,Astro,chr2:208183909-208184409,-0.0117228443451002,0.0103332986339972,35,RidgeCV
pfc_to_hippocampus,pfc_to_hip_all_pfc_ridge_clock,ATAC,Astro,chr2:209457942-209458442,0.0106698779407389,0.0073861912309239,179,RidgeCV
pfc_to_hippocampus,pfc_to_hip_all_pfc_ridge_clock,ATAC,Astro,chr2:214328913-214329413,0.0076654372372876,0.0075159108538262,161,RidgeCV
pfc_to_hippocampus,pfc_to_hip_all_pfc_ridge_clock,ATAC,Astro,chr2:217972460-217972960,0.0102963947110843,0.0074517994680335,169,RidgeCV
pfc_to_hippocampus,pfc_to_hip_all_pfc_ridge_clock,ATAC,Astro,chr2:224370642-224371142,0.0121314366683184,0.0098874601093536,45,RidgeCV
pfc_to_hippocampus,pfc_to_hip_all_pfc_ridge_clock,ATAC,Astro,chr22:29480834-29481334,-0.0105872405753701,0.0075208204100765,160,RidgeCV
pfc_to_hippocampus,pfc_to_hip_all_pfc_ridge_clock,ATAC,Astro,chr22:35555605-35556105,-0.009911060361027,0.0074428093770697,171,RidgeCV
pfc_to_hippocampus,pfc_to_hip_all_pfc_ridge_clock,ATAC,Astro,chr2:235903849-235904349,-0.0089352051573307,0.007462000284434,167,RidgeCV
pfc_to_hippocampus,pfc_to_hip_all_pfc_ridge_clock,ATAC,Astro,chr2:235917409-235917909,-0.0098771669520662,0.0083172822248425,97,RidgeCV
pfc_to_hippocampus,pfc_to_hip_all_pfc_ridge_clock,ATAC,Astro,chr2:237482469-237482969,0.0094732584804917,0.0074450897524752,170,RidgeCV
pfc_to_hippocampus,pfc_to_hip_all_pfc_ridge_clock,ATAC,Astro,chr22:43330541-43331041,-0.0093401727559737,0.0078691253777688,124,RidgeCV
pfc_to_hippocampus,pfc_to_hip_all_pfc_ridge_clock,ATAC,Astro,chr22:43343171-43343671,-0.0111727117591741,0.0109722867918891,26,RidgeCV
pfc_to_hippocampus,pfc_to_hip_all_pfc_ridge_clock,ATAC,Astro,chr22:45972294-45972794,-0.0092410094489253,0.0072968773002898,192,RidgeCV
pfc_to_hippocampus,pfc_to_hip_all_pfc_ridge_clock,ATAC,Astro,chr2:26401639-26402139,0.010100874652425,0.0081873870957407,103,RidgeCV
pfc_to_hippocampus,pfc_to_hip_all_pfc_ridge_clock,ATAC,Astro,chr2:26847810-26848310,-0.0090615775135037,0.0076099559839606,146,RidgeCV
pfc_to_hippocampus,pfc_to_hip_all_pfc_ridge_clock,ATAC,Astro,chr2:2762899-2763399,-0.0147572932306375,0.0107521002930894,30,RidgeCV
pfc_to_hippocampus,pfc_to_hip_all_pfc_ridge_clock,ATAC,Astro,chr2:35792557-35793057,-0.0082811518558335,0.0076497584780309,143,RidgeCV
pfc_to_hippocampus,pfc_to_hip_all_pfc_ridge_clock,ATAC,Astro,chr2:44937381-44937881,0.0121840182550781,0.0114932430510931,22,RidgeCV
pfc_to_hippocampus,pfc_to_hip_all_pfc_ridge_clock,ATAC,Astro,chr2:55954727-55955227,0.0107948591454179,0.0075558531235784,153,RidgeCV
pfc_to_hippocampus,pfc_to_hip_all_pfc_ridge_clock,ATAC,Astro,chr2:55957017-55957517,0.0177312281067341,0.0145267403249961,3,RidgeCV
pfc_to_hippocampus,pfc_to_hip_all_pfc_ridge_clock,ATAC,Astro,chr2:5692031-5692531,-0.0086256862318735,0.0080686291889689,110,RidgeCV
pfc_to_hippocampus,pfc_to_hip_all_pfc_ridge_clock,ATAC,Astro,chr2:60285537-60286037,-0.0099745605895731,0.0073932922927327,176,RidgeCV
pfc_to_hippocampus,pfc_to_hip_all_pfc_ridge_clock,ATAC,Astro,chr3:126490048-126490548,0.0092282598796974,0.0078110270172706,131,RidgeCV
pfc_to_hippocampus,pfc_to_hip_all_pfc_ridge_clock,ATAC,Astro,chr3:127065661-127066161,0.009398197755922,0.007510523527521,163,RidgeCV
pfc_to_hippocampus,pfc_to_hip_all_pfc_ridge_clock,ATAC,Astro,chr3:13548820-13549320,-0.013131292232396,0.0098147618861918,48,RidgeCV
pfc_to_hippocampus,pfc_to_hip_all_pfc_ridge_clock,ATAC,Astro,chr3:62962633-62963133,-0.0101927411042576,0.0079107456159298,120,RidgeCV
pfc_to_hippocampus,pfc_to_hip_all_pfc_ridge_clock,ATAC,Astro,chr3:96813168-96813668,0.0102298728409306,0.0077261319264038,139,RidgeCV
pfc_to_hippocampus,pfc_to_hip_all_pfc_ridge_clock,ATAC,Astro,chr4:151719278-151719778,0.0107487074362533,0.0072956635070822,194,RidgeCV
pfc_to_hippocampus,pfc_to_hip_all_pfc_ridge_clock,ATAC,Astro,chr4:5615616-5616116,0.0097648761694385,0.007317623665499,188,RidgeCV
pfc_to_hippocampus,pfc_to_hip_all_pfc_ridge_clock,ATAC,Astro,chr4:89836961-89837461,0.0112037270627472,0.0093363999348953,59,RidgeCV
pfc_to_hippocampus,pfc_to_hip_all_pfc_ridge_clock,ATAC,Astro,chr4:92303624-92304124,-0.0116872431037841,0.0085293826320081,83,RidgeCV
pfc_to_hippocampus,pfc_to_hip_all_pfc_ridge_clock,ATAC,Astro,chr4:92305399-92305899,-0.0148584550317557,0.0109860311125938,25,RidgeCV
pfc_to_hippocampus,pfc_to_hip_all_pfc_ridge_clock,ATAC,Astro,chr5:117262405-117262905,0.0100482806393919,0.007561451293386,152,RidgeCV
pfc_to_hippocampus,pfc_to_hip_all_pfc_ridge_clock,ATAC,Astro,chr5:140569168-140569668,0.0102521424945268,0.0073324656367465,185,RidgeCV
pfc_to_hippocampus,pfc_to_hip_all_pfc_ridge_clock,ATAC,Astro,chr5:140608989-140609489,0.0116142769880036,0.0092631927779582,61,RidgeCV
pfc_to_hippocampus,pfc_to_hip_all_pfc_ridge_clock,ATAC,Astro,chr5:140632166-140632666,0.0094129708084703,0.0087297449031747,76,RidgeCV
pfc_to_hippocampus,pfc_to_hip_all_pfc_ridge_clock,ATAC,Astro,chr5:160133377-160133877,0.009916770465751,0.0073032405202404,191,RidgeCV
pfc_to_hippocampus,pfc_to_hip_all_pfc_ridge_clock,ATAC,Astro,chr5:44935827-44936327,0.0078707706082954,0.007949023157001,116,RidgeCV
pfc_to_hippocampus,pfc_to_hip_all_pfc_ridge_clock,ATAC,Astro,chr5:44942536-44943036,0.0091163608339203,0.0079632431339644,115,RidgeCV
pfc_to_hippocampus,pfc_to_hip_all_pfc_ridge_clock,ATAC,Astro,chr5:83674044-83674544,-0.0117689672010562,0.0079951662724475,112,RidgeCV
pfc_to_hippocampus,pfc_to_hip_all_pfc_ridge_clock,ATAC,Astro,chr6:112209135-112209635,0.0109814561482668,0.0096434146151597,52,RidgeCV
pfc_to_hippocampus,pfc_to_hip_all_pfc_ridge_clock,ATAC,Astro,chr6:16239534-16240034,0.0100109842644367,0.007730058732325,138,RidgeCV
pfc_to_hippocampus,pfc_to_hip_all_pfc_ridge_clock,ATAC,Astro,chr6:16242999-16243499,0.0103015591079853,0.0078804815214779,123,RidgeCV
pfc_to_hippocampus,pfc_to_hip_all_pfc_ridge_clock,ATAC,Astro,chr6:16258309-16258809,0.0089380734544382,0.0075816835379215,150,RidgeCV
pfc_to_hippocampus,pfc_to_hip_all_pfc_ridge_clock,ATAC,Astro,chr6:165987946-165988446,-0.0102544647396593,0.0087363719746618,74,RidgeCV
pfc_to_hippocampus,pfc_to_hip_all_pfc_ridge_clock,ATAC,Astro,chr6:26157756-26158256,-0.0147392851990539,0.0141153708126344,6,RidgeCV
pfc_to_hippocampus,pfc_to_hip_all_pfc_ridge_clock,ATAC,Astro,chr6:26171740-26172240,-0.012348023000802,0.0096262713203845,53,RidgeCV
pfc_to_hippocampus,pfc_to_hip_all_pfc_ridge_clock,ATAC,Astro,chr6:26183481-26183981,-0.0160639052918923,0.0129942525981809,16,RidgeCV
pfc_to_hippocampus,pfc_to_hip_all_pfc_ridge_clock,ATAC,Astro,chr6:26188888-26189388,-0.0160315759859697,0.0130104181357544,15,RidgeCV
pfc_to_hippocampus,pfc_to_hip_all_pfc_ridge_clock,ATAC,Astro,chr6:26195237-26195737,-0.0166638741359175,0.0130418504639315,13,RidgeCV
pfc_to_hippocampus,pfc_to_hip_all_pfc_ridge_clock,ATAC,Astro,chr6:26197050-26197550,-0.0154092088205111,0.0124754702842513,17,RidgeCV
pfc_to_hippocampus,pfc_to_hip_all_pfc_ridge_clock,ATAC,Astro,chr6:26199206-26199706,-0.0159630312962022,0.0143651598463441,5,RidgeCV
pfc_to_hippocampus,pfc_to_hip_all_pfc_ridge_clock,ATAC,Astro,chr6:26204302-26204802,-0.0159841276223226,0.0140736145266327,7,RidgeCV
pfc_to_hippocampus,pfc_to_hip_all_pfc_ridge_clock,ATAC,Astro,chr6:26216625-26217125,-0.0163608334684325,0.0151390843412013,2,RidgeCV
pfc_to_hippocampus,pfc_to_hip_all_pfc_ridge_clock,ATAC,Astro,chr6:26223872-26224372,-0.0140635262954207,0.0109612226431582,27,RidgeCV
pfc_to_hippocampus,pfc_to_hip_all_pfc_ridge_clock,ATAC,Astro,chr6:26224882-26225382,-0.0119286246269661,0.0087068410581573,78,RidgeCV
pfc_to_hippocampus,pfc_to_hip_all_pfc_ridge_clock,ATAC,Astro,chr6:39803624-39804124,-0.0084651147843017,0.0075426069288527,155,RidgeCV
pfc_to_hippocampus,pfc_to_hip_all_pfc_ridge_clock,ATAC,Astro,chr6:43787382-43787882,-0.0108815404441647,0.0077577882624151,135,RidgeCV
pfc_to_hippocampus,pfc_to_hip_all_pfc_ridge_clock,ATAC,Astro,chr6:44000284-44000784,-0.0116644999026731,0.0100838299401822,39,RidgeCV
pfc_to_hippocampus,pfc_to_hip_all_pfc_ridge_clock,ATAC,Astro,chr6:56241045-56241545,0.0112088395566916,0.0087316663058583,75,RidgeCV
pfc_to_hippocampus,pfc_to_hip_all_pfc_ridge_clock,ATAC,Astro,chr6:56247278-56247778,0.0107680299274491,0.0083882174288242,94,RidgeCV
pfc_to_hippocampus,pfc_to_hip_all_pfc_ridge_clock,ATAC,Astro,chr7:102304738-102305238,-0.0122637020621278,0.0094843149165606,56,RidgeCV
pfc_to_hippocampus,pfc_to_hip_all_pfc_ridge_clock,ATAC,Astro,chr7:12737310-12737810,0.0126271523480305,0.0091863550425402,64,RidgeCV
pfc_to_hippocampus,pfc_to_hip_all_pfc_ridge_clock,ATAC,Astro,chr7:131244206-131244706,0.0087758833523636,0.0075106592945761,162,RidgeCV
pfc_to_hippocampus,pfc_to_hip_all_pfc_ridge_clock,ATAC,Astro,chr7:136509450-136509950,-0.0126447750457206,0.0095606606872225,55,RidgeCV
pfc_to_hippocampus,pfc_to_hip_all_pfc_ridge_clock,ATAC,Astro,chr7:151409841-151410341,-0.0177845313667302,0.0135231988163366,11,RidgeCV
pfc_to_hippocampus,pfc_to_hip_all_pfc_ridge_clock,ATAC,Astro,chr7:151410478-151410978,-0.0114213045120057,0.0081067451784675,107,RidgeCV
pfc_to_hippocampus,pfc_to_hip_all_pfc_ridge_clock,ATAC,Astro,chr7:151428213-151428713,-0.0103096198280924,0.0073866574194619,178,RidgeCV
pfc_to_hippocampus,pfc_to_hip_all_pfc_ridge_clock,ATAC,Astro,chr7:157429162-157429662,-0.0107048840932336,0.0072657384173848,196,RidgeCV
pfc_to_hippocampus,pfc_to_hip_all_pfc_ridge_clock,ATAC,Astro,chr7:32670519-32671019,0.0146408142588718,0.0115681557911282,21,RidgeCV
pfc_to_hippocampus,pfc_to_hip_all_pfc_ridge_clock,ATAC,Astro,chr7:437748-438248,0.0095761801147317,0.0078087200026298,132,RidgeCV
pfc_to_hippocampus,pfc_to_hip_all_pfc_ridge_clock,ATAC,Astro,chr7:55722884-55723384,-0.0144117496435726,0.0130139082365201,14,RidgeCV
pfc_to_hippocampus,pfc_to_hip_all_pfc_ridge_clock,ATAC,Astro,chr7:68674755-68675255,-0.0079109309530931,0.0080837073281096,109,RidgeCV
pfc_to_hippocampus,pfc_to_hip_all_pfc_ridge_clock,ATAC,Astro,chr7:72335467-72335967,-0.0141557109568437,0.0134167994277273,12,RidgeCV
pfc_to_hippocampus,pfc_to_hip_all_pfc_ridge_clock,ATAC,Astro,chr7:72336027-72336527,-0.0111516993139418,0.0106360438445586,31,RidgeCV
pfc_to_hippocampus,pfc_to_hip_all_pfc_ridge_clock,ATAC,Astro,chr7:72336782-72337282,-0.0134722750498666,0.0109598497794807,28,RidgeCV
pfc_to_hippocampus,pfc_to_hip_all_pfc_ridge_clock,ATAC,Astro,chr7:768103-768603,0.0152703873385961,0.0140141219165392,9,RidgeCV
pfc_to_hippocampus,pfc_to_hip_all_pfc_ridge_clock,ATAC,Astro,chr8:11201436-11201936,-0.0108796107046104,0.0086978236704755,79,RidgeCV
pfc_to_hippocampus,pfc_to_hip_all_pfc_ridge_clock,ATAC,Astro,chr8:135169127-135169627,-0.0108568509744544,0.0085020880494781,85,RidgeCV
pfc_to_hippocampus,pfc_to_hip_all_pfc_ridge_clock,ATAC,Astro,chr8:141415761-141416261,0.0116400692274928,0.009191692011608,63,RidgeCV
pfc_to_hippocampus,pfc_to_hip_all_pfc_ridge_clock,ATAC,Astro,chr8:141417580-141418080,0.0089827336599476,0.0072525377171041,198,RidgeCV
pfc_to_hippocampus,pfc_to_hip_all_pfc_ridge_clock,ATAC,Astro,chr8:141672044-141672544,-0.0103119075193067,0.0073564484013134,183,RidgeCV
pfc_to_hippocampus,pfc_to_hip_all_pfc_ridge_clock,ATAC,Astro,chr8:15539997-15540497,0.0091787125445039,0.0073614311619753,182,RidgeCV
pfc_to_hippocampus,pfc_to_hip_all_pfc_ridge_clock,ATAC,Astro,chr8:20700473-20700973,-0.0104046303470524,0.008288478452083,99,RidgeCV
pfc_to_hippocampus,pfc_to_hip_all_pfc_ridge_clock,ATAC,Astro,chr8:21450821-21451321,-0.0094207200404839,0.0075913916754143,149,RidgeCV
pfc_to_hippocampus,pfc_to_hip_all_pfc_ridge_clock,ATAC,Astro,chr8:33722197-33722697,0.0154961257615725,0.0122797596171323,18,RidgeCV
pfc_to_hippocampus,pfc_to_hip_all_pfc_ridge_clock,ATAC,Astro,chr8:40153203-40153703,-0.0146843432511568,0.0116877858697083,20,RidgeCV
pfc_to_hippocampus,pfc_to_hip_all_pfc_ridge_clock,ATAC,Astro,chr8:40153782-40154282,-0.0132793237134025,0.0094494466721446,57,RidgeCV
pfc_to_hippocampus,pfc_to_hip_all_pfc_ridge_clock,ATAC,Astro,chr9:115393909-115394409,0.0089047666150889,0.0074603436836315,168,RidgeCV
pfc_to_hippocampus,pfc_to_hip_all_pfc_ridge_clock,ATAC,Astro,chr9:136441764-136442264,0.009423340359027,0.0073160954765746,190,RidgeCV
pfc_to_hippocampus,pfc_to_hip_all_pfc_ridge_clock,ATAC,Astro,chr9:41643615-41644115,-0.0098692702540904,0.0088445383104,71,RidgeCV
pfc_to_hippocampus,pfc_to_hip_all_pfc_ridge_clock,ATAC,Astro,chr9:66269787-66270287,-0.0114241064865112,0.0096447003468928,51,RidgeCV
pfc_to_hippocampus,pfc_to_hip_all_pfc_ridge_clock,ATAC,Astro,chrX:131734610-131735110,0.0089219635149829,0.0072365039306009,199,RidgeCV
pfc_to_hippocampus,pfc_to_hip_all_pfc_ridge_clock,ATAC,Astro,chrX:45265151-45265651,0.0121690297984431,0.0099044065173186,43,RidgeCV
pfc_to_hippocampus,pfc_to_hip_all_pfc_ridge_clock,ATAC,Astro,chrX:68017609-68018109,-0.0104958345141496,0.007422639358551,173,RidgeCV
pfc_to_hippocampus,pfc_to_hip_all_pfc_ridge_clock,ATAC,Astro,chrY:12269193-12269693,-0.0088982843121148,0.0104029609334659,34,RidgeCV
pfc_to_hippocampus,pfc_to_hip_all_pfc_ridge_clock,ATAC,Astro,chrY:19077287-19077787,-0.0063722942571283,0.0078018385186078,133,RidgeCV
pfc_to_hippocampus,pfc_to_hip_all_pfc_ridge_clock,ATAC,Astro,chrY:19567031-19567531,-0.0060398000625611,0.0092068529559625,62,RidgeCV
pfc_to_hippocampus,pfc_to_hip_all_pfc_ridge_clock,ATAC,Excitatory,chr10:101512661-101513161,0.0117942050638323,0.0060908163755065,178,RidgeCV
pfc_to_hippocampus,pfc_to_hip_all_pfc_ridge_clock,ATAC,Excitatory,chr10:22854978-22855478,-0.0138786468029294,0.0099120835574319,22,RidgeCV
pfc_to_hippocampus,pfc_to_hip_all_pfc_ridge_clock,ATAC,Excitatory,chr10:26946325-26946825,-0.0119989847651995,0.0079492345452634,62,RidgeCV
pfc_to_hippocampus,pfc_to_hip_all_pfc_ridge_clock,ATAC,Excitatory,chr10:29700126-29700626,-0.0110782124923813,0.0062638022887913,157,RidgeCV
pfc_to_hippocampus,pfc_to_hip_all_pfc_ridge_clock,ATAC,Excitatory,chr10:7300266-7300766,-0.0099565074484218,0.0061695485117013,172,RidgeCV
pfc_to_hippocampus,pfc_to_hip_all_pfc_ridge_clock,ATAC,Excitatory,chr10:84903204-84903704,-0.0098898915281121,0.0081311877615988,52,RidgeCV
pfc_to_hippocampus,pfc_to_hip_all_pfc_ridge_clock,ATAC,Excitatory,chr11:108595147-108595647,-0.0117942335103016,0.0079013960986091,63,RidgeCV
pfc_to_hippocampus,pfc_to_hip_all_pfc_ridge_clock,ATAC,Excitatory,chr11:110798124-110798624,-0.0102736999368457,0.0065099036772611,132,RidgeCV
pfc_to_hippocampus,pfc_to_hip_all_pfc_ridge_clock,ATAC,Excitatory,chr11:119590920-119591420,-0.0094191673849353,0.0068731879588211,105,RidgeCV
pfc_to_hippocampus,pfc_to_hip_all_pfc_ridge_clock,ATAC,Excitatory,chr11:124301446-124301946,-0.0101405274875636,0.007086177423206,95,RidgeCV
pfc_to_hippocampus,pfc_to_hip_all_pfc_ridge_clock,ATAC,Excitatory,chr1:112538938-112539438,0.0150485229091542,0.0115443689069984,3,RidgeCV
pfc_to_hippocampus,pfc_to_hip_all_pfc_ridge_clock,ATAC,Excitatory,chr11:128116382-128116882,-0.011171377285533,0.007578005406093,80,RidgeCV
pfc_to_hippocampus,pfc_to_hip_all_pfc_ridge_clock,ATAC,Excitatory,chr11:130472305-130472805,-0.0103765779228416,0.0065311110337326,131,RidgeCV
pfc_to_hippocampus,pfc_to_hip_all_pfc_ridge_clock,ATAC,Excitatory,chr11:130510307-130510807,-0.0139428702561188,0.0093411246173994,27,RidgeCV
pfc_to_hippocampus,pfc_to_hip_all_pfc_ridge_clock,ATAC,Excitatory,chr1:120850699-120851199,0.0101480735848034,0.01167878015593,1,RidgeCV
pfc_to_hippocampus,pfc_to_hip_all_pfc_ridge_clock,ATAC,Excitatory,chr11:30944493-30944993,-0.011874831058152,0.0083065632654998,47,RidgeCV
pfc_to_hippocampus,pfc_to_hip_all_pfc_ridge_clock,ATAC,Excitatory,chr1:149708493-149708993,0.0077510861654363,0.0073080782682104,87,RidgeCV
pfc_to_hippocampus,pfc_to_hip_all_pfc_ridge_clock,ATAC,Excitatory,chr11:50089656-50090156,0.0094211776190485,0.0062600711925249,158,RidgeCV
pfc_to_hippocampus,pfc_to_hip_all_pfc_ridge_clock,ATAC,Excitatory,chr11:73258268-73258768,-0.0120545178014417,0.0080420387921627,56,RidgeCV
pfc_to_hippocampus,pfc_to_hip_all_pfc_ridge_clock,ATAC,Excitatory,chr11:95028308-95028808,-0.0114538227420337,0.0079895115047407,59,RidgeCV
pfc_to_hippocampus,pfc_to_hip_all_pfc_ridge_clock,ATAC,Excitatory,chr12:104699749-104700249,-0.0145746229925073,0.0086070824510422,37,RidgeCV
pfc_to_hippocampus,pfc_to_hip_all_pfc_ridge_clock,ATAC,Excitatory,chr12:106901147-106901647,-0.012498806872297,0.0079643593125555,60,RidgeCV
pfc_to_hippocampus,pfc_to_hip_all_pfc_ridge_clock,ATAC,Excitatory,chr12:118490883-118491383,-0.012156078461905,0.0091110229558124,32,RidgeCV
pfc_to_hippocampus,pfc_to_hip_all_pfc_ridge_clock,ATAC,Excitatory,chr12:127260515-127261015,-0.01448136265857,0.0103398249405215,14,RidgeCV
pfc_to_hippocampus,pfc_to_hip_all_pfc_ridge_clock,ATAC,Excitatory,chr12:127307483-127307983,-0.0170476812544391,0.0092610461493182,30,RidgeCV
pfc_to_hippocampus,pfc_to_hip_all_pfc_ridge_clock,ATAC,Excitatory,chr12:30030908-30031408,-0.0096083646534169,0.0061712694219516,171,RidgeCV
pfc_to_hippocampus,pfc_to_hip_all_pfc_ridge_clock,ATAC,Excitatory,chr1:234649850-234650350,-0.0145725062175674,0.0074961452618574,83,RidgeCV
pfc_to_hippocampus,pfc_to_hip_all_pfc_ridge_clock,ATAC,Excitatory,chr1:237905540-237906040,-0.0124997665241905,0.0088894753014884,33,RidgeCV
pfc_to_hippocampus,pfc_to_hip_all_pfc_ridge_clock,ATAC,Excitatory,chr1:243101467-243101967,-0.0117498777973467,0.0078823094171313,68,RidgeCV
pfc_to_hippocampus,pfc_to_hip_all_pfc_ridge_clock,ATAC,Excitatory,chr1:247457066-247457566,0.009153550071226,0.0075185014992869,82,RidgeCV
pfc_to_hippocampus,pfc_to_hip_all_pfc_ridge_clock,ATAC,Excitatory,chr1:247459400-247459900,0.013011432604371,0.007620493224885,79,RidgeCV
pfc_to_hippocampus,pfc_to_hip_all_pfc_ridge_clock,ATAC,Excitatory,chr12:60348371-60348871,-0.0076609267301075,0.0068385089646386,110,RidgeCV
pfc_to_hippocampus,pfc_to_hip_all_pfc_ridge_clock,ATAC,Excitatory,chr12:63164867-63165367,-0.0108523621163634,0.0062759242503725,154,RidgeCV
pfc_to_hippocampus,pfc_to_hip_all_pfc_ridge_clock,ATAC,Excitatory,chr13:107963571-107964071,-0.0099866819220014,0.0062663953756383,156,RidgeCV
pfc_to_hippocampus,pfc_to_hip_all_pfc_ridge_clock,ATAC,Excitatory,chr13:22926250-22926750,-0.0127810349515562,0.0063268713636187,147,RidgeCV
pfc_to_hippocampus,pfc_to_hip_all_pfc_ridge_clock,ATAC,Excitatory,chr13:24540791-24541291,-0.0123453115818037,0.0059626157542354,193,RidgeCV
pfc_to_hippocampus,pfc_to_hip_all_pfc_ridge_clock,ATAC,Excitatory,chr14:103281419-103281919,-0.012179472007569,0.0071619349927777,93,RidgeCV
pfc_to_hippocampus,pfc_to_hip_all_pfc_ridge_clock,ATAC,Excitatory,chr14:19800597-19801097,0.0098162843734964,0.0072827661682177,89,RidgeCV
pfc_to_hippocampus,pfc_to_hip_all_pfc_ridge_clock,ATAC,Excitatory,chr14:20998976-20999476,-0.0114351921275738,0.0063150178869281,152,RidgeCV
pfc_to_hippocampus,pfc_to_hip_all_pfc_ridge_clock,ATAC,Excitatory,chr14:23881161-23881661,-0.0126934319943485,0.0083355139383665,46,RidgeCV
pfc_to_hippocampus,pfc_to_hip_all_pfc_ridge_clock,ATAC,Excitatory,chr14:53956695-53957195,0.0108444188945318,0.006058563722375,182,RidgeCV
pfc_to_hippocampus,pfc_to_hip_all_pfc_ridge_clock,ATAC,Excitatory,chr14:68594752-68595252,-0.0158646851378416,0.007828874855,72,RidgeCV
pfc_to_hippocampus,pfc_to_hip_all_pfc_ridge_clock,ATAC,Excitatory,chr14:73032998-73033498,-0.0102659134405124,0.006319774517241,150,RidgeCV
pfc_to_hippocampus,pfc_to_hip_all_pfc_ridge_clock,ATAC,Excitatory,chr14:73536855-73537355,-0.007860615468493,0.0085424997215299,41,RidgeCV
pfc_to_hippocampus,pfc_to_hip_all_pfc_ridge_clock,ATAC,Excitatory,chr14:73537660-73538160,-0.0076854603963991,0.0080641196655349,55,RidgeCV
pfc_to_hippocampus,pfc_to_hip_all_pfc_ridge_clock,ATAC,Excitatory,chr14:75522917-75523417,-0.0119811160861694,0.0081589443250594,51,RidgeCV
pfc_to_hippocampus,pfc_to_hip_all_pfc_ridge_clock,ATAC,Excitatory,chr14:95330988-95331488,0.0083690813410417,0.0078933199740551,65,RidgeCV
pfc_to_hippocampus,pfc_to_hip_all_pfc_ridge_clock,ATAC,Excitatory,chr15:22280717-22281217,-0.0110015984826477,0.0081592862219867,50,RidgeCV
pfc_to_hippocampus,pfc_to_hip_all_pfc_ridge_clock,ATAC,Excitatory,chr15:27731503-27732003,-0.0092877741780757,0.0064351025929774,135,RidgeCV
pfc_to_hippocampus,pfc_to_hip_all_pfc_ridge_clock,ATAC,Excitatory,chr15:39892565-39893065,-0.0108802939693528,0.0061436466955019,174,RidgeCV
pfc_to_hippocampus,pfc_to_hip_all_pfc_ridge_clock,ATAC,Excitatory,chr15:50264792-50265292,-0.0089681235420396,0.0059375024638438,196,RidgeCV
pfc_to_hippocampus,pfc_to_hip_all_pfc_ridge_clock,ATAC,Excitatory,chr15:69548695-69549195,-0.0103730872986778,0.0065715501192985,127,RidgeCV
pfc_to_hippocampus,pfc_to_hip_all_pfc_ridge_clock,ATAC,Excitatory,chr15:70404190-70404690,-0.0106961053560476,0.0061765892973942,168,RidgeCV
pfc_to_hippocampus,pfc_to_hip_all_pfc_ridge_clock,ATAC,Excitatory,chr16:3189001-3189501,-0.010905130188347,0.0061826604766299,167,RidgeCV
pfc_to_hippocampus,pfc_to_hip_all_pfc_ridge_clock,ATAC,Excitatory,chr16:3601918-3602418,0.0131096762027307,0.0070410055424905,96,RidgeCV
pfc_to_hippocampus,pfc_to_hip_all_pfc_ridge_clock,ATAC,Excitatory,chr16:756359-756859,-0.011073876810134,0.0074657305081146,84,RidgeCV
pfc_to_hippocampus,pfc_to_hip_all_pfc_ridge_clock,ATAC,Excitatory,chr16:9031040-9031540,-0.0124735333507285,0.0064153901494455,141,RidgeCV
pfc_to_hippocampus,pfc_to_hip_all_pfc_ridge_clock,ATAC,Excitatory,chr17:19063588-19064088,0.0093544025912311,0.0072909431538259,88,RidgeCV
pfc_to_hippocampus,pfc_to_hip_all_pfc_ridge_clock,ATAC,Excitatory,chr17:36103475-36103975,-0.0135880874281843,0.0078823645702275,67,RidgeCV
pfc_to_hippocampus,pfc_to_hip_all_pfc_ridge_clock,ATAC,Excitatory,chr17:36182855-36183355,-0.006231073913594,0.0060924500802074,177,RidgeCV
pfc_to_hippocampus,pfc_to_hip_all_pfc_ridge_clock,ATAC,Excitatory,chr17:36210456-36210956,-0.0089782946391212,0.007165357438263,92,RidgeCV
pfc_to_hippocampus,pfc_to_hip_all_pfc_ridge_clock,ATAC,Excitatory,chr17:36812704-36813204,-0.0115488313242485,0.0062477758425683,162,RidgeCV
pfc_to_hippocampus,pfc_to_hip_all_pfc_ridge_clock,ATAC,Excitatory,chr17:55674100-55674600,-0.0110067725198777,0.0059397556642714,195,RidgeCV
pfc_to_hippocampus,pfc_to_hip_all_pfc_ridge_clock,ATAC,Excitatory,chr1:78054460-78054960,-0.0109903871316698,0.0084724958429074,45,RidgeCV
pfc_to_hippocampus,pfc_to_hip_all_pfc_ridge_clock,ATAC,Excitatory,chr18:13298658-13299158,-0.0097536647700434,0.0066571038851051,121,RidgeCV
pfc_to_hippocampus,pfc_to_hip_all_pfc_ridge_clock,ATAC,Excitatory,chr18:31463818-31464318,-0.0118853191995122,0.0062557258706631,160,RidgeCV
pfc_to_hippocampus,pfc_to_hip_all_pfc_ridge_clock,ATAC,Excitatory,chr18:32944100-32944600,-0.010124445338085,0.0060320647080015,186,RidgeCV
pfc_to_hippocampus,pfc_to_hip_all_pfc_ridge_clock,ATAC,Excitatory,chr18:47186757-47187257,-0.0128035118962346,0.0073844198957917,85,RidgeCV
pfc_to_hippocampus,pfc_to_hip_all_pfc_ridge_clock,ATAC,Excitatory,chr18:66314983-66315483,-0.0130021612588283,0.0085854562831751,39,RidgeCV
pfc_to_hippocampus,pfc_to_hip_all_pfc_ridge_clock,ATAC,Excitatory,chr18:75370674-75371174,-0.0102985259580701,0.006084555416609,180,RidgeCV
pfc_to_hippocampus,pfc_to_hip_all_pfc_ridge_clock,ATAC,Excitatory,chr19:21610872-21611372,0.0092069373749142,0.0067083473738841,119,RidgeCV
pfc_to_hippocampus,pfc_to_hip_all_pfc_ridge_clock,ATAC,Excitatory,chr19:44448245-44448745,-0.0092592104932921,0.0059635496567264,192,RidgeCV
pfc_to_hippocampus,pfc_to_hip_all_pfc_ridge_clock,ATAC,Excitatory,chr19:48147742-48148242,-0.0106042417950385,0.0063359049889957,146,RidgeCV
pfc_to_hippocampus,pfc_to_hip_all_pfc_ridge_clock,ATAC,Excitatory,chr19:5827889-5828389,-0.0154119340326407,0.010990130648054,7,RidgeCV
pfc_to_hippocampus,pfc_to_hip_all_pfc_ridge_clock,ATAC,Excitatory,chr19:9937041-9937541,-0.0095226700726754,0.0064660925048961,133,RidgeCV
pfc_to_hippocampus,pfc_to_hip_all_pfc_ridge_clock,ATAC,Excitatory,chr20:5357919-5358419,-0.009581925694116,0.0060775703703987,181,RidgeCV
pfc_to_hippocampus,pfc_to_hip_all_pfc_ridge_clock,ATAC,Excitatory,chr2:105631849-105632349,-0.0105528923067457,0.0064466392924573,134,RidgeCV
pfc_to_hippocampus,pfc_to_hip_all_pfc_ridge_clock,ATAC,Excitatory,chr21:13979973-13980473,0.0103606586322078,0.0075752989625193,81,RidgeCV
pfc_to_hippocampus,pfc_to_hip_all_pfc_ridge_clock,ATAC,Excitatory,chr2:12577718-12578218,-0.0089641824612897,0.0069380576497155,99,RidgeCV
pfc_to_hippocampus,pfc_to_hip_all_pfc_ridge_clock,ATAC,Excitatory,chr2:12606521-12607021,-0.0108209668726009,0.0068827266603613,103,RidgeCV
pfc_to_hippocampus,pfc_to_hip_all_pfc_ridge_clock,ATAC,Excitatory,chr21:39976752-39977252,-0.0128841225271002,0.0077851858919155,74,RidgeCV
pfc_to_hippocampus,pfc_to_hip_all_pfc_ridge_clock,ATAC,Excitatory,chr21:44726491-44726991,-0.0120242512399026,0.0093678473331087,26,RidgeCV
pfc_to_hippocampus,pfc_to_hip_all_pfc_ridge_clock,ATAC,Excitatory,chr21:45950611-45951111,-0.0109904451531177,0.0060144981224304,188,RidgeCV
pfc_to_hippocampus,pfc_to_hip_all_pfc_ridge_clock,ATAC,Excitatory,chr21:6435073-6435573,-0.0104676288741506,0.0085880559764008,38,RidgeCV
pfc_to_hippocampus,pfc_to_hip_all_pfc_ridge_clock,ATAC,Excitatory,chr21:9039866-9040366,0.0106176785320617,0.006609806711183,123,RidgeCV
pfc_to_hippocampus,pfc_to_hip_all_pfc_ridge_clock,ATAC,Excitatory,chr2:211962416-211962916,-0.0098172999150495,0.0063239055996948,148,RidgeCV
pfc_to_hippocampus,pfc_to_hip_all_pfc_ridge_clock,ATAC,Excitatory,chr22:37171419-37171919,-0.0142130590489588,0.0078918606192676,66,RidgeCV
pfc_to_hippocampus,pfc_to_hip_all_pfc_ridge_clock,ATAC,Excitatory,chr22:38516245-38516745,-0.0100834346961287,0.0061935375141759,166,RidgeCV
pfc_to_hippocampus,pfc_to_hip_all_pfc_ridge_clock,ATAC,Excitatory,chr22:39979117-39979617,-0.0092243099681858,0.0059338241942089,197,RidgeCV
pfc_to_hippocampus,pfc_to_hip_all_pfc_ridge_clock,ATAC,Excitatory,chr22:44698978-44699478,-0.014285979251709,0.0078559399838328,71,RidgeCV
pfc_to_hippocampus,pfc_to_hip_all_pfc_ridge_clock,ATAC,Excitatory,chr22:46490424-46490924,-0.0111677846682249,0.0072050028463997,90,RidgeCV
pfc_to_hippocampus,pfc_to_hip_all_pfc_ridge_clock,ATAC,Excitatory,chr22:46494759-46495259,-0.0110413202911907,0.0061723360373525,170,RidgeCV
pfc_to_hippocampus,pfc_to_hip_all_pfc_ridge_clock,ATAC,Excitatory,chr2:26615588-26616088,-0.009725300971857,0.0060334758258627,185,RidgeCV
pfc_to_hippocampus,pfc_to_hip_all_pfc_ridge_clock,ATAC,Excitatory,chr2:26654404-26654904,-0.0124515689313373,0.0079918388828683,58,RidgeCV
pfc_to_hippocampus,pfc_to_hip_all_pfc_ridge_clock,ATAC,Excitatory,chr2:3062281-3062781,-0.0083076470518295,0.006258029171289,159,RidgeCV
pfc_to_hippocampus,pfc_to_hip_all_pfc_ridge_clock,ATAC,Excitatory,chr2:47707782-47708282,-0.0142876384888094,0.0099680856114951,21,RidgeCV
pfc_to_hippocampus,pfc_to_hip_all_pfc_ridge_clock,ATAC,Excitatory,chr2:47710194-47710694,-0.0109619495658838,0.0060423910158406,183,RidgeCV
pfc_to_hippocampus,pfc_to_hip_all_pfc_ridge_clock,ATAC,Excitatory,chr2:52537302-52537802,-0.0093444776006573,0.0062938279420876,153,RidgeCV
pfc_to_hippocampus,pfc_to_hip_all_pfc_ridge_clock,ATAC,Excitatory,chr2:85817897-85818397,-0.0130432779924968,0.0082307928788783,49,RidgeCV
pfc_to_hippocampus,pfc_to_hip_all_pfc_ridge_clock,ATAC,Excitatory,chr3:125953591-125954091,-0.0106022514335873,0.0081231495920973,53,RidgeCV
pfc_to_hippocampus,pfc_to_hip_all_pfc_ridge_clock,ATAC,Excitatory,chr3:13544480-13544980,-0.0099689169094676,0.0064214956984058,139,RidgeCV
pfc_to_hippocampus,pfc_to_hip_all_pfc_ridge_clock,ATAC,Excitatory,chr3:143252867-143253367,-0.0100230641014941,0.0061435441755308,175,RidgeCV
pfc_to_hippocampus,pfc_to_hip_all_pfc_ridge_clock,ATAC,Excitatory,chr3:15156590-15157090,-0.0101402755393692,0.0068692188198298,107,RidgeCV
pfc_to_hippocampus,pfc_to_hip_all_pfc_ridge_clock,ATAC,Excitatory,chr3:170716376-170716876,-0.0087838343317582,0.0062540232125616,161,RidgeCV
pfc_to_hippocampus,pfc_to_hip_all_pfc_ridge_clock,ATAC,Excitatory,chr3:64976443-64976943,-0.0129681403889222,0.0077081502351046,76,RidgeCV
pfc_to_hippocampus,pfc_to_hip_all_pfc_ridge_clock,ATAC,Excitatory,chr3:70243385-70243885,-0.01632818873847,0.011064996692793,6,RidgeCV
pfc_to_hippocampus,pfc_to_hip_all_pfc_ridge_clock,ATAC,Excitatory,chr3:86929006-86929506,-0.0118645604657467,0.0094610288294367,25,RidgeCV
pfc_to_hippocampus,pfc_to_hip_all_pfc_ridge_clock,ATAC,Excitatory,chr4:10461161-10461661,-0.0147358947205467,0.0067581033551197,115,RidgeCV
pfc_to_hippocampus,pfc_to_hip_all_pfc_ridge_clock,ATAC,Excitatory,chr4:105631788-105632288,0.009473164540984,0.0065500756979712,129,RidgeCV
pfc_to_hippocampus,pfc_to_hip_all_pfc_ridge_clock,ATAC,Excitatory,chr4:135186012-135186512,-0.013184094159531,0.0086444087667854,36,RidgeCV
pfc_to_hippocampus,pfc_to_hip_all_pfc_ridge_clock,ATAC,Excitatory,chr4:147808386-147808886,-0.0110890785238882,0.0068711166088937,106,RidgeCV
pfc_to_hippocampus,pfc_to_hip_all_pfc_ridge_clock,ATAC,Excitatory,chr4:147811972-147812472,-0.0119707962805176,0.0068181224215491,112,RidgeCV
pfc_to_hippocampus,pfc_to_hip_all_pfc_ridge_clock,ATAC,Excitatory,chr4:147823070-147823570,-0.0131455613299748,0.0067880181597222,113,RidgeCV
pfc_to_hippocampus,pfc_to_hip_all_pfc_ridge_clock,ATAC,Excitatory,chr4:1511600-1512100,-0.0126879084101105,0.0113748686064569,4,RidgeCV
pfc_to_hippocampus,pfc_to_hip_all_pfc_ridge_clock,ATAC,Excitatory,chr4:186204211-186204711,0.0138733167918984,0.0103739664002736,12,RidgeCV
pfc_to_hippocampus,pfc_to_hip_all_pfc_ridge_clock,ATAC,Excitatory,chr4:55801480-55801980,-0.0130640941624442,0.0101997204936468,17,RidgeCV
pfc_to_hippocampus,pfc_to_hip_all_pfc_ridge_clock,ATAC,Excitatory,chr5:101580514-101581014,-0.0111180064607629,0.0078728664779182,69,RidgeCV
pfc_to_hippocampus,pfc_to_hip_all_pfc_ridge_clock,ATAC,Excitatory,chr5:138475007-138475507,-0.0129900341803927,0.0092771770540233,29,RidgeCV
pfc_to_hippocampus,pfc_to_hip_all_pfc_ridge_clock,ATAC,Excitatory,chr5:155826536-155827036,-0.0108864276825856,0.0064173777981494,140,RidgeCV
pfc_to_hippocampus,pfc_to_hip_all_pfc_ridge_clock,ATAC,Excitatory,chr5:163539952-163540452,-0.0124806519120845,0.0102842286791879,15,RidgeCV
pfc_to_hippocampus,pfc_to_hip_all_pfc_ridge_clock,ATAC,Excitatory,chr5:165525275-165525775,-0.0136755199615557,0.0101599409252172,18,RidgeCV
pfc_to_hippocampus,pfc_to_hip_all_pfc_ridge_clock,ATAC,Excitatory,chr5:168589982-168590482,-0.010988157484742,0.0060013131093791,189,RidgeCV
pfc_to_hippocampus,pfc_to_hip_all_pfc_ridge_clock,ATAC,Excitatory,chr5:179060140-179060640,-0.0145998908571462,0.006552771177238,128,RidgeCV
pfc_to_hippocampus,pfc_to_hip_all_pfc_ridge_clock,ATAC,Excitatory,chr5:180313600-180314100,0.0060114032350085,0.0063911970851713,144,RidgeCV
pfc_to_hippocampus,pfc_to_hip_all_pfc_ridge_clock,ATAC,Excitatory,chr5:237912-238412,0.0121804815118801,0.0102005015961446,16,RidgeCV
pfc_to_hippocampus,pfc_to_hip_all_pfc_ridge_clock,ATAC,Excitatory,chr5:52957264-52957764,-0.0118492084312264,0.0077521211462748,75,RidgeCV
pfc_to_hippocampus,pfc_to_hip_all_pfc_ridge_clock,ATAC,Excitatory,chr5:746092-746592,0.0099807329971387,0.0078697757572255,70,RidgeCV
pfc_to_hippocampus,pfc_to_hip_all_pfc_ridge_clock,ATAC,Excitatory,chr6:101001016-101001516,-0.0087402642808227,0.0060005866830222,190,RidgeCV
pfc_to_hippocampus,pfc_to_hip_all_pfc_ridge_clock,ATAC,Excitatory,chr6:108760251-108760751,-0.0091320042147814,0.0064348631926063,136,RidgeCV
pfc_to_hippocampus,pfc_to_hip_all_pfc_ridge_clock,ATAC,Excitatory,chr6:109820332-109820832,-0.0102612428626135,0.0061761734218147,169,RidgeCV
pfc_to_hippocampus,pfc_to_hip_all_pfc_ridge_clock,ATAC,Excitatory,chr6:118746743-118747243,-0.0130288981255991,0.0071537837222315,94,RidgeCV
pfc_to_hippocampus,pfc_to_hip_all_pfc_ridge_clock,ATAC,Excitatory,chr6:142409758-142410258,-0.0101211985025076,0.0069052921205939,101,RidgeCV
pfc_to_hippocampus,pfc_to_hip_all_pfc_ridge_clock,ATAC,Excitatory,chr6:14918237-14918737,-0.0106324987936238,0.0062037891895027,165,RidgeCV
pfc_to_hippocampus,pfc_to_hip_all_pfc_ridge_clock,ATAC,Excitatory,chr6:151703266-151703766,-0.0116134530249956,0.0061107633736906,176,RidgeCV
pfc_to_hippocampus,pfc_to_hip_all_pfc_ridge_clock,ATAC,Excitatory,chr6:26234699-26235199,-0.0131350934660087,0.0065931151491171,125,RidgeCV
pfc_to_hippocampus,pfc_to_hip_all_pfc_ridge_clock,ATAC,Excitatory,chr6:26240071-26240571,-0.0125342947611491,0.006874667469385,104,RidgeCV
pfc_to_hippocampus,pfc_to_hip_all_pfc_ridge_clock,ATAC,Excitatory,chr6:26272704-26273204,-0.0134048903372025,0.0081217419080541,54,RidgeCV
pfc_to_hippocampus,pfc_to_hip_all_pfc_ridge_clock,ATAC,Excitatory,chr6:27091558-27092058,-0.016870944108791,0.0103551213579385,13,RidgeCV
pfc_to_hippocampus,pfc_to_hip_all_pfc_ridge_clock,ATAC,Excitatory,chr6:27097028-27097528,-0.0110003396734342,0.0068925809832502,102,RidgeCV
pfc_to_hippocampus,pfc_to_hip_all_pfc_ridge_clock,ATAC,Excitatory,chr6:27583224-27583724,-0.0102102612606176,0.0060349830814164,184,RidgeCV
pfc_to_hippocampus,pfc_to_hip_all_pfc_ridge_clock,ATAC,Excitatory,chr6:27592649-27593149,-0.0155124520031466,0.0109388610379628,9,RidgeCV
pfc_to_hippocampus,pfc_to_hip_all_pfc_ridge_clock,ATAC,Excitatory,chr6:31692254-31692754,-0.0093663781146031,0.0068482863018163,109,RidgeCV
pfc_to_hippocampus,pfc_to_hip_all_pfc_ridge_clock,ATAC,Excitatory,chr6:71913428-71913928,-0.0116521315104471,0.0079521157046631,61,RidgeCV
pfc_to_hippocampus,pfc_to_hip_all_pfc_ridge_clock,ATAC,Excitatory,chr7:102671549-102672049,-0.0263829523377962,0.0383236799683854,0,RidgeCV
pfc_to_hippocampus,pfc_to_hip_all_pfc_ridge_clock,ATAC,Excitatory,chr7:117680234-117680734,-0.0163387996314766,0.0112951724277678,5,RidgeCV
pfc_to_hippocampus,pfc_to_hip_all_pfc_ridge_clock,ATAC,Excitatory,chr7:117683700-117684200,-0.0151180322284696,0.0084797041524472,44,RidgeCV
pfc_to_hippocampus,pfc_to_hip_all_pfc_ridge_clock,ATAC,Excitatory,chr7:12006824-12007324,-0.0085510122738196,0.0064071454923815,142,RidgeCV
pfc_to_hippocampus,pfc_to_hip_all_pfc_ridge_clock,ATAC,Excitatory,chr7:131253462-131253962,0.0116223440201214,0.0080181985995928,57,RidgeCV
pfc_to_hippocampus,pfc_to_hip_all_pfc_ridge_clock,ATAC,Excitatory,chr7:145410945-145411445,-0.0093632927367081,0.0062139333547484,164,RidgeCV
pfc_to_hippocampus,pfc_to_hip_all_pfc_ridge_clock,ATAC,Excitatory,chr7:149097075-149097575,-0.0090995283097176,0.0065314161906635,130,RidgeCV
pfc_to_hippocampus,pfc_to_hip_all_pfc_ridge_clock,ATAC,Excitatory,chr7:154831782-154832282,0.0082460667467135,0.006145500901816,173,RidgeCV
pfc_to_hippocampus,pfc_to_hip_all_pfc_ridge_clock,ATAC,Excitatory,chr7:36792286-36792786,-0.0091302897004483,0.0066414332536727,122,RidgeCV
pfc_to_hippocampus,pfc_to_hip_all_pfc_ridge_clock,ATAC,Excitatory,chr7:40722162-40722662,-0.0106860678643513,0.0067059997561863,120,RidgeCV
pfc_to_hippocampus,pfc_to_hip_all_pfc_ridge_clock,ATAC,Excitatory,chr7:57404423-57404923,0.0084381526627958,0.0066049136585207,124,RidgeCV
pfc_to_hippocampus,pfc_to_hip_all_pfc_ridge_clock,ATAC,Excitatory,chr7:64130946-64131446,0.0096844138146025,0.0060852789474646,179,RidgeCV
pfc_to_hippocampus,pfc_to_hip_all_pfc_ridge_clock,ATAC,Excitatory,chr7:75237546-75238046,-0.0086052518725633,0.0059133113982113,198,RidgeCV
pfc_to_hippocampus,pfc_to_hip_all_pfc_ridge_clock,ATAC,Excitatory,chr7:75624055-75624555,-0.0119912730994841,0.0064248423544314,137,RidgeCV
pfc_to_hippocampus,pfc_to_hip_all_pfc_ridge_clock,ATAC,Excitatory,chr7:76515862-76516362,0.0060017973372004,0.0062252192454317,163,RidgeCV
pfc_to_hippocampus,pfc_to_hip_all_pfc_ridge_clock,ATAC,Excitatory,chr8:12194398-12194898,-0.0087060173135062,0.0073792918117624,86,RidgeCV
pfc_to_hippocampus,pfc_to_hip_all_pfc_ridge_clock,ATAC,Excitatory,chr8:12436607-12437107,-0.0095818321051211,0.008522087573702,42,RidgeCV
pfc_to_hippocampus,pfc_to_hip_all_pfc_ridge_clock,ATAC,Excitatory,chr8:132980990-132981490,-0.0142042623908343,0.0085443193639321,40,RidgeCV
pfc_to_hippocampus,pfc_to_hip_all_pfc_ridge_clock,ATAC,Excitatory,chr8:23416046-23416546,-0.0136190463388652,0.007899726014064,64,RidgeCV
pfc_to_hippocampus,pfc_to_hip_all_pfc_ridge_clock,ATAC,Excitatory,chr8:91346520-91347020,-0.0118471081894161,0.0064002459012989,143,RidgeCV
pfc_to_hippocampus,pfc_to_hip_all_pfc_ridge_clock,ATAC,Excitatory,chr9:101238812-101239312,-0.0098540199091152,0.0067729948358428,114,RidgeCV
pfc_to_hippocampus,pfc_to_hip_all_pfc_ridge_clock,ATAC,Excitatory,chr9:11164336-11164836,-0.012976097696128,0.0065813260188737,126,RidgeCV
pfc_to_hippocampus,pfc_to_hip_all_pfc_ridge_clock,ATAC,Excitatory,chr9:114470056-114470556,-0.0114344103466461,0.0076497123958765,78,RidgeCV
pfc_to_hippocampus,pfc_to_hip_all_pfc_ridge_clock,ATAC,Excitatory,chr9:135473354-135473854,-0.0118228596816609,0.0062739267123635,155,RidgeCV
pfc_to_hippocampus,pfc_to_hip_all_pfc_ridge_clock,ATAC,Excitatory,chr9:14566497-14566997,-0.0115705165463947,0.0067562642258068,116,RidgeCV
pfc_to_hippocampus,pfc_to_hip_all_pfc_ridge_clock,ATAC,Excitatory,chr9:40221589-40222089,-0.0091773571087902,0.006031902017027,187,RidgeCV
pfc_to_hippocampus,pfc_to_hip_all_pfc_ridge_clock,ATAC,Excitatory,chr9:40222747-40223247,-0.0116367862616677,0.0087131598424832,34,RidgeCV
pfc_to_hippocampus,pfc_to_hip_all_pfc_ridge_clock,ATAC,Excitatory,chr9:41643615-41644115,-0.0107036713137337,0.0116135449122899,2,RidgeCV
pfc_to_hippocampus,pfc_to_hip_all_pfc_ridge_clock,ATAC,Excitatory,chr9:62897651-62898151,-0.010820063448275,0.0076689743085805,77,RidgeCV
pfc_to_hippocampus,pfc_to_hip_all_pfc_ridge_clock,ATAC,Excitatory,chr9:68929125-68929625,-0.0118724169421984,0.0068362819313943,111,RidgeCV
pfc_to_hippocampus,pfc_to_hip_all_pfc_ridge_clock,ATAC,Excitatory,chr9:70127254-70127754,0.0117188828988903,0.0069414723064411,98,RidgeCV
pfc_to_hippocampus,pfc_to_hip_all_pfc_ridge_clock,ATAC,Excitatory,chr9:98958165-98958665,-0.011409813962821,0.0064242017171122,138,RidgeCV
pfc_to_hippocampus,pfc_to_hip_all_pfc_ridge_clock,ATAC,Excitatory,chrX:115887994-115888494,0.0074612699164705,0.0068561183305195,108,RidgeCV
pfc_to_hippocampus,pfc_to_hip_all_pfc_ridge_clock,ATAC,Excitatory,chrX:131704118-131704618,0.0091233371989715,0.0105738087520554,11,RidgeCV
pfc_to_hippocampus,pfc_to_hip_all_pfc_ridge_clock,ATAC,Excitatory,chrX:131728579-131729079,0.0065751753579842,0.0077895281211689,73,RidgeCV
pfc_to_hippocampus,pfc_to_hip_all_pfc_ridge_clock,ATAC,Excitatory,chrX:131741103-131741603,0.0071682554794416,0.0092956097519301,28,RidgeCV
pfc_to_hippocampus,pfc_to_hip_all_pfc_ridge_clock,ATAC,Excitatory,chrX:131746396-131746896,0.005230640155958,0.005912609136735,199,RidgeCV
pfc_to_hippocampus,pfc_to_hip_all_pfc_ridge_clock,ATAC,Excitatory,chrX:131753064-131753564,0.005593189070048,0.0067452733660975,117,RidgeCV
pfc_to_hippocampus,pfc_to_hip_all_pfc_ridge_clock,ATAC,Excitatory,chrX:131763617-131764117,0.0074140235788872,0.0082716502745334,48,RidgeCV
pfc_to_hippocampus,pfc_to_hip_all_pfc_ridge_clock,ATAC,Excitatory,chrX:56783354-56783854,0.0069299607943645,0.0067144647344385,118,RidgeCV
pfc_to_hippocampus,pfc_to_hip_all_pfc_ridge_clock,ATAC,Excitatory,chrX:73850971-73851471,0.0064740314454464,0.0099833784828911,20,RidgeCV
pfc_to_hippocampus,pfc_to_hip_all_pfc_ridge_clock,ATAC,Excitatory,chrY:12662004-12662504,-0.004942195618561,0.0071936295906783,91,RidgeCV
pfc_to_hippocampus,pfc_to_hip_all_pfc_ridge_clock,ATAC,Excitatory,chrY:12904518-12905018,-0.0060889295332286,0.0106804813738586,10,RidgeCV
pfc_to_hippocampus,pfc_to_hip_all_pfc_ridge_clock,ATAC,Excitatory,chrY:13479801-13480301,-0.0061892167462543,0.0101399826085063,19,RidgeCV
pfc_to_hippocampus,pfc_to_hip_all_pfc_ridge_clock,ATAC,Excitatory,chrY:13703592-13704092,-0.0059406215037633,0.0086979257374256,35,RidgeCV
pfc_to_hippocampus,pfc_to_hip_all_pfc_ridge_clock,ATAC,Excitatory,chrY:14524374-14524874,-0.0044572836112883,0.0059776681239675,191,RidgeCV
pfc_to_hippocampus,pfc_to_hip_all_pfc_ridge_clock,ATAC,Excitatory,chrY:15455938-15456438,-0.0081098284790507,0.009582367977319,24,RidgeCV
pfc_to_hippocampus,pfc_to_hip_all_pfc_ridge_clock,ATAC,Excitatory,chrY:19016603-19017103,-0.0062572958412237,0.0063504867883214,145,RidgeCV
pfc_to_hippocampus,pfc_to_hip_all_pfc_ridge_clock,ATAC,Excitatory,chrY:19077287-19077787,-0.0059194889122383,0.0096329532195553,23,RidgeCV
pfc_to_hippocampus,pfc_to_hip_all_pfc_ridge_clock,ATAC,Excitatory,chrY:19567031-19567531,-0.004646909625242,0.0084827398391481,43,RidgeCV
pfc_to_hippocampus,pfc_to_hip_all_pfc_ridge_clock,ATAC,Excitatory,chrY:19744608-19745108,-0.0048841291044439,0.0063199205022621,149,RidgeCV
pfc_to_hippocampus,pfc_to_hip_all_pfc_ridge_clock,ATAC,Excitatory,chrY:19892061-19892561,-0.0049744617531131,0.0069231137047044,100,RidgeCV
pfc_to_hippocampus,pfc_to_hip_all_pfc_ridge_clock,ATAC,Excitatory,chrY:20575423-20575923,-0.0054731596075255,0.0091177421510074,31,RidgeCV
pfc_to_hippocampus,pfc_to_hip_all_pfc_ridge_clock,ATAC,Excitatory,chrY:26670926-26671426,-0.0041215443215949,0.0059423215268214,194,RidgeCV
pfc_to_hippocampus,pfc_to_hip_all_pfc_ridge_clock,ATAC,Excitatory,chrY:2841474-2841974,-0.0058308604070773,0.0069533774925281,97,RidgeCV
pfc_to_hippocampus,pfc_to_hip_all_pfc_ridge_clock,ATAC,Excitatory,chrY:2935745-2936245,-0.0062004588917925,0.0109809396335796,8,RidgeCV
pfc_to_hippocampus,pfc_to_hip_all_pfc_ridge_clock,ATAC,Excitatory,chrY:8562456-8562956,-0.0046101729253487,0.0063184368597858,151,RidgeCV
pfc_to_hippocampus,pfc_to_hip_all_pfc_ridge_clock,ATAC,Inhibitory,chr10:107483270-107483770,-0.0098866126245442,0.0058649014575004,95,RidgeCV
pfc_to_hippocampus,pfc_to_hip_all_pfc_ridge_clock,ATAC,Inhibitory,chr10:123842653-123843153,-0.0090567867080823,0.0053089662618091,188,RidgeCV
pfc_to_hippocampus,pfc_to_hip_all_pfc_ridge_clock,ATAC,Inhibitory,chr10:37712671-37713171,-0.0087563918588212,0.005294490632884,193,RidgeCV
pfc_to_hippocampus,pfc_to_hip_all_pfc_ridge_clock,ATAC,Inhibitory,chr10:37754678-37755178,-0.0088475561313944,0.0053590476352503,182,RidgeCV
pfc_to_hippocampus,pfc_to_hip_all_pfc_ridge_clock,ATAC,Inhibitory,chr10:43278281-43278781,-0.0122003669886071,0.0076578300828184,16,RidgeCV
pfc_to_hippocampus,pfc_to_hip_all_pfc_ridge_clock,ATAC,Inhibitory,chr10:72637343-72637843,-0.0105416560529548,0.0060260179188491,73,RidgeCV
pfc_to_hippocampus,pfc_to_hip_all_pfc_ridge_clock,ATAC,Inhibitory,chr10:96188257-96188757,-0.0081769055448652,0.0054051896933624,168,RidgeCV
pfc_to_hippocampus,pfc_to_hip_all_pfc_ridge_clock,ATAC,Inhibitory,chr1:1000615-1001115,-0.0098854987590797,0.0057009912133078,118,RidgeCV
pfc_to_hippocampus,pfc_to_hip_all_pfc_ridge_clock,ATAC,Inhibitory,chr1:109687486-109687986,0.0050052744272821,0.0058598964461395,97,RidgeCV
pfc_to_hippocampus,pfc_to_hip_all_pfc_ridge_clock,ATAC,Inhibitory,chr1:112272033-112272533,0.0105332537239611,0.005894005916685,92,RidgeCV
pfc_to_hippocampus,pfc_to_hip_all_pfc_ridge_clock,ATAC,Inhibitory,chr11:124577967-124578467,-0.0110241507843212,0.0064504438262284,45,RidgeCV
pfc_to_hippocampus,pfc_to_hip_all_pfc_ridge_clock,ATAC,Inhibitory,chr1:1201250-1201750,-0.0084545148202654,0.0059403141515069,86,RidgeCV
pfc_to_hippocampus,pfc_to_hip_all_pfc_ridge_clock,ATAC,Inhibitory,chr1:120913862-120914362,0.0076928062705487,0.0055010088368334,148,RidgeCV
pfc_to_hippocampus,pfc_to_hip_all_pfc_ridge_clock,ATAC,Inhibitory,chr1:12756656-12757156,-0.0209500967390637,0.0137280121101116,1,RidgeCV
pfc_to_hippocampus,pfc_to_hip_all_pfc_ridge_clock,ATAC,Inhibitory,chr11:34438614-34439114,-0.0075740479029455,0.0053504042504144,185,RidgeCV
pfc_to_hippocampus,pfc_to_hip_all_pfc_ridge_clock,ATAC,Inhibitory,chr1:149708493-149708993,0.0073018490157227,0.0063297005504795,53,RidgeCV
pfc_to_hippocampus,pfc_to_hip_all_pfc_ridge_clock,ATAC,Inhibitory,chr1:162735588-162736088,-0.0103544961814518,0.0063448179633987,51,RidgeCV
pfc_to_hippocampus,pfc_to_hip_all_pfc_ridge_clock,ATAC,Inhibitory,chr11:66970703-66971203,-0.0093842870827251,0.0066273415967414,34,RidgeCV
pfc_to_hippocampus,pfc_to_hip_all_pfc_ridge_clock,ATAC,Inhibitory,chr11:6735202-6735702,-0.0079432738334511,0.0056517385433176,126,RidgeCV
pfc_to_hippocampus,pfc_to_hip_all_pfc_ridge_clock,ATAC,Inhibitory,chr1:168470924-168471424,-0.0089944325621433,0.0053906301513738,174,RidgeCV
pfc_to_hippocampus,pfc_to_hip_all_pfc_ridge_clock,ATAC,Inhibitory,chr11:70847860-70848360,-0.0094978465999087,0.0054817874103146,155,RidgeCV
pfc_to_hippocampus,pfc_to_hip_all_pfc_ridge_clock,ATAC,Inhibitory,chr11:72452263-72452763,-0.0092218391019919,0.0054968890151313,149,RidgeCV
pfc_to_hippocampus,pfc_to_hip_all_pfc_ridge_clock,ATAC,Inhibitory,chr1:179926456-179926956,-0.0089228163908226,0.0056347276227205,128,RidgeCV
pfc_to_hippocampus,pfc_to_hip_all_pfc_ridge_clock,ATAC,Inhibitory,chr11:849524-850024,-0.0141083431234941,0.0074299094904129,20,RidgeCV
pfc_to_hippocampus,pfc_to_hip_all_pfc_ridge_clock,ATAC,Inhibitory,chr1:199522903-199523403,-0.0088066307573445,0.0061584179713683,63,RidgeCV
pfc_to_hippocampus,pfc_to_hip_all_pfc_ridge_clock,ATAC,Inhibitory,chr1:20322039-20322539,-0.012416582337291,0.0077669714236302,14,RidgeCV
pfc_to_hippocampus,pfc_to_hip_all_pfc_ridge_clock,ATAC,Inhibitory,chr1:203259697-203260197,0.0108274604141726,0.006360630095892,49,RidgeCV
pfc_to_hippocampus,pfc_to_hip_all_pfc_ridge_clock,ATAC,Inhibitory,chr1:208329204-208329704,-0.0093294548880171,0.0056195142474226,132,RidgeCV
pfc_to_hippocampus,pfc_to_hip_all_pfc_ridge_clock,ATAC,Inhibitory,chr12:127162897-127163397,-0.0098955467229143,0.0058806390805091,93,RidgeCV
pfc_to_hippocampus,pfc_to_hip_all_pfc_ridge_clock,ATAC,Inhibitory,chr12:127559626-127560126,-0.008167956965133,0.0056846498652739,120,RidgeCV
pfc_to_hippocampus,pfc_to_hip_all_pfc_ridge_clock,ATAC,Inhibitory,chr1:22044671-22045171,-0.0085180183764058,0.0056061100733086,134,RidgeCV
pfc_to_hippocampus,pfc_to_hip_all_pfc_ridge_clock,ATAC,Inhibitory,chr1:225361135-225361635,-0.0090353901921973,0.005961806632697,82,RidgeCV
pfc_to_hippocampus,pfc_to_hip_all_pfc_ridge_clock,ATAC,Inhibitory,chr1:23202351-23202851,-0.007443944108336,0.0053540446877527,183,RidgeCV
pfc_to_hippocampus,pfc_to_hip_all_pfc_ridge_clock,ATAC,Inhibitory,chr1:243101467-243101967,-0.0128115353663124,0.0112858043635915,2,RidgeCV
pfc_to_hippocampus,pfc_to_hip_all_pfc_ridge_clock,ATAC,Inhibitory,chr1:244382082-244382582,-0.0105383051125678,0.0062588468814628,57,RidgeCV
pfc_to_hippocampus,pfc_to_hip_all_pfc_ridge_clock,ATAC,Inhibitory,chr1:25320227-25320727,-0.006636673547388,0.0058363282796383,102,RidgeCV
pfc_to_hippocampus,pfc_to_hip_all_pfc_ridge_clock,ATAC,Inhibitory,chr12:7377852-7378352,-0.0086661898991226,0.0059813838003857,80,RidgeCV
pfc_to_hippocampus,pfc_to_hip_all_pfc_ridge_clock,ATAC,Inhibitory,chr12:7439964-7440464,-0.0089581605885554,0.0065684012596892,40,RidgeCV
pfc_to_hippocampus,pfc_to_hip_all_pfc_ridge_clock,ATAC,Inhibitory,chr12:92243992-92244492,0.0096815960054691,0.0054755772294,156,RidgeCV
pfc_to_hippocampus,pfc_to_hip_all_pfc_ridge_clock,ATAC,Inhibitory,chr13:101217200-101217700,0.008493669922884,0.0053778264856119,176,RidgeCV
pfc_to_hippocampus,pfc_to_hip_all_pfc_ridge_clock,ATAC,Inhibitory,chr13:102492484-102492984,-0.0090573629586523,0.0053023710974485,191,RidgeCV
pfc_to_hippocampus,pfc_to_hip_all_pfc_ridge_clock,ATAC,Inhibitory,chr13:46535900-46536400,-0.0093939125713244,0.0053987939114248,170,RidgeCV
pfc_to_hippocampus,pfc_to_hip_all_pfc_ridge_clock,ATAC,Inhibitory,chr13:68813926-68814426,-0.0136339708830977,0.009064416873196,8,RidgeCV
pfc_to_hippocampus,pfc_to_hip_all_pfc_ridge_clock,ATAC,Inhibitory,chr13:77860618-77861118,-0.008693512191952,0.005405474111822,166,RidgeCV
pfc_to_hippocampus,pfc_to_hip_all_pfc_ridge_clock,ATAC,Inhibitory,chr13:78601399-78601899,-0.0091645346408641,0.0054146010057223,163,RidgeCV
pfc_to_hippocampus,pfc_to_hip_all_pfc_ridge_clock,ATAC,Inhibitory,chr13:97493444-97493944,-0.0091540722343759,0.0054961322944839,150,RidgeCV
pfc_to_hippocampus,pfc_to_hip_all_pfc_ridge_clock,ATAC,Inhibitory,chr13:99191689-99192189,0.0096515221844661,0.0060491853990765,70,RidgeCV
pfc_to_hippocampus,pfc_to_hip_all_pfc_ridge_clock,ATAC,Inhibitory,chr14:101242537-101243037,-0.0105968676422655,0.0060321820902546,72,RidgeCV
pfc_to_hippocampus,pfc_to_hip_all_pfc_ridge_clock,ATAC,Inhibitory,chr14:101506922-101507422,-0.0102356989705549,0.0058442023326988,101,RidgeCV
pfc_to_hippocampus,pfc_to_hip_all_pfc_ridge_clock,ATAC,Inhibitory,chr14:104406675-104407175,-0.0128783228631224,0.0093027484155271,7,RidgeCV
pfc_to_hippocampus,pfc_to_hip_all_pfc_ridge_clock,ATAC,Inhibitory,chr14:19800597-19801097,0.0120556562885676,0.0093900762638012,6,RidgeCV
pfc_to_hippocampus,pfc_to_hip_all_pfc_ridge_clock,ATAC,Inhibitory,chr14:34332109-34332609,-0.0109877755185722,0.0079832553382509,12,RidgeCV
pfc_to_hippocampus,pfc_to_hip_all_pfc_ridge_clock,ATAC,Inhibitory,chr14:65080908-65081408,0.0123795431941936,0.0082224395799568,10,RidgeCV
pfc_to_hippocampus,pfc_to_hip_all_pfc_ridge_clock,ATAC,Inhibitory,chr14:75273485-75273985,-0.0088259183357138,0.0053906457720002,173,RidgeCV
pfc_to_hippocampus,pfc_to_hip_all_pfc_ridge_clock,ATAC,Inhibitory,chr1:48036629-48037129,-0.0094204659725495,0.0066057004379388,37,RidgeCV
pfc_to_hippocampus,pfc_to_hip_all_pfc_ridge_clock,ATAC,Inhibitory,chr14:87108675-87109175,-0.0105338421385315,0.0064041801688685,47,RidgeCV
pfc_to_hippocampus,pfc_to_hip_all_pfc_ridge_clock,ATAC,Inhibitory,chr15:100093753-100094253,-0.0109986831097987,0.0063271255042865,54,RidgeCV
pfc_to_hippocampus,pfc_to_hip_all_pfc_ridge_clock,ATAC,Inhibitory,chr15:100802433-100802933,-0.0118267306266344,0.0074086556767283,22,RidgeCV
pfc_to_hippocampus,pfc_to_hip_all_pfc_ridge_clock,ATAC,Inhibitory,chr15:101795377-101795877,-0.0102149515968095,0.0068654371846249,28,RidgeCV
pfc_to_hippocampus,pfc_to_hip_all_pfc_ridge_clock,ATAC,Inhibitory,chr15:20341225-20341725,0.007891488183549,0.0066383799648199,32,RidgeCV
pfc_to_hippocampus,pfc_to_hip_all_pfc_ridge_clock,ATAC,Inhibitory,chr15:24426734-24427234,0.0091523946465616,0.0055935115683511,136,RidgeCV
pfc_to_hippocampus,pfc_to_hip_all_pfc_ridge_clock,ATAC,Inhibitory,chr15:37904172-37904672,0.0089229549028947,0.0057655974898762,112,RidgeCV
pfc_to_hippocampus,pfc_to_hip_all_pfc_ridge_clock,ATAC,Inhibitory,chr15:69320901-69321401,-0.0087116695935411,0.0058627403027961,96,RidgeCV
pfc_to_hippocampus,pfc_to_hip_all_pfc_ridge_clock,ATAC,Inhibitory,chr15:74123559-74124059,-0.0090598109789724,0.0053268752213526,187,RidgeCV
pfc_to_hippocampus,pfc_to_hip_all_pfc_ridge_clock,ATAC,Inhibitory,chr15:80275881-80276381,-0.0093538424887374,0.0052829481300682,196,RidgeCV
pfc_to_hippocampus,pfc_to_hip_all_pfc_ridge_clock,ATAC,Inhibitory,chr15:83372630-83373130,-0.0102605923522089,0.0054861195036031,152,RidgeCV
pfc_to_hippocampus,pfc_to_hip_all_pfc_ridge_clock,ATAC,Inhibitory,chr16:20073696-20074196,-0.0102122504559477,0.0056627415258747,124,RidgeCV
pfc_to_hippocampus,pfc_to_hip_all_pfc_ridge_clock,ATAC,Inhibitory,chr16:54493045-54493545,-0.0086015278025972,0.0060555416336054,69,RidgeCV
pfc_to_hippocampus,pfc_to_hip_all_pfc_ridge_clock,ATAC,Inhibitory,chr16:66036648-66037148,0.0088389373782589,0.0054720860802575,157,RidgeCV
pfc_to_hippocampus,pfc_to_hip_all_pfc_ridge_clock,ATAC,Inhibitory,chr16:86662124-86662624,-0.009762889729693,0.0066941266787303,30,RidgeCV
pfc_to_hippocampus,pfc_to_hip_all_pfc_ridge_clock,ATAC,Inhibitory,chr16:86700015-86700515,-0.0131180527760039,0.0081317811253652,11,RidgeCV
pfc_to_hippocampus,pfc_to_hip_all_pfc_ridge_clock,ATAC,Inhibitory,chr1:69401876-69402376,-0.0109842385034485,0.0076234794690489,17,RidgeCV
pfc_to_hippocampus,pfc_to_hip_all_pfc_ridge_clock,ATAC,Inhibitory,chr17:22521145-22521645,-0.0075462392288138,0.009647247411894,5,RidgeCV
pfc_to_hippocampus,pfc_to_hip_all_pfc_ridge_clock,ATAC,Inhibitory,chr17:43412649-43413149,-0.0096696889906546,0.0055075557186464,147,RidgeCV
pfc_to_hippocampus,pfc_to_hip_all_pfc_ridge_clock,ATAC,Inhibitory,chr17:50314308-50314808,-0.0095936939039524,0.0054647174776635,158,RidgeCV
pfc_to_hippocampus,pfc_to_hip_all_pfc_ridge_clock,ATAC,Inhibitory,chr17:55436469-55436969,-0.0098020934283198,0.0055435557328208,143,RidgeCV
pfc_to_hippocampus,pfc_to_hip_all_pfc_ridge_clock,ATAC,Inhibitory,chr17:5958253-5958753,-0.0097801906231414,0.0062421528254563,59,RidgeCV
pfc_to_hippocampus,pfc_to_hip_all_pfc_ridge_clock,ATAC,Inhibitory,chr17:73325449-73325949,-0.0110476243742105,0.0067318051822108,29,RidgeCV
pfc_to_hippocampus,pfc_to_hip_all_pfc_ridge_clock,ATAC,Inhibitory,chr17:73855921-73856421,-0.0095305706388827,0.0055721075083463,139,RidgeCV
pfc_to_hippocampus,pfc_to_hip_all_pfc_ridge_clock,ATAC,Inhibitory,chr17:7436903-7437403,-0.0089117134979794,0.0058276431807857,103,RidgeCV
pfc_to_hippocampus,pfc_to_hip_all_pfc_ridge_clock,ATAC,Inhibitory,chr17:7438009-7438509,-0.0098367228260923,0.0057601895569325,113,RidgeCV
pfc_to_hippocampus,pfc_to_hip_all_pfc_ridge_clock,ATAC,Inhibitory,chr17:7440494-7440994,-0.0085804948609429,0.0055652117166129,140,RidgeCV
pfc_to_hippocampus,pfc_to_hip_all_pfc_ridge_clock,ATAC,Inhibitory,chr17:74514229-74514729,-0.0116121941128591,0.0148233194984927,0,RidgeCV
pfc_to_hippocampus,pfc_to_hip_all_pfc_ridge_clock,ATAC,Inhibitory,chr17:77607202-77607702,-0.0103508120383773,0.0064806947885747,44,RidgeCV
pfc_to_hippocampus,pfc_to_hip_all_pfc_ridge_clock,ATAC,Inhibitory,chr17:78557488-78557988,-0.0082366900852629,0.0060325600942094,71,RidgeCV
pfc_to_hippocampus,pfc_to_hip_all_pfc_ridge_clock,ATAC,Inhibitory,chr17:79810046-79810546,-0.0104156891371522,0.0061233813516067,64,RidgeCV
pfc_to_hippocampus,pfc_to_hip_all_pfc_ridge_clock,ATAC,Inhibitory,chr18:4096473-4096973,-0.0099665925005542,0.0062178459775356,60,RidgeCV
pfc_to_hippocampus,pfc_to_hip_all_pfc_ridge_clock,ATAC,Inhibitory,chr18:51523581-51524081,-0.0093933015264737,0.0061210132155391,66,RidgeCV
pfc_to_hippocampus,pfc_to_hip_all_pfc_ridge_clock,ATAC,Inhibitory,chr18:60247160-60247660,0.0096518099900933,0.0058497372125975,100,RidgeCV
pfc_to_hippocampus,pfc_to_hip_all_pfc_ridge_clock,ATAC,Inhibitory,chr18:61998851-61999351,-0.0090929390047527,0.0060088523017634,77,RidgeCV
pfc_to_hippocampus,pfc_to_hip_all_pfc_ridge_clock,ATAC,Inhibitory,chr19:10305435-10305935,-0.0087082308244822,0.0058563097334927,98,RidgeCV
pfc_to_hippocampus,pfc_to_hip_all_pfc_ridge_clock,ATAC,Inhibitory,chr19:11694804-11695304,-0.0108826609350253,0.0065680092100926,41,RidgeCV
pfc_to_hippocampus,pfc_to_hip_all_pfc_ridge_clock,ATAC,Inhibitory,chr19:21569071-21569571,-0.0064398670753898,0.0062454878736789,58,RidgeCV
pfc_to_hippocampus,pfc_to_hip_all_pfc_ridge_clock,ATAC,Inhibitory,chr19:34099396-34099896,-0.0088376618270472,0.0056783033444847,122,RidgeCV
pfc_to_hippocampus,pfc_to_hip_all_pfc_ridge_clock,ATAC,Inhibitory,chr19:45428633-45429133,-0.0084790905048496,0.0058734165148261,94,RidgeCV
pfc_to_hippocampus,pfc_to_hip_all_pfc_ridge_clock,ATAC,Inhibitory,chr19:46887261-46887761,-0.0099022285776105,0.0065666446312824,42,RidgeCV
pfc_to_hippocampus,pfc_to_hip_all_pfc_ridge_clock,ATAC,Inhibitory,chr19:51521782-51522282,-0.0112212651717568,0.00745628741586,19,RidgeCV
pfc_to_hippocampus,pfc_to_hip_all_pfc_ridge_clock,ATAC,Inhibitory,chr19:51799263-51799763,-0.0092971151197329,0.0059192252200563,88,RidgeCV
pfc_to_hippocampus,pfc_to_hip_all_pfc_ridge_clock,ATAC,Inhibitory,chr19:55156250-55156750,-0.009453531493023,0.0059378967935551,87,RidgeCV
pfc_to_hippocampus,pfc_to_hip_all_pfc_ridge_clock,ATAC,Inhibitory,chr19:55166478-55166978,-0.0100533074390637,0.0066190318225111,35,RidgeCV
pfc_to_hippocampus,pfc_to_hip_all_pfc_ridge_clock,ATAC,Inhibitory,chr19:5827889-5828389,-0.0119647341578272,0.0077599369917885,15,RidgeCV
pfc_to_hippocampus,pfc_to_hip_all_pfc_ridge_clock,ATAC,Inhibitory,chr19:6590642-6591142,-0.0089156857645813,0.0053724840004528,178,RidgeCV
pfc_to_hippocampus,pfc_to_hip_all_pfc_ridge_clock,ATAC,Inhibitory,chr19:875980-876480,-0.0094219560261616,0.0055851306770392,138,RidgeCV
pfc_to_hippocampus,pfc_to_hip_all_pfc_ridge_clock,ATAC,Inhibitory,chr1:999930-1000430,-0.0086658288940356,0.0055987270381145,135,RidgeCV
pfc_to_hippocampus,pfc_to_hip_all_pfc_ridge_clock,ATAC,Inhibitory,chr19:9996175-9996675,-0.0096810398082106,0.006011124441655,76,RidgeCV
pfc_to_hippocampus,pfc_to_hip_all_pfc_ridge_clock,ATAC,Inhibitory,chr20:21002447-21002947,-0.0097627600969125,0.0059172306082539,89,RidgeCV
pfc_to_hippocampus,pfc_to_hip_all_pfc_ridge_clock,ATAC,Inhibitory,chr20:51884495-51884995,-0.0094745423866553,0.0058101194064674,106,RidgeCV
pfc_to_hippocampus,pfc_to_hip_all_pfc_ridge_clock,ATAC,Inhibitory,chr20:755822-756322,-0.0097539892138579,0.0059981722079153,79,RidgeCV
pfc_to_hippocampus,pfc_to_hip_all_pfc_ridge_clock,ATAC,Inhibitory,chr2:110149721-110150221,-0.0085041628512321,0.0060237021872173,74,RidgeCV
pfc_to_hippocampus,pfc_to_hip_all_pfc_ridge_clock,ATAC,Inhibitory,chr21:10272245-10272745,-0.0051595930035386,0.0084418061979997,9,RidgeCV
pfc_to_hippocampus,pfc_to_hip_all_pfc_ridge_clock,ATAC,Inhibitory,chr2:129060969-129061469,-0.0088797293825359,0.0058538986101233,99,RidgeCV
pfc_to_hippocampus,pfc_to_hip_all_pfc_ridge_clock,ATAC,Inhibitory,chr2:134819252-134819752,-0.0085122607344636,0.0053987917192309,171,RidgeCV
pfc_to_hippocampus,pfc_to_hip_all_pfc_ridge_clock,ATAC,Inhibitory,chr22:30537711-30538211,-0.0094671544480919,0.0056798789102847,121,RidgeCV
pfc_to_hippocampus,pfc_to_hip_all_pfc_ridge_clock,ATAC,Inhibitory,chr2:235369002-235369502,-0.0086834547811793,0.0056193695448441,133,RidgeCV
pfc_to_hippocampus,pfc_to_hip_all_pfc_ridge_clock,ATAC,Inhibitory,chr2:236214359-236214859,-0.011096216457218,0.0074203837389492,21,RidgeCV
pfc_to_hippocampus,pfc_to_hip_all_pfc_ridge_clock,ATAC,Inhibitory,chr22:36638686-36639186,-0.0084293168330947,0.0057526446659536,115,RidgeCV
pfc_to_hippocampus,pfc_to_hip_all_pfc_ridge_clock,ATAC,Inhibitory,chr22:40363043-40363543,-0.0082063511614525,0.0053776665202705,177,RidgeCV
pfc_to_hippocampus,pfc_to_hip_all_pfc_ridge_clock,ATAC,Inhibitory,chr2:26654404-26654904,-0.0087865532709803,0.0057345409810215,116,RidgeCV
pfc_to_hippocampus,pfc_to_hip_all_pfc_ridge_clock,ATAC,Inhibitory,chr2:37619955-37620455,-0.0118379622017087,0.0070454080570211,25,RidgeCV
pfc_to_hippocampus,pfc_to_hip_all_pfc_ridge_clock,ATAC,Inhibitory,chr2:37858185-37858685,-0.0093835554900578,0.0056209615688009,130,RidgeCV
pfc_to_hippocampus,pfc_to_hip_all_pfc_ridge_clock,ATAC,Inhibitory,chr2:43086427-43086927,-0.0091790305154157,0.0057777963796837,111,RidgeCV
pfc_to_hippocampus,pfc_to_hip_all_pfc_ridge_clock,ATAC,Inhibitory,chr2:48126182-48126682,-0.0087950244382121,0.0053006697858401,192,RidgeCV
pfc_to_hippocampus,pfc_to_hip_all_pfc_ridge_clock,ATAC,Inhibitory,chr2:71749563-71750063,-0.0095907092376217,0.0054119948882957,164,RidgeCV
pfc_to_hippocampus,pfc_to_hip_all_pfc_ridge_clock,ATAC,Inhibitory,chr2:98394638-98395138,-0.0088299167222394,0.0063592586614829,50,RidgeCV
pfc_to_hippocampus,pfc_to_hip_all_pfc_ridge_clock,ATAC,Inhibitory,chr3:110758074-110758574,-0.0104983995914625,0.006104620825438,67,RidgeCV
pfc_to_hippocampus,pfc_to_hip_all_pfc_ridge_clock,ATAC,Inhibitory,chr3:118272916-118273416,-0.0093389226410792,0.0059498193902768,84,RidgeCV
pfc_to_hippocampus,pfc_to_hip_all_pfc_ridge_clock,ATAC,Inhibitory,chr3:125953591-125954091,-0.0074527211640313,0.0057861051642414,107,RidgeCV
pfc_to_hippocampus,pfc_to_hip_all_pfc_ridge_clock,ATAC,Inhibitory,chr3:134658498-134658998,-0.0102820620918369,0.0056307937577563,129,RidgeCV
pfc_to_hippocampus,pfc_to_hip_all_pfc_ridge_clock,ATAC,Inhibitory,chr3:182061436-182061936,-0.0100092080141157,0.0065815588459261,38,RidgeCV
pfc_to_hippocampus,pfc_to_hip_all_pfc_ridge_clock,ATAC,Inhibitory,chr3:184642592-184643092,-0.009529177098103,0.005352089902939,184,RidgeCV
pfc_to_hippocampus,pfc_to_hip_all_pfc_ridge_clock,ATAC,Inhibitory,chr3:191761948-191762448,0.0108407313615027,0.0059670215551901,81,RidgeCV
pfc_to_hippocampus,pfc_to_hip_all_pfc_ridge_clock,ATAC,Inhibitory,chr3:198113519-198114019,-0.0099671930336352,0.0059610137377529,83,RidgeCV
pfc_to_hippocampus,pfc_to_hip_all_pfc_ridge_clock,ATAC,Inhibitory,chr3:30751514-30752014,-0.0075733349443331,0.0052917230232664,195,RidgeCV
pfc_to_hippocampus,pfc_to_hip_all_pfc_ridge_clock,ATAC,Inhibitory,chr3:31077140-31077640,-0.0099290332176603,0.0063303768009569,52,RidgeCV
pfc_to_hippocampus,pfc_to_hip_all_pfc_ridge_clock,ATAC,Inhibitory,chr3:74643619-74644119,0.0094871675979556,0.0054053951960807,167,RidgeCV
pfc_to_hippocampus,pfc_to_hip_all_pfc_ridge_clock,ATAC,Inhibitory,chr3:81564970-81565470,-0.0096777973856662,0.0054405154198978,161,RidgeCV
pfc_to_hippocampus,pfc_to_hip_all_pfc_ridge_clock,ATAC,Inhibitory,chr3:86929006-86929506,-0.0086771928222513,0.0072377799719213,23,RidgeCV
pfc_to_hippocampus,pfc_to_hip_all_pfc_ridge_clock,ATAC,Inhibitory,chr4:100644161-100644661,0.0113179121544794,0.0066771558660454,31,RidgeCV
pfc_to_hippocampus,pfc_to_hip_all_pfc_ridge_clock,ATAC,Inhibitory,chr4:106541170-106541670,-0.0103443384401802,0.0065729620494301,39,RidgeCV
pfc_to_hippocampus,pfc_to_hip_all_pfc_ridge_clock,ATAC,Inhibitory,chr4:11741272-11741772,-0.0094501285190767,0.0052930470991639,194,RidgeCV
pfc_to_hippocampus,pfc_to_hip_all_pfc_ridge_clock,ATAC,Inhibitory,chr4:15921263-15921763,-0.0094023303642764,0.0065043330267174,43,RidgeCV
pfc_to_hippocampus,pfc_to_hip_all_pfc_ridge_clock,ATAC,Inhibitory,chr4:169108475-169108975,-0.0098902353874316,0.0056595510827291,125,RidgeCV
pfc_to_hippocampus,pfc_to_hip_all_pfc_ridge_clock,ATAC,Inhibitory,chr4:169117705-169118205,-0.0086854193320406,0.00555693779251,141,RidgeCV
pfc_to_hippocampus,pfc_to_hip_all_pfc_ridge_clock,ATAC,Inhibitory,chr4:23333842-23334342,-0.0094984105112013,0.0061965428688184,62,RidgeCV
pfc_to_hippocampus,pfc_to_hip_all_pfc_ridge_clock,ATAC,Inhibitory,chr4:24770142-24770642,-0.008641396965476,0.0061222960395337,65,RidgeCV
pfc_to_hippocampus,pfc_to_hip_all_pfc_ridge_clock,ATAC,Inhibitory,chr4:35915273-35915773,0.0111213914333719,0.005757945783362,114,RidgeCV
pfc_to_hippocampus,pfc_to_hip_all_pfc_ridge_clock,ATAC,Inhibitory,chr4:48792326-48792826,0.01016813721956,0.0058112397943231,105,RidgeCV
pfc_to_hippocampus,pfc_to_hip_all_pfc_ridge_clock,ATAC,Inhibitory,chr4:56821399-56821899,0.0057635019492498,0.0052793704622231,197,RidgeCV
pfc_to_hippocampus,pfc_to_hip_all_pfc_ridge_clock,ATAC,Inhibitory,chr4:6568662-6569162,-0.009082599889392,0.0055523768718688,142,RidgeCV
pfc_to_hippocampus,pfc_to_hip_all_pfc_ridge_clock,ATAC,Inhibitory,chr4:76219249-76219749,0.0116059367238998,0.0060755111091344,68,RidgeCV
pfc_to_hippocampus,pfc_to_hip_all_pfc_ridge_clock,ATAC,Inhibitory,chr4:97893043-97893543,-0.0096313446203552,0.00545170115799,160,RidgeCV
pfc_to_hippocampus,pfc_to_hip_all_pfc_ridge_clock,ATAC,Inhibitory,chr5:110203639-110204139,-0.0107650635860469,0.0068766063497125,27,RidgeCV
pfc_to_hippocampus,pfc_to_hip_all_pfc_ridge_clock,ATAC,Inhibitory,chr5:134926625-134927125,-0.0053780027458195,0.0054378480623821,162,RidgeCV
pfc_to_hippocampus,pfc_to_hip_all_pfc_ridge_clock,ATAC,Inhibitory,chr5:148361619-148362119,-0.0085501839251013,0.0054002278691139,169,RidgeCV
pfc_to_hippocampus,pfc_to_hip_all_pfc_ridge_clock,ATAC,Inhibitory,chr5:159799615-159800115,-0.0097626025184044,0.0059136478337136,90,RidgeCV
pfc_to_hippocampus,pfc_to_hip_all_pfc_ridge_clock,ATAC,Inhibitory,chr5:168801574-168802074,-0.0099502816079385,0.0054056397853233,165,RidgeCV
pfc_to_hippocampus,pfc_to_hip_all_pfc_ridge_clock,ATAC,Inhibitory,chr5:169626698-169627198,-0.0099749855765915,0.0053659457720294,179,RidgeCV
pfc_to_hippocampus,pfc_to_hip_all_pfc_ridge_clock,ATAC,Inhibitory,chr5:179060140-179060640,-0.0089724270530302,0.0063130004185674,55,RidgeCV
pfc_to_hippocampus,pfc_to_hip_all_pfc_ridge_clock,ATAC,Inhibitory,chr5:79771234-79771734,-0.0104702010824892,0.0070946603560973,24,RidgeCV
pfc_to_hippocampus,pfc_to_hip_all_pfc_ridge_clock,ATAC,Inhibitory,chr6:11354034-11354534,-0.0083105790953308,0.0053044664586114,190,RidgeCV
pfc_to_hippocampus,pfc_to_hip_all_pfc_ridge_clock,ATAC,Inhibitory,chr6:1610202-1610702,-0.0091249252509617,0.0056207032084884,131,RidgeCV
pfc_to_hippocampus,pfc_to_hip_all_pfc_ridge_clock,ATAC,Inhibitory,chr6:169269441-169269941,-0.0093046384274499,0.0057806662960369,108,RidgeCV
pfc_to_hippocampus,pfc_to_hip_all_pfc_ridge_clock,ATAC,Inhibitory,chr6:33927513-33928013,-0.0109819863584909,0.0075856705123894,18,RidgeCV
pfc_to_hippocampus,pfc_to_hip_all_pfc_ridge_clock,ATAC,Inhibitory,chr6:35601865-35602365,0.0084095396249467,0.0053056814281994,189,RidgeCV
pfc_to_hippocampus,pfc_to_hip_all_pfc_ridge_clock,ATAC,Inhibitory,chr6:62662662-62663162,-0.0081909227019046,0.0055173336954285,146,RidgeCV
pfc_to_hippocampus,pfc_to_hip_all_pfc_ridge_clock,ATAC,Inhibitory,chr6:7760975-7761475,-0.0092138953476818,0.0053790516134975,175,RidgeCV
pfc_to_hippocampus,pfc_to_hip_all_pfc_ridge_clock,ATAC,Inhibitory,chr6:7976607-7977107,-0.0094680668205753,0.0054849980424603,154,RidgeCV
pfc_to_hippocampus,pfc_to_hip_all_pfc_ridge_clock,ATAC,Inhibitory,chr6:81451726-81452226,-0.0095389777696175,0.0063661367088641,48,RidgeCV
pfc_to_hippocampus,pfc_to_hip_all_pfc_ridge_clock,ATAC,Inhibitory,chr7:101165341-101165841,-0.007905348219563,0.0054889942502022,151,RidgeCV
pfc_to_hippocampus,pfc_to_hip_all_pfc_ridge_clock,ATAC,Inhibitory,chr7:101278436-101278936,-0.0118938623974727,0.0104205286473704,3,RidgeCV
pfc_to_hippocampus,pfc_to_hip_all_pfc_ridge_clock,ATAC,Inhibitory,chr7:102671549-102672049,-0.0036566907329268,0.0055871154859833,137,RidgeCV
pfc_to_hippocampus,pfc_to_hip_all_pfc_ridge_clock,ATAC,Inhibitory,chr7:108083886-108084386,-0.0091903127943494,0.0052755781564713,198,RidgeCV
pfc_to_hippocampus,pfc_to_hip_all_pfc_ridge_clock,ATAC,Inhibitory,chr7:131726653-131727153,0.0090429683043802,0.0052698570061012,199,RidgeCV
pfc_to_hippocampus,pfc_to_hip_all_pfc_ridge_clock,ATAC,Inhibitory,chr7:31214705-31215205,-0.0100076624087881,0.0057100625926271,117,RidgeCV
pfc_to_hippocampus,pfc_to_hip_all_pfc_ridge_clock,ATAC,Inhibitory,chr7:31408143-31408643,-0.0086296084015594,0.0053608433135849,181,RidgeCV
pfc_to_hippocampus,pfc_to_hip_all_pfc_ridge_clock,ATAC,Inhibitory,chr7:31738955-31739455,-0.008338296311206,0.0058127893722178,104,RidgeCV
pfc_to_hippocampus,pfc_to_hip_all_pfc_ridge_clock,ATAC,Inhibitory,chr7:35943567-35944067,-0.0078101021980964,0.0053937581587485,172,RidgeCV
pfc_to_hippocampus,pfc_to_hip_all_pfc_ridge_clock,ATAC,Inhibitory,chr7:55336183-55336683,-0.0097460465715015,0.0056852246044816,119,RidgeCV
pfc_to_hippocampus,pfc_to_hip_all_pfc_ridge_clock,ATAC,Inhibitory,chr7:73636254-73636754,-0.0091718014972541,0.005640609155236,127,RidgeCV
pfc_to_hippocampus,pfc_to_hip_all_pfc_ridge_clock,ATAC,Inhibitory,chr7:94275971-94276471,-0.0088483811759151,0.0058970196776549,91,RidgeCV
pfc_to_hippocampus,pfc_to_hip_all_pfc_ridge_clock,ATAC,Inhibitory,chr7:98691709-98692209,-0.009617462108909,0.00660990729565,36,RidgeCV
pfc_to_hippocampus,pfc_to_hip_all_pfc_ridge_clock,ATAC,Inhibitory,chr8:106128989-106129489,-0.0085766380213551,0.0062133496767744,61,RidgeCV
pfc_to_hippocampus,pfc_to_hip_all_pfc_ridge_clock,ATAC,Inhibitory,chr8:133217738-133218238,-0.0090538953261455,0.006001258273793,78,RidgeCV
pfc_to_hippocampus,pfc_to_hip_all_pfc_ridge_clock,ATAC,Inhibitory,chr8:138793313-138793813,-0.0128067493227755,0.0078684328831688,13,RidgeCV
pfc_to_hippocampus,pfc_to_hip_all_pfc_ridge_clock,ATAC,Inhibitory,chr8:141043337-141043837,-0.0096969140389488,0.0055270105696941,145,RidgeCV
pfc_to_hippocampus,pfc_to_hip_all_pfc_ridge_clock,ATAC,Inhibitory,chr8:19767321-19767821,0.0095955005767275,0.0057783478733785,110,RidgeCV
pfc_to_hippocampus,pfc_to_hip_all_pfc_ridge_clock,ATAC,Inhibitory,chr8:74778795-74779295,0.0082147540915709,0.0053609123170923,180,RidgeCV
pfc_to_hippocampus,pfc_to_hip_all_pfc_ridge_clock,ATAC,Inhibitory,chr8:93242172-93242672,-0.0091186585028492,0.0059477326870563,85,RidgeCV
pfc_to_hippocampus,pfc_to_hip_all_pfc_ridge_clock,ATAC,Inhibitory,chr8:95801793-95802293,-0.008548801242722,0.0056759376522629,123,RidgeCV
pfc_to_hippocampus,pfc_to_hip_all_pfc_ridge_clock,ATAC,Inhibitory,chr8:98456680-98457180,-0.0092515346824834,0.0064471911455208,46,RidgeCV
pfc_to_hippocampus,pfc_to_hip_all_pfc_ridge_clock,ATAC,Inhibitory,chr9:119950996-119951496,-0.0110285619108751,0.0062978404262805,56,RidgeCV
pfc_to_hippocampus,pfc_to_hip_all_pfc_ridge_clock,ATAC,Inhibitory,chr9:137302080-137302580,-0.0101087445429879,0.0060140687458773,75,RidgeCV
pfc_to_hippocampus,pfc_to_hip_all_pfc_ridge_clock,ATAC,Inhibitory,chr9:16787681-16788181,-0.0092882640812917,0.0054860947563036,153,RidgeCV
pfc_to_hippocampus,pfc_to_hip_all_pfc_ridge_clock,ATAC,Inhibitory,chr9:71858783-71859283,-0.0086509644690097,0.005344921492597,186,RidgeCV
pfc_to_hippocampus,pfc_to_hip_all_pfc_ridge_clock,ATAC,Inhibitory,chr9:77476112-77476612,-0.0137090665989344,0.0097366666361594,4,RidgeCV
pfc_to_hippocampus,pfc_to_hip_all_pfc_ridge_clock,ATAC,Inhibitory,chr9:96293439-96293939,-0.0096785604527932,0.0066308834802322,33,RidgeCV
pfc_to_hippocampus,pfc_to_hip_all_pfc_ridge_clock,ATAC,Inhibitory,chrX:68195560-68196060,-0.0116962208446578,0.0068913502738589,26,RidgeCV
pfc_to_hippocampus,pfc_to_hip_all_pfc_ridge_clock,ATAC,Inhibitory,chrX:73850971-73851471,0.003663864979024,0.005531175815492,144,RidgeCV
pfc_to_hippocampus,pfc_to_hip_all_pfc_ridge_clock,ATAC,Inhibitory,chrY:14524374-14524874,-0.0041729786822012,0.0054567711853335,159,RidgeCV
pfc_to_hippocampus,pfc_to_hip_all_pfc_ridge_clock,ATAC,Inhibitory,chrY:19077287-19077787,-0.0037141030893954,0.0057788581646905,109,RidgeCV
pfc_to_hippocampus,pfc_to_hip_all_pfc_ridge_clock,ATAC,Microglia,chr10:103659899-103660399,0.0161083042585307,0.0148678956971013,42,RidgeCV
pfc_to_hippocampus,pfc_to_hip_all_pfc_ridge_clock,ATAC,Microglia,chr10:119818393-119818893,-0.0128252867496859,0.0110302946781341,189,RidgeCV
pfc_to_hippocampus,pfc_to_hip_all_pfc_ridge_clock,ATAC,Microglia,chr10:124291254-124291754,0.0111360817658091,0.0115880936139744,154,RidgeCV
pfc_to_hippocampus,pfc_to_hip_all_pfc_ridge_clock,ATAC,Microglia,chr10:127534225-127534725,0.0136997591808597,0.0134044452912743,77,RidgeCV
pfc_to_hippocampus,pfc_to_hip_all_pfc_ridge_clock,ATAC,Microglia,chr10:130885161-130885661,0.0123745237843095,0.0122291513753218,120,RidgeCV
pfc_to_hippocampus,pfc_to_hip_all_pfc_ridge_clock,ATAC,Microglia,chr10:133294130-133294630,0.0149338277020193,0.0164438477394855,23,RidgeCV
pfc_to_hippocampus,pfc_to_hip_all_pfc_ridge_clock,ATAC,Microglia,chr10:21509454-21509954,-0.0145047519745166,0.0116358868761336,148,RidgeCV
pfc_to_hippocampus,pfc_to_hip_all_pfc_ridge_clock,ATAC,Microglia,chr10:21510151-21510651,-0.0134126583649661,0.0124640508291254,108,RidgeCV
pfc_to_hippocampus,pfc_to_hip_all_pfc_ridge_clock,ATAC,Microglia,chr10:86366481-86366981,-0.0077915816629171,0.0115415670449199,160,RidgeCV
pfc_to_hippocampus,pfc_to_hip_all_pfc_ridge_clock,ATAC,Microglia,chr10:93364079-93364579,0.0141833418246606,0.0122345390439449,119,RidgeCV
pfc_to_hippocampus,pfc_to_hip_all_pfc_ridge_clock,ATAC,Microglia,chr1:109687486-109687986,0.0087802026909843,0.0135579576265951,76,RidgeCV
pfc_to_hippocampus,pfc_to_hip_all_pfc_ridge_clock,ATAC,Microglia,chr1:109788064-109788564,-0.0125704224301407,0.0128530444406363,89,RidgeCV
pfc_to_hippocampus,pfc_to_hip_all_pfc_ridge_clock,ATAC,Microglia,chr11:109707350-109707850,0.0155977029958056,0.0141476521630915,57,RidgeCV
pfc_to_hippocampus,pfc_to_hip_all_pfc_ridge_clock,ATAC,Microglia,chr11:109747714-109748214,0.0167864902125513,0.0170901639536844,15,RidgeCV
pfc_to_hippocampus,pfc_to_hip_all_pfc_ridge_clock,ATAC,Microglia,chr11:109751492-109751992,0.0135308044326775,0.011934415694686,132,RidgeCV
pfc_to_hippocampus,pfc_to_hip_all_pfc_ridge_clock,ATAC,Microglia,chr11:114059340-114059840,0.0149179687711782,0.0156717510671399,29,RidgeCV
pfc_to_hippocampus,pfc_to_hip_all_pfc_ridge_clock,ATAC,Microglia,chr11:114080197-114080697,0.0113421415954161,0.0115424777880825,158,RidgeCV
pfc_to_hippocampus,pfc_to_hip_all_pfc_ridge_clock,ATAC,Microglia,chr11:114082784-114083284,0.0122458556394104,0.011275232052848,176,RidgeCV
pfc_to_hippocampus,pfc_to_hip_all_pfc_ridge_clock,ATAC,Microglia,chr11:114139602-114140102,0.0188326285894102,0.0177803173470787,10,RidgeCV
pfc_to_hippocampus,pfc_to_hip_all_pfc_ridge_clock,ATAC,Microglia,chr11:114162664-114163164,0.0134728752191673,0.010995691288722,192,RidgeCV
pfc_to_hippocampus,pfc_to_hip_all_pfc_ridge_clock,ATAC,Microglia,chr11:126469164-126469664,0.0121616242862417,0.011759118069529,139,RidgeCV
pfc_to_hippocampus,pfc_to_hip_all_pfc_ridge_clock,ATAC,Microglia,chr11:128802292-128802792,0.0115204815239417,0.0109819014846569,195,RidgeCV
pfc_to_hippocampus,pfc_to_hip_all_pfc_ridge_clock,ATAC,Microglia,chr11:12989268-12989768,-0.0103179821542625,0.0111784488579728,180,RidgeCV
pfc_to_hippocampus,pfc_to_hip_all_pfc_ridge_clock,ATAC,Microglia,chr11:13009019-13009519,-0.0108651100730096,0.0116900098691709,143,RidgeCV
pfc_to_hippocampus,pfc_to_hip_all_pfc_ridge_clock,ATAC,Microglia,chr11:130448238-130448738,0.010705282773678,0.0111573066230104,183,RidgeCV
pfc_to_hippocampus,pfc_to_hip_all_pfc_ridge_clock,ATAC,Microglia,chr11:130527586-130528086,0.0179096124656059,0.0160486956914899,25,RidgeCV
pfc_to_hippocampus,pfc_to_hip_all_pfc_ridge_clock,ATAC,Microglia,chr11:14189869-14190369,0.0117865665283101,0.0119902335364963,129,RidgeCV
pfc_to_hippocampus,pfc_to_hip_all_pfc_ridge_clock,ATAC,Microglia,chr1:11501458-11501958,-0.0148737770046946,0.0137157711352376,71,RidgeCV
pfc_to_hippocampus,pfc_to_hip_all_pfc_ridge_clock,ATAC,Microglia,chr11:21625955-21626455,0.017831701198986,0.0150976954245255,36,RidgeCV
pfc_to_hippocampus,pfc_to_hip_all_pfc_ridge_clock,ATAC,Microglia,chr11:44407566-44408066,0.0131644558401449,0.0114748254283673,166,RidgeCV
pfc_to_hippocampus,pfc_to_hip_all_pfc_ridge_clock,ATAC,Microglia,chr11:44409780-44410280,0.01496524174596,0.0135972009588669,74,RidgeCV
pfc_to_hippocampus,pfc_to_hip_all_pfc_ridge_clock,ATAC,Microglia,chr1:153544960-153545460,0.0137658739918067,0.0125920805264948,103,RidgeCV
pfc_to_hippocampus,pfc_to_hip_all_pfc_ridge_clock,ATAC,Microglia,chr1:159854594-159855094,0.0182352731406412,0.0166449562603183,22,RidgeCV
pfc_to_hippocampus,pfc_to_hip_all_pfc_ridge_clock,ATAC,Microglia,chr1:161726799-161727299,0.0127447566293205,0.0127036451664293,96,RidgeCV
pfc_to_hippocampus,pfc_to_hip_all_pfc_ridge_clock,ATAC,Microglia,chr11:65607004-65607504,-0.0132286759645625,0.0139770477433839,65,RidgeCV
pfc_to_hippocampus,pfc_to_hip_all_pfc_ridge_clock,ATAC,Microglia,chr1:166490122-166490622,0.0177708678335034,0.0179537533830339,9,RidgeCV
pfc_to_hippocampus,pfc_to_hip_all_pfc_ridge_clock,ATAC,Microglia,chr1:168341007-168341507,0.0176486033523191,0.0146545742326763,46,RidgeCV
pfc_to_hippocampus,pfc_to_hip_all_pfc_ridge_clock,ATAC,Microglia,chr1:16922946-16923446,-0.0081274994447209,0.0119967014053566,128,RidgeCV
pfc_to_hippocampus,pfc_to_hip_all_pfc_ridge_clock,ATAC,Microglia,chr1:201469031-201469531,0.0185774708894398,0.0168867100762951,18,RidgeCV
pfc_to_hippocampus,pfc_to_hip_all_pfc_ridge_clock,ATAC,Microglia,chr1:207937993-207938493,-0.0115422248141273,0.0167293104683723,20,RidgeCV
pfc_to_hippocampus,pfc_to_hip_all_pfc_ridge_clock,ATAC,Microglia,chr12:122946834-122947334,0.0129677956297116,0.0115117101528806,162,RidgeCV
pfc_to_hippocampus,pfc_to_hip_all_pfc_ridge_clock,ATAC,Microglia,chr1:218463142-218463642,0.0169801620004974,0.0155217860319607,30,RidgeCV
pfc_to_hippocampus,pfc_to_hip_all_pfc_ridge_clock,ATAC,Microglia,chr1:219088857-219089357,0.0124751893085775,0.0128358505180529,90,RidgeCV
pfc_to_hippocampus,pfc_to_hip_all_pfc_ridge_clock,ATAC,Microglia,chr12:22796928-22797428,-0.0105197299303952,0.0126255362416324,101,RidgeCV
pfc_to_hippocampus,pfc_to_hip_all_pfc_ridge_clock,ATAC,Microglia,chr12:69055716-69056216,0.0093852785366761,0.011621929509922,149,RidgeCV
pfc_to_hippocampus,pfc_to_hip_all_pfc_ridge_clock,ATAC,Microglia,chr12:7501161-7501661,0.0115537090968431,0.0109559456333613,199,RidgeCV
pfc_to_hippocampus,pfc_to_hip_all_pfc_ridge_clock,ATAC,Microglia,chr12:8452990-8453490,0.0133223461204422,0.0127349731765017,95,RidgeCV
pfc_to_hippocampus,pfc_to_hip_all_pfc_ridge_clock,ATAC,Microglia,chr12:8540863-8541363,0.0142081784222716,0.0139364753808328,67,RidgeCV
pfc_to_hippocampus,pfc_to_hip_all_pfc_ridge_clock,ATAC,Microglia,chr13:22114733-22115233,0.0085028957675826,0.0116587952155317,147,RidgeCV
pfc_to_hippocampus,pfc_to_hip_all_pfc_ridge_clock,ATAC,Microglia,chr13:71290875-71291375,0.0127562035052441,0.0110437603277329,187,RidgeCV
pfc_to_hippocampus,pfc_to_hip_all_pfc_ridge_clock,ATAC,Microglia,chr13:91154876-91155376,0.0134739011951644,0.0109781982105828,197,RidgeCV
pfc_to_hippocampus,pfc_to_hip_all_pfc_ridge_clock,ATAC,Microglia,chr14:106844589-106845089,0.0120682882012384,0.0124642899887234,107,RidgeCV
pfc_to_hippocampus,pfc_to_hip_all_pfc_ridge_clock,ATAC,Microglia,chr14:20179227-20179727,0.0142074691563612,0.0137225284519135,70,RidgeCV
pfc_to_hippocampus,pfc_to_hip_all_pfc_ridge_clock,ATAC,Microglia,chr14:24329670-24330170,0.0132707927823837,0.0135612691436677,75,RidgeCV
pfc_to_hippocampus,pfc_to_hip_all_pfc_ridge_clock,ATAC,Microglia,chr14:71231616-71232116,0.0150849096948652,0.0145737877723053,49,RidgeCV
pfc_to_hippocampus,pfc_to_hip_all_pfc_ridge_clock,ATAC,Microglia,chr14:71235784-71236284,0.0117862510832098,0.0126574396913266,100,RidgeCV
pfc_to_hippocampus,pfc_to_hip_all_pfc_ridge_clock,ATAC,Microglia,chr15:33158286-33158786,0.0119445575282076,0.0115065310297735,163,RidgeCV
pfc_to_hippocampus,pfc_to_hip_all_pfc_ridge_clock,ATAC,Microglia,chr15:42111881-42112381,0.01276360396711,0.0114548239408017,168,RidgeCV
pfc_to_hippocampus,pfc_to_hip_all_pfc_ridge_clock,ATAC,Microglia,chr15:59166414-59166914,0.0134758207481629,0.0115436100386579,157,RidgeCV
pfc_to_hippocampus,pfc_to_hip_all_pfc_ridge_clock,ATAC,Microglia,chr15:59169309-59169809,0.0137885824584367,0.0141407275682183,59,RidgeCV
pfc_to_hippocampus,pfc_to_hip_all_pfc_ridge_clock,ATAC,Microglia,chr15:59170191-59170691,0.0156984986161615,0.0141360730662672,60,RidgeCV
pfc_to_hippocampus,pfc_to_hip_all_pfc_ridge_clock,ATAC,Microglia,chr15:59204056-59204556,0.0124461653244606,0.0111955370113881,179,RidgeCV
pfc_to_hippocampus,pfc_to_hip_all_pfc_ridge_clock,ATAC,Microglia,chr15:87875287-87875787,0.0195742796808881,0.0170254897831406,16,RidgeCV
pfc_to_hippocampus,pfc_to_hip_all_pfc_ridge_clock,ATAC,Microglia,chr15:87902954-87903454,0.0162221850630646,0.0140803213879316,63,RidgeCV
pfc_to_hippocampus,pfc_to_hip_all_pfc_ridge_clock,ATAC,Microglia,chr15:87940021-87940521,0.0149683162138779,0.0120624375490528,125,RidgeCV
pfc_to_hippocampus,pfc_to_hip_all_pfc_ridge_clock,ATAC,Microglia,chr15:93862733-93863233,0.0138049658143647,0.0139906937207152,64,RidgeCV
pfc_to_hippocampus,pfc_to_hip_all_pfc_ridge_clock,ATAC,Microglia,chr16:10553140-10553640,0.0153195187443019,0.0152235792645547,34,RidgeCV
pfc_to_hippocampus,pfc_to_hip_all_pfc_ridge_clock,ATAC,Microglia,chr16:10560953-10561453,0.013300338227736,0.0119150093674296,133,RidgeCV
pfc_to_hippocampus,pfc_to_hip_all_pfc_ridge_clock,ATAC,Microglia,chr16:2091108-2091608,-0.0140064192380433,0.0143943727707252,53,RidgeCV
pfc_to_hippocampus,pfc_to_hip_all_pfc_ridge_clock,ATAC,Microglia,chr16:28534389-28534889,0.012051290613287,0.0109794634062985,196,RidgeCV
pfc_to_hippocampus,pfc_to_hip_all_pfc_ridge_clock,ATAC,Microglia,chr16:56657573-56658073,0.0130506061083778,0.0112305985380661,178,RidgeCV
pfc_to_hippocampus,pfc_to_hip_all_pfc_ridge_clock,ATAC,Microglia,chr16:6827201-6827701,0.0140764607449084,0.0126849798816279,98,RidgeCV
pfc_to_hippocampus,pfc_to_hip_all_pfc_ridge_clock,ATAC,Microglia,chr16:82192659-82193159,0.0130271095786395,0.0115597942465635,156,RidgeCV
pfc_to_hippocampus,pfc_to_hip_all_pfc_ridge_clock,ATAC,Microglia,chr16:84898017-84898517,0.013124112985049,0.0122763493900105,117,RidgeCV
pfc_to_hippocampus,pfc_to_hip_all_pfc_ridge_clock,ATAC,Microglia,chr16:84907581-84908081,0.014125987553197,0.0120719439368148,124,RidgeCV
pfc_to_hippocampus,pfc_to_hip_all_pfc_ridge_clock,ATAC,Microglia,chr16:9344568-9345068,0.021114477245615,0.0202390878131555,4,RidgeCV
pfc_to_hippocampus,pfc_to_hip_all_pfc_ridge_clock,ATAC,Microglia,chr16:9365225-9365725,0.0190032822021862,0.0171781159290404,14,RidgeCV
pfc_to_hippocampus,pfc_to_hip_all_pfc_ridge_clock,ATAC,Microglia,chr17:41614746-41615246,0.0149046320560742,0.0145425373558297,50,RidgeCV
pfc_to_hippocampus,pfc_to_hip_all_pfc_ridge_clock,ATAC,Microglia,chr17:43398698-43399198,-0.0091805099212437,0.013061463297933,85,RidgeCV
pfc_to_hippocampus,pfc_to_hip_all_pfc_ridge_clock,ATAC,Microglia,chr17:50954181-50954681,0.0200061576454257,0.0177077235676239,11,RidgeCV
pfc_to_hippocampus,pfc_to_hip_all_pfc_ridge_clock,ATAC,Microglia,chr18:812798-813298,-0.0157155950605539,0.013882835332161,69,RidgeCV
pfc_to_hippocampus,pfc_to_hip_all_pfc_ridge_clock,ATAC,Microglia,chr19:10334724-10335224,-0.0102946357594011,0.0110368959215844,188,RidgeCV
pfc_to_hippocampus,pfc_to_hip_all_pfc_ridge_clock,ATAC,Microglia,chr1:9352292-9352792,-0.0095039858340202,0.0118454385858566,136,RidgeCV
pfc_to_hippocampus,pfc_to_hip_all_pfc_ridge_clock,ATAC,Microglia,chr19:46123450-46123950,0.0167618573445877,0.0144410178902631,51,RidgeCV
pfc_to_hippocampus,pfc_to_hip_all_pfc_ridge_clock,ATAC,Microglia,chr19:46133264-46133764,0.0122146997835039,0.011302650678601,175,RidgeCV
pfc_to_hippocampus,pfc_to_hip_all_pfc_ridge_clock,ATAC,Microglia,chr19:46185018-46185518,0.0148732869509166,0.0125664273805205,105,RidgeCV
pfc_to_hippocampus,pfc_to_hip_all_pfc_ridge_clock,ATAC,Microglia,chr19:46654531-46655031,-0.0094861755973181,0.0127439253302244,94,RidgeCV
pfc_to_hippocampus,pfc_to_hip_all_pfc_ridge_clock,ATAC,Microglia,chr19:46697394-46697894,-0.0097550893341843,0.0140875785361683,62,RidgeCV
pfc_to_hippocampus,pfc_to_hip_all_pfc_ridge_clock,ATAC,Microglia,chr1:94720335-94720835,0.0106034219595827,0.0113572466451475,173,RidgeCV
pfc_to_hippocampus,pfc_to_hip_all_pfc_ridge_clock,ATAC,Microglia,chr19:51887720-51888220,-0.014721851553735,0.0160077408255443,26,RidgeCV
pfc_to_hippocampus,pfc_to_hip_all_pfc_ridge_clock,ATAC,Microglia,chr19:57527096-57527596,-0.0173156237643022,0.0155054729965221,31,RidgeCV
pfc_to_hippocampus,pfc_to_hip_all_pfc_ridge_clock,ATAC,Microglia,chr19:58347466-58347966,0.0140963941647158,0.0154248174529746,32,RidgeCV
pfc_to_hippocampus,pfc_to_hip_all_pfc_ridge_clock,ATAC,Microglia,chr20:16450895-16451395,0.0126252304261773,0.0117283693384681,142,RidgeCV
pfc_to_hippocampus,pfc_to_hip_all_pfc_ridge_clock,ATAC,Microglia,chr20:29445404-29445904,-0.012385857704708,0.0150014795494921,38,RidgeCV
pfc_to_hippocampus,pfc_to_hip_all_pfc_ridge_clock,ATAC,Microglia,chr20:3307025-3307525,0.0158769968700521,0.0128295403125716,91,RidgeCV
pfc_to_hippocampus,pfc_to_hip_all_pfc_ridge_clock,ATAC,Microglia,chr20:362330-362830,0.0117302477544504,0.0111316091103188,184,RidgeCV
pfc_to_hippocampus,pfc_to_hip_all_pfc_ridge_clock,ATAC,Microglia,chr20:47124721-47125221,0.0120146982470305,0.0116727635543126,146,RidgeCV
pfc_to_hippocampus,pfc_to_hip_all_pfc_ridge_clock,ATAC,Microglia,chr2:101961257-101961757,0.0122091491268127,0.0109878110167677,194,RidgeCV
pfc_to_hippocampus,pfc_to_hip_all_pfc_ridge_clock,ATAC,Microglia,chr2:118954632-118955132,0.0149841242385625,0.0147374503757318,43,RidgeCV
pfc_to_hippocampus,pfc_to_hip_all_pfc_ridge_clock,ATAC,Microglia,chr2:119288815-119289315,0.0136781460919895,0.0118365776350706,138,RidgeCV
pfc_to_hippocampus,pfc_to_hip_all_pfc_ridge_clock,ATAC,Microglia,chr2:130727424-130727924,0.0140599592277707,0.0141568192826722,56,RidgeCV
pfc_to_hippocampus,pfc_to_hip_all_pfc_ridge_clock,ATAC,Microglia,chr2:130791578-130792078,0.0112925237095846,0.0113923652218706,172,RidgeCV
pfc_to_hippocampus,pfc_to_hip_all_pfc_ridge_clock,ATAC,Microglia,chr2:142868128-142868628,0.0120885066268482,0.0114445569839528,169,RidgeCV
pfc_to_hippocampus,pfc_to_hip_all_pfc_ridge_clock,ATAC,Microglia,chr2:157782035-157782535,-0.0134123801423591,0.0123295139493324,114,RidgeCV
pfc_to_hippocampus,pfc_to_hip_all_pfc_ridge_clock,ATAC,Microglia,chr2:184577677-184578177,0.01348793614188,0.011542456277598,159,RidgeCV
pfc_to_hippocampus,pfc_to_hip_all_pfc_ridge_clock,ATAC,Microglia,chr2:184598187-184598687,0.0118586609100552,0.0116835597162904,144,RidgeCV
pfc_to_hippocampus,pfc_to_hip_all_pfc_ridge_clock,ATAC,Microglia,chr2:1910712-1911212,0.0157803287862498,0.0158870720717744,28,RidgeCV
pfc_to_hippocampus,pfc_to_hip_all_pfc_ridge_clock,ATAC,Microglia,chr2:1949172-1949672,0.014351922930615,0.012575918077153,104,RidgeCV
pfc_to_hippocampus,pfc_to_hip_all_pfc_ridge_clock,ATAC,Microglia,chr2:1990667-1991167,0.0169601483504274,0.018891263292698,7,RidgeCV
pfc_to_hippocampus,pfc_to_hip_all_pfc_ridge_clock,ATAC,Microglia,chr22:16601131-16601631,0.0126688811454356,0.0124337943414584,110,RidgeCV
pfc_to_hippocampus,pfc_to_hip_all_pfc_ridge_clock,ATAC,Microglia,chr22:22546347-22546847,0.0124594633391481,0.0112710995883404,177,RidgeCV
pfc_to_hippocampus,pfc_to_hip_all_pfc_ridge_clock,ATAC,Microglia,chr22:32137880-32138380,0.0146170944677453,0.0133739681439024,78,RidgeCV
pfc_to_hippocampus,pfc_to_hip_all_pfc_ridge_clock,ATAC,Microglia,chr22:35069467-35069967,0.0129471133957412,0.0167263751538138,21,RidgeCV
pfc_to_hippocampus,pfc_to_hip_all_pfc_ridge_clock,ATAC,Microglia,chr2:239911768-239912268,0.0109617287038973,0.0110220941146926,191,RidgeCV
pfc_to_hippocampus,pfc_to_hip_all_pfc_ridge_clock,ATAC,Microglia,chr2:241108278-241108778,-0.0118846274865872,0.0121428882758433,122,RidgeCV
pfc_to_hippocampus,pfc_to_hip_all_pfc_ridge_clock,ATAC,Microglia,chr2:241109368-241109868,-0.0130774650689646,0.014587017535165,48,RidgeCV
pfc_to_hippocampus,pfc_to_hip_all_pfc_ridge_clock,ATAC,Microglia,chr22:49657426-49657926,0.0167706539395747,0.0148924431772537,41,RidgeCV
pfc_to_hippocampus,pfc_to_hip_all_pfc_ridge_clock,ATAC,Microglia,chr22:50089615-50090115,-0.01917297476507,0.0207140080873242,2,RidgeCV
pfc_to_hippocampus,pfc_to_hip_all_pfc_ridge_clock,ATAC,Microglia,chr2:29223920-29224420,0.0140021485222229,0.0118548626497851,135,RidgeCV
pfc_to_hippocampus,pfc_to_hip_all_pfc_ridge_clock,ATAC,Microglia,chr2:31219532-31220032,0.0165072694388351,0.0152217100614865,35,RidgeCV
pfc_to_hippocampus,pfc_to_hip_all_pfc_ridge_clock,ATAC,Microglia,chr2:33086616-33087116,0.0145921230180777,0.0114389993892006,170,RidgeCV
pfc_to_hippocampus,pfc_to_hip_all_pfc_ridge_clock,ATAC,Microglia,chr2:45889016-45889516,0.0144063059559407,0.0139695783651835,66,RidgeCV
pfc_to_hippocampus,pfc_to_hip_all_pfc_ridge_clock,ATAC,Microglia,chr3:10845297-10845797,0.0123586432066171,0.0109893943051633,193,RidgeCV
pfc_to_hippocampus,pfc_to_hip_all_pfc_ridge_clock,ATAC,Microglia,chr3:123522923-123523423,0.0119414563474449,0.011166674498636,181,RidgeCV
pfc_to_hippocampus,pfc_to_hip_all_pfc_ridge_clock,ATAC,Microglia,chr3:127717816-127718316,-0.0104203807927515,0.0136860942613644,72,RidgeCV
pfc_to_hippocampus,pfc_to_hip_all_pfc_ridge_clock,ATAC,Microglia,chr3:135228926-135229426,0.014382264128421,0.0127018458810027,97,RidgeCV
pfc_to_hippocampus,pfc_to_hip_all_pfc_ridge_clock,ATAC,Microglia,chr3:143482555-143483055,0.0133790108741255,0.0115990130164214,153,RidgeCV
pfc_to_hippocampus,pfc_to_hip_all_pfc_ridge_clock,ATAC,Microglia,chr3:143600825-143601325,0.0142956409005111,0.0131798469177524,83,RidgeCV
pfc_to_hippocampus,pfc_to_hip_all_pfc_ridge_clock,ATAC,Microglia,chr3:143602018-143602518,0.0165111415936524,0.0150073371248563,37,RidgeCV
pfc_to_hippocampus,pfc_to_hip_all_pfc_ridge_clock,ATAC,Microglia,chr3:195161983-195162483,0.0154773171349835,0.0149655720066111,39,RidgeCV
pfc_to_hippocampus,pfc_to_hip_all_pfc_ridge_clock,ATAC,Microglia,chr3:24810818-24811318,0.014934891165167,0.0115802367440779,155,RidgeCV
pfc_to_hippocampus,pfc_to_hip_all_pfc_ridge_clock,ATAC,Microglia,chr3:34361905-34362405,0.0192191400334559,0.0176054725981884,12,RidgeCV
pfc_to_hippocampus,pfc_to_hip_all_pfc_ridge_clock,ATAC,Microglia,chr3:64685712-64686212,-0.0132184365054203,0.0124436687217402,109,RidgeCV
pfc_to_hippocampus,pfc_to_hip_all_pfc_ridge_clock,ATAC,Microglia,chr3:64815653-64816153,-0.0136032309536367,0.0130569747037392,86,RidgeCV
pfc_to_hippocampus,pfc_to_hip_all_pfc_ridge_clock,ATAC,Microglia,chr3:65549263-65549763,-0.011480835917473,0.0114751711413746,165,RidgeCV
pfc_to_hippocampus,pfc_to_hip_all_pfc_ridge_clock,ATAC,Microglia,chr3:69542512-69543012,0.013063820829549,0.0120417885134049,127,RidgeCV
pfc_to_hippocampus,pfc_to_hip_all_pfc_ridge_clock,ATAC,Microglia,chr3:71542722-71543222,0.0158472241897697,0.0152367030523804,33,RidgeCV
pfc_to_hippocampus,pfc_to_hip_all_pfc_ridge_clock,ATAC,Microglia,chr4:141329039-141329539,0.0200954512765377,0.0195941816432143,5,RidgeCV
pfc_to_hippocampus,pfc_to_hip_all_pfc_ridge_clock,ATAC,Microglia,chr4:141332724-141333224,0.0147030895343379,0.0133466949588972,79,RidgeCV
pfc_to_hippocampus,pfc_to_hip_all_pfc_ridge_clock,ATAC,Microglia,chr4:141333416-141333916,0.0153214102841271,0.0118855687229303,134,RidgeCV
pfc_to_hippocampus,pfc_to_hip_all_pfc_ridge_clock,ATAC,Microglia,chr4:141636282-141636782,0.0142553386942715,0.0132551611427128,81,RidgeCV
pfc_to_hippocampus,pfc_to_hip_all_pfc_ridge_clock,ATAC,Microglia,chr4:141636789-141637289,0.0136355182428695,0.0123217420660766,115,RidgeCV
pfc_to_hippocampus,pfc_to_hip_all_pfc_ridge_clock,ATAC,Microglia,chr4:148376070-148376570,-0.0157038590226309,0.0141638360664271,55,RidgeCV
pfc_to_hippocampus,pfc_to_hip_all_pfc_ridge_clock,ATAC,Microglia,chr4:1626155-1626655,0.0218489512700556,0.022289716471149,0,RidgeCV
pfc_to_hippocampus,pfc_to_hip_all_pfc_ridge_clock,ATAC,Microglia,chr4:184897928-184898428,0.0131547313791199,0.0146041535999692,47,RidgeCV
pfc_to_hippocampus,pfc_to_hip_all_pfc_ridge_clock,ATAC,Microglia,chr4:25085615-25086115,0.0135440506542226,0.0122883126459352,116,RidgeCV
pfc_to_hippocampus,pfc_to_hip_all_pfc_ridge_clock,ATAC,Microglia,chr4:3763081-3763581,0.0101021023953998,0.0139215355256571,68,RidgeCV
pfc_to_hippocampus,pfc_to_hip_all_pfc_ridge_clock,ATAC,Microglia,chr4:56048843-56049343,-0.0107057255780381,0.0132282575127298,82,RidgeCV
pfc_to_hippocampus,pfc_to_hip_all_pfc_ridge_clock,ATAC,Microglia,chr4:74886465-74886965,0.0169075852977695,0.0141263320414541,61,RidgeCV
pfc_to_hippocampus,pfc_to_hip_all_pfc_ridge_clock,ATAC,Microglia,chr5:102531439-102531939,0.0138898049722712,0.0119736764504808,130,RidgeCV
pfc_to_hippocampus,pfc_to_hip_all_pfc_ridge_clock,ATAC,Microglia,chr5:135999348-135999848,0.0116542027998738,0.0121293662174221,123,RidgeCV
pfc_to_hippocampus,pfc_to_hip_all_pfc_ridge_clock,ATAC,Microglia,chr5:140596248-140596748,0.013551131441221,0.0124133440093739,111,RidgeCV
pfc_to_hippocampus,pfc_to_hip_all_pfc_ridge_clock,ATAC,Microglia,chr5:168347306-168347806,0.0134057758125358,0.0110987245245839,186,RidgeCV
pfc_to_hippocampus,pfc_to_hip_all_pfc_ridge_clock,ATAC,Microglia,chr5:178461059-178461559,0.0126760210815697,0.0115282486823253,161,RidgeCV
pfc_to_hippocampus,pfc_to_hip_all_pfc_ridge_clock,ATAC,Microglia,chr5:24391782-24392282,-0.01916419472415,0.0206587126567444,3,RidgeCV
pfc_to_hippocampus,pfc_to_hip_all_pfc_ridge_clock,ATAC,Microglia,chr5:36403959-36404459,0.0149066920282592,0.0144166496246469,52,RidgeCV
pfc_to_hippocampus,pfc_to_hip_all_pfc_ridge_clock,ATAC,Microglia,chr5:6765631-6766131,0.0163223297179452,0.0147078573680334,45,RidgeCV
pfc_to_hippocampus,pfc_to_hip_all_pfc_ridge_clock,ATAC,Microglia,chr5:6766501-6767001,0.0115900669776481,0.0113445023664856,174,RidgeCV
pfc_to_hippocampus,pfc_to_hip_all_pfc_ridge_clock,ATAC,Microglia,chr5:83306564-83307064,0.011302574532143,0.0126214315326025,102,RidgeCV
pfc_to_hippocampus,pfc_to_hip_all_pfc_ridge_clock,ATAC,Microglia,chr5:95081396-95081896,0.0153234071186453,0.0142505064249428,54,RidgeCV
pfc_to_hippocampus,pfc_to_hip_all_pfc_ridge_clock,ATAC,Microglia,chr5:95087545-95088045,0.0139124234735111,0.0120477750218775,126,RidgeCV
pfc_to_hippocampus,pfc_to_hip_all_pfc_ridge_clock,ATAC,Microglia,chr6:110415418-110415918,0.0162968450624029,0.0149201388253653,40,RidgeCV
pfc_to_hippocampus,pfc_to_hip_all_pfc_ridge_clock,ATAC,Microglia,chr6:129671803-129672303,0.0135599903768494,0.0125527307238256,106,RidgeCV
pfc_to_hippocampus,pfc_to_hip_all_pfc_ridge_clock,ATAC,Microglia,chr6:151493753-151494253,0.0156493125529623,0.0132563552105616,80,RidgeCV
pfc_to_hippocampus,pfc_to_hip_all_pfc_ridge_clock,ATAC,Microglia,chr6:151690786-151691286,0.013739383424186,0.0116761193103791,145,RidgeCV
pfc_to_hippocampus,pfc_to_hip_all_pfc_ridge_clock,ATAC,Microglia,chr6:158708120-158708620,-0.0134212439457103,0.0122401905612712,118,RidgeCV
pfc_to_hippocampus,pfc_to_hip_all_pfc_ridge_clock,ATAC,Microglia,chr6:26224882-26225382,-0.0122235525626401,0.0121710113608711,121,RidgeCV
pfc_to_hippocampus,pfc_to_hip_all_pfc_ridge_clock,ATAC,Microglia,chr6:31927434-31927934,-0.0088471641477286,0.0109774470948433,198,RidgeCV
pfc_to_hippocampus,pfc_to_hip_all_pfc_ridge_clock,ATAC,Microglia,chr6:48109818-48110318,0.0202276754863144,0.0167640467175783,19,RidgeCV
pfc_to_hippocampus,pfc_to_hip_all_pfc_ridge_clock,ATAC,Microglia,chr6:48110945-48111445,0.0189256309671079,0.0172671176016151,13,RidgeCV
pfc_to_hippocampus,pfc_to_hip_all_pfc_ridge_clock,ATAC,Microglia,chr6:62286036-62286536,0.0132936824256443,0.0130150974374485,87,RidgeCV
pfc_to_hippocampus,pfc_to_hip_all_pfc_ridge_clock,ATAC,Microglia,chr6:72621920-72622420,-0.0118051886521941,0.0111618624376054,182,RidgeCV
pfc_to_hippocampus,pfc_to_hip_all_pfc_ridge_clock,ATAC,Microglia,chr7:122886390-122886890,0.0130603059880208,0.0116209680174779,150,RidgeCV
pfc_to_hippocampus,pfc_to_hip_all_pfc_ridge_clock,ATAC,Microglia,chr7:125560039-125560539,-0.0081834887106381,0.0117324440672488,141,RidgeCV
pfc_to_hippocampus,pfc_to_hip_all_pfc_ridge_clock,ATAC,Microglia,chr7:150860606-150861106,-0.0103255917908892,0.0141430163365015,58,RidgeCV
pfc_to_hippocampus,pfc_to_hip_all_pfc_ridge_clock,ATAC,Microglia,chr7:151174693-151175193,-0.0119457941275733,0.0114781349457289,164,RidgeCV
pfc_to_hippocampus,pfc_to_hip_all_pfc_ridge_clock,ATAC,Microglia,chr7:155743777-155744277,-0.0084718095491479,0.0119402615544996,131,RidgeCV
pfc_to_hippocampus,pfc_to_hip_all_pfc_ridge_clock,ATAC,Microglia,chr7:21580133-21580633,0.0178879652726048,0.0159877650333438,27,RidgeCV
pfc_to_hippocampus,pfc_to_hip_all_pfc_ridge_clock,ATAC,Microglia,chr7:23468981-23469481,-0.0146079326751092,0.0123655897948773,113,RidgeCV
pfc_to_hippocampus,pfc_to_hip_all_pfc_ridge_clock,ATAC,Microglia,chr7:23474113-23474613,-0.0143351439359983,0.0136766991583653,73,RidgeCV
pfc_to_hippocampus,pfc_to_hip_all_pfc_ridge_clock,ATAC,Microglia,chr7:25840368-25840868,0.0144987276362387,0.0126794656121975,99,RidgeCV
pfc_to_hippocampus,pfc_to_hip_all_pfc_ridge_clock,ATAC,Microglia,chr7:37694145-37694645,0.012519665527996,0.0116023333629601,151,RidgeCV
pfc_to_hippocampus,pfc_to_hip_all_pfc_ridge_clock,ATAC,Microglia,chr8:1466512-1467012,0.0196317682464662,0.0194259073510354,6,RidgeCV
pfc_to_hippocampus,pfc_to_hip_all_pfc_ridge_clock,ATAC,Microglia,chr8:21674546-21675046,-0.011570454813661,0.0127986495478208,92,RidgeCV
pfc_to_hippocampus,pfc_to_hip_all_pfc_ridge_clock,ATAC,Microglia,chr8:25184416-25184916,0.0212253189008592,0.0220811055732056,1,RidgeCV
pfc_to_hippocampus,pfc_to_hip_all_pfc_ridge_clock,ATAC,Microglia,chr8:25237055-25237555,0.0144417067825171,0.0114703288341419,167,RidgeCV
pfc_to_hippocampus,pfc_to_hip_all_pfc_ridge_clock,ATAC,Microglia,chr8:46917605-46918105,0.0124525245834667,0.011022439882981,190,RidgeCV
pfc_to_hippocampus,pfc_to_hip_all_pfc_ridge_clock,ATAC,Microglia,chr8:56117740-56118240,-0.0135617502113071,0.0123986599568967,112,RidgeCV
pfc_to_hippocampus,pfc_to_hip_all_pfc_ridge_clock,ATAC,Microglia,chr8:869577-870077,0.0158493733778777,0.0130781360460143,84,RidgeCV
pfc_to_hippocampus,pfc_to_hip_all_pfc_ridge_clock,ATAC,Microglia,chr8:9316929-9317429,0.0152503428964948,0.0161387258050016,24,RidgeCV
pfc_to_hippocampus,pfc_to_hip_all_pfc_ridge_clock,ATAC,Microglia,chr8:949348-949848,0.0152002022771037,0.0127540414828108,93,RidgeCV
pfc_to_hippocampus,pfc_to_hip_all_pfc_ridge_clock,ATAC,Microglia,chr8:979651-980151,0.0184611301781212,0.0186502917884942,8,RidgeCV
pfc_to_hippocampus,pfc_to_hip_all_pfc_ridge_clock,ATAC,Microglia,chr9:127131171-127131671,-0.0132537708619424,0.0116016341195474,152,RidgeCV
pfc_to_hippocampus,pfc_to_hip_all_pfc_ridge_clock,ATAC,Microglia,chr9:127133238-127133738,-0.0120600302885432,0.0117446353308836,140,RidgeCV
pfc_to_hippocampus,pfc_to_hip_all_pfc_ridge_clock,ATAC,Microglia,chr9:127133787-127134287,-0.0119978298948034,0.0118399667253986,137,RidgeCV
pfc_to_hippocampus,pfc_to_hip_all_pfc_ridge_clock,ATAC,Microglia,chr9:94952678-94953178,-0.0080114523012235,0.0113948758881907,171,RidgeCV
pfc_to_hippocampus,pfc_to_hip_all_pfc_ridge_clock,ATAC,Microglia,chrX:116009831-116010331,0.0153575025969687,0.0147152385450344,44,RidgeCV
pfc_to_hippocampus,pfc_to_hip_all_pfc_ridge_clock,ATAC,Microglia,chrX:31266718-31267218,0.0154999190715703,0.0129487011660238,88,RidgeCV
pfc_to_hippocampus,pfc_to_hip_all_pfc_ridge_clock,ATAC,Microglia,chrX:47637674-47638174,0.01312613437074,0.0111045871319202,185,RidgeCV
pfc_to_hippocampus,pfc_to_hip_all_pfc_ridge_clock,ATAC,Microglia,chrY:19567031-19567531,-0.0096850697389144,0.016932916505673,17,RidgeCV
pfc_to_hippocampus,pfc_to_hip_all_pfc_ridge_clock,ATAC,Oligo,chr10:11742184-11742684,-0.0214308072699165,0.0147128589572922,151,RidgeCV
pfc_to_hippocampus,pfc_to_hip_all_pfc_ridge_clock,ATAC,Oligo,chr10:132517197-132517697,0.021036426135591,0.0143238722139513,163,RidgeCV
pfc_to_hippocampus,pfc_to_hip_all_pfc_ridge_clock,ATAC,Oligo,chr10:1659298-1659798,-0.0174046865512422,0.0151578019269355,132,RidgeCV
pfc_to_hippocampus,pfc_to_hip_all_pfc_ridge_clock,ATAC,Oligo,chr10:1737273-1737773,-0.0184037867070312,0.0148369734756503,147,RidgeCV
pfc_to_hippocampus,pfc_to_hip_all_pfc_ridge_clock,ATAC,Oligo,chr10:70052593-70053093,0.023800144496574,0.0174982318904079,85,RidgeCV
pfc_to_hippocampus,pfc_to_hip_all_pfc_ridge_clock,ATAC,Oligo,chr1:10663580-10664080,0.0248272223394714,0.0154831147035481,121,RidgeCV
pfc_to_hippocampus,pfc_to_hip_all_pfc_ridge_clock,ATAC,Oligo,chr1:10776177-10776677,0.0228315979306908,0.0151048051693526,135,RidgeCV
pfc_to_hippocampus,pfc_to_hip_all_pfc_ridge_clock,ATAC,Oligo,chr1:10779155-10779655,0.0236355193018793,0.0179172129361273,79,RidgeCV
pfc_to_hippocampus,pfc_to_hip_all_pfc_ridge_clock,ATAC,Oligo,chr1:10788570-10789070,0.0237390798561208,0.0176935373840306,82,RidgeCV
pfc_to_hippocampus,pfc_to_hip_all_pfc_ridge_clock,ATAC,Oligo,chr1:109687486-109687986,0.0269753853542051,0.0384400993286531,0,RidgeCV
pfc_to_hippocampus,pfc_to_hip_all_pfc_ridge_clock,ATAC,Oligo,chr1:111271419-111271919,-0.0227783877937354,0.0136451657202003,185,RidgeCV
pfc_to_hippocampus,pfc_to_hip_all_pfc_ridge_clock,ATAC,Oligo,chr11:14358783-14359283,-0.0330607633737128,0.0194783675652325,59,RidgeCV
pfc_to_hippocampus,pfc_to_hip_all_pfc_ridge_clock,ATAC,Oligo,chr11:19597777-19598277,0.0242748943300838,0.0135187100342586,193,RidgeCV
pfc_to_hippocampus,pfc_to_hip_all_pfc_ridge_clock,ATAC,Oligo,chr1:120723522-120724022,-0.0220809307523432,0.0169493810950739,98,RidgeCV
pfc_to_hippocampus,pfc_to_hip_all_pfc_ridge_clock,ATAC,Oligo,chr1:120811707-120812207,-0.0266176266648325,0.0200321701975465,53,RidgeCV
pfc_to_hippocampus,pfc_to_hip_all_pfc_ridge_clock,ATAC,Oligo,chr1:120844094-120844594,-0.018324654149102,0.0155515156827429,120,RidgeCV
pfc_to_hippocampus,pfc_to_hip_all_pfc_ridge_clock,ATAC,Oligo,chr1:120850699-120851199,-0.0269288811172673,0.0235687721430785,21,RidgeCV
pfc_to_hippocampus,pfc_to_hip_all_pfc_ridge_clock,ATAC,Oligo,chr11:45658540-45659040,0.0270629492446758,0.0214235109839497,39,RidgeCV
pfc_to_hippocampus,pfc_to_hip_all_pfc_ridge_clock,ATAC,Oligo,chr11:45665576-45666076,0.0221085447359326,0.01483271898189,148,RidgeCV
pfc_to_hippocampus,pfc_to_hip_all_pfc_ridge_clock,ATAC,Oligo,chr1:149708493-149708993,0.0265130888468487,0.0214135963057633,40,RidgeCV
pfc_to_hippocampus,pfc_to_hip_all_pfc_ridge_clock,ATAC,Oligo,chr11:74673865-74674365,-0.0173457704442453,0.0200297860180485,54,RidgeCV
pfc_to_hippocampus,pfc_to_hip_all_pfc_ridge_clock,ATAC,Oligo,chr11:9003786-9004286,-0.0275634819258403,0.0136244334819595,187,RidgeCV
pfc_to_hippocampus,pfc_to_hip_all_pfc_ridge_clock,ATAC,Oligo,chr1:207519613-207520113,0.0219459304746173,0.0149401029378239,142,RidgeCV
pfc_to_hippocampus,pfc_to_hip_all_pfc_ridge_clock,ATAC,Oligo,chr1:207811881-207812381,0.0457486435391519,0.0284756151691453,9,RidgeCV
pfc_to_hippocampus,pfc_to_hip_all_pfc_ridge_clock,ATAC,Oligo,chr12:19236609-19237109,-0.0294330661202157,0.0148869677116727,146,RidgeCV
pfc_to_hippocampus,pfc_to_hip_all_pfc_ridge_clock,ATAC,Oligo,chr12:40980219-40980719,-0.0175265559861745,0.0193874371436746,61,RidgeCV
pfc_to_hippocampus,pfc_to_hip_all_pfc_ridge_clock,ATAC,Oligo,chr12:71157890-71158390,0.0335578586575018,0.0211255113128361,42,RidgeCV
pfc_to_hippocampus,pfc_to_hip_all_pfc_ridge_clock,ATAC,Oligo,chr12:71158500-71159000,0.0301451589896566,0.0177702588480376,80,RidgeCV
pfc_to_hippocampus,pfc_to_hip_all_pfc_ridge_clock,ATAC,Oligo,chr12:84895950-84896450,0.0274036514204735,0.0152409129000708,129,RidgeCV
pfc_to_hippocampus,pfc_to_hip_all_pfc_ridge_clock,ATAC,Oligo,chr12:84911231-84911731,0.0296870886088281,0.0191520427637787,62,RidgeCV
pfc_to_hippocampus,pfc_to_hip_all_pfc_ridge_clock,ATAC,Oligo,chr12:84912557-84913057,0.0351212883035621,0.0185246072787825,68,RidgeCV
pfc_to_hippocampus,pfc_to_hip_all_pfc_ridge_clock,ATAC,Oligo,chr12:85016359-85016859,0.0268553331999053,0.0153679076884064,124,RidgeCV
pfc_to_hippocampus,pfc_to_hip_all_pfc_ridge_clock,ATAC,Oligo,chr13:112709817-112710317,0.0263879406050335,0.0135548698437815,190,RidgeCV
pfc_to_hippocampus,pfc_to_hip_all_pfc_ridge_clock,ATAC,Oligo,chr1:31202008-31202508,0.0174515366298462,0.014071865412604,173,RidgeCV
pfc_to_hippocampus,pfc_to_hip_all_pfc_ridge_clock,ATAC,Oligo,chr1:31215933-31216433,0.0225316563895504,0.0213495817786041,41,RidgeCV
pfc_to_hippocampus,pfc_to_hip_all_pfc_ridge_clock,ATAC,Oligo,chr1:31218659-31219159,0.0238132499683215,0.0300185914440862,7,RidgeCV
pfc_to_hippocampus,pfc_to_hip_all_pfc_ridge_clock,ATAC,Oligo,chr1:31239609-31240109,0.0227992838115665,0.0224171001147305,29,RidgeCV
pfc_to_hippocampus,pfc_to_hip_all_pfc_ridge_clock,ATAC,Oligo,chr13:25358042-25358542,0.0318617828482372,0.0201032276270927,52,RidgeCV
pfc_to_hippocampus,pfc_to_hip_all_pfc_ridge_clock,ATAC,Oligo,chr14:19750950-19751450,0.0229132339416571,0.0153914267332665,123,RidgeCV
pfc_to_hippocampus,pfc_to_hip_all_pfc_ridge_clock,ATAC,Oligo,chr14:19800597-19801097,0.0438238534555676,0.034226487112356,3,RidgeCV
pfc_to_hippocampus,pfc_to_hip_all_pfc_ridge_clock,ATAC,Oligo,chr14:35366061-35366561,0.0190741573159744,0.0136083856294169,188,RidgeCV
pfc_to_hippocampus,pfc_to_hip_all_pfc_ridge_clock,ATAC,Oligo,chr14:47675904-47676404,-0.0193395666314253,0.0145073338742514,159,RidgeCV
pfc_to_hippocampus,pfc_to_hip_all_pfc_ridge_clock,ATAC,Oligo,chr14:70188754-70189254,-0.0321003402705733,0.0232819240976275,27,RidgeCV
pfc_to_hippocampus,pfc_to_hip_all_pfc_ridge_clock,ATAC,Oligo,chr15:33985127-33985627,0.0194464888451369,0.0234902355592715,23,RidgeCV
pfc_to_hippocampus,pfc_to_hip_all_pfc_ridge_clock,ATAC,Oligo,chr1:54581601-54582101,0.0219224111717169,0.0149435797492407,141,RidgeCV
pfc_to_hippocampus,pfc_to_hip_all_pfc_ridge_clock,ATAC,Oligo,chr16:10039341-10039841,0.0212802031891018,0.0146250280657153,153,RidgeCV
pfc_to_hippocampus,pfc_to_hip_all_pfc_ridge_clock,ATAC,Oligo,chr16:10126715-10127215,0.0255068009618299,0.0189736555395828,64,RidgeCV
pfc_to_hippocampus,pfc_to_hip_all_pfc_ridge_clock,ATAC,Oligo,chr16:10181473-10181973,0.0211792389227193,0.0137068147199322,183,RidgeCV
pfc_to_hippocampus,pfc_to_hip_all_pfc_ridge_clock,ATAC,Oligo,chr16:10182606-10183106,0.0198156649524632,0.0141524423021384,170,RidgeCV
pfc_to_hippocampus,pfc_to_hip_all_pfc_ridge_clock,ATAC,Oligo,chr16:28538825-28539325,0.0272882586979882,0.0172168008756633,90,RidgeCV
pfc_to_hippocampus,pfc_to_hip_all_pfc_ridge_clock,ATAC,Oligo,chr16:705682-706182,-0.0240940039792284,0.0185803106253945,67,RidgeCV
pfc_to_hippocampus,pfc_to_hip_all_pfc_ridge_clock,ATAC,Oligo,chr16:79562077-79562577,0.0202501015969485,0.0168623970407642,101,RidgeCV
pfc_to_hippocampus,pfc_to_hip_all_pfc_ridge_clock,ATAC,Oligo,chr16:79592112-79592612,0.0282866697992877,0.022305203112353,34,RidgeCV
pfc_to_hippocampus,pfc_to_hip_all_pfc_ridge_clock,ATAC,Oligo,chr16:79592952-79593452,0.0272089853200377,0.0180636849481438,75,RidgeCV
pfc_to_hippocampus,pfc_to_hip_all_pfc_ridge_clock,ATAC,Oligo,chr16:79598453-79598953,0.0238522693808173,0.0155959929319064,119,RidgeCV
pfc_to_hippocampus,pfc_to_hip_all_pfc_ridge_clock,ATAC,Oligo,chr16:79599765-79600265,0.0252221907465447,0.0170761618031398,92,RidgeCV
pfc_to_hippocampus,pfc_to_hip_all_pfc_ridge_clock,ATAC,Oligo,chr16:79600532-79601032,0.0260675312967773,0.0190802051276972,63,RidgeCV
pfc_to_hippocampus,pfc_to_hip_all_pfc_ridge_clock,ATAC,Oligo,chr16:8047663-8048163,-0.013148671375295,0.018820314212658,65,RidgeCV
pfc_to_hippocampus,pfc_to_hip_all_pfc_ridge_clock,ATAC,Oligo,chr16:81895347-81895847,-0.023075469358755,0.0195058465265195,58,RidgeCV
pfc_to_hippocampus,pfc_to_hip_all_pfc_ridge_clock,ATAC,Oligo,chr16:83247699-83248199,0.0270180399887441,0.0223235883750415,33,RidgeCV
pfc_to_hippocampus,pfc_to_hip_all_pfc_ridge_clock,ATAC,Oligo,chr16:83312037-83312537,0.0235401507243086,0.0140524663508564,174,RidgeCV
pfc_to_hippocampus,pfc_to_hip_all_pfc_ridge_clock,ATAC,Oligo,chr16:89201648-89202148,-0.025159183837348,0.0160599468388102,111,RidgeCV
pfc_to_hippocampus,pfc_to_hip_all_pfc_ridge_clock,ATAC,Oligo,chr16:9316541-9317041,0.0253073990083525,0.0151696275765776,131,RidgeCV
pfc_to_hippocampus,pfc_to_hip_all_pfc_ridge_clock,ATAC,Oligo,chr16:9372883-9373383,0.0243720186094261,0.0146142501103352,155,RidgeCV
pfc_to_hippocampus,pfc_to_hip_all_pfc_ridge_clock,ATAC,Oligo,chr16:9969662-9970162,0.01926582936501,0.0142713391950622,165,RidgeCV
pfc_to_hippocampus,pfc_to_hip_all_pfc_ridge_clock,ATAC,Oligo,chr16:9970725-9971225,0.0193975955913218,0.014237841639361,166,RidgeCV
pfc_to_hippocampus,pfc_to_hip_all_pfc_ridge_clock,ATAC,Oligo,chr17:49403803-49404303,0.0238349561241343,0.0181400032896637,73,RidgeCV
pfc_to_hippocampus,pfc_to_hip_all_pfc_ridge_clock,ATAC,Oligo,chr17:55259568-55260068,0.0163817081976979,0.0139328398670342,177,RidgeCV
pfc_to_hippocampus,pfc_to_hip_all_pfc_ridge_clock,ATAC,Oligo,chr17:5643572-5644072,-0.0211920025299658,0.0243977402677221,19,RidgeCV
pfc_to_hippocampus,pfc_to_hip_all_pfc_ridge_clock,ATAC,Oligo,chr18:15197505-15198005,0.027072247433715,0.0195710506768154,57,RidgeCV
pfc_to_hippocampus,pfc_to_hip_all_pfc_ridge_clock,ATAC,Oligo,chr18:58043916-58044416,-0.042617425776008,0.0347742384952906,2,RidgeCV
pfc_to_hippocampus,pfc_to_hip_all_pfc_ridge_clock,ATAC,Oligo,chr18:58057214-58057714,-0.031619004995593,0.0220610052844997,37,RidgeCV
pfc_to_hippocampus,pfc_to_hip_all_pfc_ridge_clock,ATAC,Oligo,chr18:58104999-58105499,-0.0239449575256298,0.0149790955743206,139,RidgeCV
pfc_to_hippocampus,pfc_to_hip_all_pfc_ridge_clock,ATAC,Oligo,chr18:58117941-58118441,-0.0248833621720286,0.0141922019054578,168,RidgeCV
pfc_to_hippocampus,pfc_to_hip_all_pfc_ridge_clock,ATAC,Oligo,chr18:58314205-58314705,-0.0252903824766971,0.0159209488513722,112,RidgeCV
pfc_to_hippocampus,pfc_to_hip_all_pfc_ridge_clock,ATAC,Oligo,chr18:58321957-58322457,-0.0251785582785629,0.0146167975409157,154,RidgeCV
pfc_to_hippocampus,pfc_to_hip_all_pfc_ridge_clock,ATAC,Oligo,chr18:62611895-62612395,0.0302530034002017,0.0165082275754809,105,RidgeCV
pfc_to_hippocampus,pfc_to_hip_all_pfc_ridge_clock,ATAC,Oligo,chr18:79323427-79323927,-0.0239960356506524,0.0158676869392706,113,RidgeCV
pfc_to_hippocampus,pfc_to_hip_all_pfc_ridge_clock,ATAC,Oligo,chr1:9163033-9163533,0.0343609153548217,0.0204936465147837,48,RidgeCV
pfc_to_hippocampus,pfc_to_hip_all_pfc_ridge_clock,ATAC,Oligo,chr1:9163805-9164305,0.0330547133251342,0.0183822493025995,71,RidgeCV
pfc_to_hippocampus,pfc_to_hip_all_pfc_ridge_clock,ATAC,Oligo,chr19:17830716-17831216,-0.0265597183518147,0.0174287712243268,88,RidgeCV
pfc_to_hippocampus,pfc_to_hip_all_pfc_ridge_clock,ATAC,Oligo,chr1:9182148-9182648,0.0303918464921445,0.0170703872988445,93,RidgeCV
pfc_to_hippocampus,pfc_to_hip_all_pfc_ridge_clock,ATAC,Oligo,chr19:18374272-18374772,0.02444835484373,0.0145821938515084,157,RidgeCV
pfc_to_hippocampus,pfc_to_hip_all_pfc_ridge_clock,ATAC,Oligo,chr19:22595942-22596442,-0.0171698811455655,0.0163250111808565,106,RidgeCV
pfc_to_hippocampus,pfc_to_hip_all_pfc_ridge_clock,ATAC,Oligo,chr19:47447421-47447921,-0.0265952530360289,0.0157952392080301,114,RidgeCV
pfc_to_hippocampus,pfc_to_hip_all_pfc_ridge_clock,ATAC,Oligo,chr19:48398598-48399098,-0.0284930315652933,0.015318597982809,128,RidgeCV
pfc_to_hippocampus,pfc_to_hip_all_pfc_ridge_clock,ATAC,Oligo,chr19:51887720-51888220,-0.0296777724575116,0.0207947919496155,44,RidgeCV
pfc_to_hippocampus,pfc_to_hip_all_pfc_ridge_clock,ATAC,Oligo,chr19:57527096-57527596,-0.0263590747525427,0.013977548682364,176,RidgeCV
pfc_to_hippocampus,pfc_to_hip_all_pfc_ridge_clock,ATAC,Oligo,chr19:5827889-5828389,-0.0247836860584524,0.0171553949532654,91,RidgeCV
pfc_to_hippocampus,pfc_to_hip_all_pfc_ridge_clock,ATAC,Oligo,chr20:20210209-20210709,0.0254805061385758,0.0169117656312268,100,RidgeCV
pfc_to_hippocampus,pfc_to_hip_all_pfc_ridge_clock,ATAC,Oligo,chr20:36943457-36943957,0.018754416605886,0.0162363417434267,107,RidgeCV
pfc_to_hippocampus,pfc_to_hip_all_pfc_ridge_clock,ATAC,Oligo,chr20:9838740-9839240,-0.0255484237678055,0.0136323723825072,186,RidgeCV
pfc_to_hippocampus,pfc_to_hip_all_pfc_ridge_clock,ATAC,Oligo,chr2:11521672-11522172,-0.0206508998962787,0.0149117463001864,143,RidgeCV
pfc_to_hippocampus,pfc_to_hip_all_pfc_ridge_clock,ATAC,Oligo,chr21:31459432-31459932,0.0199411299120358,0.0142898858961296,164,RidgeCV
pfc_to_hippocampus,pfc_to_hip_all_pfc_ridge_clock,ATAC,Oligo,chr21:44106986-44107486,-0.020859865838367,0.0223643464597931,32,RidgeCV
pfc_to_hippocampus,pfc_to_hip_all_pfc_ridge_clock,ATAC,Oligo,chr21:46150358-46150858,0.0299339923202277,0.0234805388243098,25,RidgeCV
pfc_to_hippocampus,pfc_to_hip_all_pfc_ridge_clock,ATAC,Oligo,chr2:15846613-15847113,0.0261515023047596,0.014100144193878,172,RidgeCV
pfc_to_hippocampus,pfc_to_hip_all_pfc_ridge_clock,ATAC,Oligo,chr2:160407625-160408125,-0.0250441777128985,0.0138748961334334,178,RidgeCV
pfc_to_hippocampus,pfc_to_hip_all_pfc_ridge_clock,ATAC,Oligo,chr2:171553802-171554302,0.0400851037774952,0.0261481624007522,14,RidgeCV
pfc_to_hippocampus,pfc_to_hip_all_pfc_ridge_clock,ATAC,Oligo,chr21:8213048-8213548,-0.0378237261675144,0.0333434193947732,4,RidgeCV
pfc_to_hippocampus,pfc_to_hip_all_pfc_ridge_clock,ATAC,Oligo,chr2:186734904-186735404,-0.0318273577572243,0.0201482731739563,51,RidgeCV
pfc_to_hippocampus,pfc_to_hip_all_pfc_ridge_clock,ATAC,Oligo,chr2:200477661-200478161,0.0264313779628033,0.0139797312156563,175,RidgeCV
pfc_to_hippocampus,pfc_to_hip_all_pfc_ridge_clock,ATAC,Oligo,chr22:37197003-37197503,0.0185666620416205,0.0138693485719799,179,RidgeCV
pfc_to_hippocampus,pfc_to_hip_all_pfc_ridge_clock,ATAC,Oligo,chr2:242020482-242020982,0.0330153008031637,0.0203400706361397,50,RidgeCV
pfc_to_hippocampus,pfc_to_hip_all_pfc_ridge_clock,ATAC,Oligo,chr2:38960203-38960703,-0.0462438099187154,0.028645694950313,8,RidgeCV
pfc_to_hippocampus,pfc_to_hip_all_pfc_ridge_clock,ATAC,Oligo,chr2:39665665-39666165,-0.0258506502104945,0.0156427043618134,118,RidgeCV
pfc_to_hippocampus,pfc_to_hip_all_pfc_ridge_clock,ATAC,Oligo,chr2:39671621-39672121,-0.0286211829280308,0.0153291414666381,127,RidgeCV
pfc_to_hippocampus,pfc_to_hip_all_pfc_ridge_clock,ATAC,Oligo,chr2:45265253-45265753,0.0150294002413694,0.0141660877159253,169,RidgeCV
pfc_to_hippocampus,pfc_to_hip_all_pfc_ridge_clock,ATAC,Oligo,chr2:9262826-9263326,0.0322412426649365,0.0204277990825172,49,RidgeCV
pfc_to_hippocampus,pfc_to_hip_all_pfc_ridge_clock,ATAC,Oligo,chr2:9297789-9298289,0.0237460834398773,0.0175580321682366,83,RidgeCV
pfc_to_hippocampus,pfc_to_hip_all_pfc_ridge_clock,ATAC,Oligo,chr2:9303648-9304148,0.0262871811559237,0.0257290861107004,15,RidgeCV
pfc_to_hippocampus,pfc_to_hip_all_pfc_ridge_clock,ATAC,Oligo,chr3:13144181-13144681,0.0245435200314845,0.0135556105479496,189,RidgeCV
pfc_to_hippocampus,pfc_to_hip_all_pfc_ridge_clock,ATAC,Oligo,chr3:139281414-139281914,0.0250376059535715,0.0151285278139571,133,RidgeCV
pfc_to_hippocampus,pfc_to_hip_all_pfc_ridge_clock,ATAC,Oligo,chr3:148815596-148816096,0.0431669111133943,0.0266506600198335,12,RidgeCV
pfc_to_hippocampus,pfc_to_hip_all_pfc_ridge_clock,ATAC,Oligo,chr3:84904746-84905246,0.0238404203863819,0.0149041743034118,144,RidgeCV
pfc_to_hippocampus,pfc_to_hip_all_pfc_ridge_clock,ATAC,Oligo,chr3:89114456-89114956,0.0281773343104292,0.0181104251609031,74,RidgeCV
pfc_to_hippocampus,pfc_to_hip_all_pfc_ridge_clock,ATAC,Oligo,chr3:89172056-89172556,0.0293904633041662,0.0160840490487019,109,RidgeCV
pfc_to_hippocampus,pfc_to_hip_all_pfc_ridge_clock,ATAC,Oligo,chr3:9101207-9101707,0.0296213793096865,0.0165589765029034,104,RidgeCV
pfc_to_hippocampus,pfc_to_hip_all_pfc_ridge_clock,ATAC,Oligo,chr3:99071080-99071580,-0.0148438205076957,0.0154726559746947,122,RidgeCV
pfc_to_hippocampus,pfc_to_hip_all_pfc_ridge_clock,ATAC,Oligo,chr4:10457177-10457677,-0.0411261448559293,0.024329256808743,20,RidgeCV
pfc_to_hippocampus,pfc_to_hip_all_pfc_ridge_clock,ATAC,Oligo,chr4:10461161-10461661,-0.0399838896848422,0.0232965741054531,26,RidgeCV
pfc_to_hippocampus,pfc_to_hip_all_pfc_ridge_clock,ATAC,Oligo,chr4:138217518-138218018,0.0184870657534991,0.0166399495457052,102,RidgeCV
pfc_to_hippocampus,pfc_to_hip_all_pfc_ridge_clock,ATAC,Oligo,chr4:1511600-1512100,-0.0273258505697472,0.0248354080192853,18,RidgeCV
pfc_to_hippocampus,pfc_to_hip_all_pfc_ridge_clock,ATAC,Oligo,chr4:178090599-178091099,0.0216850147155106,0.01483001426361,149,RidgeCV
pfc_to_hippocampus,pfc_to_hip_all_pfc_ridge_clock,ATAC,Oligo,chr4:55008291-55008791,0.0335658809875067,0.0176979961161611,81,RidgeCV
pfc_to_hippocampus,pfc_to_hip_all_pfc_ridge_clock,ATAC,Oligo,chr4:55125353-55125853,0.0249763041602187,0.0143814073684313,161,RidgeCV
pfc_to_hippocampus,pfc_to_hip_all_pfc_ridge_clock,ATAC,Oligo,chr4:55311791-55312291,0.030964370335576,0.0165911104131204,103,RidgeCV
pfc_to_hippocampus,pfc_to_hip_all_pfc_ridge_clock,ATAC,Oligo,chr4:8400930-8401430,0.0282632251069217,0.015122477118866,134,RidgeCV
pfc_to_hippocampus,pfc_to_hip_all_pfc_ridge_clock,ATAC,Oligo,chr4:85784311-85784811,0.0316521045908197,0.0282556988887094,10,RidgeCV
pfc_to_hippocampus,pfc_to_hip_all_pfc_ridge_clock,ATAC,Oligo,chr4:92305399-92305899,-0.0206046978628975,0.0180616338176307,76,RidgeCV
pfc_to_hippocampus,pfc_to_hip_all_pfc_ridge_clock,ATAC,Oligo,chr4:92457674-92458174,-0.0197736538763517,0.0144618292890805,160,RidgeCV
pfc_to_hippocampus,pfc_to_hip_all_pfc_ridge_clock,ATAC,Oligo,chr4:92580750-92581250,-0.0200016876729962,0.0210443127468716,43,RidgeCV
pfc_to_hippocampus,pfc_to_hip_all_pfc_ridge_clock,ATAC,Oligo,chr5:170862004-170862504,-0.0390379903048772,0.0264166547398952,13,RidgeCV
pfc_to_hippocampus,pfc_to_hip_all_pfc_ridge_clock,ATAC,Oligo,chr5:170896626-170897126,-0.024941829323956,0.0170094573175367,96,RidgeCV
pfc_to_hippocampus,pfc_to_hip_all_pfc_ridge_clock,ATAC,Oligo,chr5:20833161-20833661,0.0153379203581829,0.0138186216267226,181,RidgeCV
pfc_to_hippocampus,pfc_to_hip_all_pfc_ridge_clock,ATAC,Oligo,chr5:21482456-21482956,-0.0199001267734228,0.0134872011655503,195,RidgeCV
pfc_to_hippocampus,pfc_to_hip_all_pfc_ridge_clock,ATAC,Oligo,chr5:227318-227818,-0.0178170242887089,0.0143752055183868,162,RidgeCV
pfc_to_hippocampus,pfc_to_hip_all_pfc_ridge_clock,ATAC,Oligo,chr5:228848-229348,-0.0155611113046238,0.0134498376027279,197,RidgeCV
pfc_to_hippocampus,pfc_to_hip_all_pfc_ridge_clock,ATAC,Oligo,chr5:25963618-25964118,0.0245857516091262,0.0135490541181988,191,RidgeCV
pfc_to_hippocampus,pfc_to_hip_all_pfc_ridge_clock,ATAC,Oligo,chr5:43017809-43018309,0.0283827912462117,0.0223966197054836,31,RidgeCV
pfc_to_hippocampus,pfc_to_hip_all_pfc_ridge_clock,ATAC,Oligo,chr5:757902-758402,-0.0203945578157084,0.0133982824494313,199,RidgeCV
pfc_to_hippocampus,pfc_to_hip_all_pfc_ridge_clock,ATAC,Oligo,chr6:104996148-104996648,0.0237954868452106,0.0194294458106812,60,RidgeCV
pfc_to_hippocampus,pfc_to_hip_all_pfc_ridge_clock,ATAC,Oligo,chr6:105176048-105176548,0.0293440596641675,0.0184080719145904,70,RidgeCV
pfc_to_hippocampus,pfc_to_hip_all_pfc_ridge_clock,ATAC,Oligo,chr6:165184575-165185075,0.0233855398773322,0.0136704458529963,184,RidgeCV
pfc_to_hippocampus,pfc_to_hip_all_pfc_ridge_clock,ATAC,Oligo,chr6:16583291-16583791,0.0249030490222029,0.0153313967791034,126,RidgeCV
pfc_to_hippocampus,pfc_to_hip_all_pfc_ridge_clock,ATAC,Oligo,chr6:170185261-170185761,0.0211390327904337,0.025695018863392,16,RidgeCV
pfc_to_hippocampus,pfc_to_hip_all_pfc_ridge_clock,ATAC,Oligo,chr6:26224882-26225382,-0.0295584273939483,0.0170213207803476,95,RidgeCV
pfc_to_hippocampus,pfc_to_hip_all_pfc_ridge_clock,ATAC,Oligo,chr6:30095679-30096179,0.0187297778430091,0.0148213148115136,150,RidgeCV
pfc_to_hippocampus,pfc_to_hip_all_pfc_ridge_clock,ATAC,Oligo,chr6:35601865-35602365,0.0310450336017766,0.02348273805335,24,RidgeCV
pfc_to_hippocampus,pfc_to_hip_all_pfc_ridge_clock,ATAC,Oligo,chr6:35650061-35650561,0.0298253394380456,0.0173966751477882,89,RidgeCV
pfc_to_hippocampus,pfc_to_hip_all_pfc_ridge_clock,ATAC,Oligo,chr7:116499398-116499898,0.0332827170079663,0.0206919672941572,47,RidgeCV
pfc_to_hippocampus,pfc_to_hip_all_pfc_ridge_clock,ATAC,Oligo,chr7:116511613-116512113,0.0357210628184338,0.022144820707049,35,RidgeCV
pfc_to_hippocampus,pfc_to_hip_all_pfc_ridge_clock,ATAC,Oligo,chr7:116524579-116525079,0.0359951687638502,0.0232656551678425,28,RidgeCV
pfc_to_hippocampus,pfc_to_hip_all_pfc_ridge_clock,ATAC,Oligo,chr7:116525999-116526499,0.0341968070165865,0.022412341297916,30,RidgeCV
pfc_to_hippocampus,pfc_to_hip_all_pfc_ridge_clock,ATAC,Oligo,chr7:116527971-116528471,0.0337830103183556,0.0198880264269589,55,RidgeCV
pfc_to_hippocampus,pfc_to_hip_all_pfc_ridge_clock,ATAC,Oligo,chr7:116545574-116546074,0.0319707613716081,0.0179465811616629,78,RidgeCV
pfc_to_hippocampus,pfc_to_hip_all_pfc_ridge_clock,ATAC,Oligo,chr7:116553789-116554289,0.0243992522048649,0.0134403771403776,198,RidgeCV
pfc_to_hippocampus,pfc_to_hip_all_pfc_ridge_clock,ATAC,Oligo,chr7:124451250-124451750,0.0273041022076134,0.0134761747013562,196,RidgeCV
pfc_to_hippocampus,pfc_to_hip_all_pfc_ridge_clock,ATAC,Oligo,chr7:147571587-147572087,0.0215121880233802,0.0138429110865618,180,RidgeCV
pfc_to_hippocampus,pfc_to_hip_all_pfc_ridge_clock,ATAC,Oligo,chr7:147638913-147639413,0.0412569374772706,0.0256256083658088,17,RidgeCV
pfc_to_hippocampus,pfc_to_hip_all_pfc_ridge_clock,ATAC,Oligo,chr7:148113584-148114084,0.0306382501766163,0.0157663300521192,115,RidgeCV
pfc_to_hippocampus,pfc_to_hip_all_pfc_ridge_clock,ATAC,Oligo,chr7:158878215-158878715,0.0453227165619163,0.0378507170675481,1,RidgeCV
pfc_to_hippocampus,pfc_to_hip_all_pfc_ridge_clock,ATAC,Oligo,chr7:25753334-25753834,0.030305843272566,0.0207860567254102,45,RidgeCV
pfc_to_hippocampus,pfc_to_hip_all_pfc_ridge_clock,ATAC,Oligo,chr7:25849409-25849909,0.0329062852385875,0.02074752259921,46,RidgeCV
pfc_to_hippocampus,pfc_to_hip_all_pfc_ridge_clock,ATAC,Oligo,chr7:25854995-25855495,0.0445369108383499,0.0330033429477194,5,RidgeCV
pfc_to_hippocampus,pfc_to_hip_all_pfc_ridge_clock,ATAC,Oligo,chr7:25856877-25857377,0.0284647762644643,0.0185184780527682,69,RidgeCV
pfc_to_hippocampus,pfc_to_hip_all_pfc_ridge_clock,ATAC,Oligo,chr7:57203466-57203966,0.0187406776785638,0.0153559785973251,125,RidgeCV
pfc_to_hippocampus,pfc_to_hip_all_pfc_ridge_clock,ATAC,Oligo,chr7:57404423-57404923,0.0183412985012841,0.0145957462370546,156,RidgeCV
pfc_to_hippocampus,pfc_to_hip_all_pfc_ridge_clock,ATAC,Oligo,chr7:57995452-57995952,0.0194769201949345,0.015703276956178,117,RidgeCV
pfc_to_hippocampus,pfc_to_hip_all_pfc_ridge_clock,ATAC,Oligo,chr7:99975927-99976427,0.0196704604773131,0.0147075355841521,152,RidgeCV
pfc_to_hippocampus,pfc_to_hip_all_pfc_ridge_clock,ATAC,Oligo,chr8:11201436-11201936,-0.0289685515199177,0.0174847767188359,86,RidgeCV
pfc_to_hippocampus,pfc_to_hip_all_pfc_ridge_clock,ATAC,Oligo,chr8:11449136-11449636,0.0178813724588458,0.0180571896848015,77,RidgeCV
pfc_to_hippocampus,pfc_to_hip_all_pfc_ridge_clock,ATAC,Oligo,chr8:11457181-11457681,0.0195099348293642,0.0141973725243229,167,RidgeCV
pfc_to_hippocampus,pfc_to_hip_all_pfc_ridge_clock,ATAC,Oligo,chr8:115586831-115587331,0.0282966141856399,0.016069301547696,110,RidgeCV
pfc_to_hippocampus,pfc_to_hip_all_pfc_ridge_clock,ATAC,Oligo,chr8:2623148-2623648,0.0233139831820228,0.0175253603399927,84,RidgeCV
pfc_to_hippocampus,pfc_to_hip_all_pfc_ridge_clock,ATAC,Oligo,chr8:37899343-37899843,-0.035577834989879,0.0235613014299397,22,RidgeCV
pfc_to_hippocampus,pfc_to_hip_all_pfc_ridge_clock,ATAC,Oligo,chr8:40155576-40156076,0.0255177589295064,0.0169293842660924,99,RidgeCV
pfc_to_hippocampus,pfc_to_hip_all_pfc_ridge_clock,ATAC,Oligo,chr8:8228016-8228516,0.0175428357269822,0.0302469253072881,6,RidgeCV
pfc_to_hippocampus,pfc_to_hip_all_pfc_ridge_clock,ATAC,Oligo,chr9:108708348-108708848,0.0197012933173872,0.0150496434589487,136,RidgeCV
pfc_to_hippocampus,pfc_to_hip_all_pfc_ridge_clock,ATAC,Oligo,chr9:108755495-108755995,0.0225293706866022,0.0145717872877128,158,RidgeCV
pfc_to_hippocampus,pfc_to_hip_all_pfc_ridge_clock,ATAC,Oligo,chr9:135980851-135981351,0.0167870977806184,0.0149455241428622,140,RidgeCV
pfc_to_hippocampus,pfc_to_hip_all_pfc_ridge_clock,ATAC,Oligo,chr9:21974645-21975145,0.0251727054439744,0.0141244042289427,171,RidgeCV
pfc_to_hippocampus,pfc_to_hip_all_pfc_ridge_clock,ATAC,Oligo,chr9:41643615-41644115,-0.0226900702628721,0.0221011810797468,36,RidgeCV
pfc_to_hippocampus,pfc_to_hip_all_pfc_ridge_clock,ATAC,Oligo,chr9:74497029-74497529,0.0329466680093366,0.0218521066979009,38,RidgeCV
pfc_to_hippocampus,pfc_to_hip_all_pfc_ridge_clock,ATAC,Oligo,chr9:74498166-74498666,0.0319897755294277,0.0198714953607861,56,RidgeCV
pfc_to_hippocampus,pfc_to_hip_all_pfc_ridge_clock,ATAC,Oligo,chr9:74506203-74506703,0.0254202218408285,0.01378377535356,182,RidgeCV
pfc_to_hippocampus,pfc_to_hip_all_pfc_ridge_clock,ATAC,Oligo,chr9:74526140-74526640,0.022475212527899,0.0135392858008962,192,RidgeCV
pfc_to_hippocampus,pfc_to_hip_all_pfc_ridge_clock,ATAC,Oligo,chr9:74543108-74543608,0.0270541501636337,0.017437652282485,87,RidgeCV
pfc_to_hippocampus,pfc_to_hip_all_pfc_ridge_clock,ATAC,Oligo,chr9:74543861-74544361,0.0271135652258115,0.0149798882737952,138,RidgeCV
pfc_to_hippocampus,pfc_to_hip_all_pfc_ridge_clock,ATAC,Oligo,chr9:74554932-74555432,0.027047171339566,0.0160943020699076,108,RidgeCV
pfc_to_hippocampus,pfc_to_hip_all_pfc_ridge_clock,ATAC,Oligo,chr9:89675153-89675653,0.0156765763334367,0.0152035971207053,130,RidgeCV
pfc_to_hippocampus,pfc_to_hip_all_pfc_ridge_clock,ATAC,Oligo,chrX:115887994-115888494,0.0214960674921059,0.0269860269580156,11,RidgeCV
pfc_to_hippocampus,pfc_to_hip_all_pfc_ridge_clock,ATAC,Oligo,chrX:131746396-131746896,0.0106268089588803,0.0148918107945218,145,RidgeCV
pfc_to_hippocampus,pfc_to_hip_all_pfc_ridge_clock,ATAC,Oligo,chrX:131762703-131763203,0.01444305703445,0.018296530346076,72,RidgeCV
pfc_to_hippocampus,pfc_to_hip_all_pfc_ridge_clock,ATAC,Oligo,chrX:131763617-131764117,0.0101863520990555,0.0134978328593746,194,RidgeCV
pfc_to_hippocampus,pfc_to_hip_all_pfc_ridge_clock,ATAC,Oligo,chrX:131813067-131813567,0.0167856204579675,0.0169961496426409,97,RidgeCV
pfc_to_hippocampus,pfc_to_hip_all_pfc_ridge_clock,ATAC,Oligo,chrX:73850971-73851471,0.0110497357037147,0.0186060624315405,66,RidgeCV
pfc_to_hippocampus,pfc_to_hip_all_pfc_ridge_clock,ATAC,Oligo,chrY:12904518-12905018,-0.0098347952202435,0.0157109849383057,116,RidgeCV
pfc_to_hippocampus,pfc_to_hip_all_pfc_ridge_clock,ATAC,Oligo,chrY:20575423-20575923,-0.0093649421665186,0.0149950782059399,137,RidgeCV
pfc_to_hippocampus,pfc_to_hip_all_pfc_ridge_clock,ATAC,Oligo,chrY:2935745-2936245,-0.0098716916459338,0.0170429666133297,94,RidgeCV
pfc_to_hippocampus,pfc_to_hip_all_pfc_ridge_clock,ATAC,OPC,chr10:114631855-114632355,0.0094928616509147,0.006735797835359,188,RidgeCV
pfc_to_hippocampus,pfc_to_hip_all_pfc_ridge_clock,ATAC,OPC,chr10:114684181-114684681,0.0119629658650258,0.0082034193165575,76,RidgeCV
pfc_to_hippocampus,pfc_to_hip_all_pfc_ridge_clock,ATAC,OPC,chr10:124214555-124215055,-0.0087519878735734,0.0069668535879202,165,RidgeCV
pfc_to_hippocampus,pfc_to_hip_all_pfc_ridge_clock,ATAC,OPC,chr10:132700092-132700592,0.0097076609681935,0.0066736108526432,194,RidgeCV
pfc_to_hippocampus,pfc_to_hip_all_pfc_ridge_clock,ATAC,OPC,chr10:133325481-133325981,-0.0101536119384402,0.0072794888577769,132,RidgeCV
pfc_to_hippocampus,pfc_to_hip_all_pfc_ridge_clock,ATAC,OPC,chr10:13827582-13828082,0.010183371377669,0.0071687562743065,146,RidgeCV
pfc_to_hippocampus,pfc_to_hip_all_pfc_ridge_clock,ATAC,OPC,chr10:22252284-22252784,0.008864031625987,0.0067299057840902,189,RidgeCV
pfc_to_hippocampus,pfc_to_hip_all_pfc_ridge_clock,ATAC,OPC,chr10:37643058-37643558,-0.0086273624090135,0.0072297957565549,139,RidgeCV
pfc_to_hippocampus,pfc_to_hip_all_pfc_ridge_clock,ATAC,OPC,chr10:37701916-37702416,-0.0089503433503587,0.0074135188730128,118,RidgeCV
pfc_to_hippocampus,pfc_to_hip_all_pfc_ridge_clock,ATAC,OPC,chr10:59517942-59518442,0.0112159968304502,0.007459772506038,115,RidgeCV
pfc_to_hippocampus,pfc_to_hip_all_pfc_ridge_clock,ATAC,OPC,chr1:1000615-1001115,-0.0126318818611726,0.0097300639840103,33,RidgeCV
pfc_to_hippocampus,pfc_to_hip_all_pfc_ridge_clock,ATAC,OPC,chr1:109687486-109687986,0.0072376485252817,0.0105843213363851,23,RidgeCV
pfc_to_hippocampus,pfc_to_hip_all_pfc_ridge_clock,ATAC,OPC,chr11:135075698-135076198,0.010606342448167,0.0067791602165811,181,RidgeCV
pfc_to_hippocampus,pfc_to_hip_all_pfc_ridge_clock,ATAC,OPC,chr11:15453333-15453833,-0.0090214121889816,0.006984969857949,162,RidgeCV
pfc_to_hippocampus,pfc_to_hip_all_pfc_ridge_clock,ATAC,OPC,chr11:44876872-44877372,-0.0093870460804168,0.0068013298790504,179,RidgeCV
pfc_to_hippocampus,pfc_to_hip_all_pfc_ridge_clock,ATAC,OPC,chr11:48170821-48171321,0.0094220285344889,0.0069652905195447,166,RidgeCV
pfc_to_hippocampus,pfc_to_hip_all_pfc_ridge_clock,ATAC,OPC,chr1:152795664-152796164,-0.0070501138154958,0.0077632695499223,96,RidgeCV
pfc_to_hippocampus,pfc_to_hip_all_pfc_ridge_clock,ATAC,OPC,chr11:64971888-64972388,-0.0104852580318952,0.0071128741154966,151,RidgeCV
pfc_to_hippocampus,pfc_to_hip_all_pfc_ridge_clock,ATAC,OPC,chr11:70628881-70629381,0.0095922328882069,0.0066553030462475,198,RidgeCV
pfc_to_hippocampus,pfc_to_hip_all_pfc_ridge_clock,ATAC,OPC,chr11:74612751-74613251,-0.0095871975181925,0.0066977271467561,193,RidgeCV
pfc_to_hippocampus,pfc_to_hip_all_pfc_ridge_clock,ATAC,OPC,chr11:80261781-80262281,-0.0099807914964941,0.0073901866874217,122,RidgeCV
pfc_to_hippocampus,pfc_to_hip_all_pfc_ridge_clock,ATAC,OPC,chr11:84549143-84549643,-0.0092113513904372,0.006900768228537,170,RidgeCV
pfc_to_hippocampus,pfc_to_hip_all_pfc_ridge_clock,ATAC,OPC,chr11:99069817-99070317,-0.0115302513223056,0.0078994737205351,90,RidgeCV
pfc_to_hippocampus,pfc_to_hip_all_pfc_ridge_clock,ATAC,OPC,chr1:205317500-205318000,0.0101387068314532,0.0066693683734682,195,RidgeCV
pfc_to_hippocampus,pfc_to_hip_all_pfc_ridge_clock,ATAC,OPC,chr1:207820822-207821322,0.0115343475174887,0.0086419083276058,62,RidgeCV
pfc_to_hippocampus,pfc_to_hip_all_pfc_ridge_clock,ATAC,OPC,chr12:124359502-124360002,0.0119169322448433,0.0078595673152556,93,RidgeCV
pfc_to_hippocampus,pfc_to_hip_all_pfc_ridge_clock,ATAC,OPC,chr12:125093376-125093876,0.0105894581147421,0.0072204806622023,142,RidgeCV
pfc_to_hippocampus,pfc_to_hip_all_pfc_ridge_clock,ATAC,OPC,chr12:2161404-2161904,0.0092977583959791,0.0070698719321133,157,RidgeCV
pfc_to_hippocampus,pfc_to_hip_all_pfc_ridge_clock,ATAC,OPC,chr1:226739997-226740497,-0.0104627385930939,0.0071614429836088,148,RidgeCV
pfc_to_hippocampus,pfc_to_hip_all_pfc_ridge_clock,ATAC,OPC,chr1:228457729-228458229,-0.012049182026564,0.0112974247007654,14,RidgeCV
pfc_to_hippocampus,pfc_to_hip_all_pfc_ridge_clock,ATAC,OPC,chr1:231174775-231175275,-0.0098236037347473,0.0071017136726412,152,RidgeCV
pfc_to_hippocampus,pfc_to_hip_all_pfc_ridge_clock,ATAC,OPC,chr12:31651595-31652095,0.0095681067147057,0.006836766668873,174,RidgeCV
pfc_to_hippocampus,pfc_to_hip_all_pfc_ridge_clock,ATAC,OPC,chr1:24576146-24576646,0.0093303596477489,0.0067373362072801,187,RidgeCV
pfc_to_hippocampus,pfc_to_hip_all_pfc_ridge_clock,ATAC,OPC,chr13:100547721-100548221,0.0108479120429494,0.0072451203957033,136,RidgeCV
pfc_to_hippocampus,pfc_to_hip_all_pfc_ridge_clock,ATAC,OPC,chr13:113951127-113951627,0.0102678053295342,0.0074886898150616,112,RidgeCV
pfc_to_hippocampus,pfc_to_hip_all_pfc_ridge_clock,ATAC,OPC,chr1:32939521-32940021,-0.0101912340522275,0.0073629810116924,125,RidgeCV
pfc_to_hippocampus,pfc_to_hip_all_pfc_ridge_clock,ATAC,OPC,chr13:32471439-32471939,-0.0093018903227636,0.0079833953923367,88,RidgeCV
pfc_to_hippocampus,pfc_to_hip_all_pfc_ridge_clock,ATAC,OPC,chr13:50071367-50071867,-0.0103899928124296,0.00735513933654,126,RidgeCV
pfc_to_hippocampus,pfc_to_hip_all_pfc_ridge_clock,ATAC,OPC,chr1:36845889-36846389,0.0102075284164208,0.0072285798944934,140,RidgeCV
pfc_to_hippocampus,pfc_to_hip_all_pfc_ridge_clock,ATAC,OPC,chr1:37071772-37072272,-0.0098412499529845,0.0069813692130591,164,RidgeCV
pfc_to_hippocampus,pfc_to_hip_all_pfc_ridge_clock,ATAC,OPC,chr1:38498073-38498573,-0.0093304881930511,0.0078214824935449,95,RidgeCV
pfc_to_hippocampus,pfc_to_hip_all_pfc_ridge_clock,ATAC,OPC,chr1:39886803-39887303,-0.009346260549557,0.0072262683359536,141,RidgeCV
pfc_to_hippocampus,pfc_to_hip_all_pfc_ridge_clock,ATAC,OPC,chr14:80974147-80974647,-0.0089081449301945,0.0074612150289778,114,RidgeCV
pfc_to_hippocampus,pfc_to_hip_all_pfc_ridge_clock,ATAC,OPC,chr14:94599111-94599611,0.008277555788972,0.0068304342199583,175,RidgeCV
pfc_to_hippocampus,pfc_to_hip_all_pfc_ridge_clock,ATAC,OPC,chr15:25801875-25802375,0.0103680213752233,0.0079912771495255,85,RidgeCV
pfc_to_hippocampus,pfc_to_hip_all_pfc_ridge_clock,ATAC,OPC,chr1:54581601-54582101,0.0105676057021591,0.0067155387179662,191,RidgeCV
pfc_to_hippocampus,pfc_to_hip_all_pfc_ridge_clock,ATAC,OPC,chr15:46343583-46344083,-0.0097246994736914,0.0070188180284654,161,RidgeCV
pfc_to_hippocampus,pfc_to_hip_all_pfc_ridge_clock,ATAC,OPC,chr15:47184257-47184757,-0.0100391472933211,0.0074007786607995,121,RidgeCV
pfc_to_hippocampus,pfc_to_hip_all_pfc_ridge_clock,ATAC,OPC,chr15:82059983-82060483,-0.0162632343214205,0.0143903328368494,6,RidgeCV
pfc_to_hippocampus,pfc_to_hip_all_pfc_ridge_clock,ATAC,OPC,chr15:87777102-87777602,-0.0088294619286056,0.0067741058299373,182,RidgeCV
pfc_to_hippocampus,pfc_to_hip_all_pfc_ridge_clock,ATAC,OPC,chr1:5895679-5896179,0.0093407790321274,0.0069036474526243,169,RidgeCV
pfc_to_hippocampus,pfc_to_hip_all_pfc_ridge_clock,ATAC,OPC,chr15:97406766-97407266,-0.013423240372396,0.0109050399846318,18,RidgeCV
pfc_to_hippocampus,pfc_to_hip_all_pfc_ridge_clock,ATAC,OPC,chr16:1992147-1992647,-0.0128446633225035,0.0100618907296294,27,RidgeCV
pfc_to_hippocampus,pfc_to_hip_all_pfc_ridge_clock,ATAC,OPC,chr16:20203222-20203722,-0.0096926841127319,0.009057377811986,48,RidgeCV
pfc_to_hippocampus,pfc_to_hip_all_pfc_ridge_clock,ATAC,OPC,chr16:47627648-47628148,-0.0096678497107075,0.0076592171236133,104,RidgeCV
pfc_to_hippocampus,pfc_to_hip_all_pfc_ridge_clock,ATAC,OPC,chr16:51119438-51119938,0.0106941828109119,0.0076155977305304,107,RidgeCV
pfc_to_hippocampus,pfc_to_hip_all_pfc_ridge_clock,ATAC,OPC,chr16:57529989-57530489,0.0096584344862616,0.0078761168269098,92,RidgeCV
pfc_to_hippocampus,pfc_to_hip_all_pfc_ridge_clock,ATAC,OPC,chr16:66502999-66503499,0.0098889277754345,0.0070594551619109,158,RidgeCV
pfc_to_hippocampus,pfc_to_hip_all_pfc_ridge_clock,ATAC,OPC,chr1:67749817-67750317,0.009085680471508,0.0066674163403989,196,RidgeCV
pfc_to_hippocampus,pfc_to_hip_all_pfc_ridge_clock,ATAC,OPC,chr16:87328758-87329258,0.012677516777409,0.0106986789695093,20,RidgeCV
pfc_to_hippocampus,pfc_to_hip_all_pfc_ridge_clock,ATAC,OPC,chr17:17158185-17158685,0.0106104674496899,0.0076396206731782,105,RidgeCV
pfc_to_hippocampus,pfc_to_hip_all_pfc_ridge_clock,ATAC,OPC,chr17:80743037-80743537,0.0106582301001481,0.0074588792411529,116,RidgeCV
pfc_to_hippocampus,pfc_to_hip_all_pfc_ridge_clock,ATAC,OPC,chr17:82846298-82846798,0.0135644309179633,0.0095827232064466,34,RidgeCV
pfc_to_hippocampus,pfc_to_hip_all_pfc_ridge_clock,ATAC,OPC,chr18:32753885-32754385,-0.0110751740147283,0.0079397554667595,89,RidgeCV
pfc_to_hippocampus,pfc_to_hip_all_pfc_ridge_clock,ATAC,OPC,chr18:48680784-48681284,0.0110420160295343,0.0079876973607643,87,RidgeCV
pfc_to_hippocampus,pfc_to_hip_all_pfc_ridge_clock,ATAC,OPC,chr18:60017064-60017564,-0.0166083798879745,0.0127183472692874,9,RidgeCV
pfc_to_hippocampus,pfc_to_hip_all_pfc_ridge_clock,ATAC,OPC,chr18:76265696-76266196,0.0119715063353268,0.0084859968169569,68,RidgeCV
pfc_to_hippocampus,pfc_to_hip_all_pfc_ridge_clock,ATAC,OPC,chr19:1669008-1669508,-0.0099004099784996,0.0073783662276725,123,RidgeCV
pfc_to_hippocampus,pfc_to_hip_all_pfc_ridge_clock,ATAC,OPC,chr19:17830716-17831216,-0.0103104539263279,0.0083354018157391,72,RidgeCV
pfc_to_hippocampus,pfc_to_hip_all_pfc_ridge_clock,ATAC,OPC,chr1:9181224-9181724,0.0126071609726454,0.0090877230967449,47,RidgeCV
pfc_to_hippocampus,pfc_to_hip_all_pfc_ridge_clock,ATAC,OPC,chr1:9182148-9182648,0.0153897239343895,0.0109114024108943,17,RidgeCV
pfc_to_hippocampus,pfc_to_hip_all_pfc_ridge_clock,ATAC,OPC,chr1:9182883-9183383,0.0128671081325395,0.009103288546139,46,RidgeCV
pfc_to_hippocampus,pfc_to_hip_all_pfc_ridge_clock,ATAC,OPC,chr1:9247904-9248404,0.0123639194562601,0.0087407794901815,56,RidgeCV
pfc_to_hippocampus,pfc_to_hip_all_pfc_ridge_clock,ATAC,OPC,chr19:3336761-3337261,0.0110164712189026,0.0084561553640896,69,RidgeCV
pfc_to_hippocampus,pfc_to_hip_all_pfc_ridge_clock,ATAC,OPC,chr19:33926021-33926521,-0.0088763833625769,0.0072980871113919,129,RidgeCV
pfc_to_hippocampus,pfc_to_hip_all_pfc_ridge_clock,ATAC,OPC,chr19:35038096-35038596,-0.0098950719846699,0.0071987023323281,145,RidgeCV
pfc_to_hippocampus,pfc_to_hip_all_pfc_ridge_clock,ATAC,OPC,chr19:3632656-3633156,0.015293626818135,0.0125378104282528,10,RidgeCV
pfc_to_hippocampus,pfc_to_hip_all_pfc_ridge_clock,ATAC,OPC,chr19:47428088-47428588,-0.0096705278023006,0.0076377493058316,106,RidgeCV
pfc_to_hippocampus,pfc_to_hip_all_pfc_ridge_clock,ATAC,OPC,chr19:47573038-47573538,-0.0102797679805033,0.0072004392798837,144,RidgeCV
pfc_to_hippocampus,pfc_to_hip_all_pfc_ridge_clock,ATAC,OPC,chr19:5827889-5828389,-0.0153716062290945,0.013151272218448,7,RidgeCV
pfc_to_hippocampus,pfc_to_hip_all_pfc_ridge_clock,ATAC,OPC,chr19:875980-876480,-0.010565141161384,0.0084946276653848,67,RidgeCV
pfc_to_hippocampus,pfc_to_hip_all_pfc_ridge_clock,ATAC,OPC,chr19:9406836-9407336,-0.0129869058879886,0.0092153632735734,43,RidgeCV
pfc_to_hippocampus,pfc_to_hip_all_pfc_ridge_clock,ATAC,OPC,chr1:999930-1000430,-0.0120666821315738,0.0077162644226652,98,RidgeCV
pfc_to_hippocampus,pfc_to_hip_all_pfc_ridge_clock,ATAC,OPC,chr20:43303008-43303508,-0.009769317355559,0.0080582244446357,80,RidgeCV
pfc_to_hippocampus,pfc_to_hip_all_pfc_ridge_clock,ATAC,OPC,chr2:105604891-105605391,0.0108764974962714,0.0082737713235285,75,RidgeCV
pfc_to_hippocampus,pfc_to_hip_all_pfc_ridge_clock,ATAC,OPC,chr2:133972794-133973294,0.011726162712539,0.0093211696077698,40,RidgeCV
pfc_to_hippocampus,pfc_to_hip_all_pfc_ridge_clock,ATAC,OPC,chr2:160666314-160666814,-0.0092040771066039,0.0072855623744991,131,RidgeCV
pfc_to_hippocampus,pfc_to_hip_all_pfc_ridge_clock,ATAC,OPC,chr2:174843178-174843678,0.0098501851669943,0.0067635123638369,184,RidgeCV
pfc_to_hippocampus,pfc_to_hip_all_pfc_ridge_clock,ATAC,OPC,chr2:183224948-183225448,-0.0111346109783608,0.0084378817015433,70,RidgeCV
pfc_to_hippocampus,pfc_to_hip_all_pfc_ridge_clock,ATAC,OPC,chr2:202084164-202084664,-0.0083767958660409,0.0068172890931191,177,RidgeCV
pfc_to_hippocampus,pfc_to_hip_all_pfc_ridge_clock,ATAC,OPC,chr2:205685534-205686034,0.0104859118535307,0.0071140143559615,150,RidgeCV
pfc_to_hippocampus,pfc_to_hip_all_pfc_ridge_clock,ATAC,OPC,chr2:2188854-2189354,0.013452612026327,0.0093845174861463,38,RidgeCV
pfc_to_hippocampus,pfc_to_hip_all_pfc_ridge_clock,ATAC,OPC,chr22:24991749-24992249,0.0090040869258255,0.0066631999635883,197,RidgeCV
pfc_to_hippocampus,pfc_to_hip_all_pfc_ridge_clock,ATAC,OPC,chr22:29480834-29481334,-0.0121410351651992,0.0089622501233216,50,RidgeCV
pfc_to_hippocampus,pfc_to_hip_all_pfc_ridge_clock,ATAC,OPC,chr2:240132480-240132980,0.0120130610991395,0.0089427148305496,51,RidgeCV
pfc_to_hippocampus,pfc_to_hip_all_pfc_ridge_clock,ATAC,OPC,chr22:49949285-49949785,0.0097541889587904,0.0068093584541973,178,RidgeCV
pfc_to_hippocampus,pfc_to_hip_all_pfc_ridge_clock,ATAC,OPC,chr2:2581343-2581843,0.0098725622038784,0.0071641068101487,147,RidgeCV
pfc_to_hippocampus,pfc_to_hip_all_pfc_ridge_clock,ATAC,OPC,chr2:30239296-30239796,-0.0111421914233602,0.0084986854633349,66,RidgeCV
pfc_to_hippocampus,pfc_to_hip_all_pfc_ridge_clock,ATAC,OPC,chr2:30239891-30240391,-0.0124327722661537,0.0098964111152696,30,RidgeCV
pfc_to_hippocampus,pfc_to_hip_all_pfc_ridge_clock,ATAC,OPC,chr2:38960203-38960703,-0.0128267296163727,0.0094529130137781,37,RidgeCV
pfc_to_hippocampus,pfc_to_hip_all_pfc_ridge_clock,ATAC,OPC,chr2:41940395-41940895,-0.0085781877114959,0.0067907397633592,180,RidgeCV
pfc_to_hippocampus,pfc_to_hip_all_pfc_ridge_clock,ATAC,OPC,chr3:107218819-107219319,0.0109586387233367,0.0079909082316236,86,RidgeCV
pfc_to_hippocampus,pfc_to_hip_all_pfc_ridge_clock,ATAC,OPC,chr3:113816156-113816656,0.0107238104680051,0.0081660754993737,79,RidgeCV
pfc_to_hippocampus,pfc_to_hip_all_pfc_ridge_clock,ATAC,OPC,chr3:122964791-122965291,-0.009788209878051,0.006982243029335,163,RidgeCV
pfc_to_hippocampus,pfc_to_hip_all_pfc_ridge_clock,ATAC,OPC,chr3:13600984-13601484,-0.0102339234905571,0.0072710856335118,133,RidgeCV
pfc_to_hippocampus,pfc_to_hip_all_pfc_ridge_clock,ATAC,OPC,chr3:145865288-145865788,-0.0095988923621351,0.0070918745311916,155,RidgeCV
pfc_to_hippocampus,pfc_to_hip_all_pfc_ridge_clock,ATAC,OPC,chr3:55526624-55527124,-0.0104476712114672,0.0080159609565506,82,RidgeCV
pfc_to_hippocampus,pfc_to_hip_all_pfc_ridge_clock,ATAC,OPC,chr3:74643619-74644119,0.010061379129571,0.008185670505827,78,RidgeCV
pfc_to_hippocampus,pfc_to_hip_all_pfc_ridge_clock,ATAC,OPC,chr3:86634263-86634763,-0.009387044888264,0.0068193500400865,176,RidgeCV
pfc_to_hippocampus,pfc_to_hip_all_pfc_ridge_clock,ATAC,OPC,chr4:116925924-116926424,-0.0102295535542873,0.0087610251696722,55,RidgeCV
pfc_to_hippocampus,pfc_to_hip_all_pfc_ridge_clock,ATAC,OPC,chr4:118034110-118034610,-0.0107494114023292,0.0080248950579842,81,RidgeCV
pfc_to_hippocampus,pfc_to_hip_all_pfc_ridge_clock,ATAC,OPC,chr4:143705049-143705549,-0.0099613006661158,0.0072973575883062,130,RidgeCV
pfc_to_hippocampus,pfc_to_hip_all_pfc_ridge_clock,ATAC,OPC,chr4:6633027-6633527,0.0124989319926375,0.0104874330575502,24,RidgeCV
pfc_to_hippocampus,pfc_to_hip_all_pfc_ridge_clock,ATAC,OPC,chr4:68993649-68994149,-0.0096293901446952,0.0071591770388381,149,RidgeCV
pfc_to_hippocampus,pfc_to_hip_all_pfc_ridge_clock,ATAC,OPC,chr4:94889892-94890392,-0.0108684996653521,0.0087352793179041,57,RidgeCV
pfc_to_hippocampus,pfc_to_hip_all_pfc_ridge_clock,ATAC,OPC,chr4:95537203-95537703,0.0118832110267385,0.0087069608009355,58,RidgeCV
pfc_to_hippocampus,pfc_to_hip_all_pfc_ridge_clock,ATAC,OPC,chr5:100903078-100903578,-0.0113703915823661,0.0080011206251417,84,RidgeCV
pfc_to_hippocampus,pfc_to_hip_all_pfc_ridge_clock,ATAC,OPC,chr5:161547744-161548244,-0.0110230442029073,0.0077273439001903,97,RidgeCV
pfc_to_hippocampus,pfc_to_hip_all_pfc_ridge_clock,ATAC,OPC,chr5:168245157-168245657,-0.0090888634864465,0.0069094981456835,168,RidgeCV
pfc_to_hippocampus,pfc_to_hip_all_pfc_ridge_clock,ATAC,OPC,chr5:170862004-170862504,-0.013407572709298,0.0094947802030886,36,RidgeCV
pfc_to_hippocampus,pfc_to_hip_all_pfc_ridge_clock,ATAC,OPC,chr5:26155505-26156005,-0.0111399500627702,0.0080046095871024,83,RidgeCV
pfc_to_hippocampus,pfc_to_hip_all_pfc_ridge_clock,ATAC,OPC,chr5:38596936-38597436,0.0093157156802065,0.0072579806528496,135,RidgeCV
pfc_to_hippocampus,pfc_to_hip_all_pfc_ridge_clock,ATAC,OPC,chr5:43007508-43008008,0.0105048174621247,0.0070980612148652,154,RidgeCV
pfc_to_hippocampus,pfc_to_hip_all_pfc_ridge_clock,ATAC,OPC,chr5:43017809-43018309,0.0121159323337002,0.0106102950462833,22,RidgeCV
pfc_to_hippocampus,pfc_to_hip_all_pfc_ridge_clock,ATAC,OPC,chr5:76953621-76954121,0.0097224638129993,0.006846030261742,173,RidgeCV
pfc_to_hippocampus,pfc_to_hip_all_pfc_ridge_clock,ATAC,OPC,chr5:88836397-88836897,0.0102379598326725,0.0067452958146014,185,RidgeCV
pfc_to_hippocampus,pfc_to_hip_all_pfc_ridge_clock,ATAC,OPC,chr6:134324677-134325177,0.0089686840080025,0.0067163446016258,190,RidgeCV
pfc_to_hippocampus,pfc_to_hip_all_pfc_ridge_clock,ATAC,OPC,chr6:150751268-150751768,-0.0102628149815584,0.0071013206084592,153,RidgeCV
pfc_to_hippocampus,pfc_to_hip_all_pfc_ridge_clock,ATAC,OPC,chr6:16583291-16583791,0.012557102398074,0.0093327024522906,39,RidgeCV
pfc_to_hippocampus,pfc_to_hip_all_pfc_ridge_clock,ATAC,OPC,chr6:168704202-168704702,-0.009910312081413,0.0074639276940052,113,RidgeCV
pfc_to_hippocampus,pfc_to_hip_all_pfc_ridge_clock,ATAC,OPC,chr6:24836058-24836558,0.0100108273389159,0.0074040425411956,119,RidgeCV
pfc_to_hippocampus,pfc_to_hip_all_pfc_ridge_clock,ATAC,OPC,chr6:26216625-26217125,-0.0257838092541414,0.0250252219270356,0,RidgeCV
pfc_to_hippocampus,pfc_to_hip_all_pfc_ridge_clock,ATAC,OPC,chr6:26223872-26224372,-0.019844819230953,0.0168233647770586,3,RidgeCV
pfc_to_hippocampus,pfc_to_hip_all_pfc_ridge_clock,ATAC,OPC,chr6:26224882-26225382,-0.0218974682146185,0.018923201105666,2,RidgeCV
pfc_to_hippocampus,pfc_to_hip_all_pfc_ridge_clock,ATAC,OPC,chr6:26240071-26240571,-0.010043238023817,0.0067137055851499,192,RidgeCV
pfc_to_hippocampus,pfc_to_hip_all_pfc_ridge_clock,ATAC,OPC,chr6:26271273-26271773,-0.0111561012815827,0.0074265170822044,117,RidgeCV
pfc_to_hippocampus,pfc_to_hip_all_pfc_ridge_clock,ATAC,OPC,chr6:26272704-26273204,-0.0144932552043577,0.0106249787188918,21,RidgeCV
pfc_to_hippocampus,pfc_to_hip_all_pfc_ridge_clock,ATAC,OPC,chr6:27132684-27133184,-0.0176766910211823,0.0154474855917957,4,RidgeCV
pfc_to_hippocampus,pfc_to_hip_all_pfc_ridge_clock,ATAC,OPC,chr6:27146747-27147247,-0.0169625357398526,0.0151602459476014,5,RidgeCV
pfc_to_hippocampus,pfc_to_hip_all_pfc_ridge_clock,ATAC,OPC,chr6:27838229-27838729,-0.0093381698874377,0.0073649521030508,124,RidgeCV
pfc_to_hippocampus,pfc_to_hip_all_pfc_ridge_clock,ATAC,OPC,chr6:29005395-29005895,-0.0113811806819477,0.0082918083941008,73,RidgeCV
pfc_to_hippocampus,pfc_to_hip_all_pfc_ridge_clock,ATAC,OPC,chr6:35057965-35058465,0.0112784278533625,0.0086221284236803,63,RidgeCV
pfc_to_hippocampus,pfc_to_hip_all_pfc_ridge_clock,ATAC,OPC,chr6:35059828-35060328,0.0107942940948308,0.0089869873881823,49,RidgeCV
pfc_to_hippocampus,pfc_to_hip_all_pfc_ridge_clock,ATAC,OPC,chr6:35590528-35591028,0.0117547074949609,0.0095099227311502,35,RidgeCV
pfc_to_hippocampus,pfc_to_hip_all_pfc_ridge_clock,ATAC,OPC,chr6:39243775-39244275,0.010946861775287,0.0091434628906581,45,RidgeCV
pfc_to_hippocampus,pfc_to_hip_all_pfc_ridge_clock,ATAC,OPC,chr6:43686483-43686983,-0.0086913658984196,0.0068899483787581,171,RidgeCV
pfc_to_hippocampus,pfc_to_hip_all_pfc_ridge_clock,ATAC,OPC,chr6:55578878-55579378,-0.0086349826813216,0.0067389130141591,186,RidgeCV
pfc_to_hippocampus,pfc_to_hip_all_pfc_ridge_clock,ATAC,OPC,chr6:5996081-5996581,0.0106232568255368,0.0086489754374544,61,RidgeCV
pfc_to_hippocampus,pfc_to_hip_all_pfc_ridge_clock,ATAC,OPC,chr6:5996696-5997196,0.009524182576874,0.0066450312183143,199,RidgeCV
pfc_to_hippocampus,pfc_to_hip_all_pfc_ridge_clock,ATAC,OPC,chr6:6007300-6007800,0.0115587796299362,0.0082752793572229,74,RidgeCV
pfc_to_hippocampus,pfc_to_hip_all_pfc_ridge_clock,ATAC,OPC,chr6:6008563-6009063,0.0157324655628364,0.0131066936780207,8,RidgeCV
pfc_to_hippocampus,pfc_to_hip_all_pfc_ridge_clock,ATAC,OPC,chr7:134105858-134106358,-0.0082146060929638,0.0081939299607208,77,RidgeCV
pfc_to_hippocampus,pfc_to_hip_all_pfc_ridge_clock,ATAC,OPC,chr7:151743591-151744091,0.0147515459559407,0.0119981414504118,11,RidgeCV
pfc_to_hippocampus,pfc_to_hip_all_pfc_ridge_clock,ATAC,OPC,chr7:158878215-158878715,0.0149848982690324,0.0116021899960927,12,RidgeCV
pfc_to_hippocampus,pfc_to_hip_all_pfc_ridge_clock,ATAC,OPC,chr7:159025005-159025505,0.0131726080317786,0.0092242516300223,42,RidgeCV
pfc_to_hippocampus,pfc_to_hip_all_pfc_ridge_clock,ATAC,OPC,chr7:159084244-159084744,0.0126455120269886,0.0092014218855813,44,RidgeCV
pfc_to_hippocampus,pfc_to_hip_all_pfc_ridge_clock,ATAC,OPC,chr7:159141525-159142025,0.0122972672572539,0.0075743177893111,108,RidgeCV
pfc_to_hippocampus,pfc_to_hip_all_pfc_ridge_clock,ATAC,OPC,chr7:38978544-38979044,0.0122021844725302,0.0083649623968133,71,RidgeCV
pfc_to_hippocampus,pfc_to_hip_all_pfc_ridge_clock,ATAC,OPC,chr7:39091882-39092382,0.0089938717065054,0.0070887568587303,156,RidgeCV
pfc_to_hippocampus,pfc_to_hip_all_pfc_ridge_clock,ATAC,OPC,chr7:39095844-39096344,0.0106274686475818,0.0070561489584992,159,RidgeCV
pfc_to_hippocampus,pfc_to_hip_all_pfc_ridge_clock,ATAC,OPC,chr7:41696368-41696868,0.0105311228418239,0.0072633531283008,134,RidgeCV
pfc_to_hippocampus,pfc_to_hip_all_pfc_ridge_clock,ATAC,OPC,chr7:650542-651042,0.0117732291511043,0.0086492730541247,60,RidgeCV
pfc_to_hippocampus,pfc_to_hip_all_pfc_ridge_clock,ATAC,OPC,chr7:768769-769269,0.0096927040134474,0.0070530596798764,160,RidgeCV
pfc_to_hippocampus,pfc_to_hip_all_pfc_ridge_clock,ATAC,OPC,chr7:98178272-98178772,0.0107469520663406,0.0077136650765541,99,RidgeCV
pfc_to_hippocampus,pfc_to_hip_all_pfc_ridge_clock,ATAC,OPC,chr7:99975927-99976427,0.0115856264704605,0.010010085802507,28,RidgeCV
pfc_to_hippocampus,pfc_to_hip_all_pfc_ridge_clock,ATAC,OPC,chr8:10772200-10772700,-0.0113957460424691,0.0075294155298903,109,RidgeCV
pfc_to_hippocampus,pfc_to_hip_all_pfc_ridge_clock,ATAC,OPC,chr8:109586173-109586673,-0.0116448178071133,0.0088325032884728,54,RidgeCV
pfc_to_hippocampus,pfc_to_hip_all_pfc_ridge_clock,ATAC,OPC,chr8:11361637-11362137,0.0107315452346513,0.0077000366590315,100,RidgeCV
pfc_to_hippocampus,pfc_to_hip_all_pfc_ridge_clock,ATAC,OPC,chr8:115585599-115586099,0.0102626686972341,0.0074028441626799,120,RidgeCV
pfc_to_hippocampus,pfc_to_hip_all_pfc_ridge_clock,ATAC,OPC,chr8:115586831-115587331,0.0225512438050905,0.0191603536013323,1,RidgeCV
pfc_to_hippocampus,pfc_to_hip_all_pfc_ridge_clock,ATAC,OPC,chr8:133486136-133486636,0.011062084822565,0.0088921074954955,53,RidgeCV
pfc_to_hippocampus,pfc_to_hip_all_pfc_ridge_clock,ATAC,OPC,chr8:139215131-139215631,0.0096969958914702,0.007323531522667,127,RidgeCV
pfc_to_hippocampus,pfc_to_hip_all_pfc_ridge_clock,ATAC,OPC,chr8:25184416-25184916,0.0124780784150295,0.0092995966045358,41,RidgeCV
pfc_to_hippocampus,pfc_to_hip_all_pfc_ridge_clock,ATAC,OPC,chr8:25197097-25197597,0.0108698813445646,0.0089202307077154,52,RidgeCV
pfc_to_hippocampus,pfc_to_hip_all_pfc_ridge_clock,ATAC,OPC,chr8:25214673-25215173,0.008685544456003,0.0068625695274667,172,RidgeCV
pfc_to_hippocampus,pfc_to_hip_all_pfc_ridge_clock,ATAC,OPC,chr8:25260441-25260941,0.0103719281822772,0.0072420781253977,137,RidgeCV
pfc_to_hippocampus,pfc_to_hip_all_pfc_ridge_clock,ATAC,OPC,chr8:60967475-60967975,0.0127035871292138,0.0100860598073871,26,RidgeCV
pfc_to_hippocampus,pfc_to_hip_all_pfc_ridge_clock,ATAC,OPC,chr9:10774060-10774560,-0.011083117653238,0.0085981455018689,65,RidgeCV
pfc_to_hippocampus,pfc_to_hip_all_pfc_ridge_clock,ATAC,OPC,chr9:71121402-71121902,-0.0097064795200679,0.0075154609312403,110,RidgeCV
pfc_to_hippocampus,pfc_to_hip_all_pfc_ridge_clock,ATAC,OPC,chr9:84258269-84258769,0.0144037738038178,0.0112610287056589,15,RidgeCV
pfc_to_hippocampus,pfc_to_hip_all_pfc_ridge_clock,ATAC,OPC,chr9:93161721-93162221,-0.0093019666300115,0.0076680457619681,103,RidgeCV
pfc_to_hippocampus,pfc_to_hip_all_pfc_ridge_clock,ATAC,OPC,chrX:1781647-1782147,-0.009060196130399,0.0067682379187753,183,RidgeCV
pfc_to_hippocampus,pfc_to_hip_all_pfc_ridge_clock,ATAC,OPC,chrX:25002196-25002696,-0.0106262350298599,0.0073100735314209,128,RidgeCV
pfc_to_hippocampus,pfc_to_hip_all_pfc_ridge_clock,ATAC,OPC,chrX:25004396-25004896,-0.0103994124309599,0.0072353785616809,138,RidgeCV
pfc_to_hippocampus,pfc_to_hip_all_pfc_ridge_clock,ATAC,OPC,chrX:42627263-42627763,-0.0120276669534715,0.0107125789359738,19,RidgeCV
pfc_to_hippocampus,pfc_to_hip_all_pfc_ridge_clock,ATAC,OPC,chrX:42627766-42628266,-0.0103200447383049,0.0086502849296208,59,RidgeCV
pfc_to_hippocampus,pfc_to_hip_all_pfc_ridge_clock,ATAC,OPC,chrX:43615646-43616146,0.0105506065689126,0.0076690479679554,102,RidgeCV
pfc_to_hippocampus,pfc_to_hip_all_pfc_ridge_clock,ATAC,OPC,chrX:73850971-73851471,0.0054385569870832,0.0072198153109818,143,RidgeCV
pfc_to_hippocampus,pfc_to_hip_all_pfc_ridge_clock,ATAC,OPC,chrX:83507955-83508455,-0.0102988369714245,0.0078251900550223,94,RidgeCV
pfc_to_hippocampus,pfc_to_hip_all_pfc_ridge_clock,ATAC,OPC,chrY:12662004-12662504,-0.0063974326424754,0.0078927102056788,91,RidgeCV
pfc_to_hippocampus,pfc_to_hip_all_pfc_ridge_clock,ATAC,OPC,chrY:12904518-12905018,-0.0068469617149071,0.0098179900075628,31,RidgeCV
pfc_to_hippocampus,pfc_to_hip_all_pfc_ridge_clock,ATAC,OPC,chrY:13479801-13480301,-0.008304559305872,0.0113257629587987,13,RidgeCV
pfc_to_hippocampus,pfc_to_hip_all_pfc_ridge_clock,ATAC,OPC,chrY:13703592-13704092,-0.0059173549779179,0.0086178469527707,64,RidgeCV
pfc_to_hippocampus,pfc_to_hip_all_pfc_ridge_clock,ATAC,OPC,chrY:15455938-15456438,-0.0090771602965621,0.0069337493541099,167,RidgeCV
pfc_to_hippocampus,pfc_to_hip_all_pfc_ridge_clock,ATAC,OPC,chrY:18997804-18998304,-0.005491781733699,0.0075053978378386,111,RidgeCV
pfc_to_hippocampus,pfc_to_hip_all_pfc_ridge_clock,ATAC,OPC,chrY:19077287-19077787,-0.0073455023493757,0.0097820692394188,32,RidgeCV
pfc_to_hippocampus,pfc_to_hip_all_pfc_ridge_clock,ATAC,OPC,chrY:19567031-19567531,-0.0070652973777065,0.0099947682907234,29,RidgeCV
pfc_to_hippocampus,pfc_to_hip_all_pfc_ridge_clock,ATAC,OPC,chrY:20575423-20575923,-0.0068745807373007,0.0101808447270209,25,RidgeCV
pfc_to_hippocampus,pfc_to_hip_all_pfc_ridge_clock,ATAC,OPC,chrY:2935745-2936245,-0.007213713147403,0.0111373474979532,16,RidgeCV
pfc_to_hippocampus,pfc_to_hip_all_pfc_ridge_clock,ATAC,OPC,chrY:7725753-7726253,-0.0055309545469659,0.0076956984767627,101,RidgeCV
