project,clock_name,modality,cell_type,feature,coefficient,importance,rank,model_type
pfc_to_hypo,pfc_to_hypo_all_pfc_ridge_clock,ATAC,All_cells,chr10:117094769-117095269,0.0355921193406269,0.0230676513046717,140,RidgeCV
pfc_to_hypo,pfc_to_hypo_all_pfc_ridge_clock,ATAC,All_cells,chr10:117162861-117163361,0.0482430154562989,0.0220204382240959,178,RidgeCV
pfc_to_hypo,pfc_to_hypo_all_pfc_ridge_clock,ATAC,All_cells,chr10:121224431-121224931,-0.0534790560289945,0.0272479430335413,67,RidgeCV
pfc_to_hypo,pfc_to_hypo_all_pfc_ridge_clock,ATAC,All_cells,chr10:123665779-123666279,-0.0511178942030886,0.025494320460319,87,RidgeCV
pfc_to_hypo,pfc_to_hypo_all_pfc_ridge_clock,ATAC,All_cells,chr10:123667507-123668007,-0.0638806147884313,0.0272801166489603,63,RidgeCV
pfc_to_hypo,pfc_to_hypo_all_pfc_ridge_clock,ATAC,All_cells,chr10:123706182-123706682,-0.0472334392921146,0.0217742390451914,186,RidgeCV
pfc_to_hypo,pfc_to_hypo_all_pfc_ridge_clock,ATAC,All_cells,chr10:23293094-23293594,0.0520047234453069,0.0240516036000431,114,RidgeCV
pfc_to_hypo,pfc_to_hypo_all_pfc_ridge_clock,ATAC,All_cells,chr10:60978339-60978839,-0.0538284373247307,0.0310402414266423,33,RidgeCV
pfc_to_hypo,pfc_to_hypo_all_pfc_ridge_clock,ATAC,All_cells,chr10:63872259-63872759,0.0704513693806703,0.0309872446058461,34,RidgeCV
pfc_to_hypo,pfc_to_hypo_all_pfc_ridge_clock,ATAC,All_cells,chr10:69968779-69969279,0.0620222507333387,0.0225108549615734,158,RidgeCV
pfc_to_hypo,pfc_to_hypo_all_pfc_ridge_clock,ATAC,All_cells,chr10:75788296-75788796,0.0507185441310507,0.0222194907658554,168,RidgeCV
pfc_to_hypo,pfc_to_hypo_all_pfc_ridge_clock,ATAC,All_cells,chr10:8053261-8053761,-0.0633997755538302,0.027467872815609,61,RidgeCV
pfc_to_hypo,pfc_to_hypo_all_pfc_ridge_clock,ATAC,All_cells,chr10:97583941-97584441,0.0459541489628782,0.0253675383945007,90,RidgeCV
pfc_to_hypo,pfc_to_hypo_all_pfc_ridge_clock,ATAC,All_cells,chr1:10779155-10779655,0.0710791726251751,0.0400293134075088,10,RidgeCV
pfc_to_hypo,pfc_to_hypo_all_pfc_ridge_clock,ATAC,All_cells,chr1:10788570-10789070,0.070861544783773,0.0359431985297867,13,RidgeCV
pfc_to_hypo,pfc_to_hypo_all_pfc_ridge_clock,ATAC,All_cells,chr1:109687486-109687986,0.0838485980028809,0.1170212958574082,0,RidgeCV
pfc_to_hypo,pfc_to_hypo_all_pfc_ridge_clock,ATAC,All_cells,chr1:109689913-109690413,0.0342314320933114,0.0307808195379282,37,RidgeCV
pfc_to_hypo,pfc_to_hypo_all_pfc_ridge_clock,ATAC,All_cells,chr1:109711944-109712444,-0.0746408777253399,0.0342746158372408,21,RidgeCV
pfc_to_hypo,pfc_to_hypo_all_pfc_ridge_clock,ATAC,All_cells,chr11:130510307-130510807,-0.0617675372597757,0.0294800326704683,43,RidgeCV
pfc_to_hypo,pfc_to_hypo_all_pfc_ridge_clock,ATAC,All_cells,chr11:14417602-14418102,-0.0512520095814406,0.0238756475948211,118,RidgeCV
pfc_to_hypo,pfc_to_hypo_all_pfc_ridge_clock,ATAC,All_cells,chr11:1760352-1760852,0.0697918574624857,0.0295277255212935,42,RidgeCV
pfc_to_hypo,pfc_to_hypo_all_pfc_ridge_clock,ATAC,All_cells,chr11:19539799-19540299,0.0492678002167322,0.0343125057435948,20,RidgeCV
pfc_to_hypo,pfc_to_hypo_all_pfc_ridge_clock,ATAC,All_cells,chr11:35166702-35167202,0.0367047389296055,0.0228901238025002,144,RidgeCV
pfc_to_hypo,pfc_to_hypo_all_pfc_ridge_clock,ATAC,All_cells,chr11:45658540-45659040,0.0436814251078644,0.0221802884075517,170,RidgeCV
pfc_to_hypo,pfc_to_hypo_all_pfc_ridge_clock,ATAC,All_cells,chr1:156177922-156178422,-0.0581973103823256,0.0283565679004406,54,RidgeCV
pfc_to_hypo,pfc_to_hypo_all_pfc_ridge_clock,ATAC,All_cells,chr1:162011373-162011873,-0.0593983707548074,0.0218229519650447,184,RidgeCV
pfc_to_hypo,pfc_to_hypo_all_pfc_ridge_clock,ATAC,All_cells,chr1:171817619-171818119,0.0379247987787364,0.0215557453798584,199,RidgeCV
pfc_to_hypo,pfc_to_hypo_all_pfc_ridge_clock,ATAC,All_cells,chr11:73576242-73576742,-0.0437878525100165,0.0220667310710356,176,RidgeCV
pfc_to_hypo,pfc_to_hypo_all_pfc_ridge_clock,ATAC,All_cells,chr1:181437097-181437597,-0.0464743390643831,0.0231443016217118,137,RidgeCV
pfc_to_hypo,pfc_to_hypo_all_pfc_ridge_clock,ATAC,All_cells,chr1:199287599-199288099,-0.0517974124907071,0.0220526574429239,177,RidgeCV
pfc_to_hypo,pfc_to_hypo_all_pfc_ridge_clock,ATAC,All_cells,chr1:201591318-201591818,-0.0672415836156626,0.0231690509374154,136,RidgeCV
pfc_to_hypo,pfc_to_hypo_all_pfc_ridge_clock,ATAC,All_cells,chr1:212540061-212540561,0.0518361038458363,0.0270053630705388,69,RidgeCV
pfc_to_hypo,pfc_to_hypo_all_pfc_ridge_clock,ATAC,All_cells,chr12:14249300-14249800,0.0723523491678795,0.0434008377415468,9,RidgeCV
pfc_to_hypo,pfc_to_hypo_all_pfc_ridge_clock,ATAC,All_cells,chr1:221263721-221264221,0.0522990850038767,0.0232335263377145,134,RidgeCV
pfc_to_hypo,pfc_to_hypo_all_pfc_ridge_clock,ATAC,All_cells,chr1:221440576-221441076,0.0586615987922954,0.026550290182778,79,RidgeCV
pfc_to_hypo,pfc_to_hypo_all_pfc_ridge_clock,ATAC,All_cells,chr1:230153559-230154059,0.0449219899143122,0.0246881532263191,101,RidgeCV
pfc_to_hypo,pfc_to_hypo_all_pfc_ridge_clock,ATAC,All_cells,chr12:3125673-3126173,-0.0361155631484406,0.0223002797573505,163,RidgeCV
pfc_to_hypo,pfc_to_hypo_all_pfc_ridge_clock,ATAC,All_cells,chr1:233209380-233209880,-0.0477987837715954,0.0223435664144237,162,RidgeCV
pfc_to_hypo,pfc_to_hypo_all_pfc_ridge_clock,ATAC,All_cells,chr12:40794037-40794537,-0.0490479954014781,0.0221487723408514,172,RidgeCV
pfc_to_hypo,pfc_to_hypo_all_pfc_ridge_clock,ATAC,All_cells,chr1:24930107-24930607,0.0547470440028375,0.0216899039468282,189,RidgeCV
pfc_to_hypo,pfc_to_hypo_all_pfc_ridge_clock,ATAC,All_cells,chr1:26391366-26391866,-0.0533269324809992,0.0254760347450286,88,RidgeCV
pfc_to_hypo,pfc_to_hypo_all_pfc_ridge_clock,ATAC,All_cells,chr12:84912557-84913057,0.0876751634334397,0.0216437263070754,192,RidgeCV
pfc_to_hypo,pfc_to_hypo_all_pfc_ridge_clock,ATAC,All_cells,chr12:93079334-93079834,-0.0433995116398108,0.0245334203158547,105,RidgeCV
pfc_to_hypo,pfc_to_hypo_all_pfc_ridge_clock,ATAC,All_cells,chr12:95739782-95740282,0.0536705450627023,0.0282180426712934,55,RidgeCV
pfc_to_hypo,pfc_to_hypo_all_pfc_ridge_clock,ATAC,All_cells,chr13:106415882-106416382,0.0501075025704169,0.0225043014480429,159,RidgeCV
pfc_to_hypo,pfc_to_hypo_all_pfc_ridge_clock,ATAC,All_cells,chr1:31215933-31216433,0.0568117079917551,0.0305831553705835,38,RidgeCV
pfc_to_hypo,pfc_to_hypo_all_pfc_ridge_clock,ATAC,All_cells,chr1:31218659-31219159,0.0918935024078165,0.076766758218469,2,RidgeCV
pfc_to_hypo,pfc_to_hypo_all_pfc_ridge_clock,ATAC,All_cells,chr1:31239609-31240109,0.0658102930811057,0.0250000092555259,97,RidgeCV
pfc_to_hypo,pfc_to_hypo_all_pfc_ridge_clock,ATAC,All_cells,chr13:44243197-44243697,0.0452618031786831,0.0275062893933152,60,RidgeCV
pfc_to_hypo,pfc_to_hypo_all_pfc_ridge_clock,ATAC,All_cells,chr13:50687501-50688001,0.0537753730676906,0.0232875023790902,132,RidgeCV
pfc_to_hypo,pfc_to_hypo_all_pfc_ridge_clock,ATAC,All_cells,chr1:38034861-38035361,0.056651486695207,0.0227119018081491,152,RidgeCV
pfc_to_hypo,pfc_to_hypo_all_pfc_ridge_clock,ATAC,All_cells,chr14:35366061-35366561,0.0598419271002069,0.0326516574522861,26,RidgeCV
pfc_to_hypo,pfc_to_hypo_all_pfc_ridge_clock,ATAC,All_cells,chr14:75354590-75355090,-0.0653721931168358,0.0239604622191764,116,RidgeCV
pfc_to_hypo,pfc_to_hypo_all_pfc_ridge_clock,ATAC,All_cells,chr14:80723566-80724066,-0.0534194935897537,0.0272655337508782,65,RidgeCV
pfc_to_hypo,pfc_to_hypo_all_pfc_ridge_clock,ATAC,All_cells,chr14:89603998-89604498,-0.0744347731168176,0.0269803910097155,70,RidgeCV
pfc_to_hypo,pfc_to_hypo_all_pfc_ridge_clock,ATAC,All_cells,chr1:50417061-50417561,-0.0683421320076539,0.0221582034202759,171,RidgeCV
pfc_to_hypo,pfc_to_hypo_all_pfc_ridge_clock,ATAC,All_cells,chr1:50423269-50423769,-0.060657424594439,0.0347419287055503,18,RidgeCV
pfc_to_hypo,pfc_to_hypo_all_pfc_ridge_clock,ATAC,All_cells,chr15:31483425-31483925,-0.0594112157881497,0.0227663520836107,150,RidgeCV
pfc_to_hypo,pfc_to_hypo_all_pfc_ridge_clock,ATAC,All_cells,chr15:32838789-32839289,0.0425671694282424,0.0230350849439684,141,RidgeCV
pfc_to_hypo,pfc_to_hypo_all_pfc_ridge_clock,ATAC,All_cells,chr1:53455052-53455552,-0.0627391686518058,0.0246330345736722,102,RidgeCV
pfc_to_hypo,pfc_to_hypo_all_pfc_ridge_clock,ATAC,All_cells,chr1:54581601-54582101,0.043173386906088,0.0221961150457698,169,RidgeCV
pfc_to_hypo,pfc_to_hypo_all_pfc_ridge_clock,ATAC,All_cells,chr15:61712170-61712670,0.0534261093118006,0.0219321340811351,183,RidgeCV
pfc_to_hypo,pfc_to_hypo_all_pfc_ridge_clock,ATAC,All_cells,chr1:56287742-56288242,-0.0553547459633106,0.0219945815433735,180,RidgeCV
pfc_to_hypo,pfc_to_hypo_all_pfc_ridge_clock,ATAC,All_cells,chr15:68668126-68668626,-0.0474425302879228,0.0269353917876448,74,RidgeCV
pfc_to_hypo,pfc_to_hypo_all_pfc_ridge_clock,ATAC,All_cells,chr16:10126715-10127215,0.0768138190416415,0.0261071682789476,80,RidgeCV
pfc_to_hypo,pfc_to_hypo_all_pfc_ridge_clock,ATAC,All_cells,chr16:24845670-24846170,0.05536143478518,0.0350203875597388,16,RidgeCV
pfc_to_hypo,pfc_to_hypo_all_pfc_ridge_clock,ATAC,All_cells,chr16:28538825-28539325,0.1042062101036705,0.0472457467639166,6,RidgeCV
pfc_to_hypo,pfc_to_hypo_all_pfc_ridge_clock,ATAC,All_cells,chr16:29825456-29825956,0.0417135299274015,0.0216872709100692,190,RidgeCV
pfc_to_hypo,pfc_to_hypo_all_pfc_ridge_clock,ATAC,All_cells,chr16:51114356-51114856,0.0488968040824428,0.0225265435228171,157,RidgeCV
pfc_to_hypo,pfc_to_hypo_all_pfc_ridge_clock,ATAC,All_cells,chr16:54720107-54720607,-0.0547202268028804,0.0215725330091687,197,RidgeCV
pfc_to_hypo,pfc_to_hypo_all_pfc_ridge_clock,ATAC,All_cells,chr16:5922677-5923177,-0.051569467860416,0.0222769806047559,166,RidgeCV
pfc_to_hypo,pfc_to_hypo_all_pfc_ridge_clock,ATAC,All_cells,chr16:5928650-5929150,-0.0465007468428193,0.0259450307107551,81,RidgeCV
pfc_to_hypo,pfc_to_hypo_all_pfc_ridge_clock,ATAC,All_cells,chr16:65574265-65574765,-0.0457157623325942,0.0228167658879131,147,RidgeCV
pfc_to_hypo,pfc_to_hypo_all_pfc_ridge_clock,ATAC,All_cells,chr16:71767477-71767977,0.0493113476443475,0.0245705049953812,103,RidgeCV
pfc_to_hypo,pfc_to_hypo_all_pfc_ridge_clock,ATAC,All_cells,chr16:71768047-71768547,0.0540145591877765,0.0226973448471536,153,RidgeCV
pfc_to_hypo,pfc_to_hypo_all_pfc_ridge_clock,ATAC,All_cells,chr16:79592112-79592612,0.0854479228857044,0.0293900715843834,44,RidgeCV
pfc_to_hypo,pfc_to_hypo_all_pfc_ridge_clock,ATAC,All_cells,chr16:8047663-8048163,-0.0665069537459005,0.0595641547352886,3,RidgeCV
pfc_to_hypo,pfc_to_hypo_all_pfc_ridge_clock,ATAC,All_cells,chr16:87132567-87133067,0.0405443608528476,0.024336973504843,108,RidgeCV
pfc_to_hypo,pfc_to_hypo_all_pfc_ridge_clock,ATAC,All_cells,chr16:89201648-89202148,-0.0731102524957099,0.0326062872017013,27,RidgeCV
pfc_to_hypo,pfc_to_hypo_all_pfc_ridge_clock,ATAC,All_cells,chr17:36103475-36103975,-0.0682317219050449,0.0319337750259398,31,RidgeCV
pfc_to_hypo,pfc_to_hypo_all_pfc_ridge_clock,ATAC,All_cells,chr17:49403803-49404303,0.0536079582678136,0.0292974943263235,46,RidgeCV
pfc_to_hypo,pfc_to_hypo_all_pfc_ridge_clock,ATAC,All_cells,chr17:55674100-55674600,-0.0541589365234175,0.0233288620049399,129,RidgeCV
pfc_to_hypo,pfc_to_hypo_all_pfc_ridge_clock,ATAC,All_cells,chr17:79812856-79813356,-0.0644891631775012,0.0242940575914228,110,RidgeCV
pfc_to_hypo,pfc_to_hypo_all_pfc_ridge_clock,ATAC,All_cells,chr17:79813399-79813899,-0.062508170752445,0.0240122878942184,115,RidgeCV
pfc_to_hypo,pfc_to_hypo_all_pfc_ridge_clock,ATAC,All_cells,chr17:9842282-9842782,0.0559047367653602,0.0233249136956772,130,RidgeCV
pfc_to_hypo,pfc_to_hypo_all_pfc_ridge_clock,ATAC,All_cells,chr18:40198930-40199430,-0.0524715223509688,0.026966931878394,72,RidgeCV
pfc_to_hypo,pfc_to_hypo_all_pfc_ridge_clock,ATAC,All_cells,chr18:52395090-52395590,0.0712921177179652,0.0379911664391869,11,RidgeCV
pfc_to_hypo,pfc_to_hypo_all_pfc_ridge_clock,ATAC,All_cells,chr18:58043916-58044416,-0.1006882537427566,0.0266481455695297,78,RidgeCV
pfc_to_hypo,pfc_to_hypo_all_pfc_ridge_clock,ATAC,All_cells,chr18:58097064-58097564,-0.0790413237499383,0.0269780391283662,71,RidgeCV
pfc_to_hypo,pfc_to_hypo_all_pfc_ridge_clock,ATAC,All_cells,chr18:62621418-62621918,0.0823338014914313,0.0245443361523651,104,RidgeCV
pfc_to_hypo,pfc_to_hypo_all_pfc_ridge_clock,ATAC,All_cells,chr18:7460069-7460569,0.0599346253913633,0.028815640766375,50,RidgeCV
pfc_to_hypo,pfc_to_hypo_all_pfc_ridge_clock,ATAC,All_cells,chr18:77522060-77522560,-0.0655806586637974,0.0259369631427007,83,RidgeCV
pfc_to_hypo,pfc_to_hypo_all_pfc_ridge_clock,ATAC,All_cells,chr18:78138856-78139356,-0.0418653848639887,0.0272488425654588,66,RidgeCV
pfc_to_hypo,pfc_to_hypo_all_pfc_ridge_clock,ATAC,All_cells,chr1:9181224-9181724,0.0720841213538808,0.0220784653960178,175,RidgeCV
pfc_to_hypo,pfc_to_hypo_all_pfc_ridge_clock,ATAC,All_cells,chr1:9182883-9183383,0.0871098014212407,0.0259449306667307,82,RidgeCV
pfc_to_hypo,pfc_to_hypo_all_pfc_ridge_clock,ATAC,All_cells,chr19:19514140-19514640,-0.0781232431064544,0.024215893707493,113,RidgeCV
pfc_to_hypo,pfc_to_hypo_all_pfc_ridge_clock,ATAC,All_cells,chr19:2101329-2101829,0.0584653762726809,0.0271485589133289,68,RidgeCV
pfc_to_hypo,pfc_to_hypo_all_pfc_ridge_clock,ATAC,All_cells,chr19:35126472-35126972,0.0547371146475745,0.0275434378164015,59,RidgeCV
pfc_to_hypo,pfc_to_hypo_all_pfc_ridge_clock,ATAC,All_cells,chr19:48398598-48399098,-0.0838898465079569,0.0280270648642633,57,RidgeCV
pfc_to_hypo,pfc_to_hypo_all_pfc_ridge_clock,ATAC,All_cells,chr19:56980889-56981389,-0.0492475226887277,0.0227734631827466,149,RidgeCV
pfc_to_hypo,pfc_to_hypo_all_pfc_ridge_clock,ATAC,All_cells,chr19:5827889-5828389,-0.119661271907223,0.0582414431446076,4,RidgeCV
pfc_to_hypo,pfc_to_hypo_all_pfc_ridge_clock,ATAC,All_cells,chr1:99648048-99648548,-0.0587857460634925,0.021749357731026,187,RidgeCV
pfc_to_hypo,pfc_to_hypo_all_pfc_ridge_clock,ATAC,All_cells,chr20:20161509-20162009,-0.0667696216977008,0.0326548923224351,25,RidgeCV
pfc_to_hypo,pfc_to_hypo_all_pfc_ridge_clock,ATAC,All_cells,chr20:45348180-45348680,0.0514774726799226,0.0273350824907024,62,RidgeCV
pfc_to_hypo,pfc_to_hypo_all_pfc_ridge_clock,ATAC,All_cells,chr20:57875876-57876376,-0.0716601758242143,0.0361766995311732,12,RidgeCV
pfc_to_hypo,pfc_to_hypo_all_pfc_ridge_clock,ATAC,All_cells,chr20:58775234-58775734,-0.0653610844481024,0.0249727194478828,99,RidgeCV
pfc_to_hypo,pfc_to_hypo_all_pfc_ridge_clock,ATAC,All_cells,chr2:160365850-160366350,-0.0878165395029515,0.0298975152310048,40,RidgeCV
pfc_to_hypo,pfc_to_hypo_all_pfc_ridge_clock,ATAC,All_cells,chr2:165648801-165649301,-0.0825588084438667,0.0323741185659455,28,RidgeCV
pfc_to_hypo,pfc_to_hypo_all_pfc_ridge_clock,ATAC,All_cells,chr2:169362379-169362879,0.0388915364131033,0.0234980632963418,128,RidgeCV
pfc_to_hypo,pfc_to_hypo_all_pfc_ridge_clock,ATAC,All_cells,chr2:217905312-217905812,0.044131107397309,0.0257302120720269,85,RidgeCV
pfc_to_hypo,pfc_to_hypo_all_pfc_ridge_clock,ATAC,All_cells,chr2:217918651-217919151,0.044987514615258,0.021573517117228,196,RidgeCV
pfc_to_hypo,pfc_to_hypo_all_pfc_ridge_clock,ATAC,All_cells,chr22:27609349-27609849,0.0474067908798407,0.0320871608674477,29,RidgeCV
pfc_to_hypo,pfc_to_hypo_all_pfc_ridge_clock,ATAC,All_cells,chr22:27673760-27674260,0.0363483642181956,0.0236948001741788,123,RidgeCV
pfc_to_hypo,pfc_to_hypo_all_pfc_ridge_clock,ATAC,All_cells,chr2:231017114-231017614,-0.0593839907177485,0.028035104486225,56,RidgeCV
pfc_to_hypo,pfc_to_hypo_all_pfc_ridge_clock,ATAC,All_cells,chr22:44698978-44699478,-0.0645430915559935,0.0229403218596658,143,RidgeCV
pfc_to_hypo,pfc_to_hypo_all_pfc_ridge_clock,ATAC,All_cells,chr2:25161365-25161865,-0.0687918207692611,0.0251263038404395,93,RidgeCV
pfc_to_hypo,pfc_to_hypo_all_pfc_ridge_clock,ATAC,All_cells,chr2:26842970-26843470,-0.0489958833373979,0.0286231523393796,52,RidgeCV
pfc_to_hypo,pfc_to_hypo_all_pfc_ridge_clock,ATAC,All_cells,chr2:30239891-30240391,-0.0743219846838443,0.0290818367694232,48,RidgeCV
pfc_to_hypo,pfc_to_hypo_all_pfc_ridge_clock,ATAC,All_cells,chr2:38960203-38960703,-0.092584462884278,0.0243049168249069,109,RidgeCV
pfc_to_hypo,pfc_to_hypo_all_pfc_ridge_clock,ATAC,All_cells,chr2:39715078-39715578,-0.0361962255827482,0.0221257565752337,173,RidgeCV
pfc_to_hypo,pfc_to_hypo_all_pfc_ridge_clock,ATAC,All_cells,chr2:41940395-41940895,-0.0602091809370268,0.0252384047562499,92,RidgeCV
pfc_to_hypo,pfc_to_hypo_all_pfc_ridge_clock,ATAC,All_cells,chr2:66447668-66448168,-0.0361390746834806,0.0222823382778009,165,RidgeCV
pfc_to_hypo,pfc_to_hypo_all_pfc_ridge_clock,ATAC,All_cells,chr2:9258841-9259341,0.0562380732493278,0.0215603468130825,198,RidgeCV
pfc_to_hypo,pfc_to_hypo_all_pfc_ridge_clock,ATAC,All_cells,chr2:9297789-9298289,0.0517427628477596,0.0222980736410004,164,RidgeCV
pfc_to_hypo,pfc_to_hypo_all_pfc_ridge_clock,ATAC,All_cells,chr3:107853768-107854268,-0.0553631586801816,0.0238326761317578,120,RidgeCV
pfc_to_hypo,pfc_to_hypo_all_pfc_ridge_clock,ATAC,All_cells,chr3:13559717-13560217,-0.065842617394827,0.02884943910621,49,RidgeCV
pfc_to_hypo,pfc_to_hypo_all_pfc_ridge_clock,ATAC,All_cells,chr3:152266568-152267068,0.0625800208626804,0.0227894811215412,148,RidgeCV
pfc_to_hypo,pfc_to_hypo_all_pfc_ridge_clock,ATAC,All_cells,chr3:178261138-178261638,0.0566302546689718,0.0243551967605936,106,RidgeCV
pfc_to_hypo,pfc_to_hypo_all_pfc_ridge_clock,ATAC,All_cells,chr3:187231310-187231810,-0.0544417011265188,0.0252708875790981,91,RidgeCV
pfc_to_hypo,pfc_to_hypo_all_pfc_ridge_clock,ATAC,All_cells,chr4:138217518-138218018,0.0462567984041678,0.0258479119758182,84,RidgeCV
pfc_to_hypo,pfc_to_hypo_all_pfc_ridge_clock,ATAC,All_cells,chr4:146063001-146063501,-0.0701898744238383,0.0250975374064678,94,RidgeCV
pfc_to_hypo,pfc_to_hypo_all_pfc_ridge_clock,ATAC,All_cells,chr4:23560629-23561129,-0.0465168700372585,0.0223551387799157,161,RidgeCV
pfc_to_hypo,pfc_to_hypo_all_pfc_ridge_clock,ATAC,All_cells,chr4:25592703-25593203,-0.0513076066990025,0.0242321183206477,112,RidgeCV
pfc_to_hypo,pfc_to_hypo_all_pfc_ridge_clock,ATAC,All_cells,chr4:2875495-2875995,0.0475681421938702,0.0293731584876849,45,RidgeCV
pfc_to_hypo,pfc_to_hypo_all_pfc_ridge_clock,ATAC,All_cells,chr4:38204630-38205130,0.0353072923642905,0.0224575202319731,160,RidgeCV
pfc_to_hypo,pfc_to_hypo_all_pfc_ridge_clock,ATAC,All_cells,chr4:46839028-46839528,0.0589088521293163,0.0243532131272196,107,RidgeCV
pfc_to_hypo,pfc_to_hypo_all_pfc_ridge_clock,ATAC,All_cells,chr4:56821399-56821899,0.0639874287409553,0.033090221335984,23,RidgeCV
pfc_to_hypo,pfc_to_hypo_all_pfc_ridge_clock,ATAC,All_cells,chr4:78707230-78707730,0.035566672421577,0.0215843833778161,195,RidgeCV
pfc_to_hypo,pfc_to_hypo_all_pfc_ridge_clock,ATAC,All_cells,chr5:131704648-131705148,-0.0586763500161709,0.0236558115775429,124,RidgeCV
pfc_to_hypo,pfc_to_hypo_all_pfc_ridge_clock,ATAC,All_cells,chr5:132268085-132268585,0.0536449741215767,0.0237137873100564,122,RidgeCV
pfc_to_hypo,pfc_to_hypo_all_pfc_ridge_clock,ATAC,All_cells,chr5:137254652-137255152,0.0409932499467708,0.0239318959384577,117,RidgeCV
pfc_to_hypo,pfc_to_hypo_all_pfc_ridge_clock,ATAC,All_cells,chr5:141420854-141421354,-0.05791127883603,0.0236112128541013,125,RidgeCV
pfc_to_hypo,pfc_to_hypo_all_pfc_ridge_clock,ATAC,All_cells,chr5:168589982-168590482,-0.0597255910128613,0.0269498675522978,73,RidgeCV
pfc_to_hypo,pfc_to_hypo_all_pfc_ridge_clock,ATAC,All_cells,chr5:170809494-170809994,-0.0795026937292476,0.0249140539110174,100,RidgeCV
pfc_to_hypo,pfc_to_hypo_all_pfc_ridge_clock,ATAC,All_cells,chr5:175032616-175033116,0.045308815686686,0.0219794145807517,181,RidgeCV
pfc_to_hypo,pfc_to_hypo_all_pfc_ridge_clock,ATAC,All_cells,chr5:33890043-33890543,-0.0659329658206127,0.0256069102077565,86,RidgeCV
pfc_to_hypo,pfc_to_hypo_all_pfc_ridge_clock,ATAC,All_cells,chr6:104940342-104940842,-0.0492894759558014,0.0272768095092343,64,RidgeCV
pfc_to_hypo,pfc_to_hypo_all_pfc_ridge_clock,ATAC,All_cells,chr6:11044066-11044566,-0.0614832964265926,0.0254003582726158,89,RidgeCV
pfc_to_hypo,pfc_to_hypo_all_pfc_ridge_clock,ATAC,All_cells,chr6:122347210-122347710,0.0556127541729808,0.0228496541410735,145,RidgeCV
pfc_to_hypo,pfc_to_hypo_all_pfc_ridge_clock,ATAC,All_cells,chr6:1311683-1312183,-0.0357867218678004,0.02282396977868,146,RidgeCV
pfc_to_hypo,pfc_to_hypo_all_pfc_ridge_clock,ATAC,All_cells,chr6:134468569-134469069,0.0609271558258831,0.0225532100146729,156,RidgeCV
pfc_to_hypo,pfc_to_hypo_all_pfc_ridge_clock,ATAC,All_cells,chr6:145012766-145013266,-0.0556071391675418,0.02161360914636,193,RidgeCV
pfc_to_hypo,pfc_to_hypo_all_pfc_ridge_clock,ATAC,All_cells,chr6:150751268-150751768,-0.042543609934902,0.022012263193402,179,RidgeCV
pfc_to_hypo,pfc_to_hypo_all_pfc_ridge_clock,ATAC,All_cells,chr6:151703266-151703766,-0.0686345049843949,0.0268093416117438,75,RidgeCV
pfc_to_hypo,pfc_to_hypo_all_pfc_ridge_clock,ATAC,All_cells,chr6:26224882-26225382,-0.1172309456592088,0.0470333390632734,7,RidgeCV
pfc_to_hypo,pfc_to_hypo_all_pfc_ridge_clock,ATAC,All_cells,chr6:31114915-31115415,0.0517091207944192,0.0291546117482192,47,RidgeCV
pfc_to_hypo,pfc_to_hypo_all_pfc_ridge_clock,ATAC,All_cells,chr6:35601865-35602365,0.0655474838240443,0.0359338290750098,14,RidgeCV
pfc_to_hypo,pfc_to_hypo_all_pfc_ridge_clock,ATAC,All_cells,chr6:37244631-37245131,0.0648348394511701,0.0308664424045859,35,RidgeCV
pfc_to_hypo,pfc_to_hypo_all_pfc_ridge_clock,ATAC,All_cells,chr6:73394575-73395075,-0.0529157186530984,0.025067486157794,95,RidgeCV
pfc_to_hypo,pfc_to_hypo_all_pfc_ridge_clock,ATAC,All_cells,chr6:96075754-96076254,-0.0675501858031572,0.023003897416893,142,RidgeCV
pfc_to_hypo,pfc_to_hypo_all_pfc_ridge_clock,ATAC,All_cells,chr7:116499398-116499898,0.0792593858960578,0.0232296062901604,135,RidgeCV
pfc_to_hypo,pfc_to_hypo_all_pfc_ridge_clock,ATAC,All_cells,chr7:116524579-116525079,0.0962047203795301,0.0249816870496051,98,RidgeCV
pfc_to_hypo,pfc_to_hypo_all_pfc_ridge_clock,ATAC,All_cells,chr7:116525999-116526499,0.0906004915879512,0.0315734785350603,32,RidgeCV
pfc_to_hypo,pfc_to_hypo_all_pfc_ridge_clock,ATAC,All_cells,chr7:131250201-131250701,0.06918879175861,0.0233104327845234,131,RidgeCV
pfc_to_hypo,pfc_to_hypo_all_pfc_ridge_clock,ATAC,All_cells,chr7:134705698-134706198,-0.0424618186173347,0.0217395329737666,188,RidgeCV
pfc_to_hypo,pfc_to_hypo_all_pfc_ridge_clock,ATAC,All_cells,chr7:137328296-137328796,-0.0414098674295796,0.0242362112687897,111,RidgeCV
pfc_to_hypo,pfc_to_hypo_all_pfc_ridge_clock,ATAC,All_cells,chr7:137354328-137354828,-0.0584650876991146,0.0227400005540858,151,RidgeCV
pfc_to_hypo,pfc_to_hypo_all_pfc_ridge_clock,ATAC,All_cells,chr7:139483535-139484035,-0.0494676894819445,0.0266955637728974,76,RidgeCV
pfc_to_hypo,pfc_to_hypo_all_pfc_ridge_clock,ATAC,All_cells,chr7:143836445-143836945,0.0505399092798342,0.0345294492490126,19,RidgeCV
pfc_to_hypo,pfc_to_hypo_all_pfc_ridge_clock,ATAC,All_cells,chr7:147571587-147572087,0.0724445402412331,0.0302568679862433,39,RidgeCV
pfc_to_hypo,pfc_to_hypo_all_pfc_ridge_clock,ATAC,All_cells,chr7:147639694-147640194,0.0783992519218896,0.0232683480915703,133,RidgeCV
pfc_to_hypo,pfc_to_hypo_all_pfc_ridge_clock,ATAC,All_cells,chr7:22302825-22303325,-0.0380747868263005,0.0216837789092689,191,RidgeCV
pfc_to_hypo,pfc_to_hypo_all_pfc_ridge_clock,ATAC,All_cells,chr7:25753334-25753834,0.0851380427726397,0.0250198690298639,96,RidgeCV
pfc_to_hypo,pfc_to_hypo_all_pfc_ridge_clock,ATAC,All_cells,chr7:25854995-25855495,0.1800978919766344,0.0895720679780287,1,RidgeCV
pfc_to_hypo,pfc_to_hypo_all_pfc_ridge_clock,ATAC,All_cells,chr7:25856877-25857377,0.0929584866607966,0.0352187874836874,15,RidgeCV
pfc_to_hypo,pfc_to_hypo_all_pfc_ridge_clock,ATAC,All_cells,chr7:98462865-98463365,-0.0576993334514254,0.0231035655348027,138,RidgeCV
pfc_to_hypo,pfc_to_hypo_all_pfc_ridge_clock,ATAC,All_cells,chr8:11449136-11449636,0.0630696904311088,0.0330798516693466,24,RidgeCV
pfc_to_hypo,pfc_to_hypo_all_pfc_ridge_clock,ATAC,All_cells,chr8:134753790-134754290,0.0658474858148739,0.0308207175711425,36,RidgeCV
pfc_to_hypo,pfc_to_hypo_all_pfc_ridge_clock,ATAC,All_cells,chr8:20277497-20277997,-0.0559906450413704,0.0220840325440371,174,RidgeCV
pfc_to_hypo,pfc_to_hypo_all_pfc_ridge_clock,ATAC,All_cells,chr8:27245309-27245809,-0.0412637992000706,0.0320586385470196,30,RidgeCV
pfc_to_hypo,pfc_to_hypo_all_pfc_ridge_clock,ATAC,All_cells,chr8:41158038-41158538,0.0507478668982181,0.0235417066812116,126,RidgeCV
pfc_to_hypo,pfc_to_hypo_all_pfc_ridge_clock,ATAC,All_cells,chr8:66022179-66022679,0.0706539370262489,0.0284212198827089,53,RidgeCV
pfc_to_hypo,pfc_to_hypo_all_pfc_ridge_clock,ATAC,All_cells,chr8:76672651-76673151,0.0561707006253751,0.0230960277284811,139,RidgeCV
pfc_to_hypo,pfc_to_hypo_all_pfc_ridge_clock,ATAC,All_cells,chr9:115393909-115394409,0.0546921856535019,0.0237151118180535,121,RidgeCV
pfc_to_hypo,pfc_to_hypo_all_pfc_ridge_clock,ATAC,All_cells,chr9:123355919-123356419,0.0348880835413246,0.0215930215346075,194,RidgeCV
pfc_to_hypo,pfc_to_hypo_all_pfc_ridge_clock,ATAC,All_cells,chr9:123358129-123358629,0.0502313084324447,0.0278278478168562,58,RidgeCV
pfc_to_hypo,pfc_to_hypo_all_pfc_ridge_clock,ATAC,All_cells,chr9:123368457-123368957,0.0392145307617952,0.0266602564463932,77,RidgeCV
pfc_to_hypo,pfc_to_hypo_all_pfc_ridge_clock,ATAC,All_cells,chr9:126952875-126953375,-0.0530874214459177,0.0219586251449678,182,RidgeCV
pfc_to_hypo,pfc_to_hypo_all_pfc_ridge_clock,ATAC,All_cells,chr9:130956309-130956809,-0.0554593621526514,0.0226142742834407,155,RidgeCV
pfc_to_hypo,pfc_to_hypo_all_pfc_ridge_clock,ATAC,All_cells,chr9:13431107-13431607,0.0492559326677628,0.023517768435083,127,RidgeCV
pfc_to_hypo,pfc_to_hypo_all_pfc_ridge_clock,ATAC,All_cells,chr9:89675153-89675653,0.0368682191620224,0.0217835294626752,185,RidgeCV
pfc_to_hypo,pfc_to_hypo_all_pfc_ridge_clock,ATAC,All_cells,chr9:99356524-99357024,0.0929290813581696,0.0297075747866209,41,RidgeCV
pfc_to_hypo,pfc_to_hypo_all_pfc_ridge_clock,ATAC,All_cells,chr9:99357500-99358000,0.0736533545046871,0.0238728326817903,119,RidgeCV
pfc_to_hypo,pfc_to_hypo_all_pfc_ridge_clock,ATAC,All_cells,chrX:131704118-131704618,0.0285701894789238,0.0349299194520821,17,RidgeCV
pfc_to_hypo,pfc_to_hypo_all_pfc_ridge_clock,ATAC,All_cells,chrX:131728579-131729079,0.0168464296385828,0.0222502626599663,167,RidgeCV
pfc_to_hypo,pfc_to_hypo_all_pfc_ridge_clock,ATAC,All_cells,chrX:131734610-131735110,0.0290060012144494,0.0287469628450471,51,RidgeCV
pfc_to_hypo,pfc_to_hypo_all_pfc_ridge_clock,ATAC,All_cells,chrX:131741103-131741603,0.0319437197386001,0.0434830285054217,8,RidgeCV
pfc_to_hypo,pfc_to_hypo_all_pfc_ridge_clock,ATAC,All_cells,chrX:131741702-131742202,0.0179229937970887,0.0226519459263081,154,RidgeCV
pfc_to_hypo,pfc_to_hypo_all_pfc_ridge_clock,ATAC,All_cells,chrX:131813067-131813567,0.0456003279628088,0.0339679870676736,22,RidgeCV
pfc_to_hypo,pfc_to_hypo_all_pfc_ridge_clock,ATAC,All_cells,chrX:73850971-73851471,0.0348473079671301,0.0538029141384872,5,RidgeCV
pfc_to_hypo,pfc_to_hypo_all_pfc_ridge_clock,ATAC,Astro,chr10:112535360-112535860,0.0327287807652857,0.0190578273973061,119,RidgeCV
pfc_to_hypo,pfc_to_hypo_all_pfc_ridge_clock,ATAC,Astro,chr10:117162861-117163361,0.0347589731120654,0.0198061712527229,101,RidgeCV
pfc_to_hypo,pfc_to_hypo_all_pfc_ridge_clock,ATAC,Astro,chr10:119378667-119379167,0.0410318672617777,0.0241233789653016,37,RidgeCV
pfc_to_hypo,pfc_to_hypo_all_pfc_ridge_clock,ATAC,Astro,chr10:119542559-119543059,-0.031832064587983,0.0198397903542978,100,RidgeCV
pfc_to_hypo,pfc_to_hypo_all_pfc_ridge_clock,ATAC,Astro,chr10:122063103-122063603,0.0313931967062963,0.0198433514527129,99,RidgeCV
pfc_to_hypo,pfc_to_hypo_all_pfc_ridge_clock,ATAC,Astro,chr10:122364054-122364554,-0.0325721611706759,0.0182318551549081,170,RidgeCV
pfc_to_hypo,pfc_to_hypo_all_pfc_ridge_clock,ATAC,Astro,chr10:132417063-132417563,0.035546454701514,0.0206625571422167,78,RidgeCV
pfc_to_hypo,pfc_to_hypo_all_pfc_ridge_clock,ATAC,Astro,chr10:32139291-32139791,0.0273535296202903,0.0204765843330792,81,RidgeCV
pfc_to_hypo,pfc_to_hypo_all_pfc_ridge_clock,ATAC,Astro,chr10:55410465-55410965,0.0288704052967464,0.0187398387290104,135,RidgeCV
pfc_to_hypo,pfc_to_hypo_all_pfc_ridge_clock,ATAC,Astro,chr10:70247439-70247939,0.0316726389106713,0.0182126074433962,171,RidgeCV
pfc_to_hypo,pfc_to_hypo_all_pfc_ridge_clock,ATAC,Astro,chr10:70272163-70272663,0.034498683981125,0.0210223926942127,73,RidgeCV
pfc_to_hypo,pfc_to_hypo_all_pfc_ridge_clock,ATAC,Astro,chr10:70283714-70284214,0.031165048152502,0.0193163473446813,110,RidgeCV
pfc_to_hypo,pfc_to_hypo_all_pfc_ridge_clock,ATAC,Astro,chr10:75409410-75409910,0.0419959427628945,0.0284878596352319,17,RidgeCV
pfc_to_hypo,pfc_to_hypo_all_pfc_ridge_clock,ATAC,Astro,chr10:77622796-77623296,0.0312033252219582,0.0181541965081317,174,RidgeCV
pfc_to_hypo,pfc_to_hypo_all_pfc_ridge_clock,ATAC,Astro,chr10:93465731-93466231,0.0277646128423799,0.0178980750539045,189,RidgeCV
pfc_to_hypo,pfc_to_hypo_all_pfc_ridge_clock,ATAC,Astro,chr1:109687486-109687986,0.0370372582575562,0.0479485577194408,0,RidgeCV
pfc_to_hypo,pfc_to_hypo_all_pfc_ridge_clock,ATAC,Astro,chr1:109689913-109690413,0.0229390245796984,0.0267951076071943,22,RidgeCV
pfc_to_hypo,pfc_to_hypo_all_pfc_ridge_clock,ATAC,Astro,chr1:110674754-110675254,-0.0295259731979521,0.0179938857243737,184,RidgeCV
pfc_to_hypo,pfc_to_hypo_all_pfc_ridge_clock,ATAC,Astro,chr11:114131330-114131830,-0.0325149980631138,0.0186754106353204,137,RidgeCV
pfc_to_hypo,pfc_to_hypo_all_pfc_ridge_clock,ATAC,Astro,chr11:117793519-117794019,-0.046531189909624,0.0304856550344284,12,RidgeCV
pfc_to_hypo,pfc_to_hypo_all_pfc_ridge_clock,ATAC,Astro,chr11:119709599-119710099,-0.0307131484582177,0.0185041107511694,145,RidgeCV
pfc_to_hypo,pfc_to_hypo_all_pfc_ridge_clock,ATAC,Astro,chr11:122882670-122883170,0.0298134019228334,0.0188809481036338,126,RidgeCV
pfc_to_hypo,pfc_to_hypo_all_pfc_ridge_clock,ATAC,Astro,chr11:134530698-134531198,-0.0340628314705038,0.0191350203403392,116,RidgeCV
pfc_to_hypo,pfc_to_hypo_all_pfc_ridge_clock,ATAC,Astro,chr11:15937581-15938081,0.0380725658400252,0.0236097335197395,40,RidgeCV
pfc_to_hypo,pfc_to_hypo_all_pfc_ridge_clock,ATAC,Astro,chr1:115959779-115960279,0.0397039351693907,0.0263500789933118,24,RidgeCV
pfc_to_hypo,pfc_to_hypo_all_pfc_ridge_clock,ATAC,Astro,chr1:116489256-116489756,0.0278603054521315,0.0184060784813761,152,RidgeCV
pfc_to_hypo,pfc_to_hypo_all_pfc_ridge_clock,ATAC,Astro,chr11:1748013-1748513,0.0323589851766675,0.0183414125282837,162,RidgeCV
pfc_to_hypo,pfc_to_hypo_all_pfc_ridge_clock,ATAC,Astro,chr11:60900993-60901493,0.0334536260682544,0.0236713741358236,39,RidgeCV
pfc_to_hypo,pfc_to_hypo_all_pfc_ridge_clock,ATAC,Astro,chr11:78706480-78706980,-0.0353617047459906,0.0202035517190789,89,RidgeCV
pfc_to_hypo,pfc_to_hypo_all_pfc_ridge_clock,ATAC,Astro,chr11:95559871-95560371,0.0337103442495671,0.0188613791109745,127,RidgeCV
pfc_to_hypo,pfc_to_hypo_all_pfc_ridge_clock,ATAC,Astro,chr1:205317500-205318000,0.0358886687213831,0.0203579322644174,85,RidgeCV
pfc_to_hypo,pfc_to_hypo_all_pfc_ridge_clock,ATAC,Astro,chr1:205319493-205319993,0.0430521824917452,0.0278602592049699,19,RidgeCV
pfc_to_hypo,pfc_to_hypo_all_pfc_ridge_clock,ATAC,Astro,chr1:207820822-207821322,0.0436027882237044,0.0265703727156113,23,RidgeCV
pfc_to_hypo,pfc_to_hypo_all_pfc_ridge_clock,ATAC,Astro,chr12:122875414-122875914,0.0336272433510759,0.0187921066635299,131,RidgeCV
pfc_to_hypo,pfc_to_hypo_all_pfc_ridge_clock,ATAC,Astro,chr1:21278239-21278739,0.0301492316122239,0.0209116536034723,74,RidgeCV
pfc_to_hypo,pfc_to_hypo_all_pfc_ridge_clock,ATAC,Astro,chr12:129483462-129483962,-0.0291296767676129,0.0184009734383014,153,RidgeCV
pfc_to_hypo,pfc_to_hypo_all_pfc_ridge_clock,ATAC,Astro,chr12:129983714-129984214,-0.0295797072725845,0.0199266789687632,95,RidgeCV
pfc_to_hypo,pfc_to_hypo_all_pfc_ridge_clock,ATAC,Astro,chr1:218494401-218494901,0.0389093583193439,0.0243511334285418,35,RidgeCV
pfc_to_hypo,pfc_to_hypo_all_pfc_ridge_clock,ATAC,Astro,chr12:21336567-21337067,0.0314725551423634,0.0199768398216518,93,RidgeCV
pfc_to_hypo,pfc_to_hypo_all_pfc_ridge_clock,ATAC,Astro,chr12:228094-228594,0.0298342992323832,0.0180190791381699,183,RidgeCV
pfc_to_hypo,pfc_to_hypo_all_pfc_ridge_clock,ATAC,Astro,chr12:3205062-3205562,-0.036940429945868,0.0235028515491826,41,RidgeCV
pfc_to_hypo,pfc_to_hypo_all_pfc_ridge_clock,ATAC,Astro,chr1:233613707-233614207,-0.0376038700680697,0.0251045671164989,30,RidgeCV
pfc_to_hypo,pfc_to_hypo_all_pfc_ridge_clock,ATAC,Astro,chr1:235649716-235650216,-0.0384434870665926,0.0259758386455668,25,RidgeCV
pfc_to_hypo,pfc_to_hypo_all_pfc_ridge_clock,ATAC,Astro,chr12:57235179-57235679,-0.0350640026680993,0.0214853095821055,67,RidgeCV
pfc_to_hypo,pfc_to_hypo_all_pfc_ridge_clock,ATAC,Astro,chr12:90245387-90245887,0.043831761496812,0.0298908313228276,14,RidgeCV
pfc_to_hypo,pfc_to_hypo_all_pfc_ridge_clock,ATAC,Astro,chr12:93892779-93893279,-0.0372271248742535,0.0224320531878469,56,RidgeCV
pfc_to_hypo,pfc_to_hypo_all_pfc_ridge_clock,ATAC,Astro,chr12:95548518-95549018,-0.0371380416079547,0.0227841698598758,47,RidgeCV
pfc_to_hypo,pfc_to_hypo_all_pfc_ridge_clock,ATAC,Astro,chr13:44318203-44318703,0.0309086456026725,0.0179312393493519,186,RidgeCV
pfc_to_hypo,pfc_to_hypo_all_pfc_ridge_clock,ATAC,Astro,chr13:52848408-52848908,-0.0352993088034128,0.0245936474930678,32,RidgeCV
pfc_to_hypo,pfc_to_hypo_all_pfc_ridge_clock,ATAC,Astro,chr1:38030855-38031355,0.0260437026646836,0.0184319304703915,151,RidgeCV
pfc_to_hypo,pfc_to_hypo_all_pfc_ridge_clock,ATAC,Astro,chr1:39733160-39733660,0.0338770615603141,0.0218080001745329,65,RidgeCV
pfc_to_hypo,pfc_to_hypo_all_pfc_ridge_clock,ATAC,Astro,chr14:100587026-100587526,-0.0358357609485563,0.0223378837324964,59,RidgeCV
pfc_to_hypo,pfc_to_hypo_all_pfc_ridge_clock,ATAC,Astro,chr14:35533767-35534267,-0.0313499008912293,0.0190632684322026,118,RidgeCV
pfc_to_hypo,pfc_to_hypo_all_pfc_ridge_clock,ATAC,Astro,chr14:41605141-41605641,-0.0277067010571189,0.0181017287745462,178,RidgeCV
pfc_to_hypo,pfc_to_hypo_all_pfc_ridge_clock,ATAC,Astro,chr14:76950342-76950842,0.0325634475648027,0.0199279468760125,94,RidgeCV
pfc_to_hypo,pfc_to_hypo_all_pfc_ridge_clock,ATAC,Astro,chr14:80378163-80378663,-0.0335972064402996,0.0214707322154384,68,RidgeCV
pfc_to_hypo,pfc_to_hypo_all_pfc_ridge_clock,ATAC,Astro,chr15:49421867-49422367,0.031388419041324,0.01849352682184,147,RidgeCV
pfc_to_hypo,pfc_to_hypo_all_pfc_ridge_clock,ATAC,Astro,chr15:51693502-51694002,-0.0320699955290432,0.0194542774000658,105,RidgeCV
pfc_to_hypo,pfc_to_hypo_all_pfc_ridge_clock,ATAC,Astro,chr15:52261654-52262154,0.0385094351709933,0.0227302609361228,50,RidgeCV
pfc_to_hypo,pfc_to_hypo_all_pfc_ridge_clock,ATAC,Astro,chr15:64775471-64775971,-0.0302559199413819,0.0178392229286759,192,RidgeCV
pfc_to_hypo,pfc_to_hypo_all_pfc_ridge_clock,ATAC,Astro,chr1:57422244-57422744,-0.0381639147508061,0.0255063869640544,26,RidgeCV
pfc_to_hypo,pfc_to_hypo_all_pfc_ridge_clock,ATAC,Astro,chr1:57423869-57424369,-0.0353552868927194,0.0270515434126459,21,RidgeCV
pfc_to_hypo,pfc_to_hypo_all_pfc_ridge_clock,ATAC,Astro,chr15:74588551-74589051,-0.0294544430357394,0.0178317161359756,193,RidgeCV
pfc_to_hypo,pfc_to_hypo_all_pfc_ridge_clock,ATAC,Astro,chr15:79090580-79091080,-0.0319326855596102,0.0204537234255226,82,RidgeCV
pfc_to_hypo,pfc_to_hypo_all_pfc_ridge_clock,ATAC,Astro,chr15:89406271-89406771,-0.0351731166510088,0.0227597089537673,48,RidgeCV
pfc_to_hypo,pfc_to_hypo_all_pfc_ridge_clock,ATAC,Astro,chr1:59994570-59995070,0.0281791407780423,0.0184389106226938,150,RidgeCV
pfc_to_hypo,pfc_to_hypo_all_pfc_ridge_clock,ATAC,Astro,chr1:60448721-60449221,0.0618430343101241,0.0412447070320897,2,RidgeCV
pfc_to_hypo,pfc_to_hypo_all_pfc_ridge_clock,ATAC,Astro,chr16:1333355-1333855,0.0317888104876828,0.0187789616401936,134,RidgeCV
pfc_to_hypo,pfc_to_hypo_all_pfc_ridge_clock,ATAC,Astro,chr16:23494188-23494688,0.0308103149604288,0.0181709365119959,173,RidgeCV
pfc_to_hypo,pfc_to_hypo_all_pfc_ridge_clock,ATAC,Astro,chr1:64327032-64327532,-0.0334502273198817,0.0210671228347716,72,RidgeCV
pfc_to_hypo,pfc_to_hypo_all_pfc_ridge_clock,ATAC,Astro,chr16:47851127-47851627,0.0297070102644904,0.0186649084081999,138,RidgeCV
pfc_to_hypo,pfc_to_hypo_all_pfc_ridge_clock,ATAC,Astro,chr16:86692037-86692537,0.0245849576091924,0.0196529424663023,103,RidgeCV
pfc_to_hypo,pfc_to_hypo_all_pfc_ridge_clock,ATAC,Astro,chr16:88823729-88824229,0.0416623541851418,0.0254808035220128,28,RidgeCV
pfc_to_hypo,pfc_to_hypo_all_pfc_ridge_clock,ATAC,Astro,chr17:2123299-2123799,-0.0335551447372309,0.0204417393831781,83,RidgeCV
pfc_to_hypo,pfc_to_hypo_all_pfc_ridge_clock,ATAC,Astro,chr1:7281741-7282241,0.0304110318614709,0.0181003458604129,179,RidgeCV
pfc_to_hypo,pfc_to_hypo_all_pfc_ridge_clock,ATAC,Astro,chr17:31596603-31597103,0.0290274646823543,0.0199224663713793,96,RidgeCV
pfc_to_hypo,pfc_to_hypo_all_pfc_ridge_clock,ATAC,Astro,chr17:31916946-31917446,0.035261075069138,0.0191733651116604,115,RidgeCV
pfc_to_hypo,pfc_to_hypo_all_pfc_ridge_clock,ATAC,Astro,chr17:33981907-33982407,-0.0295403866565517,0.0182362475402105,169,RidgeCV
pfc_to_hypo,pfc_to_hypo_all_pfc_ridge_clock,ATAC,Astro,chr17:44539730-44540230,-0.0304885962123945,0.0178307438729526,194,RidgeCV
pfc_to_hypo,pfc_to_hypo_all_pfc_ridge_clock,ATAC,Astro,chr17:66978430-66978930,-0.0347559086595355,0.0229346064181715,43,RidgeCV
pfc_to_hypo,pfc_to_hypo_all_pfc_ridge_clock,ATAC,Astro,chr17:78359911-78360411,0.0250045969881545,0.018022978156676,182,RidgeCV
pfc_to_hypo,pfc_to_hypo_all_pfc_ridge_clock,ATAC,Astro,chr17:82228737-82229237,-0.0369400392398872,0.0222654203754898,61,RidgeCV
pfc_to_hypo,pfc_to_hypo_all_pfc_ridge_clock,ATAC,Astro,chr17:9645832-9646332,0.0345958010162753,0.0180597870524699,181,RidgeCV
pfc_to_hypo,pfc_to_hypo_all_pfc_ridge_clock,ATAC,Astro,chr17:9875385-9875885,0.0373506788664579,0.0243848967356978,34,RidgeCV
pfc_to_hypo,pfc_to_hypo_all_pfc_ridge_clock,ATAC,Astro,chr18:37575578-37576078,-0.0316138719307975,0.0187385521650734,136,RidgeCV
pfc_to_hypo,pfc_to_hypo_all_pfc_ridge_clock,ATAC,Astro,chr18:43279318-43279818,0.0273205453378442,0.0187800839017221,133,RidgeCV
pfc_to_hypo,pfc_to_hypo_all_pfc_ridge_clock,ATAC,Astro,chr18:77132542-77133042,-0.0287445031837419,0.0182533932700328,166,RidgeCV
pfc_to_hypo,pfc_to_hypo_all_pfc_ridge_clock,ATAC,Astro,chr18:7946640-7947140,0.0299567711915317,0.0188338586305455,130,RidgeCV
pfc_to_hypo,pfc_to_hypo_all_pfc_ridge_clock,ATAC,Astro,chr19:13339831-13340331,-0.0455535790124821,0.0309850350535116,10,RidgeCV
pfc_to_hypo,pfc_to_hypo_all_pfc_ridge_clock,ATAC,Astro,chr19:28325276-28325776,0.0297514275640271,0.0183943641576654,154,RidgeCV
pfc_to_hypo,pfc_to_hypo_all_pfc_ridge_clock,ATAC,Astro,chr19:5827889-5828389,-0.0410324533277065,0.0241064644312233,38,RidgeCV
pfc_to_hypo,pfc_to_hypo_all_pfc_ridge_clock,ATAC,Astro,chr19:6720486-6720986,0.0375085697538907,0.0243930334344676,33,RidgeCV
pfc_to_hypo,pfc_to_hypo_all_pfc_ridge_clock,ATAC,Astro,chr1:99662518-99663018,0.026223511622625,0.0183433625602202,160,RidgeCV
pfc_to_hypo,pfc_to_hypo_all_pfc_ridge_clock,ATAC,Astro,chr20:13491992-13492492,0.0294436030288803,0.020118373293484,91,RidgeCV
pfc_to_hypo,pfc_to_hypo_all_pfc_ridge_clock,ATAC,Astro,chr20:5696103-5696603,-0.030297780947118,0.0189743584692548,120,RidgeCV
pfc_to_hypo,pfc_to_hypo_all_pfc_ridge_clock,ATAC,Astro,chr20:59835732-59836232,0.0346492793471198,0.0207156087819247,77,RidgeCV
pfc_to_hypo,pfc_to_hypo_all_pfc_ridge_clock,ATAC,Astro,chr2:100214559-100215059,-0.0316373307786583,0.0185642863736864,140,RidgeCV
pfc_to_hypo,pfc_to_hypo_all_pfc_ridge_clock,ATAC,Astro,chr21:32977140-32977640,0.0294460521212926,0.0177289366181534,198,RidgeCV
pfc_to_hypo,pfc_to_hypo_all_pfc_ridge_clock,ATAC,Astro,chr21:39867148-39867648,0.0359799363199904,0.0194106365263604,107,RidgeCV
pfc_to_hypo,pfc_to_hypo_all_pfc_ridge_clock,ATAC,Astro,chr21:40587741-40588241,0.031491335550537,0.0181339866146918,175,RidgeCV
pfc_to_hypo,pfc_to_hypo_all_pfc_ridge_clock,ATAC,Astro,chr2:143903392-143903892,0.0339270320997898,0.0203108655784494,87,RidgeCV
pfc_to_hypo,pfc_to_hypo_all_pfc_ridge_clock,ATAC,Astro,chr2:16013079-16013579,0.0351607438198783,0.0217049641954233,66,RidgeCV
pfc_to_hypo,pfc_to_hypo_all_pfc_ridge_clock,ATAC,Astro,chr2:16014180-16014680,0.0306535219270556,0.0195738545449161,104,RidgeCV
pfc_to_hypo,pfc_to_hypo_all_pfc_ridge_clock,ATAC,Astro,chr2:18391044-18391544,-0.0333582008959037,0.0188990011854551,125,RidgeCV
pfc_to_hypo,pfc_to_hypo_all_pfc_ridge_clock,ATAC,Astro,chr2:199144567-199145067,0.0314123230660024,0.0185387920557855,143,RidgeCV
pfc_to_hypo,pfc_to_hypo_all_pfc_ridge_clock,ATAC,Astro,chr2:209457942-209458442,0.0378383034033748,0.0219452349980183,63,RidgeCV
pfc_to_hypo,pfc_to_hypo_all_pfc_ridge_clock,ATAC,Astro,chr2:217918651-217919151,0.0301592520129223,0.0189122379122619,124,RidgeCV
pfc_to_hypo,pfc_to_hypo_all_pfc_ridge_clock,ATAC,Astro,chr22:25083636-25084136,0.031240968137811,0.0178489017091748,191,RidgeCV
pfc_to_hypo,pfc_to_hypo_all_pfc_ridge_clock,ATAC,Astro,chr2:229133097-229133597,0.0324408932554911,0.0183457251890047,158,RidgeCV
pfc_to_hypo,pfc_to_hypo_all_pfc_ridge_clock,ATAC,Astro,chr22:29480834-29481334,-0.0345666675910912,0.0206586645768984,79,RidgeCV
pfc_to_hypo,pfc_to_hypo_all_pfc_ridge_clock,ATAC,Astro,chr2:235917409-235917909,-0.0326101431487598,0.0220814909826327,62,RidgeCV
pfc_to_hypo,pfc_to_hypo_all_pfc_ridge_clock,ATAC,Astro,chr22:42720618-42721118,0.0282860520889189,0.0183831247404503,156,RidgeCV
pfc_to_hypo,pfc_to_hypo_all_pfc_ridge_clock,ATAC,Astro,chr22:43343171-43343671,-0.0373980387471355,0.0289803062795339,16,RidgeCV
pfc_to_hypo,pfc_to_hypo_all_pfc_ridge_clock,ATAC,Astro,chr22:45972294-45972794,-0.0306307178034441,0.0192914232679312,111,RidgeCV
pfc_to_hypo,pfc_to_hypo_all_pfc_ridge_clock,ATAC,Astro,chr22:50705205-50705705,0.0325181651705324,0.019073039888207,117,RidgeCV
pfc_to_hypo,pfc_to_hypo_all_pfc_ridge_clock,ATAC,Astro,chr2:26401639-26402139,0.0320832023471696,0.0212084624550045,70,RidgeCV
pfc_to_hypo,pfc_to_hypo_all_pfc_ridge_clock,ATAC,Astro,chr2:26847810-26848310,-0.0280840276449287,0.0182626661677396,165,RidgeCV
pfc_to_hypo,pfc_to_hypo_all_pfc_ridge_clock,ATAC,Astro,chr2:44937381-44937881,0.0399709610401205,0.0312227169043769,8,RidgeCV
pfc_to_hypo,pfc_to_hypo_all_pfc_ridge_clock,ATAC,Astro,chr2:44941387-44941887,0.0304168559257335,0.0178957952546479,190,RidgeCV
pfc_to_hypo,pfc_to_hypo_all_pfc_ridge_clock,ATAC,Astro,chr2:46970511-46971011,0.0335285485754329,0.0194542097728282,106,RidgeCV
pfc_to_hypo,pfc_to_hypo_all_pfc_ridge_clock,ATAC,Astro,chr2:5692031-5692531,-0.02807779777071,0.0218961429722907,64,RidgeCV
pfc_to_hypo,pfc_to_hypo_all_pfc_ridge_clock,ATAC,Astro,chr2:60285537-60286037,-0.0349045617816741,0.021208376811618,71,RidgeCV
pfc_to_hypo,pfc_to_hypo_all_pfc_ridge_clock,ATAC,Astro,chr3:13548820-13549320,-0.0454275013029279,0.0276150266580952,20,RidgeCV
pfc_to_hypo,pfc_to_hypo_all_pfc_ridge_clock,ATAC,Astro,chr3:138410461-138410961,0.0326533257452024,0.0192600437280295,112,RidgeCV
pfc_to_hypo,pfc_to_hypo_all_pfc_ridge_clock,ATAC,Astro,chr3:188191364-188191864,0.0310998630810506,0.0177300134055191,197,RidgeCV
pfc_to_hypo,pfc_to_hypo_all_pfc_ridge_clock,ATAC,Astro,chr3:189098853-189099353,0.0344421352047476,0.0214402042033293,69,RidgeCV
pfc_to_hypo,pfc_to_hypo_all_pfc_ridge_clock,ATAC,Astro,chr3:25830836-25831336,-0.0310117241920397,0.018925952599151,122,RidgeCV
pfc_to_hypo,pfc_to_hypo_all_pfc_ridge_clock,ATAC,Astro,chr3:35639229-35639729,0.0290812564808976,0.0185013278380395,146,RidgeCV
pfc_to_hypo,pfc_to_hypo_all_pfc_ridge_clock,ATAC,Astro,chr3:4814380-4814880,0.0336828902494759,0.0183901831256834,155,RidgeCV
pfc_to_hypo,pfc_to_hypo_all_pfc_ridge_clock,ATAC,Astro,chr3:52681585-52682085,0.0323691534318867,0.0188342934585119,129,RidgeCV
pfc_to_hypo,pfc_to_hypo_all_pfc_ridge_clock,ATAC,Astro,chr3:70000764-70001264,0.0254267841677283,0.0185569603372912,142,RidgeCV
pfc_to_hypo,pfc_to_hypo_all_pfc_ridge_clock,ATAC,Astro,chr3:85433178-85433678,-0.0384004623126598,0.0185625409989803,141,RidgeCV
pfc_to_hypo,pfc_to_hypo_all_pfc_ridge_clock,ATAC,Astro,chr3:96813168-96813668,0.0318582431343823,0.0177974723840577,196,RidgeCV
pfc_to_hypo,pfc_to_hypo_all_pfc_ridge_clock,ATAC,Astro,chr4:140152833-140153333,0.0303574519483116,0.0179247924046359,188,RidgeCV
pfc_to_hypo,pfc_to_hypo_all_pfc_ridge_clock,ATAC,Astro,chr4:151719278-151719778,0.037829608002288,0.0224219156834735,57,RidgeCV
pfc_to_hypo,pfc_to_hypo_all_pfc_ridge_clock,ATAC,Astro,chr4:154743704-154744204,0.0293402953738908,0.0185157462080082,144,RidgeCV
pfc_to_hypo,pfc_to_hypo_all_pfc_ridge_clock,ATAC,Astro,chr4:89836961-89837461,0.0354910981393456,0.0226139059466344,52,RidgeCV
pfc_to_hypo,pfc_to_hypo_all_pfc_ridge_clock,ATAC,Astro,chr4:92303624-92304124,-0.0378438082831152,0.0227873404769132,46,RidgeCV
pfc_to_hypo,pfc_to_hypo_all_pfc_ridge_clock,ATAC,Astro,chr4:92305399-92305899,-0.0478557106067851,0.0283318891594169,18,RidgeCV
pfc_to_hypo,pfc_to_hypo_all_pfc_ridge_clock,ATAC,Astro,chr5:103290730-103291230,0.0286019349873447,0.0184639030612289,149,RidgeCV
pfc_to_hypo,pfc_to_hypo_all_pfc_ridge_clock,ATAC,Astro,chr5:117262405-117262905,0.033899159555764,0.0206347839621395,80,RidgeCV
pfc_to_hypo,pfc_to_hypo_all_pfc_ridge_clock,ATAC,Astro,chr5:140632166-140632666,0.0333654899570365,0.0252322876553245,29,RidgeCV
pfc_to_hypo,pfc_to_hypo_all_pfc_ridge_clock,ATAC,Astro,chr5:153678843-153679343,-0.0307970571360885,0.0180987290009503,180,RidgeCV
pfc_to_hypo,pfc_to_hypo_all_pfc_ridge_clock,ATAC,Astro,chr5:170421809-170422309,-0.0324275891259736,0.0242027897266802,36,RidgeCV
pfc_to_hypo,pfc_to_hypo_all_pfc_ridge_clock,ATAC,Astro,chr5:180170150-180170650,0.0291321173376392,0.0181272552435912,176,RidgeCV
pfc_to_hypo,pfc_to_hypo_all_pfc_ridge_clock,ATAC,Astro,chr5:57696656-57697156,0.0275026306146333,0.0182920411267411,164,RidgeCV
pfc_to_hypo,pfc_to_hypo_all_pfc_ridge_clock,ATAC,Astro,chr5:83646375-83646875,-0.0254683891142598,0.0193407696715453,109,RidgeCV
pfc_to_hypo,pfc_to_hypo_all_pfc_ridge_clock,ATAC,Astro,chr5:83672655-83673155,-0.034781394625792,0.0229305045277572,44,RidgeCV
pfc_to_hypo,pfc_to_hypo_all_pfc_ridge_clock,ATAC,Astro,chr5:9455799-9456299,-0.0320185853310739,0.0207572889557859,76,RidgeCV
pfc_to_hypo,pfc_to_hypo_all_pfc_ridge_clock,ATAC,Astro,chr5:9533973-9534473,-0.0346693684949602,0.0224861077163201,53,RidgeCV
pfc_to_hypo,pfc_to_hypo_all_pfc_ridge_clock,ATAC,Astro,chr6:151257932-151258432,0.0313298928033173,0.0191970674602759,114,RidgeCV
pfc_to_hypo,pfc_to_hypo_all_pfc_ridge_clock,ATAC,Astro,chr6:16239534-16240034,0.0316218371262574,0.0189539324473664,121,RidgeCV
pfc_to_hypo,pfc_to_hypo_all_pfc_ridge_clock,ATAC,Astro,chr6:16242999-16243499,0.0353062670856561,0.022485536430524,54,RidgeCV
pfc_to_hypo,pfc_to_hypo_all_pfc_ridge_clock,ATAC,Astro,chr6:16244804-16245304,0.0301241383173035,0.018188392905087,172,RidgeCV
pfc_to_hypo,pfc_to_hypo_all_pfc_ridge_clock,ATAC,Astro,chr6:16258309-16258809,0.0283566560258787,0.0183628016112406,157,RidgeCV
pfc_to_hypo,pfc_to_hypo_all_pfc_ridge_clock,ATAC,Astro,chr6:165987946-165988446,-0.0311386425323554,0.0207725191297885,75,RidgeCV
pfc_to_hypo,pfc_to_hypo_all_pfc_ridge_clock,ATAC,Astro,chr6:168791871-168792371,-0.0288499006363918,0.0179489178172401,185,RidgeCV
pfc_to_hypo,pfc_to_hypo_all_pfc_ridge_clock,ATAC,Astro,chr6:26183481-26183981,-0.0518367045958584,0.033523053602823,6,RidgeCV
pfc_to_hypo,pfc_to_hypo_all_pfc_ridge_clock,ATAC,Astro,chr6:26188888-26189388,-0.0525271330709774,0.0338700978360225,5,RidgeCV
pfc_to_hypo,pfc_to_hypo_all_pfc_ridge_clock,ATAC,Astro,chr6:26197050-26197550,-0.0490741128184987,0.0311441044189856,9,RidgeCV
pfc_to_hypo,pfc_to_hypo_all_pfc_ridge_clock,ATAC,Astro,chr6:26199206-26199706,-0.0496792936399568,0.0351548936795969,4,RidgeCV
pfc_to_hypo,pfc_to_hypo_all_pfc_ridge_clock,ATAC,Astro,chr6:26216625-26217125,-0.0549760804534624,0.0412688603634004,1,RidgeCV
pfc_to_hypo,pfc_to_hypo_all_pfc_ridge_clock,ATAC,Astro,chr6:26224882-26225382,-0.044282954499316,0.0293637499502323,15,RidgeCV
pfc_to_hypo,pfc_to_hypo_all_pfc_ridge_clock,ATAC,Astro,chr6:27132684-27133184,-0.0302794590626747,0.0177080630821142,199,RidgeCV
pfc_to_hypo,pfc_to_hypo_all_pfc_ridge_clock,ATAC,Astro,chr6:41428994-41429494,0.0434821094829324,0.0250352476199149,31,RidgeCV
pfc_to_hypo,pfc_to_hypo_all_pfc_ridge_clock,ATAC,Astro,chr6:41639033-41639533,-0.0345226294089655,0.0199922263453742,92,RidgeCV
pfc_to_hypo,pfc_to_hypo_all_pfc_ridge_clock,ATAC,Astro,chr6:90148813-90149313,-0.0303818461788711,0.0181192732953682,177,RidgeCV
pfc_to_hypo,pfc_to_hypo_all_pfc_ridge_clock,ATAC,Astro,chr7:102304738-102305238,-0.041255543328646,0.0254929040473435,27,RidgeCV
pfc_to_hypo,pfc_to_hypo_all_pfc_ridge_clock,ATAC,Astro,chr7:143395653-143396153,-0.0288663773325634,0.0178263453769797,195,RidgeCV
pfc_to_hypo,pfc_to_hypo_all_pfc_ridge_clock,ATAC,Astro,chr7:151409061-151409561,-0.037725016460849,0.022310141555703,60,RidgeCV
pfc_to_hypo,pfc_to_hypo_all_pfc_ridge_clock,ATAC,Astro,chr7:151410478-151410978,-0.0390773410483891,0.0224045406157151,58,RidgeCV
pfc_to_hypo,pfc_to_hypo_all_pfc_ridge_clock,ATAC,Astro,chr7:15198315-15198815,-0.0345335109145136,0.0192255899795514,113,RidgeCV
pfc_to_hypo,pfc_to_hypo_all_pfc_ridge_clock,ATAC,Astro,chr7:25854995-25855495,0.0323696099262658,0.0186182123618073,139,RidgeCV
pfc_to_hypo,pfc_to_hypo_all_pfc_ridge_clock,ATAC,Astro,chr7:29811582-29812082,-0.0291651075658736,0.0182516288544894,168,RidgeCV
pfc_to_hypo,pfc_to_hypo_all_pfc_ridge_clock,ATAC,Astro,chr7:32574486-32574986,0.029300204888232,0.0197526729099978,102,RidgeCV
pfc_to_hypo,pfc_to_hypo_all_pfc_ridge_clock,ATAC,Astro,chr7:437748-438248,0.0301436132907485,0.0188349774032607,128,RidgeCV
pfc_to_hypo,pfc_to_hypo_all_pfc_ridge_clock,ATAC,Astro,chr7:72335467-72335967,-0.0481554160581618,0.0364575410461935,3,RidgeCV
pfc_to_hypo,pfc_to_hypo_all_pfc_ridge_clock,ATAC,Astro,chr7:72336027-72336527,-0.0386363883229708,0.0299019064976074,13,RidgeCV
pfc_to_hypo,pfc_to_hypo_all_pfc_ridge_clock,ATAC,Astro,chr7:72336782-72337282,-0.0462250863476546,0.0309786374837255,11,RidgeCV
pfc_to_hypo,pfc_to_hypo_all_pfc_ridge_clock,ATAC,Astro,chr8:11201436-11201936,-0.0340698190142362,0.0204280005782051,84,RidgeCV
pfc_to_hypo,pfc_to_hypo_all_pfc_ridge_clock,ATAC,Astro,chr8:141417580-141418080,0.0308632273847194,0.0201351564974353,90,RidgeCV
pfc_to_hypo,pfc_to_hypo_all_pfc_ridge_clock,ATAC,Astro,chr8:15539997-15540497,0.0324061897011986,0.0224377095336983,55,RidgeCV
pfc_to_hypo,pfc_to_hypo_all_pfc_ridge_clock,ATAC,Astro,chr8:19008565-19009065,0.030987757873586,0.0183376108626933,163,RidgeCV
pfc_to_hypo,pfc_to_hypo_all_pfc_ridge_clock,ATAC,Astro,chr8:20700473-20700973,-0.0332768947575553,0.0203270380132056,86,RidgeCV
pfc_to_hypo,pfc_to_hypo_all_pfc_ridge_clock,ATAC,Astro,chr8:21450821-21451321,-0.0308540251492207,0.0198730835695684,98,RidgeCV
pfc_to_hypo,pfc_to_hypo_all_pfc_ridge_clock,ATAC,Astro,chr8:22131702-22132202,-0.0317263462876471,0.018785630317578,132,RidgeCV
pfc_to_hypo,pfc_to_hypo_all_pfc_ridge_clock,ATAC,Astro,chr8:40153203-40153703,-0.0495845921687729,0.0324620849932347,7,RidgeCV
pfc_to_hypo,pfc_to_hypo_all_pfc_ridge_clock,ATAC,Astro,chr8:93935154-93935654,0.0378921223023251,0.0227335679084557,49,RidgeCV
pfc_to_hypo,pfc_to_hypo_all_pfc_ridge_clock,ATAC,Astro,chr8:97951695-97952195,0.0302621512106518,0.0202332887424058,88,RidgeCV
pfc_to_hypo,pfc_to_hypo_all_pfc_ridge_clock,ATAC,Astro,chr9:115393909-115394409,0.0302680436403465,0.0198764195636039,97,RidgeCV
pfc_to_hypo,pfc_to_hypo_all_pfc_ridge_clock,ATAC,Astro,chr9:136441764-136442264,0.0347311023298263,0.0228129076716634,45,RidgeCV
pfc_to_hypo,pfc_to_hypo_all_pfc_ridge_clock,ATAC,Astro,chr9:17578847-17579347,-0.0265973094903058,0.0183423193359856,161,RidgeCV
pfc_to_hypo,pfc_to_hypo_all_pfc_ridge_clock,ATAC,Astro,chr9:70830456-70830956,0.0364110485465221,0.0184695801661923,148,RidgeCV
pfc_to_hypo,pfc_to_hypo_all_pfc_ridge_clock,ATAC,Astro,chr9:70966980-70967480,0.0301020747663619,0.0193426336383963,108,RidgeCV
pfc_to_hypo,pfc_to_hypo_all_pfc_ridge_clock,ATAC,Astro,chr9:71115516-71116016,0.0284546608485818,0.0183455614530837,159,RidgeCV
pfc_to_hypo,pfc_to_hypo_all_pfc_ridge_clock,ATAC,Astro,chr9:98504196-98504696,-0.0303587248707703,0.0189140167900303,123,RidgeCV
pfc_to_hypo,pfc_to_hypo_all_pfc_ridge_clock,ATAC,Astro,chrX:131728579-131729079,0.0243984716183505,0.0226507449554175,51,RidgeCV
pfc_to_hypo,pfc_to_hypo_all_pfc_ridge_clock,ATAC,Astro,chrX:131734610-131735110,0.0342426273117802,0.0234950835438783,42,RidgeCV
pfc_to_hypo,pfc_to_hypo_all_pfc_ridge_clock,ATAC,Astro,chrX:138711211-138711711,-0.0307400496221255,0.0182528082397186,167,RidgeCV
pfc_to_hypo,pfc_to_hypo_all_pfc_ridge_clock,ATAC,Astro,chrX:77014696-77015196,0.0308328949292942,0.0179291538715349,187,RidgeCV
pfc_to_hypo,pfc_to_hypo_all_pfc_ridge_clock,ATAC,Excitatory,chr10:101512661-101513161,0.0427298170314984,0.0198233177871846,71,RidgeCV
pfc_to_hypo,pfc_to_hypo_all_pfc_ridge_clock,ATAC,Excitatory,chr10:109978360-109978860,0.0372976676308529,0.0156174802312844,195,RidgeCV
pfc_to_hypo,pfc_to_hypo_all_pfc_ridge_clock,ATAC,Excitatory,chr10:116227826-116228326,0.0464070923409794,0.0231351316613899,35,RidgeCV
pfc_to_hypo,pfc_to_hypo_all_pfc_ridge_clock,ATAC,Excitatory,chr10:48214812-48215312,-0.0448916502979671,0.0241721941084501,31,RidgeCV
pfc_to_hypo,pfc_to_hypo_all_pfc_ridge_clock,ATAC,Excitatory,chr10:6985037-6985537,-0.0478383687558735,0.0274278601397407,17,RidgeCV
pfc_to_hypo,pfc_to_hypo_all_pfc_ridge_clock,ATAC,Excitatory,chr10:78664666-78665166,0.0479798940321891,0.0216301247945352,56,RidgeCV
pfc_to_hypo,pfc_to_hypo_all_pfc_ridge_clock,ATAC,Excitatory,chr1:108841574-108842074,-0.0359443960919749,0.0171221884028641,135,RidgeCV
pfc_to_hypo,pfc_to_hypo_all_pfc_ridge_clock,ATAC,Excitatory,chr1:111963900-111964400,0.030588140953509,0.015740392645527,190,RidgeCV
pfc_to_hypo,pfc_to_hypo_all_pfc_ridge_clock,ATAC,Excitatory,chr11:130510307-130510807,-0.0629062074131625,0.0363472164915378,5,RidgeCV
pfc_to_hypo,pfc_to_hypo_all_pfc_ridge_clock,ATAC,Excitatory,chr11:19599679-19600179,-0.0425191206698248,0.0189907829628995,84,RidgeCV
pfc_to_hypo,pfc_to_hypo_all_pfc_ridge_clock,ATAC,Excitatory,chr11:4190914-4191414,-0.0223526563825299,0.0159141237691559,181,RidgeCV
pfc_to_hypo,pfc_to_hypo_all_pfc_ridge_clock,ATAC,Excitatory,chr1:156177922-156178422,-0.0336180484110028,0.0171012509328422,136,RidgeCV
pfc_to_hypo,pfc_to_hypo_all_pfc_ridge_clock,ATAC,Excitatory,chr1:15893121-15893621,0.0324595627066248,0.0160202342451532,175,RidgeCV
pfc_to_hypo,pfc_to_hypo_all_pfc_ridge_clock,ATAC,Excitatory,chr1:161856704-161857204,-0.0415218674772344,0.0191231423756836,81,RidgeCV
pfc_to_hypo,pfc_to_hypo_all_pfc_ridge_clock,ATAC,Excitatory,chr1:167148406-167148906,-0.0380950068729993,0.0172438614839413,130,RidgeCV
pfc_to_hypo,pfc_to_hypo_all_pfc_ridge_clock,ATAC,Excitatory,chr1:169161041-169161541,0.0402015042790988,0.0206019325492225,66,RidgeCV
pfc_to_hypo,pfc_to_hypo_all_pfc_ridge_clock,ATAC,Excitatory,chr11:69297225-69297725,-0.034900446489611,0.0155334333330819,199,RidgeCV
pfc_to_hypo,pfc_to_hypo_all_pfc_ridge_clock,ATAC,Excitatory,chr1:172391881-172392381,-0.0323140798297354,0.0158113745718033,187,RidgeCV
pfc_to_hypo,pfc_to_hypo_all_pfc_ridge_clock,ATAC,Excitatory,chr1:174827467-174827967,-0.0311317685807324,0.0173120547294898,128,RidgeCV
pfc_to_hypo,pfc_to_hypo_all_pfc_ridge_clock,ATAC,Excitatory,chr1:179767198-179767698,-0.0414967732419548,0.0228153967037328,43,RidgeCV
pfc_to_hypo,pfc_to_hypo_all_pfc_ridge_clock,ATAC,Excitatory,chr1:181437097-181437597,-0.0458541941724119,0.0252137301668066,26,RidgeCV
pfc_to_hypo,pfc_to_hypo_all_pfc_ridge_clock,ATAC,Excitatory,chr1:199287599-199288099,-0.0423038310439495,0.0244824531116189,29,RidgeCV
pfc_to_hypo,pfc_to_hypo_all_pfc_ridge_clock,ATAC,Excitatory,chr1:201591318-201591818,-0.0382208475139887,0.01657194698212,150,RidgeCV
pfc_to_hypo,pfc_to_hypo_all_pfc_ridge_clock,ATAC,Excitatory,chr1:20301487-20301987,-0.0317032437795262,0.0157818767577628,188,RidgeCV
pfc_to_hypo,pfc_to_hypo_all_pfc_ridge_clock,ATAC,Excitatory,chr1:203166463-203166963,0.0364025145722605,0.0159733743096614,178,RidgeCV
pfc_to_hypo,pfc_to_hypo_all_pfc_ridge_clock,ATAC,Excitatory,chr1:20328165-20328665,-0.0344931494839445,0.016349318533885,157,RidgeCV
pfc_to_hypo,pfc_to_hypo_all_pfc_ridge_clock,ATAC,Excitatory,chr12:10046331-10046831,-0.0361856302835192,0.0174787883818076,123,RidgeCV
pfc_to_hypo,pfc_to_hypo_all_pfc_ridge_clock,ATAC,Excitatory,chr12:106599774-106600274,-0.0346276727136339,0.0174969207065574,121,RidgeCV
pfc_to_hypo,pfc_to_hypo_all_pfc_ridge_clock,ATAC,Excitatory,chr12:10718134-10718634,-0.032763356912736,0.0200363892907733,70,RidgeCV
pfc_to_hypo,pfc_to_hypo_all_pfc_ridge_clock,ATAC,Excitatory,chr12:11835342-11835842,-0.0484737248000819,0.0222108985761247,50,RidgeCV
pfc_to_hypo,pfc_to_hypo_all_pfc_ridge_clock,ATAC,Excitatory,chr12:11836315-11836815,-0.0372440195386563,0.0160319133774686,173,RidgeCV
pfc_to_hypo,pfc_to_hypo_all_pfc_ridge_clock,ATAC,Excitatory,chr1:212100453-212100953,-0.0369408304983826,0.0184288541744249,92,RidgeCV
pfc_to_hypo,pfc_to_hypo_all_pfc_ridge_clock,ATAC,Excitatory,chr12:123042189-123042689,-0.0409903132710843,0.0155558566781835,198,RidgeCV
pfc_to_hypo,pfc_to_hypo_all_pfc_ridge_clock,ATAC,Excitatory,chr12:15535342-15535842,-0.0361546948603601,0.0161257936787982,170,RidgeCV
pfc_to_hypo,pfc_to_hypo_all_pfc_ridge_clock,ATAC,Excitatory,chr1:219463577-219464077,0.0376333851323613,0.0161580485593418,169,RidgeCV
pfc_to_hypo,pfc_to_hypo_all_pfc_ridge_clock,ATAC,Excitatory,chr1:232704660-232705160,0.0380318693042154,0.0178510902051911,110,RidgeCV
pfc_to_hypo,pfc_to_hypo_all_pfc_ridge_clock,ATAC,Excitatory,chr12:68425588-68426088,-0.0337237451896533,0.0182382384030336,96,RidgeCV
pfc_to_hypo,pfc_to_hypo_all_pfc_ridge_clock,ATAC,Excitatory,chr13:107961864-107962364,-0.0321888416047792,0.0164182294850218,155,RidgeCV
pfc_to_hypo,pfc_to_hypo_all_pfc_ridge_clock,ATAC,Excitatory,chr13:109206703-109207203,-0.0357089657035196,0.017817427863651,111,RidgeCV
pfc_to_hypo,pfc_to_hypo_all_pfc_ridge_clock,ATAC,Excitatory,chr1:31618026-31618526,-0.0383098205010024,0.01723100359407,132,RidgeCV
pfc_to_hypo,pfc_to_hypo_all_pfc_ridge_clock,ATAC,Excitatory,chr1:31642347-31642847,-0.0336095962418651,0.0170043093879894,139,RidgeCV
pfc_to_hypo,pfc_to_hypo_all_pfc_ridge_clock,ATAC,Excitatory,chr13:24112669-24113169,-0.0358462333675675,0.021172543058971,63,RidgeCV
pfc_to_hypo,pfc_to_hypo_all_pfc_ridge_clock,ATAC,Excitatory,chr13:43390147-43390647,0.0342146615311229,0.0160994687566851,171,RidgeCV
pfc_to_hypo,pfc_to_hypo_all_pfc_ridge_clock,ATAC,Excitatory,chr13:60646896-60647396,-0.046503084494795,0.0244675796966234,30,RidgeCV
pfc_to_hypo,pfc_to_hypo_all_pfc_ridge_clock,ATAC,Excitatory,chr14:37622298-37622798,-0.041311703793278,0.0180074343419927,105,RidgeCV
pfc_to_hypo,pfc_to_hypo_all_pfc_ridge_clock,ATAC,Excitatory,chr14:52043616-52044116,-0.037540468579164,0.0159859928872923,177,RidgeCV
pfc_to_hypo,pfc_to_hypo_all_pfc_ridge_clock,ATAC,Excitatory,chr14:53956695-53957195,0.0462710771040348,0.0231763766312809,34,RidgeCV
pfc_to_hypo,pfc_to_hypo_all_pfc_ridge_clock,ATAC,Excitatory,chr14:61280620-61281120,-0.0403178174390684,0.0174682397434929,124,RidgeCV
pfc_to_hypo,pfc_to_hypo_all_pfc_ridge_clock,ATAC,Excitatory,chr14:62078983-62079483,-0.0322826566155057,0.0164210883317162,154,RidgeCV
pfc_to_hypo,pfc_to_hypo_all_pfc_ridge_clock,ATAC,Excitatory,chr14:63214793-63215293,0.0361921633898904,0.0183433394450808,93,RidgeCV
pfc_to_hypo,pfc_to_hypo_all_pfc_ridge_clock,ATAC,Excitatory,chr14:65080908-65081408,0.0310569419643788,0.0179291360298377,107,RidgeCV
pfc_to_hypo,pfc_to_hypo_all_pfc_ridge_clock,ATAC,Excitatory,chr14:68659057-68659557,-0.0444553947392875,0.0189671570557728,85,RidgeCV
pfc_to_hypo,pfc_to_hypo_all_pfc_ridge_clock,ATAC,Excitatory,chr14:68680721-68681221,-0.0361444159291116,0.0157164040673889,192,RidgeCV
pfc_to_hypo,pfc_to_hypo_all_pfc_ridge_clock,ATAC,Excitatory,chr14:75354590-75355090,-0.0683369328042865,0.0366434026418955,4,RidgeCV
pfc_to_hypo,pfc_to_hypo_all_pfc_ridge_clock,ATAC,Excitatory,chr14:78716512-78717012,-0.0428401678182261,0.0203283653952891,67,RidgeCV
pfc_to_hypo,pfc_to_hypo_all_pfc_ridge_clock,ATAC,Excitatory,chr15:33425137-33425637,-0.0379174058564224,0.0187304821926046,90,RidgeCV
pfc_to_hypo,pfc_to_hypo_all_pfc_ridge_clock,ATAC,Excitatory,chr1:53455052-53455552,-0.029554091940801,0.0158642726886681,184,RidgeCV
pfc_to_hypo,pfc_to_hypo_all_pfc_ridge_clock,ATAC,Excitatory,chr15:38651415-38651915,-0.0406194448450437,0.0180658919121702,103,RidgeCV
pfc_to_hypo,pfc_to_hypo_all_pfc_ridge_clock,ATAC,Excitatory,chr15:49083619-49084119,-0.0361558087481936,0.0200936485122372,69,RidgeCV
pfc_to_hypo,pfc_to_hypo_all_pfc_ridge_clock,ATAC,Excitatory,chr15:52656372-52656872,0.0378172647111042,0.0181663391651826,99,RidgeCV
pfc_to_hypo,pfc_to_hypo_all_pfc_ridge_clock,ATAC,Excitatory,chr15:69697056-69697556,-0.0563690746346953,0.0268241767206359,20,RidgeCV
pfc_to_hypo,pfc_to_hypo_all_pfc_ridge_clock,ATAC,Excitatory,chr15:69973887-69974387,-0.0496427649587016,0.0217036504898584,55,RidgeCV
pfc_to_hypo,pfc_to_hypo_all_pfc_ridge_clock,ATAC,Excitatory,chr15:70763366-70763866,-0.0428923730298753,0.0162565340707984,161,RidgeCV
pfc_to_hypo,pfc_to_hypo_all_pfc_ridge_clock,ATAC,Excitatory,chr15:71781133-71781633,-0.0304110829797031,0.0175291242797065,119,RidgeCV
pfc_to_hypo,pfc_to_hypo_all_pfc_ridge_clock,ATAC,Excitatory,chr1:57195608-57196108,-0.0311699445123904,0.0171543683907645,134,RidgeCV
pfc_to_hypo,pfc_to_hypo_all_pfc_ridge_clock,ATAC,Excitatory,chr1:57889609-57890109,-0.0302457459882367,0.0161995018892631,165,RidgeCV
pfc_to_hypo,pfc_to_hypo_all_pfc_ridge_clock,ATAC,Excitatory,chr15:79226379-79226879,-0.0377888988495552,0.0166331682491431,148,RidgeCV
pfc_to_hypo,pfc_to_hypo_all_pfc_ridge_clock,ATAC,Excitatory,chr15:85693196-85693696,0.0368588757850074,0.0158829570774304,183,RidgeCV
pfc_to_hypo,pfc_to_hypo_all_pfc_ridge_clock,ATAC,Excitatory,chr15:88498939-88499439,0.0292905378127703,0.0164050978247997,156,RidgeCV
pfc_to_hypo,pfc_to_hypo_all_pfc_ridge_clock,ATAC,Excitatory,chr1:58864565-58865065,0.0327521834287796,0.0157599797132759,189,RidgeCV
pfc_to_hypo,pfc_to_hypo_all_pfc_ridge_clock,ATAC,Excitatory,chr15:88769498-88769998,-0.036055565269534,0.0174448393375464,125,RidgeCV
pfc_to_hypo,pfc_to_hypo_all_pfc_ridge_clock,ATAC,Excitatory,chr15:94671870-94672370,0.0357194306990438,0.0175659220564783,117,RidgeCV
pfc_to_hypo,pfc_to_hypo_all_pfc_ridge_clock,ATAC,Excitatory,chr16:54720107-54720607,-0.0495951214802601,0.0294171181702565,14,RidgeCV
pfc_to_hypo,pfc_to_hypo_all_pfc_ridge_clock,ATAC,Excitatory,chr16:67959499-67959999,-0.0347571508393185,0.0162292337458309,163,RidgeCV
pfc_to_hypo,pfc_to_hypo_all_pfc_ridge_clock,ATAC,Excitatory,chr17:11265701-11266201,-0.0445746527513283,0.0193940135567304,76,RidgeCV
pfc_to_hypo,pfc_to_hypo_all_pfc_ridge_clock,ATAC,Excitatory,chr17:30970818-30971318,-0.0265674137792658,0.0175328781083433,118,RidgeCV
pfc_to_hypo,pfc_to_hypo_all_pfc_ridge_clock,ATAC,Excitatory,chr17:34358361-34358861,-0.0272628939853821,0.0166987541483454,146,RidgeCV
pfc_to_hypo,pfc_to_hypo_all_pfc_ridge_clock,ATAC,Excitatory,chr17:36103475-36103975,-0.0582518596284647,0.0298790450397631,12,RidgeCV
pfc_to_hypo,pfc_to_hypo_all_pfc_ridge_clock,ATAC,Excitatory,chr17:36104558-36105058,-0.0380419224271689,0.0167239930401468,145,RidgeCV
pfc_to_hypo,pfc_to_hypo_all_pfc_ridge_clock,ATAC,Excitatory,chr17:36727841-36728341,-0.0336794165550273,0.0158517956642593,185,RidgeCV
pfc_to_hypo,pfc_to_hypo_all_pfc_ridge_clock,ATAC,Excitatory,chr17:55674100-55674600,-0.0478754410853343,0.0225827143477024,46,RidgeCV
pfc_to_hypo,pfc_to_hypo_all_pfc_ridge_clock,ATAC,Excitatory,chr1:76390381-76390881,0.0399738404689975,0.0176034838633609,116,RidgeCV
pfc_to_hypo,pfc_to_hypo_all_pfc_ridge_clock,ATAC,Excitatory,chr17:6569699-6570199,-0.0397478410909652,0.018826984976418,89,RidgeCV
pfc_to_hypo,pfc_to_hypo_all_pfc_ridge_clock,ATAC,Excitatory,chr17:79810046-79810546,-0.038723235599813,0.01717597525375,133,RidgeCV
pfc_to_hypo,pfc_to_hypo_all_pfc_ridge_clock,ATAC,Excitatory,chr1:83508645-83509145,-0.0356259935819362,0.0166733162119892,147,RidgeCV
pfc_to_hypo,pfc_to_hypo_all_pfc_ridge_clock,ATAC,Excitatory,chr18:50509031-50509531,-0.0361080972463021,0.0178691457912837,109,RidgeCV
pfc_to_hypo,pfc_to_hypo_all_pfc_ridge_clock,ATAC,Excitatory,chr1:88960919-88961419,-0.0376109874942708,0.0181124167777599,102,RidgeCV
pfc_to_hypo,pfc_to_hypo_all_pfc_ridge_clock,ATAC,Excitatory,chr1:9225313-9225813,-0.0391103140537046,0.0190460424628176,83,RidgeCV
pfc_to_hypo,pfc_to_hypo_all_pfc_ridge_clock,ATAC,Excitatory,chr19:46303872-46304372,-0.0401276499106236,0.0190467496372917,82,RidgeCV
pfc_to_hypo,pfc_to_hypo_all_pfc_ridge_clock,ATAC,Excitatory,chr19:5827889-5828389,-0.0619247421646401,0.0341164294799598,6,RidgeCV
pfc_to_hypo,pfc_to_hypo_all_pfc_ridge_clock,ATAC,Excitatory,chr1:99648048-99648548,-0.0325109769207247,0.0162682643908661,160,RidgeCV
pfc_to_hypo,pfc_to_hypo_all_pfc_ridge_clock,ATAC,Excitatory,chr19:9937041-9937541,-0.0510647217884158,0.0310477142860841,11,RidgeCV
pfc_to_hypo,pfc_to_hypo_all_pfc_ridge_clock,ATAC,Excitatory,chr20:43990671-43991171,-0.035435145522436,0.0172354926676751,131,RidgeCV
pfc_to_hypo,pfc_to_hypo_all_pfc_ridge_clock,ATAC,Excitatory,chr20:4829427-4829927,-0.0349811627146568,0.0160627049740957,172,RidgeCV
pfc_to_hypo,pfc_to_hypo_all_pfc_ridge_clock,ATAC,Excitatory,chr20:48375392-48375892,-0.030153310879451,0.0181762193048594,98,RidgeCV
pfc_to_hypo,pfc_to_hypo_all_pfc_ridge_clock,ATAC,Excitatory,chr20:5357919-5358419,-0.0512869297080805,0.0311269057535849,10,RidgeCV
pfc_to_hypo,pfc_to_hypo_all_pfc_ridge_clock,ATAC,Excitatory,chr20:57875876-57876376,-0.0512602590782906,0.0341139657874893,7,RidgeCV
pfc_to_hypo,pfc_to_hypo_all_pfc_ridge_clock,ATAC,Excitatory,chr2:105631849-105632349,-0.0472227098630294,0.0252050449715631,27,RidgeCV
pfc_to_hypo,pfc_to_hypo_all_pfc_ridge_clock,ATAC,Excitatory,chr2:11086044-11086544,-0.0285019769681149,0.0165905524344363,149,RidgeCV
pfc_to_hypo,pfc_to_hypo_all_pfc_ridge_clock,ATAC,Excitatory,chr2:120385139-120385639,-0.043929501640324,0.0229882522556859,39,RidgeCV
pfc_to_hypo,pfc_to_hypo_all_pfc_ridge_clock,ATAC,Excitatory,chr2:131028465-131028965,-0.0355718977762106,0.0176528344532055,114,RidgeCV
pfc_to_hypo,pfc_to_hypo_all_pfc_ridge_clock,ATAC,Excitatory,chr21:38437592-38438092,-0.0376364099999411,0.0175222889929777,120,RidgeCV
pfc_to_hypo,pfc_to_hypo_all_pfc_ridge_clock,ATAC,Excitatory,chr21:44723516-44724016,-0.0399306120506625,0.0213182894084376,60,RidgeCV
pfc_to_hypo,pfc_to_hypo_all_pfc_ridge_clock,ATAC,Excitatory,chr2:15263956-15264456,-0.0342720618991757,0.0159186332170977,180,RidgeCV
pfc_to_hypo,pfc_to_hypo_all_pfc_ridge_clock,ATAC,Excitatory,chr2:173990037-173990537,-0.0407786766979689,0.0192076983502901,79,RidgeCV
pfc_to_hypo,pfc_to_hypo_all_pfc_ridge_clock,ATAC,Excitatory,chr2:190770137-190770637,0.031926585231983,0.0181570213444056,100,RidgeCV
pfc_to_hypo,pfc_to_hypo_all_pfc_ridge_clock,ATAC,Excitatory,chr2:201441434-201441934,-0.0319883488508853,0.0158239848041189,186,RidgeCV
pfc_to_hypo,pfc_to_hypo_all_pfc_ridge_clock,ATAC,Excitatory,chr2:218860810-218861310,-0.0322314710637586,0.0202105278873122,68,RidgeCV
pfc_to_hypo,pfc_to_hypo_all_pfc_ridge_clock,ATAC,Excitatory,chr2:224260669-224261169,-0.0468920300998327,0.0214197071908177,59,RidgeCV
pfc_to_hypo,pfc_to_hypo_all_pfc_ridge_clock,ATAC,Excitatory,chr22:32788808-32789308,0.0433372140057719,0.0188480657987242,88,RidgeCV
pfc_to_hypo,pfc_to_hypo_all_pfc_ridge_clock,ATAC,Excitatory,chr2:234278778-234279278,-0.0446060654446815,0.0255768604990394,24,RidgeCV
pfc_to_hypo,pfc_to_hypo_all_pfc_ridge_clock,ATAC,Excitatory,chr22:39765596-39766096,-0.0345517937058648,0.0219750329392312,54,RidgeCV
pfc_to_hypo,pfc_to_hypo_all_pfc_ridge_clock,ATAC,Excitatory,chr22:44698978-44699478,-0.0619130824675021,0.0292747595097267,15,RidgeCV
pfc_to_hypo,pfc_to_hypo_all_pfc_ridge_clock,ATAC,Excitatory,chr2:26615588-26616088,-0.0438245711419915,0.0230881610135243,36,RidgeCV
pfc_to_hypo,pfc_to_hypo_all_pfc_ridge_clock,ATAC,Excitatory,chr2:30319122-30319622,-0.0390581746817211,0.0168367968573175,142,RidgeCV
pfc_to_hypo,pfc_to_hypo_all_pfc_ridge_clock,ATAC,Excitatory,chr2:36489587-36490087,0.0335566894861979,0.015613853820765,196,RidgeCV
pfc_to_hypo,pfc_to_hypo_all_pfc_ridge_clock,ATAC,Excitatory,chr2:54223162-54223662,-0.0322931809560208,0.0156339144923394,193,RidgeCV
pfc_to_hypo,pfc_to_hypo_all_pfc_ridge_clock,ATAC,Excitatory,chr2:65870350-65870850,-0.0339546858634599,0.0182615850490262,94,RidgeCV
pfc_to_hypo,pfc_to_hypo_all_pfc_ridge_clock,ATAC,Excitatory,chr2:71749563-71750063,-0.0415151906175315,0.0179544269281767,106,RidgeCV
pfc_to_hypo,pfc_to_hypo_all_pfc_ridge_clock,ATAC,Excitatory,chr2:85998550-85999050,-0.0407860421065019,0.0173989162330542,126,RidgeCV
pfc_to_hypo,pfc_to_hypo_all_pfc_ridge_clock,ATAC,Excitatory,chr2:86043931-86044431,0.0383884279908713,0.0174968929339598,122,RidgeCV
pfc_to_hypo,pfc_to_hypo_all_pfc_ridge_clock,ATAC,Excitatory,chr3:107853768-107854268,-0.0457018069598806,0.022781433090763,44,RidgeCV
pfc_to_hypo,pfc_to_hypo_all_pfc_ridge_clock,ATAC,Excitatory,chr3:12423304-12423804,-0.0316398169633468,0.0162105285365993,164,RidgeCV
pfc_to_hypo,pfc_to_hypo_all_pfc_ridge_clock,ATAC,Excitatory,chr3:140724-141224,0.0364180230328804,0.0162488212314324,162,RidgeCV
pfc_to_hypo,pfc_to_hypo_all_pfc_ridge_clock,ATAC,Excitatory,chr3:150870618-150871118,-0.0319272826503287,0.0161681527807774,167,RidgeCV
pfc_to_hypo,pfc_to_hypo_all_pfc_ridge_clock,ATAC,Excitatory,chr3:187231310-187231810,-0.0517346280973304,0.0269009590026011,18,RidgeCV
pfc_to_hypo,pfc_to_hypo_all_pfc_ridge_clock,ATAC,Excitatory,chr3:69330786-69331286,-0.0285243604272908,0.0158913762402388,182,RidgeCV
pfc_to_hypo,pfc_to_hypo_all_pfc_ridge_clock,ATAC,Excitatory,chr4:146063001-146063501,-0.0530859818230039,0.026523193532986,21,RidgeCV
pfc_to_hypo,pfc_to_hypo_all_pfc_ridge_clock,ATAC,Excitatory,chr4:147409258-147409758,-0.0366393860610226,0.0228640879838776,42,RidgeCV
pfc_to_hypo,pfc_to_hypo_all_pfc_ridge_clock,ATAC,Excitatory,chr4:147772586-147773086,-0.0410622212512872,0.0176860675435306,113,RidgeCV
pfc_to_hypo,pfc_to_hypo_all_pfc_ridge_clock,ATAC,Excitatory,chr4:158033269-158033769,-0.0358132982150285,0.0173768219169606,127,RidgeCV
pfc_to_hypo,pfc_to_hypo_all_pfc_ridge_clock,ATAC,Excitatory,chr4:23560629-23561129,-0.0370544671228403,0.0221903667607022,51,RidgeCV
pfc_to_hypo,pfc_to_hypo_all_pfc_ridge_clock,ATAC,Excitatory,chr4:27789486-27789986,-0.0335601106840952,0.0193761229553271,77,RidgeCV
pfc_to_hypo,pfc_to_hypo_all_pfc_ridge_clock,ATAC,Excitatory,chr4:81599618-81600118,-0.0408420078346169,0.018255259193558,95,RidgeCV
pfc_to_hypo,pfc_to_hypo_all_pfc_ridge_clock,ATAC,Excitatory,chr4:81826832-81827332,-0.0327623645973015,0.0179117007074977,108,RidgeCV
pfc_to_hypo,pfc_to_hypo_all_pfc_ridge_clock,ATAC,Excitatory,chr5:111762856-111763356,-0.0563053432358505,0.0258624118245917,22,RidgeCV
pfc_to_hypo,pfc_to_hypo_all_pfc_ridge_clock,ATAC,Excitatory,chr5:116710047-116710547,0.0354104435664355,0.0170156671130421,138,RidgeCV
pfc_to_hypo,pfc_to_hypo_all_pfc_ridge_clock,ATAC,Excitatory,chr5:121365985-121366485,0.0358710834255225,0.0194370784537805,75,RidgeCV
pfc_to_hypo,pfc_to_hypo_all_pfc_ridge_clock,ATAC,Excitatory,chr5:128023665-128024165,-0.0399085181677545,0.0189507689530039,86,RidgeCV
pfc_to_hypo,pfc_to_hypo_all_pfc_ridge_clock,ATAC,Excitatory,chr5:142320845-142321345,0.0376453300526668,0.0161879120355149,166,RidgeCV
pfc_to_hypo,pfc_to_hypo_all_pfc_ridge_clock,ATAC,Excitatory,chr5:14762485-14762985,-0.0400980784333124,0.021152511369812,64,RidgeCV
pfc_to_hypo,pfc_to_hypo_all_pfc_ridge_clock,ATAC,Excitatory,chr5:156166616-156167116,-0.0341890355680679,0.0156337420637462,194,RidgeCV
pfc_to_hypo,pfc_to_hypo_all_pfc_ridge_clock,ATAC,Excitatory,chr5:168589982-168590482,-0.0450077831457891,0.0212759297086385,61,RidgeCV
pfc_to_hypo,pfc_to_hypo_all_pfc_ridge_clock,ATAC,Excitatory,chr5:172402936-172403436,-0.0306842758428635,0.0164844220978984,151,RidgeCV
pfc_to_hypo,pfc_to_hypo_all_pfc_ridge_clock,ATAC,Excitatory,chr5:176750101-176750601,-0.0394537093069527,0.0167737460929998,143,RidgeCV
pfc_to_hypo,pfc_to_hypo_all_pfc_ridge_clock,ATAC,Excitatory,chr5:4368436-4368936,-0.0330815820435303,0.0182234828924049,97,RidgeCV
pfc_to_hypo,pfc_to_hypo_all_pfc_ridge_clock,ATAC,Excitatory,chr5:759031-759531,0.0338265865543717,0.0189194319475391,87,RidgeCV
pfc_to_hypo,pfc_to_hypo_all_pfc_ridge_clock,ATAC,Excitatory,chr5:79171592-79172092,-0.0404470589765284,0.0206652280198766,65,RidgeCV
pfc_to_hypo,pfc_to_hypo_all_pfc_ridge_clock,ATAC,Excitatory,chr5:79932445-79932945,-0.0505127749711288,0.0219874362975448,53,RidgeCV
pfc_to_hypo,pfc_to_hypo_all_pfc_ridge_clock,ATAC,Excitatory,chr6:118746087-118746587,-0.0491414981399064,0.0225309049267769,47,RidgeCV
pfc_to_hypo,pfc_to_hypo_all_pfc_ridge_clock,ATAC,Excitatory,chr6:14406885-14407385,-0.0488259626504217,0.0221175336084696,52,RidgeCV
pfc_to_hypo,pfc_to_hypo_all_pfc_ridge_clock,ATAC,Excitatory,chr6:144544234-144544734,-0.0375852545237047,0.0212545923778054,62,RidgeCV
pfc_to_hypo,pfc_to_hypo_all_pfc_ridge_clock,ATAC,Excitatory,chr6:150494246-150494746,-0.041928270001125,0.0197065161234821,73,RidgeCV
pfc_to_hypo,pfc_to_hypo_all_pfc_ridge_clock,ATAC,Excitatory,chr6:151703266-151703766,-0.0488475528771215,0.0229383873983473,40,RidgeCV
pfc_to_hypo,pfc_to_hypo_all_pfc_ridge_clock,ATAC,Excitatory,chr6:154041919-154042419,0.0350729506700069,0.0168950917271748,141,RidgeCV
pfc_to_hypo,pfc_to_hypo_all_pfc_ridge_clock,ATAC,Excitatory,chr6:19550357-19550857,-0.0394720241593536,0.0229981998694491,38,RidgeCV
pfc_to_hypo,pfc_to_hypo_all_pfc_ridge_clock,ATAC,Excitatory,chr6:20952957-20953457,-0.0337745957723452,0.0161633745625875,168,RidgeCV
pfc_to_hypo,pfc_to_hypo_all_pfc_ridge_clock,ATAC,Excitatory,chr6:26234699-26235199,-0.0517846278954852,0.0215977754381668,57,RidgeCV
pfc_to_hypo,pfc_to_hypo_all_pfc_ridge_clock,ATAC,Excitatory,chr6:26240071-26240571,-0.0496082611990682,0.0222485096505045,49,RidgeCV
pfc_to_hypo,pfc_to_hypo_all_pfc_ridge_clock,ATAC,Excitatory,chr6:26271273-26271773,-0.0365579787906841,0.0157227863718276,191,RidgeCV
pfc_to_hypo,pfc_to_hypo_all_pfc_ridge_clock,ATAC,Excitatory,chr6:41655845-41656345,-0.039479171669591,0.0169844238382125,140,RidgeCV
pfc_to_hypo,pfc_to_hypo_all_pfc_ridge_clock,ATAC,Excitatory,chr6:53432627-53433127,-0.0427058595923882,0.0268577605383916,19,RidgeCV
pfc_to_hypo,pfc_to_hypo_all_pfc_ridge_clock,ATAC,Excitatory,chr6:6781121-6781621,-0.0341179319337558,0.0178043516317987,112,RidgeCV
pfc_to_hypo,pfc_to_hypo_all_pfc_ridge_clock,ATAC,Excitatory,chr6:71908385-71908885,-0.0493689699538237,0.0230251072494319,37,RidgeCV
pfc_to_hypo,pfc_to_hypo_all_pfc_ridge_clock,ATAC,Excitatory,chr6:76888269-76888769,-0.0312289496265013,0.0163489107728605,158,RidgeCV
pfc_to_hypo,pfc_to_hypo_all_pfc_ridge_clock,ATAC,Excitatory,chr6:85464154-85464654,-0.0358122942350473,0.0167577234058708,144,RidgeCV
pfc_to_hypo,pfc_to_hypo_all_pfc_ridge_clock,ATAC,Excitatory,chr7:131250201-131250701,0.0378479741201205,0.0164482820713495,152,RidgeCV
pfc_to_hypo,pfc_to_hypo_all_pfc_ridge_clock,ATAC,Excitatory,chr7:143836445-143836945,0.0259890467599052,0.0170939497415829,137,RidgeCV
pfc_to_hypo,pfc_to_hypo_all_pfc_ridge_clock,ATAC,Excitatory,chr7:150716361-150716861,-0.04061570939638,0.0191641191575841,80,RidgeCV
pfc_to_hypo,pfc_to_hypo_all_pfc_ridge_clock,ATAC,Excitatory,chr7:29870937-29871437,0.0429105299240934,0.0222764737078607,48,RidgeCV
pfc_to_hypo,pfc_to_hypo_all_pfc_ridge_clock,ATAC,Excitatory,chr7:6545606-6546106,-0.0337610343223891,0.0185879574718422,91,RidgeCV
pfc_to_hypo,pfc_to_hypo_all_pfc_ridge_clock,ATAC,Excitatory,chr7:75624055-75624555,-0.0538844628249684,0.0248461749646284,28,RidgeCV
pfc_to_hypo,pfc_to_hypo_all_pfc_ridge_clock,ATAC,Excitatory,chr7:88131594-88132094,-0.0454153908608754,0.0240087920589264,32,RidgeCV
pfc_to_hypo,pfc_to_hypo_all_pfc_ridge_clock,ATAC,Excitatory,chr8:128957919-128958419,-0.0364630828784329,0.0164472690293449,153,RidgeCV
pfc_to_hypo,pfc_to_hypo_all_pfc_ridge_clock,ATAC,Excitatory,chr8:13156401-13156901,0.0393134034280223,0.0173025053930488,129,RidgeCV
pfc_to_hypo,pfc_to_hypo_all_pfc_ridge_clock,ATAC,Excitatory,chr8:132538067-132538567,-0.0377036683265164,0.022911274967674,41,RidgeCV
pfc_to_hypo,pfc_to_hypo_all_pfc_ridge_clock,ATAC,Excitatory,chr8:137748651-137749151,-0.0402551200110586,0.0162750913028844,159,RidgeCV
pfc_to_hypo,pfc_to_hypo_all_pfc_ridge_clock,ATAC,Excitatory,chr8:20277497-20277997,-0.0406358431364392,0.0215642764016442,58,RidgeCV
pfc_to_hypo,pfc_to_hypo_all_pfc_ridge_clock,ATAC,Excitatory,chr8:26954947-26955447,0.0431106679614971,0.0194438977285305,74,RidgeCV
pfc_to_hypo,pfc_to_hypo_all_pfc_ridge_clock,ATAC,Excitatory,chr8:76573544-76574044,0.031642123652133,0.0176463023323655,115,RidgeCV
pfc_to_hypo,pfc_to_hypo_all_pfc_ridge_clock,ATAC,Excitatory,chr9:100574875-100575375,0.0370803013263911,0.0180423914117938,104,RidgeCV
pfc_to_hypo,pfc_to_hypo_all_pfc_ridge_clock,ATAC,Excitatory,chr9:104656711-104657211,-0.0357979199774885,0.0159333402803969,179,RidgeCV
pfc_to_hypo,pfc_to_hypo_all_pfc_ridge_clock,ATAC,Excitatory,chr9:114266969-114267469,-0.0244560179457263,0.0160224698421965,174,RidgeCV
pfc_to_hypo,pfc_to_hypo_all_pfc_ridge_clock,ATAC,Excitatory,chr9:116471275-116471775,-0.0432973159453208,0.0197225403262267,72,RidgeCV
pfc_to_hypo,pfc_to_hypo_all_pfc_ridge_clock,ATAC,Excitatory,chr9:116547680-116548180,-0.0455721827072602,0.0181476812473796,101,RidgeCV
pfc_to_hypo,pfc_to_hypo_all_pfc_ridge_clock,ATAC,Excitatory,chr9:130956309-130956809,-0.0488470331883571,0.0280416270746995,16,RidgeCV
pfc_to_hypo,pfc_to_hypo_all_pfc_ridge_clock,ATAC,Excitatory,chr9:14500693-14501193,-0.0370925823854293,0.0193392101550816,78,RidgeCV
pfc_to_hypo,pfc_to_hypo_all_pfc_ridge_clock,ATAC,Excitatory,chr9:14531191-14531691,-0.0415691620854432,0.0227200705566221,45,RidgeCV
pfc_to_hypo,pfc_to_hypo_all_pfc_ridge_clock,ATAC,Excitatory,chr9:27184957-27185457,0.0368541162702631,0.0160148295700829,176,RidgeCV
pfc_to_hypo,pfc_to_hypo_all_pfc_ridge_clock,ATAC,Excitatory,chr9:70127254-70127754,0.043902425118857,0.0235038190620228,33,RidgeCV
pfc_to_hypo,pfc_to_hypo_all_pfc_ridge_clock,ATAC,Excitatory,chr9:98958165-98958665,-0.0502304577657092,0.0253386590221019,25,RidgeCV
pfc_to_hypo,pfc_to_hypo_all_pfc_ridge_clock,ATAC,Excitatory,chrX:129831440-129831940,0.0312486908843863,0.0155946132988329,197,RidgeCV
pfc_to_hypo,pfc_to_hypo_all_pfc_ridge_clock,ATAC,Excitatory,chrX:131704118-131704618,0.0496817106179371,0.0538237586347993,0,RidgeCV
pfc_to_hypo,pfc_to_hypo_all_pfc_ridge_clock,ATAC,Excitatory,chrX:131728579-131729079,0.0352792687369335,0.0396102471287772,3,RidgeCV
pfc_to_hypo,pfc_to_hypo_all_pfc_ridge_clock,ATAC,Excitatory,chrX:131734610-131735110,0.0343070006554986,0.0331658161382464,8,RidgeCV
pfc_to_hypo,pfc_to_hypo_all_pfc_ridge_clock,ATAC,Excitatory,chrX:131741103-131741603,0.0401545489788507,0.0476393698259371,2,RidgeCV
pfc_to_hypo,pfc_to_hypo_all_pfc_ridge_clock,ATAC,Excitatory,chrX:131741702-131742202,0.029588624153873,0.0324139356102719,9,RidgeCV
pfc_to_hypo,pfc_to_hypo_all_pfc_ridge_clock,ATAC,Excitatory,chrX:131813067-131813567,0.0350312084633013,0.02975063418934,13,RidgeCV
pfc_to_hypo,pfc_to_hypo_all_pfc_ridge_clock,ATAC,Excitatory,chrX:73850971-73851471,0.037706791985775,0.0523324378142716,1,RidgeCV
pfc_to_hypo,pfc_to_hypo_all_pfc_ridge_clock,ATAC,Excitatory,chrX:73852486-73852986,0.023581332747959,0.0257333428405177,23,RidgeCV
pfc_to_hypo,pfc_to_hypo_all_pfc_ridge_clock,ATAC,Inhibitory,chr10:119637434-119637934,-0.0315591118749343,0.0177521850659304,71,RidgeCV
pfc_to_hypo,pfc_to_hypo_all_pfc_ridge_clock,ATAC,Inhibitory,chr10:123842653-123843153,-0.0430769741102106,0.0250572770633598,6,RidgeCV
pfc_to_hypo,pfc_to_hypo_all_pfc_ridge_clock,ATAC,Inhibitory,chr10:129971580-129972080,-0.0295358603570827,0.0160295732631204,149,RidgeCV
pfc_to_hypo,pfc_to_hypo_all_pfc_ridge_clock,ATAC,Inhibitory,chr10:17882486-17882986,0.0332436276944461,0.0160475147806288,146,RidgeCV
pfc_to_hypo,pfc_to_hypo_all_pfc_ridge_clock,ATAC,Inhibitory,chr10:37754678-37755178,-0.0343943358180227,0.0183880693854715,54,RidgeCV
pfc_to_hypo,pfc_to_hypo_all_pfc_ridge_clock,ATAC,Inhibitory,chr10:44801958-44802458,-0.0291457131798932,0.0161896339946021,139,RidgeCV
pfc_to_hypo,pfc_to_hypo_all_pfc_ridge_clock,ATAC,Inhibitory,chr10:5529658-5530158,-0.0331216308789044,0.0169203436945659,106,RidgeCV
pfc_to_hypo,pfc_to_hypo_all_pfc_ridge_clock,ATAC,Inhibitory,chr10:60677673-60678173,-0.0319534281838142,0.0168722958069892,107,RidgeCV
pfc_to_hypo,pfc_to_hypo_all_pfc_ridge_clock,ATAC,Inhibitory,chr10:74008339-74008839,-0.0286639070675478,0.0155318185977744,188,RidgeCV
pfc_to_hypo,pfc_to_hypo_all_pfc_ridge_clock,ATAC,Inhibitory,chr1:1034550-1035050,-0.036540345607809,0.0158353586624772,165,RidgeCV
pfc_to_hypo,pfc_to_hypo_all_pfc_ridge_clock,ATAC,Inhibitory,chr1:10458987-10459487,-0.0297160032821532,0.0158560369156801,162,RidgeCV
pfc_to_hypo,pfc_to_hypo_all_pfc_ridge_clock,ATAC,Inhibitory,chr1:109687486-109687986,0.02052552630991,0.0226209929460795,14,RidgeCV
pfc_to_hypo,pfc_to_hypo_all_pfc_ridge_clock,ATAC,Inhibitory,chr1:109711944-109712444,-0.03277109531975,0.0190069063901454,41,RidgeCV
pfc_to_hypo,pfc_to_hypo_all_pfc_ridge_clock,ATAC,Inhibitory,chr11:121762803-121763303,-0.0374785689584017,0.0194747135015963,35,RidgeCV
pfc_to_hypo,pfc_to_hypo_all_pfc_ridge_clock,ATAC,Inhibitory,chr1:112272033-112272533,0.0449610787017696,0.0240382914735915,10,RidgeCV
pfc_to_hypo,pfc_to_hypo_all_pfc_ridge_clock,ATAC,Inhibitory,chr11:124866167-124866667,-0.0261414234905174,0.0156748130490016,175,RidgeCV
pfc_to_hypo,pfc_to_hypo_all_pfc_ridge_clock,ATAC,Inhibitory,chr11:128563011-128563511,-0.042002593088713,0.0234750038166051,12,RidgeCV
pfc_to_hypo,pfc_to_hypo_all_pfc_ridge_clock,ATAC,Inhibitory,chr11:15291855-15292355,-0.0307555662300179,0.0176862533805807,74,RidgeCV
pfc_to_hypo,pfc_to_hypo_all_pfc_ridge_clock,ATAC,Inhibitory,chr11:27718484-27718984,-0.0296103897574252,0.0158830034905273,160,RidgeCV
pfc_to_hypo,pfc_to_hypo_all_pfc_ridge_clock,ATAC,Inhibitory,chr11:32081130-32081630,0.0290150523206913,0.0162931667285715,134,RidgeCV
pfc_to_hypo,pfc_to_hypo_all_pfc_ridge_clock,ATAC,Inhibitory,chr11:34438614-34439114,-0.0312137968247605,0.0188691594885089,45,RidgeCV
pfc_to_hypo,pfc_to_hypo_all_pfc_ridge_clock,ATAC,Inhibitory,chr1:159925327-159925827,-0.0301926794957387,0.0155488834380702,186,RidgeCV
pfc_to_hypo,pfc_to_hypo_all_pfc_ridge_clock,ATAC,Inhibitory,chr11:60992968-60993468,-0.032338159183365,0.017758672448497,69,RidgeCV
pfc_to_hypo,pfc_to_hypo_all_pfc_ridge_clock,ATAC,Inhibitory,chr11:69297225-69297725,-0.0316942964525037,0.0178257266091623,68,RidgeCV
pfc_to_hypo,pfc_to_hypo_all_pfc_ridge_clock,ATAC,Inhibitory,chr11:70422299-70422799,0.0311693434392903,0.0171741514726445,95,RidgeCV
pfc_to_hypo,pfc_to_hypo_all_pfc_ridge_clock,ATAC,Inhibitory,chr11:76748937-76749437,-0.028018639886493,0.0155619874333532,185,RidgeCV
pfc_to_hypo,pfc_to_hypo_all_pfc_ridge_clock,ATAC,Inhibitory,chr1:17910418-17910918,-0.0319018009318941,0.0158867037158183,159,RidgeCV
pfc_to_hypo,pfc_to_hypo_all_pfc_ridge_clock,ATAC,Inhibitory,chr11:96168595-96169095,-0.0320195093966546,0.0181482753314966,61,RidgeCV
pfc_to_hypo,pfc_to_hypo_all_pfc_ridge_clock,ATAC,Inhibitory,chr1:203103171-203103671,-0.0323294325685107,0.0159709060195271,152,RidgeCV
pfc_to_hypo,pfc_to_hypo_all_pfc_ridge_clock,ATAC,Inhibitory,chr12:116389901-116390401,-0.0269928159119548,0.0163483307312856,130,RidgeCV
pfc_to_hypo,pfc_to_hypo_all_pfc_ridge_clock,ATAC,Inhibitory,chr12:119496071-119496571,0.0367622955710888,0.0212793250407229,21,RidgeCV
pfc_to_hypo,pfc_to_hypo_all_pfc_ridge_clock,ATAC,Inhibitory,chr12:15019952-15020452,-0.0266622183175412,0.0154254344100549,193,RidgeCV
pfc_to_hypo,pfc_to_hypo_all_pfc_ridge_clock,ATAC,Inhibitory,chr1:23577298-23577798,-0.0331329203346432,0.0173982489235615,80,RidgeCV
pfc_to_hypo,pfc_to_hypo_all_pfc_ridge_clock,ATAC,Inhibitory,chr1:245225178-245225678,0.0345203020126119,0.0187658429369532,47,RidgeCV
pfc_to_hypo,pfc_to_hypo_all_pfc_ridge_clock,ATAC,Inhibitory,chr12:49268617-49269117,-0.029956801475884,0.01604093767016,147,RidgeCV
pfc_to_hypo,pfc_to_hypo_all_pfc_ridge_clock,ATAC,Inhibitory,chr12:95918435-95918935,0.0276932860957655,0.0153452845759847,198,RidgeCV
pfc_to_hypo,pfc_to_hypo_all_pfc_ridge_clock,ATAC,Inhibitory,chr12:96195498-96195998,-0.032381554571913,0.0172142598339782,87,RidgeCV
pfc_to_hypo,pfc_to_hypo_all_pfc_ridge_clock,ATAC,Inhibitory,chr12:98352452-98352952,-0.0307042326919447,0.0171811443139291,94,RidgeCV
pfc_to_hypo,pfc_to_hypo_all_pfc_ridge_clock,ATAC,Inhibitory,chr13:30847832-30848332,-0.0370804379807288,0.0199709732918861,29,RidgeCV
pfc_to_hypo,pfc_to_hypo_all_pfc_ridge_clock,ATAC,Inhibitory,chr1:34295172-34295672,0.030986018496699,0.0165514881821115,122,RidgeCV
pfc_to_hypo,pfc_to_hypo_all_pfc_ridge_clock,ATAC,Inhibitory,chr13:58989511-58990011,-0.0305419899323371,0.0171501806114937,97,RidgeCV
pfc_to_hypo,pfc_to_hypo_all_pfc_ridge_clock,ATAC,Inhibitory,chr13:77860618-77861118,-0.0416023522650608,0.0252784152741076,5,RidgeCV
pfc_to_hypo,pfc_to_hypo_all_pfc_ridge_clock,ATAC,Inhibitory,chr1:39564267-39564767,0.0328621895345114,0.0169741498444635,104,RidgeCV
pfc_to_hypo,pfc_to_hypo_all_pfc_ridge_clock,ATAC,Inhibitory,chr13:97493444-97493944,-0.0408224815997285,0.0241006111941355,9,RidgeCV
pfc_to_hypo,pfc_to_hypo_all_pfc_ridge_clock,ATAC,Inhibitory,chr13:99191689-99192189,0.037753959475055,0.0210058669044953,22,RidgeCV
pfc_to_hypo,pfc_to_hypo_all_pfc_ridge_clock,ATAC,Inhibitory,chr14:101400722-101401222,-0.0305391137194745,0.0163339096112239,131,RidgeCV
pfc_to_hypo,pfc_to_hypo_all_pfc_ridge_clock,ATAC,Inhibitory,chr14:45298650-45299150,-0.0311691485048123,0.0163150001901433,132,RidgeCV
pfc_to_hypo,pfc_to_hypo_all_pfc_ridge_clock,ATAC,Inhibitory,chr14:52002598-52003098,0.0330654577375005,0.0162379312019256,135,RidgeCV
pfc_to_hypo,pfc_to_hypo_all_pfc_ridge_clock,ATAC,Inhibitory,chr14:61547129-61547629,-0.0298316051968095,0.0155343352737692,187,RidgeCV
pfc_to_hypo,pfc_to_hypo_all_pfc_ridge_clock,ATAC,Inhibitory,chr14:65080908-65081408,0.0495893525357663,0.0285354200214724,2,RidgeCV
pfc_to_hypo,pfc_to_hypo_all_pfc_ridge_clock,ATAC,Inhibitory,chr14:65910070-65910570,-0.0318705800261411,0.0175408820693869,76,RidgeCV
pfc_to_hypo,pfc_to_hypo_all_pfc_ridge_clock,ATAC,Inhibitory,chr14:75273485-75273985,-0.0343205200933416,0.0171911707511099,92,RidgeCV
pfc_to_hypo,pfc_to_hypo_all_pfc_ridge_clock,ATAC,Inhibitory,chr14:93040335-93040835,0.0306744074210902,0.0159654411367937,153,RidgeCV
pfc_to_hypo,pfc_to_hypo_all_pfc_ridge_clock,ATAC,Inhibitory,chr14:95196220-95196720,0.0301609913382182,0.0153758611565853,196,RidgeCV
pfc_to_hypo,pfc_to_hypo_all_pfc_ridge_clock,ATAC,Inhibitory,chr15:26298611-26299111,-0.0353721557412527,0.0186164656966032,50,RidgeCV
pfc_to_hypo,pfc_to_hypo_all_pfc_ridge_clock,ATAC,Inhibitory,chr15:26620604-26621104,-0.0326165609353405,0.0183788515235506,55,RidgeCV
pfc_to_hypo,pfc_to_hypo_all_pfc_ridge_clock,ATAC,Inhibitory,chr15:58459480-58459980,-0.0276067276674682,0.0165708866230185,119,RidgeCV
pfc_to_hypo,pfc_to_hypo_all_pfc_ridge_clock,ATAC,Inhibitory,chr15:65646487-65646987,-0.0363910256879824,0.019817467633782,30,RidgeCV
pfc_to_hypo,pfc_to_hypo_all_pfc_ridge_clock,ATAC,Inhibitory,chr15:68062966-68063466,-0.0486071204986981,0.0263445418056581,3,RidgeCV
pfc_to_hypo,pfc_to_hypo_all_pfc_ridge_clock,ATAC,Inhibitory,chr15:69697056-69697556,-0.0354875510844668,0.0192388210736447,39,RidgeCV
pfc_to_hypo,pfc_to_hypo_all_pfc_ridge_clock,ATAC,Inhibitory,chr15:90836302-90836802,-0.0306540209486649,0.0163841855814356,127,RidgeCV
pfc_to_hypo,pfc_to_hypo_all_pfc_ridge_clock,ATAC,Inhibitory,chr16:14013549-14014049,-0.0284158154509415,0.0154861130709372,190,RidgeCV
pfc_to_hypo,pfc_to_hypo_all_pfc_ridge_clock,ATAC,Inhibitory,chr16:14405542-14406042,-0.0263643400255622,0.0156082082125255,180,RidgeCV
pfc_to_hypo,pfc_to_hypo_all_pfc_ridge_clock,ATAC,Inhibitory,chr16:20073696-20074196,-0.0386111514924913,0.0174838962482823,79,RidgeCV
pfc_to_hypo,pfc_to_hypo_all_pfc_ridge_clock,ATAC,Inhibitory,chr1:63112093-63112593,-0.0291905097714039,0.0158971694257014,157,RidgeCV
pfc_to_hypo,pfc_to_hypo_all_pfc_ridge_clock,ATAC,Inhibitory,chr16:31327798-31328298,-0.034355827410202,0.0178749243468809,66,RidgeCV
pfc_to_hypo,pfc_to_hypo_all_pfc_ridge_clock,ATAC,Inhibitory,chr16:31354897-31355397,-0.0343708639824393,0.018248986433626,60,RidgeCV
pfc_to_hypo,pfc_to_hypo_all_pfc_ridge_clock,ATAC,Inhibitory,chr16:47669384-47669884,-0.0314132629517494,0.0160123090576576,151,RidgeCV
pfc_to_hypo,pfc_to_hypo_all_pfc_ridge_clock,ATAC,Inhibitory,chr16:53558620-53559120,0.0304304849642195,0.0164254271342402,126,RidgeCV
pfc_to_hypo,pfc_to_hypo_all_pfc_ridge_clock,ATAC,Inhibitory,chr17:29850035-29850535,-0.026716749940824,0.0158100087732081,167,RidgeCV
pfc_to_hypo,pfc_to_hypo_all_pfc_ridge_clock,ATAC,Inhibitory,chr17:39606706-39607206,-0.0339714214766924,0.0161987392223271,138,RidgeCV
pfc_to_hypo,pfc_to_hypo_all_pfc_ridge_clock,ATAC,Inhibitory,chr1:74392749-74393249,0.0357603730706668,0.0184910148195217,52,RidgeCV
pfc_to_hypo,pfc_to_hypo_all_pfc_ridge_clock,ATAC,Inhibitory,chr17:50209440-50209940,-0.0302440780582224,0.0167617987725071,111,RidgeCV
pfc_to_hypo,pfc_to_hypo_all_pfc_ridge_clock,ATAC,Inhibitory,chr17:50314308-50314808,-0.041165917518547,0.0209908623136009,23,RidgeCV
pfc_to_hypo,pfc_to_hypo_all_pfc_ridge_clock,ATAC,Inhibitory,chr17:559830-560330,-0.029474203259464,0.0166251768880789,117,RidgeCV
pfc_to_hypo,pfc_to_hypo_all_pfc_ridge_clock,ATAC,Inhibitory,chr17:7436903-7437403,-0.0324797039897118,0.0173927270974937,81,RidgeCV
pfc_to_hypo,pfc_to_hypo_all_pfc_ridge_clock,ATAC,Inhibitory,chr17:7438009-7438509,-0.0367810813350141,0.0176955517981814,73,RidgeCV
pfc_to_hypo,pfc_to_hypo_all_pfc_ridge_clock,ATAC,Inhibitory,chr17:7440494-7440994,-0.033056572940556,0.0190534680365423,40,RidgeCV
pfc_to_hypo,pfc_to_hypo_all_pfc_ridge_clock,ATAC,Inhibitory,chr17:79810046-79810546,-0.0367309460829321,0.0168289450666669,110,RidgeCV
pfc_to_hypo,pfc_to_hypo_all_pfc_ridge_clock,ATAC,Inhibitory,chr17:79812856-79813356,-0.0312885964149936,0.0154366983249192,192,RidgeCV
pfc_to_hypo,pfc_to_hypo_all_pfc_ridge_clock,ATAC,Inhibitory,chr17:79848270-79848770,-0.0285411491997212,0.0163487735836091,129,RidgeCV
pfc_to_hypo,pfc_to_hypo_all_pfc_ridge_clock,ATAC,Inhibitory,chr1:78884873-78885373,-0.0344031173032206,0.0180071756608148,64,RidgeCV
pfc_to_hypo,pfc_to_hypo_all_pfc_ridge_clock,ATAC,Inhibitory,chr17:9002998-9003498,-0.0307526345353781,0.0161119219968687,143,RidgeCV
pfc_to_hypo,pfc_to_hypo_all_pfc_ridge_clock,ATAC,Inhibitory,chr18:13618730-13619230,0.0310460448233195,0.0158191055795248,166,RidgeCV
pfc_to_hypo,pfc_to_hypo_all_pfc_ridge_clock,ATAC,Inhibitory,chr18:45197381-45197881,-0.0299710150860184,0.0168442821432375,108,RidgeCV
pfc_to_hypo,pfc_to_hypo_all_pfc_ridge_clock,ATAC,Inhibitory,chr18:47781499-47781999,-0.0367333010584384,0.0194132706699042,38,RidgeCV
pfc_to_hypo,pfc_to_hypo_all_pfc_ridge_clock,ATAC,Inhibitory,chr18:49067535-49068035,0.0297531656352697,0.0158877786278854,158,RidgeCV
pfc_to_hypo,pfc_to_hypo_all_pfc_ridge_clock,ATAC,Inhibitory,chr19:45428633-45429133,-0.0308050289320949,0.0170361945936365,103,RidgeCV
pfc_to_hypo,pfc_to_hypo_all_pfc_ridge_clock,ATAC,Inhibitory,chr19:50165348-50165848,-0.0353106422768696,0.0175257161770998,78,RidgeCV
pfc_to_hypo,pfc_to_hypo_all_pfc_ridge_clock,ATAC,Inhibitory,chr19:54418365-54418865,-0.0335372639174739,0.0170583189932897,101,RidgeCV
pfc_to_hypo,pfc_to_hypo_all_pfc_ridge_clock,ATAC,Inhibitory,chr19:5827889-5828389,-0.0418922348852412,0.0194314236697982,37,RidgeCV
pfc_to_hypo,pfc_to_hypo_all_pfc_ridge_clock,ATAC,Inhibitory,chr20:1197792-1198292,0.0300068240271473,0.0154019954932019,195,RidgeCV
pfc_to_hypo,pfc_to_hypo_all_pfc_ridge_clock,ATAC,Inhibitory,chr20:51565669-51566169,-0.0301454114464572,0.0156540623900833,178,RidgeCV
pfc_to_hypo,pfc_to_hypo_all_pfc_ridge_clock,ATAC,Inhibitory,chr20:57195331-57195831,0.0291022061305474,0.0156799578431153,174,RidgeCV
pfc_to_hypo,pfc_to_hypo_all_pfc_ridge_clock,ATAC,Inhibitory,chr2:100018732-100019232,-0.0321427098723619,0.0166389841502456,116,RidgeCV
pfc_to_hypo,pfc_to_hypo_all_pfc_ridge_clock,ATAC,Inhibitory,chr2:11004137-11004637,-0.0298564825445358,0.0189573821143853,42,RidgeCV
pfc_to_hypo,pfc_to_hypo_all_pfc_ridge_clock,ATAC,Inhibitory,chr21:25699613-25700113,-0.0336590548473529,0.018613418673061,51,RidgeCV
pfc_to_hypo,pfc_to_hypo_all_pfc_ridge_clock,ATAC,Inhibitory,chr2:134819252-134819752,-0.0416101618881094,0.0257316005799536,4,RidgeCV
pfc_to_hypo,pfc_to_hypo_all_pfc_ridge_clock,ATAC,Inhibitory,chr2:160666314-160666814,-0.0244130986190363,0.0157347950361434,168,RidgeCV
pfc_to_hypo,pfc_to_hypo_all_pfc_ridge_clock,ATAC,Inhibitory,chr2:168143061-168143561,0.0301449027800873,0.0159466778879087,154,RidgeCV
pfc_to_hypo,pfc_to_hypo_all_pfc_ridge_clock,ATAC,Inhibitory,chr2:173696232-173696732,0.0319641508323157,0.0171935351457393,91,RidgeCV
pfc_to_hypo,pfc_to_hypo_all_pfc_ridge_clock,ATAC,Inhibitory,chr2:196823689-196824189,-0.029995033017888,0.0184887918702109,53,RidgeCV
pfc_to_hypo,pfc_to_hypo_all_pfc_ridge_clock,ATAC,Inhibitory,chr2:197996492-197996992,0.0295954792854467,0.0156508100039461,179,RidgeCV
pfc_to_hypo,pfc_to_hypo_all_pfc_ridge_clock,ATAC,Inhibitory,chr2:202064470-202064970,-0.0319426842040619,0.0160689113728894,144,RidgeCV
pfc_to_hypo,pfc_to_hypo_all_pfc_ridge_clock,ATAC,Inhibitory,chr2:218860810-218861310,-0.0318923075206772,0.017202945408291,90,RidgeCV
pfc_to_hypo,pfc_to_hypo_all_pfc_ridge_clock,ATAC,Inhibitory,chr22:24474150-24474650,-0.0299139002642317,0.0163093006444814,133,RidgeCV
pfc_to_hypo,pfc_to_hypo_all_pfc_ridge_clock,ATAC,Inhibitory,chr22:27718247-27718747,-0.031298581958771,0.0165520102541538,121,RidgeCV
pfc_to_hypo,pfc_to_hypo_all_pfc_ridge_clock,ATAC,Inhibitory,chr2:235107067-235107567,-0.0367649279405954,0.0189135895106776,43,RidgeCV
pfc_to_hypo,pfc_to_hypo_all_pfc_ridge_clock,ATAC,Inhibitory,chr2:236214359-236214859,-0.0422619956729805,0.0249023434619557,7,RidgeCV
pfc_to_hypo,pfc_to_hypo_all_pfc_ridge_clock,ATAC,Inhibitory,chr22:46485250-46485750,-0.029023252003086,0.0154661955705851,191,RidgeCV
pfc_to_hypo,pfc_to_hypo_all_pfc_ridge_clock,ATAC,Inhibitory,chr2:28445845-28446345,-0.0279584623017082,0.0165158206422113,123,RidgeCV
pfc_to_hypo,pfc_to_hypo_all_pfc_ridge_clock,ATAC,Inhibitory,chr2:43086427-43086927,-0.033361781392243,0.0173821429505696,83,RidgeCV
pfc_to_hypo,pfc_to_hypo_all_pfc_ridge_clock,ATAC,Inhibitory,chr2:43634610-43635110,-0.0304424689622454,0.0173911214134455,82,RidgeCV
pfc_to_hypo,pfc_to_hypo_all_pfc_ridge_clock,ATAC,Inhibitory,chr2:48126182-48126682,-0.0365662301290327,0.018017512720467,63,RidgeCV
pfc_to_hypo,pfc_to_hypo_all_pfc_ridge_clock,ATAC,Inhibitory,chr2:71749563-71750063,-0.0415839683138952,0.0224278192182694,15,RidgeCV
pfc_to_hypo,pfc_to_hypo_all_pfc_ridge_clock,ATAC,Inhibitory,chr2:72143002-72143502,-0.0316749383965297,0.0170460801028162,102,RidgeCV
pfc_to_hypo,pfc_to_hypo_all_pfc_ridge_clock,ATAC,Inhibitory,chr2:8594746-8595246,-0.027830105272856,0.0159235685036133,155,RidgeCV
pfc_to_hypo,pfc_to_hypo_all_pfc_ridge_clock,ATAC,Inhibitory,chr2:88549703-88550203,-0.0293732407143488,0.0162141737056112,137,RidgeCV
pfc_to_hypo,pfc_to_hypo_all_pfc_ridge_clock,ATAC,Inhibitory,chr3:121720102-121720602,0.0337029051951252,0.0171846705609228,93,RidgeCV
pfc_to_hypo,pfc_to_hypo_all_pfc_ridge_clock,ATAC,Inhibitory,chr3:134658498-134658998,-0.0384577464566205,0.0173540037441049,84,RidgeCV
pfc_to_hypo,pfc_to_hypo_all_pfc_ridge_clock,ATAC,Inhibitory,chr3:13574827-13575327,-0.0306687234139972,0.0158755216152542,161,RidgeCV
pfc_to_hypo,pfc_to_hypo_all_pfc_ridge_clock,ATAC,Inhibitory,chr3:137348912-137349412,0.0247335123642778,0.0171654029959875,96,RidgeCV
pfc_to_hypo,pfc_to_hypo_all_pfc_ridge_clock,ATAC,Inhibitory,chr3:138368958-138369458,0.0313076810817056,0.0164393147977105,124,RidgeCV
pfc_to_hypo,pfc_to_hypo_all_pfc_ridge_clock,ATAC,Inhibitory,chr3:155383974-155384474,0.0282171080648916,0.0155744456552134,182,RidgeCV
pfc_to_hypo,pfc_to_hypo_all_pfc_ridge_clock,ATAC,Inhibitory,chr3:191396387-191396887,0.0343364157168848,0.0176053589040262,75,RidgeCV
pfc_to_hypo,pfc_to_hypo_all_pfc_ridge_clock,ATAC,Inhibitory,chr3:194269418-194269918,0.0270389721382678,0.0160223747461962,150,RidgeCV
pfc_to_hypo,pfc_to_hypo_all_pfc_ridge_clock,ATAC,Inhibitory,chr3:30435709-30436209,-0.0281944662621254,0.0153526677209699,197,RidgeCV
pfc_to_hypo,pfc_to_hypo_all_pfc_ridge_clock,ATAC,Inhibitory,chr3:30747944-30748444,-0.0276697578529355,0.0157226459325372,169,RidgeCV
pfc_to_hypo,pfc_to_hypo_all_pfc_ridge_clock,ATAC,Inhibitory,chr3:64972769-64973269,-0.0302353153098767,0.0158406364043028,164,RidgeCV
pfc_to_hypo,pfc_to_hypo_all_pfc_ridge_clock,ATAC,Inhibitory,chr3:81003897-81004397,-0.0431587576606129,0.0209042746268201,24,RidgeCV
pfc_to_hypo,pfc_to_hypo_all_pfc_ridge_clock,ATAC,Inhibitory,chr3:81293165-81293665,-0.0482250646915063,0.0242868000088069,8,RidgeCV
pfc_to_hypo,pfc_to_hypo_all_pfc_ridge_clock,ATAC,Inhibitory,chr4:107379200-107379700,-0.0292845384500971,0.0156823045304837,173,RidgeCV
pfc_to_hypo,pfc_to_hypo_all_pfc_ridge_clock,ATAC,Inhibitory,chr4:125732605-125733105,0.0325339800621754,0.0172067800908689,89,RidgeCV
pfc_to_hypo,pfc_to_hypo_all_pfc_ridge_clock,ATAC,Inhibitory,chr4:145808269-145808769,-0.0361596460059513,0.0197957187083053,31,RidgeCV
pfc_to_hypo,pfc_to_hypo_all_pfc_ridge_clock,ATAC,Inhibitory,chr4:152243738-152244238,-0.0308948424576582,0.0158465714414508,163,RidgeCV
pfc_to_hypo,pfc_to_hypo_all_pfc_ridge_clock,ATAC,Inhibitory,chr4:169808117-169808617,-0.0345731061592186,0.0188297898652954,46,RidgeCV
pfc_to_hypo,pfc_to_hypo_all_pfc_ridge_clock,ATAC,Inhibitory,chr4:24922377-24922877,-0.0403767595429164,0.0220522680201585,16,RidgeCV
pfc_to_hypo,pfc_to_hypo_all_pfc_ridge_clock,ATAC,Inhibitory,chr4:48203621-48204121,-0.0325522657341397,0.0177583472904172,70,RidgeCV
pfc_to_hypo,pfc_to_hypo_all_pfc_ridge_clock,ATAC,Inhibitory,chr4:48792326-48792826,0.0391631534893191,0.0194437534831424,36,RidgeCV
pfc_to_hypo,pfc_to_hypo_all_pfc_ridge_clock,ATAC,Inhibitory,chr4:53068878-53069378,-0.0354198008620898,0.0186275684391693,49,RidgeCV
pfc_to_hypo,pfc_to_hypo_all_pfc_ridge_clock,ATAC,Inhibitory,chr4:54954119-54954619,-0.0366767856905228,0.0219545606804665,17,RidgeCV
pfc_to_hypo,pfc_to_hypo_all_pfc_ridge_clock,ATAC,Inhibitory,chr4:56821399-56821899,0.0253998575447298,0.0208654239487136,25,RidgeCV
pfc_to_hypo,pfc_to_hypo_all_pfc_ridge_clock,ATAC,Inhibitory,chr4:67396944-67397444,-0.0296662860271061,0.0155736388794254,183,RidgeCV
pfc_to_hypo,pfc_to_hypo_all_pfc_ridge_clock,ATAC,Inhibitory,chr4:76219249-76219749,0.0537191527270937,0.0287638282659304,1,RidgeCV
pfc_to_hypo,pfc_to_hypo_all_pfc_ridge_clock,ATAC,Inhibitory,chr4:80183995-80184495,0.0313831739228897,0.0155831546174096,181,RidgeCV
pfc_to_hypo,pfc_to_hypo_all_pfc_ridge_clock,ATAC,Inhibitory,chr4:87114295-87114795,0.0318327901567004,0.0178885651972588,65,RidgeCV
pfc_to_hypo,pfc_to_hypo_all_pfc_ridge_clock,ATAC,Inhibitory,chr5:115459750-115460250,-0.0310982822438973,0.0183485735454382,56,RidgeCV
pfc_to_hypo,pfc_to_hypo_all_pfc_ridge_clock,ATAC,Inhibitory,chr5:141359824-141360324,0.0374209497848407,0.0197151640097951,32,RidgeCV
pfc_to_hypo,pfc_to_hypo_all_pfc_ridge_clock,ATAC,Inhibitory,chr5:173011658-173012158,0.0282430031580519,0.0161377553405512,142,RidgeCV
pfc_to_hypo,pfc_to_hypo_all_pfc_ridge_clock,ATAC,Inhibitory,chr5:31992863-31993363,0.0310790877549188,0.0188780169938493,44,RidgeCV
pfc_to_hypo,pfc_to_hypo_all_pfc_ridge_clock,ATAC,Inhibitory,chr5:38831757-38832257,0.0295387674750851,0.0165826908621461,118,RidgeCV
pfc_to_hypo,pfc_to_hypo_all_pfc_ridge_clock,ATAC,Inhibitory,chr5:6199676-6200176,-0.0264332350885393,0.0154089797006096,194,RidgeCV
pfc_to_hypo,pfc_to_hypo_all_pfc_ridge_clock,ATAC,Inhibitory,chr5:67353530-67354030,0.0325794179137797,0.0168320904514629,109,RidgeCV
pfc_to_hypo,pfc_to_hypo_all_pfc_ridge_clock,ATAC,Inhibitory,chr5:76319342-76319842,-0.0402772233703529,0.0213407172971448,20,RidgeCV
pfc_to_hypo,pfc_to_hypo_all_pfc_ridge_clock,ATAC,Inhibitory,chr5:79171592-79172092,-0.03387838885009,0.0195806146024907,34,RidgeCV
pfc_to_hypo,pfc_to_hypo_all_pfc_ridge_clock,ATAC,Inhibitory,chr6:11354034-11354534,-0.0347958028995022,0.018653450139785,48,RidgeCV
pfc_to_hypo,pfc_to_hypo_all_pfc_ridge_clock,ATAC,Inhibitory,chr6:151703266-151703766,-0.0342294561095881,0.019629924198881,33,RidgeCV
pfc_to_hypo,pfc_to_hypo_all_pfc_ridge_clock,ATAC,Inhibitory,chr6:159104058-159104558,0.0274262955496644,0.0153271687853345,199,RidgeCV
pfc_to_hypo,pfc_to_hypo_all_pfc_ridge_clock,ATAC,Inhibitory,chr6:159308121-159308621,-0.0282643475894429,0.0164347951165834,125,RidgeCV
pfc_to_hypo,pfc_to_hypo_all_pfc_ridge_clock,ATAC,Inhibitory,chr6:1610202-1610702,-0.032731411606634,0.0161384974707357,141,RidgeCV
pfc_to_hypo,pfc_to_hypo_all_pfc_ridge_clock,ATAC,Inhibitory,chr6:20025267-20025767,-0.0321551454526481,0.0177159462589304,72,RidgeCV
pfc_to_hypo,pfc_to_hypo_all_pfc_ridge_clock,ATAC,Inhibitory,chr6:24068587-24069087,-0.0339055184103756,0.0205784101523754,26,RidgeCV
pfc_to_hypo,pfc_to_hypo_all_pfc_ridge_clock,ATAC,Inhibitory,chr6:31717635-31718135,-0.0401796061564345,0.0200710632172567,28,RidgeCV
pfc_to_hypo,pfc_to_hypo_all_pfc_ridge_clock,ATAC,Inhibitory,chr6:32589596-32590096,-0.0299205592780974,0.017145477683456,98,RidgeCV
pfc_to_hypo,pfc_to_hypo_all_pfc_ridge_clock,ATAC,Inhibitory,chr6:35601865-35602365,0.0316818848031274,0.0166693878450412,115,RidgeCV
pfc_to_hypo,pfc_to_hypo_all_pfc_ridge_clock,ATAC,Inhibitory,chr6:3635419-3635919,-0.0299249227839863,0.0163771452814418,128,RidgeCV
pfc_to_hypo,pfc_to_hypo_all_pfc_ridge_clock,ATAC,Inhibitory,chr6:36692147-36692647,-0.0269097204532713,0.0156719882675282,176,RidgeCV
pfc_to_hypo,pfc_to_hypo_all_pfc_ridge_clock,ATAC,Inhibitory,chr6:39887645-39888145,0.0326456917444262,0.0182707011442361,59,RidgeCV
pfc_to_hypo,pfc_to_hypo_all_pfc_ridge_clock,ATAC,Inhibitory,chr6:81451726-81452226,-0.0385545284648592,0.0215604747570466,18,RidgeCV
pfc_to_hypo,pfc_to_hypo_all_pfc_ridge_clock,ATAC,Inhibitory,chr7:117269388-117269888,-0.0292802571459913,0.0170909243225115,100,RidgeCV
pfc_to_hypo,pfc_to_hypo_all_pfc_ridge_clock,ATAC,Inhibitory,chr7:131250201-131250701,0.0314657976966083,0.0167005726080881,113,RidgeCV
pfc_to_hypo,pfc_to_hypo_all_pfc_ridge_clock,ATAC,Inhibitory,chr7:13963859-13964359,0.0284544743092811,0.0182764278806409,57,RidgeCV
pfc_to_hypo,pfc_to_hypo_all_pfc_ridge_clock,ATAC,Inhibitory,chr7:28979703-28980203,-0.0346720777782953,0.0182707579573616,58,RidgeCV
pfc_to_hypo,pfc_to_hypo_all_pfc_ridge_clock,ATAC,Inhibitory,chr7:35735295-35735795,-0.0321029991564063,0.0178621462379967,67,RidgeCV
pfc_to_hypo,pfc_to_hypo_all_pfc_ridge_clock,ATAC,Inhibitory,chr7:83438944-83439444,-0.0295541002444057,0.0167043069945683,112,RidgeCV
pfc_to_hypo,pfc_to_hypo_all_pfc_ridge_clock,ATAC,Inhibitory,chr7:94275971-94276471,-0.0331370156602659,0.0181348712297385,62,RidgeCV
pfc_to_hypo,pfc_to_hypo_all_pfc_ridge_clock,ATAC,Inhibitory,chr7:95550100-95550600,0.0333059810174848,0.016560258561764,120,RidgeCV
pfc_to_hypo,pfc_to_hypo_all_pfc_ridge_clock,ATAC,Inhibitory,chr7:98691709-98692209,-0.0374871963470594,0.0230534119338337,13,RidgeCV
pfc_to_hypo,pfc_to_hypo_all_pfc_ridge_clock,ATAC,Inhibitory,chr8:10732755-10733255,-0.0323859316523914,0.0156934946540561,172,RidgeCV
pfc_to_hypo,pfc_to_hypo_all_pfc_ridge_clock,ATAC,Inhibitory,chr8:117686201-117686701,-0.0304142711220725,0.0169403445183476,105,RidgeCV
pfc_to_hypo,pfc_to_hypo_all_pfc_ridge_clock,ATAC,Inhibitory,chr8:127872885-127873385,-0.0274949696019462,0.0161419006999132,140,RidgeCV
pfc_to_hypo,pfc_to_hypo_all_pfc_ridge_clock,ATAC,Inhibitory,chr8:133217738-133218238,-0.0372898558735556,0.021528091647523,19,RidgeCV
pfc_to_hypo,pfc_to_hypo_all_pfc_ridge_clock,ATAC,Inhibitory,chr8:27375689-27376189,0.0325388303826847,0.0155691817714816,184,RidgeCV
pfc_to_hypo,pfc_to_hypo_all_pfc_ridge_clock,ATAC,Inhibitory,chr8:56889872-56890372,-0.0307531029865132,0.0157143214912117,170,RidgeCV
pfc_to_hypo,pfc_to_hypo_all_pfc_ridge_clock,ATAC,Inhibitory,chr8:93564307-93564807,-0.0312960567113319,0.0160384242861206,148,RidgeCV
pfc_to_hypo,pfc_to_hypo_all_pfc_ridge_clock,ATAC,Inhibitory,chr8:95115386-95115886,-0.0325422497350454,0.0175397490849881,77,RidgeCV
pfc_to_hypo,pfc_to_hypo_all_pfc_ridge_clock,ATAC,Inhibitory,chr8:98456680-98457180,-0.0387455333884276,0.0235692323900552,11,RidgeCV
pfc_to_hypo,pfc_to_hypo_all_pfc_ridge_clock,ATAC,Inhibitory,chr9:100508787-100509287,-0.033692674235608,0.0172705751252051,85,RidgeCV
pfc_to_hypo,pfc_to_hypo_all_pfc_ridge_clock,ATAC,Inhibitory,chr9:116163398-116163898,-0.0301180706388542,0.0159089136067195,156,RidgeCV
pfc_to_hypo,pfc_to_hypo_all_pfc_ridge_clock,ATAC,Inhibitory,chr9:131733607-131734107,-0.0295995071426162,0.0172123111287191,88,RidgeCV
pfc_to_hypo,pfc_to_hypo_all_pfc_ridge_clock,ATAC,Inhibitory,chr9:137302080-137302580,-0.0342180415902883,0.0155196166585838,189,RidgeCV
pfc_to_hypo,pfc_to_hypo_all_pfc_ridge_clock,ATAC,Inhibitory,chr9:2546030-2546530,-0.0323774497485004,0.0171289368292306,99,RidgeCV
pfc_to_hypo,pfc_to_hypo_all_pfc_ridge_clock,ATAC,Inhibitory,chr9:70127254-70127754,0.0313141796150117,0.0162352795187496,136,RidgeCV
pfc_to_hypo,pfc_to_hypo_all_pfc_ridge_clock,ATAC,Inhibitory,chr9:77476112-77476612,-0.0584908590446555,0.0373771363525153,0,RidgeCV
pfc_to_hypo,pfc_to_hypo_all_pfc_ridge_clock,ATAC,Inhibitory,chr9:77648560-77649060,-0.0298286990363753,0.0166818554336484,114,RidgeCV
pfc_to_hypo,pfc_to_hypo_all_pfc_ridge_clock,ATAC,Inhibitory,chr9:78130008-78130508,0.0295592047105692,0.0172216702205246,86,RidgeCV
pfc_to_hypo,pfc_to_hypo_all_pfc_ridge_clock,ATAC,Inhibitory,chr9:97507537-97508037,-0.0302786794866279,0.0156611658460238,177,RidgeCV
pfc_to_hypo,pfc_to_hypo_all_pfc_ridge_clock,ATAC,Inhibitory,chrX:107700198-107700698,0.0305866336351929,0.0156993681792043,171,RidgeCV
pfc_to_hypo,pfc_to_hypo_all_pfc_ridge_clock,ATAC,Inhibitory,chrX:150200925-150201425,-0.0292408118258034,0.0201778575373258,27,RidgeCV
pfc_to_hypo,pfc_to_hypo_all_pfc_ridge_clock,ATAC,Inhibitory,chrX:45063274-45063774,0.0282746595431187,0.0160579926115179,145,RidgeCV
pfc_to_hypo,pfc_to_hypo_all_pfc_ridge_clock,ATAC,Microglia,chr10:100356924-100357424,-0.0231469811259648,0.0252061873160593,143,RidgeCV
pfc_to_hypo,pfc_to_hypo_all_pfc_ridge_clock,ATAC,Microglia,chr10:103111073-103111573,0.0460871497133845,0.0333539042406858,43,RidgeCV
pfc_to_hypo,pfc_to_hypo_all_pfc_ridge_clock,ATAC,Microglia,chr10:103772193-103772693,0.0365952816373323,0.0257267708003658,138,RidgeCV
pfc_to_hypo,pfc_to_hypo_all_pfc_ridge_clock,ATAC,Microglia,chr10:103779435-103779935,0.0368954255787989,0.0250572207903149,151,RidgeCV
pfc_to_hypo,pfc_to_hypo_all_pfc_ridge_clock,ATAC,Microglia,chr10:103845924-103846424,0.0370535505676771,0.0257783345503295,133,RidgeCV
pfc_to_hypo,pfc_to_hypo_all_pfc_ridge_clock,ATAC,Microglia,chr10:103855297-103855797,0.0414366547571933,0.0338258730870878,40,RidgeCV
pfc_to_hypo,pfc_to_hypo_all_pfc_ridge_clock,ATAC,Microglia,chr10:119818393-119818893,-0.0448071879556247,0.03209257125168,54,RidgeCV
pfc_to_hypo,pfc_to_hypo_all_pfc_ridge_clock,ATAC,Microglia,chr10:21510151-21510651,-0.0476729564868182,0.0359494964946248,30,RidgeCV
pfc_to_hypo,pfc_to_hypo_all_pfc_ridge_clock,ATAC,Microglia,chr10:21516707-21517207,-0.0348446156602129,0.0245400466232371,164,RidgeCV
pfc_to_hypo,pfc_to_hypo_all_pfc_ridge_clock,ATAC,Microglia,chr10:21519878-21520378,-0.0362446561586789,0.0237375222893056,186,RidgeCV
pfc_to_hypo,pfc_to_hypo_all_pfc_ridge_clock,ATAC,Microglia,chr10:4034967-4035467,0.0406792594939345,0.0301343122979945,78,RidgeCV
pfc_to_hypo,pfc_to_hypo_all_pfc_ridge_clock,ATAC,Microglia,chr10:86366481-86366981,-0.0230095197522958,0.0271067994249512,111,RidgeCV
pfc_to_hypo,pfc_to_hypo_all_pfc_ridge_clock,ATAC,Microglia,chr1:109687486-109687986,0.0274409197575528,0.0342061810198998,38,RidgeCV
pfc_to_hypo,pfc_to_hypo_all_pfc_ridge_clock,ATAC,Microglia,chr1:109788064-109788564,-0.0411755764069271,0.0318600725810465,58,RidgeCV
pfc_to_hypo,pfc_to_hypo_all_pfc_ridge_clock,ATAC,Microglia,chr11:114059340-114059840,0.0498400326877154,0.0404190030965391,17,RidgeCV
pfc_to_hypo,pfc_to_hypo_all_pfc_ridge_clock,ATAC,Microglia,chr11:114080197-114080697,0.0421123334837801,0.0359369528991984,32,RidgeCV
pfc_to_hypo,pfc_to_hypo_all_pfc_ridge_clock,ATAC,Microglia,chr11:114082784-114083284,0.0453925570339563,0.0353653462281206,34,RidgeCV
pfc_to_hypo,pfc_to_hypo_all_pfc_ridge_clock,ATAC,Microglia,chr11:114109639-114110139,0.0377904513251672,0.0267123493030238,116,RidgeCV
pfc_to_hypo,pfc_to_hypo_all_pfc_ridge_clock,ATAC,Microglia,chr11:114111297-114111797,0.0389129792214623,0.0265699631301168,119,RidgeCV
pfc_to_hypo,pfc_to_hypo_all_pfc_ridge_clock,ATAC,Microglia,chr11:114139602-114140102,0.0650015300374717,0.0510944668353906,3,RidgeCV
pfc_to_hypo,pfc_to_hypo_all_pfc_ridge_clock,ATAC,Microglia,chr11:114162664-114163164,0.048081066918054,0.0330305052960657,45,RidgeCV
pfc_to_hypo,pfc_to_hypo_all_pfc_ridge_clock,ATAC,Microglia,chr11:114163904-114164404,0.0381298284861484,0.0304390815533131,73,RidgeCV
pfc_to_hypo,pfc_to_hypo_all_pfc_ridge_clock,ATAC,Microglia,chr11:13009019-13009519,-0.034807352768997,0.0276496529641047,105,RidgeCV
pfc_to_hypo,pfc_to_hypo_all_pfc_ridge_clock,ATAC,Microglia,chr11:130449923-130450423,0.042925506455271,0.0311519665862925,65,RidgeCV
pfc_to_hypo,pfc_to_hypo_all_pfc_ridge_clock,ATAC,Microglia,chr1:11501458-11501958,-0.052810119748978,0.0411755595248785,16,RidgeCV
pfc_to_hypo,pfc_to_hypo_all_pfc_ridge_clock,ATAC,Microglia,chr1:116853710-116854210,0.0402260132224698,0.0266804518905275,117,RidgeCV
pfc_to_hypo,pfc_to_hypo_all_pfc_ridge_clock,ATAC,Microglia,chr1:116855175-116855675,0.0381447001633017,0.0249443171806015,152,RidgeCV
pfc_to_hypo,pfc_to_hypo_all_pfc_ridge_clock,ATAC,Microglia,chr1:153544960-153545460,0.0503022562004776,0.0389622444740296,21,RidgeCV
pfc_to_hypo,pfc_to_hypo_all_pfc_ridge_clock,ATAC,Microglia,chr1:154502061-154502561,-0.0389176066882748,0.0285679845478089,95,RidgeCV
pfc_to_hypo,pfc_to_hypo_all_pfc_ridge_clock,ATAC,Microglia,chr1:159854594-159855094,0.0599585855259409,0.0429265320949583,12,RidgeCV
pfc_to_hypo,pfc_to_hypo_all_pfc_ridge_clock,ATAC,Microglia,chr11:62433603-62434103,0.0357802227246141,0.0240768057061354,177,RidgeCV
pfc_to_hypo,pfc_to_hypo_all_pfc_ridge_clock,ATAC,Microglia,chr1:16922946-16923446,-0.0238990114262638,0.0279590717673083,103,RidgeCV
pfc_to_hypo,pfc_to_hypo_all_pfc_ridge_clock,ATAC,Microglia,chr11:78812474-78812974,0.0347307453779131,0.0244731627107644,166,RidgeCV
pfc_to_hypo,pfc_to_hypo_all_pfc_ridge_clock,ATAC,Microglia,chr11:9053383-9053883,0.0381004011930847,0.0252053182398272,144,RidgeCV
pfc_to_hypo,pfc_to_hypo_all_pfc_ridge_clock,ATAC,Microglia,chr1:198930096-198930596,0.0350195911240369,0.0258461918498855,130,RidgeCV
pfc_to_hypo,pfc_to_hypo_all_pfc_ridge_clock,ATAC,Microglia,chr1:201469031-201469531,0.0627908261351903,0.0456560102909183,7,RidgeCV
pfc_to_hypo,pfc_to_hypo_all_pfc_ridge_clock,ATAC,Microglia,chr1:2050083-2050583,0.0374478531160584,0.0286745616068606,92,RidgeCV
pfc_to_hypo,pfc_to_hypo_all_pfc_ridge_clock,ATAC,Microglia,chr1:208207422-208207922,0.0387276424485102,0.0289172179142926,90,RidgeCV
pfc_to_hypo,pfc_to_hypo_all_pfc_ridge_clock,ATAC,Microglia,chr1:208219590-208220090,0.0413125853403148,0.0270313196319176,113,RidgeCV
pfc_to_hypo,pfc_to_hypo_all_pfc_ridge_clock,ATAC,Microglia,chr12:111181061-111181561,0.0407562516169749,0.0244737472308499,165,RidgeCV
pfc_to_hypo,pfc_to_hypo_all_pfc_ridge_clock,ATAC,Microglia,chr12:219794-220294,0.031754584274587,0.0233071266369717,199,RidgeCV
pfc_to_hypo,pfc_to_hypo_all_pfc_ridge_clock,ATAC,Microglia,chr12:38905442-38905942,0.0417960178058802,0.0316424882414058,60,RidgeCV
pfc_to_hypo,pfc_to_hypo_all_pfc_ridge_clock,ATAC,Microglia,chr12:38906536-38907036,0.0410804153824371,0.029062343472943,89,RidgeCV
pfc_to_hypo,pfc_to_hypo_all_pfc_ridge_clock,ATAC,Microglia,chr12:52056290-52056790,-0.0360407988601821,0.0241251654597445,174,RidgeCV
pfc_to_hypo,pfc_to_hypo_all_pfc_ridge_clock,ATAC,Microglia,chr12:6182189-6182689,0.0348574950064155,0.0250804912047001,149,RidgeCV
pfc_to_hypo,pfc_to_hypo_all_pfc_ridge_clock,ATAC,Microglia,chr12:93244049-93244549,0.0323749141611086,0.0257442664601996,137,RidgeCV
pfc_to_hypo,pfc_to_hypo_all_pfc_ridge_clock,ATAC,Microglia,chr1:31586660-31587160,-0.0357277771294188,0.02378560354692,184,RidgeCV
pfc_to_hypo,pfc_to_hypo_all_pfc_ridge_clock,ATAC,Microglia,chr13:41465089-41465589,0.0494481172641139,0.0356076368118129,33,RidgeCV
pfc_to_hypo,pfc_to_hypo_all_pfc_ridge_clock,ATAC,Microglia,chr1:41710797-41711297,-0.0337021276854437,0.0233199261078852,198,RidgeCV
pfc_to_hypo,pfc_to_hypo_all_pfc_ridge_clock,ATAC,Microglia,chr14:72525636-72526136,0.035697261272435,0.0240324582707328,178,RidgeCV
pfc_to_hypo,pfc_to_hypo_all_pfc_ridge_clock,ATAC,Microglia,chr14:92652778-92653278,0.034341399323019,0.0238456275622794,183,RidgeCV
pfc_to_hypo,pfc_to_hypo_all_pfc_ridge_clock,ATAC,Microglia,chr15:29103669-29104169,-0.0363498565748358,0.0251500830343973,148,RidgeCV
pfc_to_hypo,pfc_to_hypo_all_pfc_ridge_clock,ATAC,Microglia,chr15:42607966-42608466,0.0316870427530458,0.0248625703562059,153,RidgeCV
pfc_to_hypo,pfc_to_hypo_all_pfc_ridge_clock,ATAC,Microglia,chr1:54547818-54548318,0.0380279231142169,0.0285687524097277,94,RidgeCV
pfc_to_hypo,pfc_to_hypo_all_pfc_ridge_clock,ATAC,Microglia,chr15:57376228-57376728,0.0328209937238159,0.0242420920722613,171,RidgeCV
pfc_to_hypo,pfc_to_hypo_all_pfc_ridge_clock,ATAC,Microglia,chr15:60397783-60398283,0.0305328903951109,0.0268493999211326,114,RidgeCV
pfc_to_hypo,pfc_to_hypo_all_pfc_ridge_clock,ATAC,Microglia,chr15:66986815-66987315,-0.0225612335791171,0.0238606960358599,182,RidgeCV
pfc_to_hypo,pfc_to_hypo_all_pfc_ridge_clock,ATAC,Microglia,chr15:76059550-76060050,0.036647758768162,0.0251924250546594,145,RidgeCV
pfc_to_hypo,pfc_to_hypo_all_pfc_ridge_clock,ATAC,Microglia,chr15:87875287-87875787,0.0742869867491878,0.05662500341182,1,RidgeCV
pfc_to_hypo,pfc_to_hypo_all_pfc_ridge_clock,ATAC,Microglia,chr15:87876975-87877475,0.0486083609435194,0.0302603935605649,76,RidgeCV
pfc_to_hypo,pfc_to_hypo_all_pfc_ridge_clock,ATAC,Microglia,chr15:88610636-88611136,0.0380275599201113,0.0235358705309427,193,RidgeCV
pfc_to_hypo,pfc_to_hypo_all_pfc_ridge_clock,ATAC,Microglia,chr16:10580453-10580953,0.0469879301679962,0.0295881217985921,83,RidgeCV
pfc_to_hypo,pfc_to_hypo_all_pfc_ridge_clock,ATAC,Microglia,chr16:2091108-2091608,-0.0472326652580388,0.0381382291459759,24,RidgeCV
pfc_to_hypo,pfc_to_hypo_all_pfc_ridge_clock,ATAC,Microglia,chr16:28538825-28539325,0.0404556039702633,0.0328470480137614,49,RidgeCV
pfc_to_hypo,pfc_to_hypo_all_pfc_ridge_clock,ATAC,Microglia,chr16:56657573-56658073,0.0439590246149758,0.031208551281029,64,RidgeCV
pfc_to_hypo,pfc_to_hypo_all_pfc_ridge_clock,ATAC,Microglia,chr16:70725216-70725716,-0.0377402562971882,0.0251534933886921,147,RidgeCV
pfc_to_hypo,pfc_to_hypo_all_pfc_ridge_clock,ATAC,Microglia,chr16:8168106-8168606,0.0407129807518999,0.0255491852914955,139,RidgeCV
pfc_to_hypo,pfc_to_hypo_all_pfc_ridge_clock,ATAC,Microglia,chr16:84907581-84908081,0.0540875797460729,0.0393604060684533,19,RidgeCV
pfc_to_hypo,pfc_to_hypo_all_pfc_ridge_clock,ATAC,Microglia,chr17:33968370-33968870,0.0350164705040549,0.0246427363032141,162,RidgeCV
pfc_to_hypo,pfc_to_hypo_all_pfc_ridge_clock,ATAC,Microglia,chr17:41579504-41580004,0.0347637977623497,0.0237669673523594,185,RidgeCV
pfc_to_hypo,pfc_to_hypo_all_pfc_ridge_clock,ATAC,Microglia,chr17:43398698-43399198,-0.0272289369521165,0.0306752959443816,68,RidgeCV
pfc_to_hypo,pfc_to_hypo_all_pfc_ridge_clock,ATAC,Microglia,chr17:47981463-47981963,0.0314179737540521,0.0247163185762575,160,RidgeCV
pfc_to_hypo,pfc_to_hypo_all_pfc_ridge_clock,ATAC,Microglia,chr17:5016769-5017269,0.031930547493959,0.0235818318960494,192,RidgeCV
pfc_to_hypo,pfc_to_hypo_all_pfc_ridge_clock,ATAC,Microglia,chr17:50935340-50935840,0.0364917281530124,0.0255054542684545,140,RidgeCV
pfc_to_hypo,pfc_to_hypo_all_pfc_ridge_clock,ATAC,Microglia,chr17:50954181-50954681,0.0679245846798633,0.0483978901353842,4,RidgeCV
pfc_to_hypo,pfc_to_hypo_all_pfc_ridge_clock,ATAC,Microglia,chr17:64216833-64217333,-0.0220546677112764,0.0257473195938598,136,RidgeCV
pfc_to_hypo,pfc_to_hypo_all_pfc_ridge_clock,ATAC,Microglia,chr17:68234919-68235419,0.0374619660099097,0.0244197408950467,169,RidgeCV
pfc_to_hypo,pfc_to_hypo_all_pfc_ridge_clock,ATAC,Microglia,chr17:78818911-78819411,-0.0344391093893924,0.0281605651708492,100,RidgeCV
pfc_to_hypo,pfc_to_hypo_all_pfc_ridge_clock,ATAC,Microglia,chr17:83125351-83125851,0.0314128840991756,0.0239599581991211,181,RidgeCV
pfc_to_hypo,pfc_to_hypo_all_pfc_ridge_clock,ATAC,Microglia,chr17:9875385-9875885,0.0311919578527799,0.0305450956485686,70,RidgeCV
pfc_to_hypo,pfc_to_hypo_all_pfc_ridge_clock,ATAC,Microglia,chr18:46031650-46032150,0.0355470728365673,0.0248149193884256,157,RidgeCV
pfc_to_hypo,pfc_to_hypo_all_pfc_ridge_clock,ATAC,Microglia,chr18:48783488-48783988,-0.0285797001624126,0.032622882717577,51,RidgeCV
pfc_to_hypo,pfc_to_hypo_all_pfc_ridge_clock,ATAC,Microglia,chr18:812158-812658,-0.0397231087051259,0.0304335979041209,74,RidgeCV
pfc_to_hypo,pfc_to_hypo_all_pfc_ridge_clock,ATAC,Microglia,chr19:13022842-13023342,0.0339377218183833,0.0233957979743713,196,RidgeCV
pfc_to_hypo,pfc_to_hypo_all_pfc_ridge_clock,ATAC,Microglia,chr19:13339831-13340331,0.0458793454430366,0.032054874840943,55,RidgeCV
pfc_to_hypo,pfc_to_hypo_all_pfc_ridge_clock,ATAC,Microglia,chr19:19540359-19540859,-0.0404778544538902,0.0257761124549609,135,RidgeCV
pfc_to_hypo,pfc_to_hypo_all_pfc_ridge_clock,ATAC,Microglia,chr19:36605050-36605550,-0.0358017803771659,0.0247398345005599,159,RidgeCV
pfc_to_hypo,pfc_to_hypo_all_pfc_ridge_clock,ATAC,Microglia,chr19:42528260-42528760,0.0345661901664569,0.0259134118575848,129,RidgeCV
pfc_to_hypo,pfc_to_hypo_all_pfc_ridge_clock,ATAC,Microglia,chr19:46654531-46655031,-0.0276482906919643,0.0291139126989444,87,RidgeCV
pfc_to_hypo,pfc_to_hypo_all_pfc_ridge_clock,ATAC,Microglia,chr1:94720335-94720835,0.0397306949744754,0.0340472172712729,39,RidgeCV
pfc_to_hypo,pfc_to_hypo_all_pfc_ridge_clock,ATAC,Microglia,chr19:55547219-55547719,0.0347803887154733,0.0294015853400321,85,RidgeCV
pfc_to_hypo,pfc_to_hypo_all_pfc_ridge_clock,ATAC,Microglia,chr20:362330-362830,0.0438130827486181,0.0348465450158861,36,RidgeCV
pfc_to_hypo,pfc_to_hypo_all_pfc_ridge_clock,ATAC,Microglia,chr20:371744-372244,0.0325259637030777,0.026363922049202,121,RidgeCV
pfc_to_hypo,pfc_to_hypo_all_pfc_ridge_clock,ATAC,Microglia,chr20:39357975-39358475,0.0548861287348539,0.0383372324433202,22,RidgeCV
pfc_to_hypo,pfc_to_hypo_all_pfc_ridge_clock,ATAC,Microglia,chr20:40223727-40224227,0.0344348204625915,0.0245492116503956,163,RidgeCV
pfc_to_hypo,pfc_to_hypo_all_pfc_ridge_clock,ATAC,Microglia,chr20:62623710-62624210,0.027764773769913,0.0236966005510102,188,RidgeCV
pfc_to_hypo,pfc_to_hypo_all_pfc_ridge_clock,ATAC,Microglia,chr20:62624596-62625096,0.0298792706837813,0.0263166359076772,123,RidgeCV
pfc_to_hypo,pfc_to_hypo_all_pfc_ridge_clock,ATAC,Microglia,chr21:26115921-26116421,-0.0218997127428623,0.0240834085217403,176,RidgeCV
pfc_to_hypo,pfc_to_hypo_all_pfc_ridge_clock,ATAC,Microglia,chr21:32412373-32412873,0.0407496674572828,0.030910738014786,67,RidgeCV
pfc_to_hypo,pfc_to_hypo_all_pfc_ridge_clock,ATAC,Microglia,chr21:45364027-45364527,0.0355185225426628,0.0258157912321551,132,RidgeCV
pfc_to_hypo,pfc_to_hypo_all_pfc_ridge_clock,ATAC,Microglia,chr2:157782035-157782535,-0.0461229276808696,0.0350778394281586,35,RidgeCV
pfc_to_hypo,pfc_to_hypo_all_pfc_ridge_clock,ATAC,Microglia,chr2:1707720-1708220,0.0378458327107122,0.0261058929481999,124,RidgeCV
pfc_to_hypo,pfc_to_hypo_all_pfc_ridge_clock,ATAC,Microglia,chr2:174778411-174778911,0.0333036276383593,0.0260220679629465,126,RidgeCV
pfc_to_hypo,pfc_to_hypo_all_pfc_ridge_clock,ATAC,Microglia,chr2:184598187-184598687,0.0441600528538389,0.0359401254952441,31,RidgeCV
pfc_to_hypo,pfc_to_hypo_all_pfc_ridge_clock,ATAC,Microglia,chr2:1910712-1911212,0.0603003581323908,0.0511411385035115,2,RidgeCV
pfc_to_hypo,pfc_to_hypo_all_pfc_ridge_clock,ATAC,Microglia,chr2:1936382-1936882,0.0553546097175514,0.0367184327606183,28,RidgeCV
pfc_to_hypo,pfc_to_hypo_all_pfc_ridge_clock,ATAC,Microglia,chr2:218781652-218782152,0.0358892907664932,0.0286231792560214,93,RidgeCV
pfc_to_hypo,pfc_to_hypo_all_pfc_ridge_clock,ATAC,Microglia,chr2:2271318-2271818,0.0423807934957254,0.0326982208286895,50,RidgeCV
pfc_to_hypo,pfc_to_hypo_all_pfc_ridge_clock,ATAC,Microglia,chr22:36659699-36660199,0.0301649099191944,0.0287262073856975,91,RidgeCV
pfc_to_hypo,pfc_to_hypo_all_pfc_ridge_clock,ATAC,Microglia,chr22:38069403-38069903,-0.0275099673115684,0.0272473565189729,109,RidgeCV
pfc_to_hypo,pfc_to_hypo_all_pfc_ridge_clock,ATAC,Microglia,chr2:239234302-239234802,0.0425350580709258,0.0300318685077732,80,RidgeCV
pfc_to_hypo,pfc_to_hypo_all_pfc_ridge_clock,ATAC,Microglia,chr2:66434779-66435279,-0.0339053474205113,0.0243788631280949,170,RidgeCV
pfc_to_hypo,pfc_to_hypo_all_pfc_ridge_clock,ATAC,Microglia,chr2:66439108-66439608,-0.0334342657107382,0.02346349781774,194,RidgeCV
pfc_to_hypo,pfc_to_hypo_all_pfc_ridge_clock,ATAC,Microglia,chr2:66446528-66447028,-0.0416603874750005,0.0298099571047443,81,RidgeCV
pfc_to_hypo,pfc_to_hypo_all_pfc_ridge_clock,ATAC,Microglia,chr2:99900503-99901003,-0.0353954236675919,0.0283421056161126,97,RidgeCV
pfc_to_hypo,pfc_to_hypo_all_pfc_ridge_clock,ATAC,Microglia,chr3:112395418-112395918,-0.0538039520313555,0.0457259127950103,6,RidgeCV
pfc_to_hypo,pfc_to_hypo_all_pfc_ridge_clock,ATAC,Microglia,chr3:119034620-119035120,-0.022931711432944,0.0283244426062498,98,RidgeCV
pfc_to_hypo,pfc_to_hypo_all_pfc_ridge_clock,ATAC,Microglia,chr3:126926612-126927112,0.0362948630113325,0.0267649546807757,115,RidgeCV
pfc_to_hypo,pfc_to_hypo_all_pfc_ridge_clock,ATAC,Microglia,chr3:127717816-127718316,-0.0358307408935266,0.0381039837503275,25,RidgeCV
pfc_to_hypo,pfc_to_hypo_all_pfc_ridge_clock,ATAC,Microglia,chr3:135213769-135214269,0.0444330303679721,0.0319425661628635,56,RidgeCV
pfc_to_hypo,pfc_to_hypo_all_pfc_ridge_clock,ATAC,Microglia,chr3:135228926-135229426,0.0473708485987993,0.0333837667581432,42,RidgeCV
pfc_to_hypo,pfc_to_hypo_all_pfc_ridge_clock,ATAC,Microglia,chr3:143602018-143602518,0.0564530093226673,0.0419430472633548,13,RidgeCV
pfc_to_hypo,pfc_to_hypo_all_pfc_ridge_clock,ATAC,Microglia,chr3:147393304-147393804,-0.0273255040052711,0.0281305698539426,101,RidgeCV
pfc_to_hypo,pfc_to_hypo_all_pfc_ridge_clock,ATAC,Microglia,chr3:195002423-195002923,0.0342788928950108,0.0237278131299451,187,RidgeCV
pfc_to_hypo,pfc_to_hypo_all_pfc_ridge_clock,ATAC,Microglia,chr3:24494693-24495193,0.0375383507520638,0.0283509152875717,96,RidgeCV
pfc_to_hypo,pfc_to_hypo_all_pfc_ridge_clock,ATAC,Microglia,chr3:50450331-50450831,0.0426870655549435,0.0275351883798547,108,RidgeCV
pfc_to_hypo,pfc_to_hypo_all_pfc_ridge_clock,ATAC,Microglia,chr3:59049837-59050337,0.0348451573371084,0.024102294272065,175,RidgeCV
pfc_to_hypo,pfc_to_hypo_all_pfc_ridge_clock,ATAC,Microglia,chr3:64996029-64996529,-0.0426155935480833,0.027061001107661,112,RidgeCV
pfc_to_hypo,pfc_to_hypo_all_pfc_ridge_clock,ATAC,Microglia,chr3:65549263-65549763,-0.036404440500362,0.0296484627749583,82,RidgeCV
pfc_to_hypo,pfc_to_hypo_all_pfc_ridge_clock,ATAC,Microglia,chr3:69542512-69543012,0.0452689036694802,0.0344153658981937,37,RidgeCV
pfc_to_hypo,pfc_to_hypo_all_pfc_ridge_clock,ATAC,Microglia,chr3:71542722-71543222,0.0564433483899772,0.0448709201808404,10,RidgeCV
pfc_to_hypo,pfc_to_hypo_all_pfc_ridge_clock,ATAC,Microglia,chr3:71581461-71581961,0.0333271584599678,0.0257776933773486,134,RidgeCV
pfc_to_hypo,pfc_to_hypo_all_pfc_ridge_clock,ATAC,Microglia,chr3:71681164-71681664,0.0392035376353092,0.0260739423842073,125,RidgeCV
pfc_to_hypo,pfc_to_hypo_all_pfc_ridge_clock,ATAC,Microglia,chr4:13548865-13549365,-0.022698463011632,0.0272336503825552,110,RidgeCV
pfc_to_hypo,pfc_to_hypo_all_pfc_ridge_clock,ATAC,Microglia,chr4:141353063-141353563,0.0417728603726858,0.0309463442912735,66,RidgeCV
pfc_to_hypo,pfc_to_hypo_all_pfc_ridge_clock,ATAC,Microglia,chr4:141636789-141637289,0.049926029735851,0.0382808344257576,23,RidgeCV
pfc_to_hypo,pfc_to_hypo_all_pfc_ridge_clock,ATAC,Microglia,chr4:148376070-148376570,-0.0531638328111953,0.0393931981366844,18,RidgeCV
pfc_to_hypo,pfc_to_hypo_all_pfc_ridge_clock,ATAC,Microglia,chr4:20252903-20253403,-0.0371832478743321,0.0248562529441722,155,RidgeCV
pfc_to_hypo,pfc_to_hypo_all_pfc_ridge_clock,ATAC,Microglia,chr4:25085615-25086115,0.0496795055216798,0.0377363187485747,26,RidgeCV
pfc_to_hypo,pfc_to_hypo_all_pfc_ridge_clock,ATAC,Microglia,chr4:27066531-27067031,0.0352343845984895,0.0258158519550732,131,RidgeCV
pfc_to_hypo,pfc_to_hypo_all_pfc_ridge_clock,ATAC,Microglia,chr4:54439880-54440380,0.0477268769017549,0.03301334792673,46,RidgeCV
pfc_to_hypo,pfc_to_hypo_all_pfc_ridge_clock,ATAC,Microglia,chr4:56048843-56049343,-0.0338277356891106,0.0323472259244338,53,RidgeCV
pfc_to_hypo,pfc_to_hypo_all_pfc_ridge_clock,ATAC,Microglia,chr4:57490523-57491023,0.0448447798235535,0.0305913827221712,69,RidgeCV
pfc_to_hypo,pfc_to_hypo_all_pfc_ridge_clock,ATAC,Microglia,chr4:7831332-7831832,-0.0358397953444315,0.028239557930891,99,RidgeCV
pfc_to_hypo,pfc_to_hypo_all_pfc_ridge_clock,ATAC,Microglia,chr4:95548914-95549414,-0.0247752652850389,0.0251580528454116,146,RidgeCV
pfc_to_hypo,pfc_to_hypo_all_pfc_ridge_clock,ATAC,Microglia,chr5:136000889-136001389,0.0325862100720104,0.0236364298096216,190,RidgeCV
pfc_to_hypo,pfc_to_hypo_all_pfc_ridge_clock,ATAC,Microglia,chr5:136031105-136031605,0.034928112403637,0.0233253649416492,197,RidgeCV
pfc_to_hypo,pfc_to_hypo_all_pfc_ridge_clock,ATAC,Microglia,chr5:136047775-136048275,0.03655383277675,0.0244570158192013,167,RidgeCV
pfc_to_hypo,pfc_to_hypo_all_pfc_ridge_clock,ATAC,Microglia,chr5:136308357-136308857,0.0515754325350038,0.0331918135147957,44,RidgeCV
pfc_to_hypo,pfc_to_hypo_all_pfc_ridge_clock,ATAC,Microglia,chr5:139661051-139661551,0.0425342741751284,0.0315557071192046,61,RidgeCV
pfc_to_hypo,pfc_to_hypo_all_pfc_ridge_clock,ATAC,Microglia,chr5:143355692-143356192,-0.0374276164080094,0.0264222964425184,120,RidgeCV
pfc_to_hypo,pfc_to_hypo_all_pfc_ridge_clock,ATAC,Microglia,chr5:150488650-150489150,0.0333882385029717,0.0244350715648376,168,RidgeCV
pfc_to_hypo,pfc_to_hypo_all_pfc_ridge_clock,ATAC,Microglia,chr5:16629362-16629862,0.0335050654286376,0.0247624242362854,158,RidgeCV
pfc_to_hypo,pfc_to_hypo_all_pfc_ridge_clock,ATAC,Microglia,chr5:168347306-168347806,0.0467273071154233,0.0319217177732163,57,RidgeCV
pfc_to_hypo,pfc_to_hypo_all_pfc_ridge_clock,ATAC,Microglia,chr5:178461059-178461559,0.0424275775145221,0.0315337086646475,62,RidgeCV
pfc_to_hypo,pfc_to_hypo_all_pfc_ridge_clock,ATAC,Microglia,chr5:178477263-178477763,0.0362453792128418,0.0295470915319667,84,RidgeCV
pfc_to_hypo,pfc_to_hypo_all_pfc_ridge_clock,ATAC,Microglia,chr5:36403959-36404459,0.0548674671994443,0.0446452781530068,11,RidgeCV
pfc_to_hypo,pfc_to_hypo_all_pfc_ridge_clock,ATAC,Microglia,chr5:36616252-36616752,0.0356174159830994,0.0235819078486202,191,RidgeCV
pfc_to_hypo,pfc_to_hypo_all_pfc_ridge_clock,ATAC,Microglia,chr5:79689608-79690108,-0.0438475966904494,0.0313732438670482,63,RidgeCV
pfc_to_hypo,pfc_to_hypo_all_pfc_ridge_clock,ATAC,Microglia,chr5:83306564-83307064,0.0415432153670369,0.0372075566111761,27,RidgeCV
pfc_to_hypo,pfc_to_hypo_all_pfc_ridge_clock,ATAC,Microglia,chr5:95081396-95081896,0.0577416169926529,0.0453601880439054,8,RidgeCV
pfc_to_hypo,pfc_to_hypo_all_pfc_ridge_clock,ATAC,Microglia,chr6:100464781-100465281,-0.0376913524481343,0.024714586826756,161,RidgeCV
pfc_to_hypo,pfc_to_hypo_all_pfc_ridge_clock,ATAC,Microglia,chr6:110415418-110415918,0.0597936809710637,0.0464421054682321,5,RidgeCV
pfc_to_hypo,pfc_to_hypo_all_pfc_ridge_clock,ATAC,Microglia,chr6:13407590-13408090,0.0322637676661625,0.0234299645815671,195,RidgeCV
pfc_to_hypo,pfc_to_hypo_all_pfc_ridge_clock,ATAC,Microglia,chr6:134315913-134316413,0.0367822982581742,0.0266604330316448,118,RidgeCV
pfc_to_hypo,pfc_to_hypo_all_pfc_ridge_clock,ATAC,Microglia,chr6:151493753-151494253,0.0579758255948644,0.0418972111867801,14,RidgeCV
pfc_to_hypo,pfc_to_hypo_all_pfc_ridge_clock,ATAC,Microglia,chr6:151690283-151690783,0.0470239585121313,0.0334247129674736,41,RidgeCV
pfc_to_hypo,pfc_to_hypo_all_pfc_ridge_clock,ATAC,Microglia,chr6:26224882-26225382,-0.0397562571665882,0.0305440299617198,71,RidgeCV
pfc_to_hypo,pfc_to_hypo_all_pfc_ridge_clock,ATAC,Microglia,chr6:34531795-34532295,-0.032739634307299,0.0279065440371592,104,RidgeCV
pfc_to_hypo,pfc_to_hypo_all_pfc_ridge_clock,ATAC,Microglia,chr6:39823288-39823788,0.0362193043145628,0.0300884918119622,79,RidgeCV
pfc_to_hypo,pfc_to_hypo_all_pfc_ridge_clock,ATAC,Microglia,chr6:62286036-62286536,0.0438049615183403,0.0329343105377757,47,RidgeCV
pfc_to_hypo,pfc_to_hypo_all_pfc_ridge_clock,ATAC,Microglia,chr6:72621920-72622420,-0.0378127623860397,0.029109305790241,88,RidgeCV
pfc_to_hypo,pfc_to_hypo_all_pfc_ridge_clock,ATAC,Microglia,chr6:73394575-73395075,-0.0386538104185028,0.0302837421623352,75,RidgeCV
pfc_to_hypo,pfc_to_hypo_all_pfc_ridge_clock,ATAC,Microglia,chr7:101108131-101108631,0.0321489398668516,0.026354109528299,122,RidgeCV
pfc_to_hypo,pfc_to_hypo_all_pfc_ridge_clock,ATAC,Microglia,chr7:106952896-106953396,0.0250236230631552,0.0259142387558693,128,RidgeCV
pfc_to_hypo,pfc_to_hypo_all_pfc_ridge_clock,ATAC,Microglia,chr7:122886390-122886890,0.0424653417709072,0.029278816582104,86,RidgeCV
pfc_to_hypo,pfc_to_hypo_all_pfc_ridge_clock,ATAC,Microglia,chr7:132705098-132705598,0.0344249264460663,0.0254311761488588,142,RidgeCV
pfc_to_hypo,pfc_to_hypo_all_pfc_ridge_clock,ATAC,Microglia,chr7:25840368-25840868,0.0525838165472418,0.0391674534446315,20,RidgeCV
pfc_to_hypo,pfc_to_hypo_all_pfc_ridge_clock,ATAC,Microglia,chr7:27095869-27096369,0.0298873701497815,0.0248346659952033,156,RidgeCV
pfc_to_hypo,pfc_to_hypo_all_pfc_ridge_clock,ATAC,Microglia,chr8:106556551-106557051,0.0323013483254813,0.0241765740293722,173,RidgeCV
pfc_to_hypo,pfc_to_hypo_all_pfc_ridge_clock,ATAC,Microglia,chr8:143494117-143494617,-0.036165955609853,0.0242004509955356,172,RidgeCV
pfc_to_hypo,pfc_to_hypo_all_pfc_ridge_clock,ATAC,Microglia,chr8:1476259-1476759,0.0418984227422207,0.0275553169146372,107,RidgeCV
pfc_to_hypo,pfc_to_hypo_all_pfc_ridge_clock,ATAC,Microglia,chr8:22588948-22589448,-0.02699906623605,0.0259986920604875,127,RidgeCV
pfc_to_hypo,pfc_to_hypo_all_pfc_ridge_clock,ATAC,Microglia,chr8:25184416-25184916,0.07206253017583,0.0598700620030313,0,RidgeCV
pfc_to_hypo,pfc_to_hypo_all_pfc_ridge_clock,ATAC,Microglia,chr8:25205969-25206469,0.0500403852089598,0.0317560239913757,59,RidgeCV
pfc_to_hypo,pfc_to_hypo_all_pfc_ridge_clock,ATAC,Microglia,chr8:25239196-25239696,0.034540758923239,0.0254816652526815,141,RidgeCV
pfc_to_hypo,pfc_to_hypo_all_pfc_ridge_clock,ATAC,Microglia,chr8:56117740-56118240,-0.0477786511233478,0.0361394805030763,29,RidgeCV
pfc_to_hypo,pfc_to_hypo_all_pfc_ridge_clock,ATAC,Microglia,chr8:99873937-99874437,-0.0215538942563801,0.0236546860058752,189,RidgeCV
pfc_to_hypo,pfc_to_hypo_all_pfc_ridge_clock,ATAC,Microglia,chr9:106450985-106451485,0.0344137636974669,0.0239871803379395,179,RidgeCV
pfc_to_hypo,pfc_to_hypo_all_pfc_ridge_clock,ATAC,Microglia,chr9:127133787-127134287,-0.0408428750964662,0.0324848189790241,52,RidgeCV
pfc_to_hypo,pfc_to_hypo_all_pfc_ridge_clock,ATAC,Microglia,chr9:127136122-127136622,-0.0436385826555161,0.0302104768664348,77,RidgeCV
pfc_to_hypo,pfc_to_hypo_all_pfc_ridge_clock,ATAC,Microglia,chr9:36148607-36149107,0.0313347411545329,0.0250740777500721,150,RidgeCV
pfc_to_hypo,pfc_to_hypo_all_pfc_ridge_clock,ATAC,Microglia,chr9:98248743-98249243,0.0382956979754303,0.0239703525958948,180,RidgeCV
pfc_to_hypo,pfc_to_hypo_all_pfc_ridge_clock,ATAC,Microglia,chr9:99356524-99357024,0.0407912606365468,0.0328873554590475,48,RidgeCV
pfc_to_hypo,pfc_to_hypo_all_pfc_ridge_clock,ATAC,Microglia,chrX:107673943-107674443,0.0361851591254229,0.0280438919020501,102,RidgeCV
pfc_to_hypo,pfc_to_hypo_all_pfc_ridge_clock,ATAC,Microglia,chrX:116009831-116010331,0.0561558503824347,0.0449689201966235,9,RidgeCV
pfc_to_hypo,pfc_to_hypo_all_pfc_ridge_clock,ATAC,Microglia,chrX:141176996-141177496,0.0399477461005639,0.0275958627402413,106,RidgeCV
pfc_to_hypo,pfc_to_hypo_all_pfc_ridge_clock,ATAC,Microglia,chrX:21374046-21374546,-0.0359967952561666,0.0248616608134683,154,RidgeCV
pfc_to_hypo,pfc_to_hypo_all_pfc_ridge_clock,ATAC,Microglia,chrX:31266718-31267218,0.0572242224041779,0.0413026964803943,15,RidgeCV
pfc_to_hypo,pfc_to_hypo_all_pfc_ridge_clock,ATAC,Microglia,chrX:66639105-66639605,0.0453350204103436,0.0304965560254099,72,RidgeCV
pfc_to_hypo,pfc_to_hypo_all_pfc_ridge_clock,ATAC,Oligo,chr10:103584560-103585060,-0.0764019661002762,0.0331049186362112,121,RidgeCV
pfc_to_hypo,pfc_to_hypo_all_pfc_ridge_clock,ATAC,Oligo,chr10:114043494-114043994,0.0580821887442382,0.0292719711319095,159,RidgeCV
pfc_to_hypo,pfc_to_hypo_all_pfc_ridge_clock,ATAC,Oligo,chr10:11742184-11742684,-0.0889572503246416,0.0501937892256658,35,RidgeCV
pfc_to_hypo,pfc_to_hypo_all_pfc_ridge_clock,ATAC,Oligo,chr10:122494794-122495294,0.078663416648125,0.0343714500575855,112,RidgeCV
pfc_to_hypo,pfc_to_hypo_all_pfc_ridge_clock,ATAC,Oligo,chr10:122495327-122495827,0.0676602456356894,0.0280560251200725,171,RidgeCV
pfc_to_hypo,pfc_to_hypo_all_pfc_ridge_clock,ATAC,Oligo,chr10:132517197-132517697,0.0833678748820369,0.0447661954623657,54,RidgeCV
pfc_to_hypo,pfc_to_hypo_all_pfc_ridge_clock,ATAC,Oligo,chr10:1737273-1737773,-0.0669559756408513,0.0400377627097434,73,RidgeCV
pfc_to_hypo,pfc_to_hypo_all_pfc_ridge_clock,ATAC,Oligo,chr10:69968779-69969279,0.077595075023301,0.0350622289327004,106,RidgeCV
pfc_to_hypo,pfc_to_hypo_all_pfc_ridge_clock,ATAC,Oligo,chr10:70052593-70053093,0.0947631045534627,0.055414129508803,26,RidgeCV
pfc_to_hypo,pfc_to_hypo_all_pfc_ridge_clock,ATAC,Oligo,chr10:8053261-8053761,-0.072222456818474,0.029469959852914,156,RidgeCV
pfc_to_hypo,pfc_to_hypo_all_pfc_ridge_clock,ATAC,Oligo,chr10:92689592-92690092,-0.0799913588445185,0.0368553295163722,97,RidgeCV
pfc_to_hypo,pfc_to_hypo_all_pfc_ridge_clock,ATAC,Oligo,chr1:10663580-10664080,0.0989944748349457,0.0497455000159888,37,RidgeCV
pfc_to_hypo,pfc_to_hypo_all_pfc_ridge_clock,ATAC,Oligo,chr1:10735203-10735703,0.0672671479179518,0.0279928376882763,174,RidgeCV
pfc_to_hypo,pfc_to_hypo_all_pfc_ridge_clock,ATAC,Oligo,chr1:10779155-10779655,0.0894849194308755,0.0538317136237727,31,RidgeCV
pfc_to_hypo,pfc_to_hypo_all_pfc_ridge_clock,ATAC,Oligo,chr1:10788570-10789070,0.0865406071121141,0.0486745247378201,40,RidgeCV
pfc_to_hypo,pfc_to_hypo_all_pfc_ridge_clock,ATAC,Oligo,chr1:109687486-109687986,0.1037800611396811,0.1216142360202683,0,RidgeCV
pfc_to_hypo,pfc_to_hypo_all_pfc_ridge_clock,ATAC,Oligo,chr11:14358783-14359283,-0.1240336296068353,0.056823701523667,23,RidgeCV
pfc_to_hypo,pfc_to_hypo_all_pfc_ridge_clock,ATAC,Oligo,chr11:1448356-1448856,0.0843945316727124,0.0347004007048469,109,RidgeCV
pfc_to_hypo,pfc_to_hypo_all_pfc_ridge_clock,ATAC,Oligo,chr11:19832093-19832593,0.0800677579703963,0.0385382939376782,82,RidgeCV
pfc_to_hypo,pfc_to_hypo_all_pfc_ridge_clock,ATAC,Oligo,chr11:20000431-20000931,0.0674440525251531,0.0325645924747981,128,RidgeCV
pfc_to_hypo,pfc_to_hypo_all_pfc_ridge_clock,ATAC,Oligo,chr11:45658540-45659040,0.1013282112723936,0.0589346398445854,21,RidgeCV
pfc_to_hypo,pfc_to_hypo_all_pfc_ridge_clock,ATAC,Oligo,chr11:45659760-45660260,0.0683820922304928,0.0352347905055855,105,RidgeCV
pfc_to_hypo,pfc_to_hypo_all_pfc_ridge_clock,ATAC,Oligo,chr11:45665576-45666076,0.0829162078496832,0.0420959752977418,61,RidgeCV
pfc_to_hypo,pfc_to_hypo_all_pfc_ridge_clock,ATAC,Oligo,chr1:159009654-159010154,0.0702662091447359,0.0300005036406454,151,RidgeCV
pfc_to_hypo,pfc_to_hypo_all_pfc_ridge_clock,ATAC,Oligo,chr11:9003786-9004286,-0.1055066360957106,0.0419243757559958,64,RidgeCV
pfc_to_hypo,pfc_to_hypo_all_pfc_ridge_clock,ATAC,Oligo,chr1:194395143-194395643,0.0574063762413542,0.0272860392166885,186,RidgeCV
pfc_to_hypo,pfc_to_hypo_all_pfc_ridge_clock,ATAC,Oligo,chr1:201017278-201017778,-0.0720348434944313,0.0268707622592271,196,RidgeCV
pfc_to_hypo,pfc_to_hypo_all_pfc_ridge_clock,ATAC,Oligo,chr12:19205153-19205653,-0.083503647386663,0.0376521719503992,90,RidgeCV
pfc_to_hypo,pfc_to_hypo_all_pfc_ridge_clock,ATAC,Oligo,chr12:19236609-19237109,-0.1172589569891058,0.0487926369101118,39,RidgeCV
pfc_to_hypo,pfc_to_hypo_all_pfc_ridge_clock,ATAC,Oligo,chr12:19242854-19243354,-0.0768080237616733,0.0345357751429141,110,RidgeCV
pfc_to_hypo,pfc_to_hypo_all_pfc_ridge_clock,ATAC,Oligo,chr1:232704660-232705160,0.0705011654567664,0.0297547368003406,153,RidgeCV
pfc_to_hypo,pfc_to_hypo_all_pfc_ridge_clock,ATAC,Oligo,chr12:6383859-6384359,0.0600852116926996,0.0268813093062642,195,RidgeCV
pfc_to_hypo,pfc_to_hypo_all_pfc_ridge_clock,ATAC,Oligo,chr12:72272051-72272551,0.0626170515239537,0.0320899631510955,133,RidgeCV
pfc_to_hypo,pfc_to_hypo_all_pfc_ridge_clock,ATAC,Oligo,chr12:78864467-78864967,-0.0596233682385242,0.0268447419636552,197,RidgeCV
pfc_to_hypo,pfc_to_hypo_all_pfc_ridge_clock,ATAC,Oligo,chr12:84911231-84911731,0.1114867478412778,0.053267278582038,32,RidgeCV
pfc_to_hypo,pfc_to_hypo_all_pfc_ridge_clock,ATAC,Oligo,chr12:84912557-84913057,0.1269578212707292,0.0486297605112177,42,RidgeCV
pfc_to_hypo,pfc_to_hypo_all_pfc_ridge_clock,ATAC,Oligo,chr12:93079334-93079834,-0.0655127479782206,0.0333124149993323,117,RidgeCV
pfc_to_hypo,pfc_to_hypo_all_pfc_ridge_clock,ATAC,Oligo,chr13:110094568-110095068,0.0520207772496624,0.031759697747481,139,RidgeCV
pfc_to_hypo,pfc_to_hypo_all_pfc_ridge_clock,ATAC,Oligo,chr13:112072409-112072909,0.0673206480650854,0.0284434237475466,169,RidgeCV
pfc_to_hypo,pfc_to_hypo_all_pfc_ridge_clock,ATAC,Oligo,chr1:31214916-31215416,0.0679031816625044,0.0419970575743106,62,RidgeCV
pfc_to_hypo,pfc_to_hypo_all_pfc_ridge_clock,ATAC,Oligo,chr1:31215933-31216433,0.0871278074434642,0.0669404062431505,11,RidgeCV
pfc_to_hypo,pfc_to_hypo_all_pfc_ridge_clock,ATAC,Oligo,chr1:31218659-31219159,0.0867155765799397,0.0834010003201105,3,RidgeCV
pfc_to_hypo,pfc_to_hypo_all_pfc_ridge_clock,ATAC,Oligo,chr1:31239609-31240109,0.0857306994052427,0.0646443377917214,14,RidgeCV
pfc_to_hypo,pfc_to_hypo_all_pfc_ridge_clock,ATAC,Oligo,chr13:25371844-25372344,0.0674827277721702,0.0268897445165789,194,RidgeCV
pfc_to_hypo,pfc_to_hypo_all_pfc_ridge_clock,ATAC,Oligo,chr13:25468547-25469047,0.087130070696834,0.0424315057144853,60,RidgeCV
pfc_to_hypo,pfc_to_hypo_all_pfc_ridge_clock,ATAC,Oligo,chr13:26049264-26049764,0.0798457450662628,0.0342368645101115,113,RidgeCV
pfc_to_hypo,pfc_to_hypo_all_pfc_ridge_clock,ATAC,Oligo,chr13:33153151-33153651,0.0713492799930141,0.0291030712270127,161,RidgeCV
pfc_to_hypo,pfc_to_hypo_all_pfc_ridge_clock,ATAC,Oligo,chr1:36349821-36350321,0.073528483095499,0.0366180250351963,98,RidgeCV
pfc_to_hypo,pfc_to_hypo_all_pfc_ridge_clock,ATAC,Oligo,chr1:39639531-39640031,-0.0788033379373291,0.0381851664353562,85,RidgeCV
pfc_to_hypo,pfc_to_hypo_all_pfc_ridge_clock,ATAC,Oligo,chr14:35366061-35366561,0.0747888878255125,0.0412842140032585,66,RidgeCV
pfc_to_hypo,pfc_to_hypo_all_pfc_ridge_clock,ATAC,Oligo,chr14:47674079-47674579,-0.0645438022130563,0.0333101355344244,118,RidgeCV
pfc_to_hypo,pfc_to_hypo_all_pfc_ridge_clock,ATAC,Oligo,chr14:47675904-47676404,-0.0718367805553497,0.0406386369633952,68,RidgeCV
pfc_to_hypo,pfc_to_hypo_all_pfc_ridge_clock,ATAC,Oligo,chr14:70188754-70189254,-0.1204346634541576,0.0659898335795058,13,RidgeCV
pfc_to_hypo,pfc_to_hypo_all_pfc_ridge_clock,ATAC,Oligo,chr14:88312069-88312569,-0.0693348541199908,0.0272913470462821,185,RidgeCV
pfc_to_hypo,pfc_to_hypo_all_pfc_ridge_clock,ATAC,Oligo,chr14:95483114-95483614,0.0596117368242915,0.0275016045554167,181,RidgeCV
pfc_to_hypo,pfc_to_hypo_all_pfc_ridge_clock,ATAC,Oligo,chr1:54581601-54582101,0.0841107819230063,0.0450479662096322,52,RidgeCV
pfc_to_hypo,pfc_to_hypo_all_pfc_ridge_clock,ATAC,Oligo,chr16:10126715-10127215,0.101855050978812,0.0590303382026228,20,RidgeCV
pfc_to_hypo,pfc_to_hypo_all_pfc_ridge_clock,ATAC,Oligo,chr16:10181473-10181973,0.0819859374157628,0.0396432917294327,78,RidgeCV
pfc_to_hypo,pfc_to_hypo_all_pfc_ridge_clock,ATAC,Oligo,chr16:10182606-10183106,0.0831241365464848,0.0481770336935545,43,RidgeCV
pfc_to_hypo,pfc_to_hypo_all_pfc_ridge_clock,ATAC,Oligo,chr16:28538825-28539325,0.1094709695834894,0.0570337512516039,22,RidgeCV
pfc_to_hypo,pfc_to_hypo_all_pfc_ridge_clock,ATAC,Oligo,chr16:705682-706182,-0.0853337134203332,0.0499867171602072,36,RidgeCV
pfc_to_hypo,pfc_to_hypo_all_pfc_ridge_clock,ATAC,Oligo,chr16:75811218-75811718,0.090527129780363,0.037709593344361,88,RidgeCV
pfc_to_hypo,pfc_to_hypo_all_pfc_ridge_clock,ATAC,Oligo,chr16:79592112-79592612,0.1104558967432094,0.0693015196999374,6,RidgeCV
pfc_to_hypo,pfc_to_hypo_all_pfc_ridge_clock,ATAC,Oligo,chr16:79595197-79595697,0.084587816502716,0.0404381807885955,70,RidgeCV
pfc_to_hypo,pfc_to_hypo_all_pfc_ridge_clock,ATAC,Oligo,chr16:79600532-79601032,0.0974654925578655,0.0528493608455287,33,RidgeCV
pfc_to_hypo,pfc_to_hypo_all_pfc_ridge_clock,ATAC,Oligo,chr16:8047663-8048163,-0.0481490995602573,0.0552705775705606,27,RidgeCV
pfc_to_hypo,pfc_to_hypo_all_pfc_ridge_clock,ATAC,Oligo,chr16:83356138-83356638,0.0677155564098638,0.0277076978366997,177,RidgeCV
pfc_to_hypo,pfc_to_hypo_all_pfc_ridge_clock,ATAC,Oligo,chr16:89201648-89202148,-0.0919532877599004,0.0459585489645519,49,RidgeCV
pfc_to_hypo,pfc_to_hypo_all_pfc_ridge_clock,ATAC,Oligo,chr16:9929793-9930293,0.0775722449244879,0.0400180299051376,74,RidgeCV
pfc_to_hypo,pfc_to_hypo_all_pfc_ridge_clock,ATAC,Oligo,chr17:32256250-32256750,0.0661481008322676,0.0275892507775786,180,RidgeCV
pfc_to_hypo,pfc_to_hypo_all_pfc_ridge_clock,ATAC,Oligo,chr17:35242794-35243294,-0.0541058967882394,0.0303561042379982,148,RidgeCV
pfc_to_hypo,pfc_to_hypo_all_pfc_ridge_clock,ATAC,Oligo,chr17:49403803-49404303,0.0931865443403776,0.0551919979719939,28,RidgeCV
pfc_to_hypo,pfc_to_hypo_all_pfc_ridge_clock,ATAC,Oligo,chr18:58043916-58044416,-0.1552422407381213,0.0909770041409512,2,RidgeCV
pfc_to_hypo,pfc_to_hypo_all_pfc_ridge_clock,ATAC,Oligo,chr18:58047069-58047569,-0.0824653436458971,0.0384307455651232,83,RidgeCV
pfc_to_hypo,pfc_to_hypo_all_pfc_ridge_clock,ATAC,Oligo,chr18:58061219-58061719,-0.0738554930979032,0.0318337663349922,138,RidgeCV
pfc_to_hypo,pfc_to_hypo_all_pfc_ridge_clock,ATAC,Oligo,chr18:58097064-58097564,-0.0834059990817065,0.0383040236310153,84,RidgeCV
pfc_to_hypo,pfc_to_hypo_all_pfc_ridge_clock,ATAC,Oligo,chr18:58287524-58288024,-0.0661264093339809,0.0299204175875024,152,RidgeCV
pfc_to_hypo,pfc_to_hypo_all_pfc_ridge_clock,ATAC,Oligo,chr18:58321957-58322457,-0.1000584570194899,0.0468145091346555,46,RidgeCV
pfc_to_hypo,pfc_to_hypo_all_pfc_ridge_clock,ATAC,Oligo,chr18:62621418-62621918,0.085523776048228,0.0359321711240106,100,RidgeCV
pfc_to_hypo,pfc_to_hypo_all_pfc_ridge_clock,ATAC,Oligo,chr18:7460069-7460569,0.0724605908696125,0.0371507547998728,96,RidgeCV
pfc_to_hypo,pfc_to_hypo_all_pfc_ridge_clock,ATAC,Oligo,chr18:78979843-78980343,-0.08058964948218,0.039107599450426,81,RidgeCV
pfc_to_hypo,pfc_to_hypo_all_pfc_ridge_clock,ATAC,Oligo,chr18:7946640-7947140,0.0815820035646436,0.0376697913807971,89,RidgeCV
pfc_to_hypo,pfc_to_hypo_all_pfc_ridge_clock,ATAC,Oligo,chr1:9129019-9129519,0.077350419545827,0.037519364540785,93,RidgeCV
pfc_to_hypo,pfc_to_hypo_all_pfc_ridge_clock,ATAC,Oligo,chr19:13836790-13837290,0.0726689256340451,0.0323947296344797,129,RidgeCV
pfc_to_hypo,pfc_to_hypo_all_pfc_ridge_clock,ATAC,Oligo,chr1:9163805-9164305,0.1361181806636573,0.0645659320111985,15,RidgeCV
pfc_to_hypo,pfc_to_hypo_all_pfc_ridge_clock,ATAC,Oligo,chr19:17830716-17831216,-0.097211734147913,0.0486467776431767,41,RidgeCV
pfc_to_hypo,pfc_to_hypo_all_pfc_ridge_clock,ATAC,Oligo,chr1:9181224-9181724,0.0870760837823095,0.0352632649705884,104,RidgeCV
pfc_to_hypo,pfc_to_hypo_all_pfc_ridge_clock,ATAC,Oligo,chr1:9182883-9183383,0.0988236871643644,0.0399764625720393,75,RidgeCV
pfc_to_hypo,pfc_to_hypo_all_pfc_ridge_clock,ATAC,Oligo,chr19:19540359-19540859,-0.0762195299770127,0.0327475166239427,125,RidgeCV
pfc_to_hypo,pfc_to_hypo_all_pfc_ridge_clock,ATAC,Oligo,chr19:4516813-4517313,0.0767299092245008,0.0376001034721397,91,RidgeCV
pfc_to_hypo,pfc_to_hypo_all_pfc_ridge_clock,ATAC,Oligo,chr19:48398598-48399098,-0.1061098803060053,0.0447653809251809,55,RidgeCV
pfc_to_hypo,pfc_to_hypo_all_pfc_ridge_clock,ATAC,Oligo,chr19:5827889-5828389,-0.082747435663012,0.0396821213994159,77,RidgeCV
pfc_to_hypo,pfc_to_hypo_all_pfc_ridge_clock,ATAC,Oligo,chr19:9914592-9915092,-0.0727859118230953,0.0333991431097201,116,RidgeCV
pfc_to_hypo,pfc_to_hypo_all_pfc_ridge_clock,ATAC,Oligo,chr20:1225597-1226097,-0.062970190327492,0.0308193644193678,145,RidgeCV
pfc_to_hypo,pfc_to_hypo_all_pfc_ridge_clock,ATAC,Oligo,chr20:43914560-43915060,-0.0726889137749341,0.0330693590540697,122,RidgeCV
pfc_to_hypo,pfc_to_hypo_all_pfc_ridge_clock,ATAC,Oligo,chr20:63831111-63831611,-0.0645972349369642,0.0287667765712764,166,RidgeCV
pfc_to_hypo,pfc_to_hypo_all_pfc_ridge_clock,ATAC,Oligo,chr20:64176506-64177006,0.0658759922505804,0.032346482288327,130,RidgeCV
pfc_to_hypo,pfc_to_hypo_all_pfc_ridge_clock,ATAC,Oligo,chr20:9838740-9839240,-0.0891553081351854,0.0354259081612546,101,RidgeCV
pfc_to_hypo,pfc_to_hypo_all_pfc_ridge_clock,ATAC,Oligo,chr21:44455189-44455689,-0.0628847638349727,0.0296148519553862,154,RidgeCV
pfc_to_hypo,pfc_to_hypo_all_pfc_ridge_clock,ATAC,Oligo,chr2:160365850-160366350,-0.094466687887837,0.0419792215008226,63,RidgeCV
pfc_to_hypo,pfc_to_hypo_all_pfc_ridge_clock,ATAC,Oligo,chr2:160407625-160408125,-0.09376678386076,0.0394594767496283,79,RidgeCV
pfc_to_hypo,pfc_to_hypo_all_pfc_ridge_clock,ATAC,Oligo,chr2:161423632-161424132,-0.0740354219470135,0.0323073866682683,131,RidgeCV
pfc_to_hypo,pfc_to_hypo_all_pfc_ridge_clock,ATAC,Oligo,chr2:165646374-165646874,-0.0755152776431197,0.0286211696739413,168,RidgeCV
pfc_to_hypo,pfc_to_hypo_all_pfc_ridge_clock,ATAC,Oligo,chr2:165681781-165682281,-0.0636895654750396,0.0273832696637351,183,RidgeCV
pfc_to_hypo,pfc_to_hypo_all_pfc_ridge_clock,ATAC,Oligo,chr2:165682441-165682941,-0.0757237618319819,0.0313416767417628,143,RidgeCV
pfc_to_hypo,pfc_to_hypo_all_pfc_ridge_clock,ATAC,Oligo,chr2:17878325-17878825,-0.0613702793377149,0.0317041221520158,140,RidgeCV
pfc_to_hypo,pfc_to_hypo_all_pfc_ridge_clock,ATAC,Oligo,chr2:186718753-186719253,-0.071435399135507,0.0286624300541523,167,RidgeCV
pfc_to_hypo,pfc_to_hypo_all_pfc_ridge_clock,ATAC,Oligo,chr22:29480834-29481334,-0.0792802347441065,0.0322789104907796,132,RidgeCV
pfc_to_hypo,pfc_to_hypo_all_pfc_ridge_clock,ATAC,Oligo,chr22:40261653-40262153,0.0725645004149442,0.0326600874411465,127,RidgeCV
pfc_to_hypo,pfc_to_hypo_all_pfc_ridge_clock,ATAC,Oligo,chr2:38960203-38960703,-0.1717353816404138,0.0830668434567377,4,RidgeCV
pfc_to_hypo,pfc_to_hypo_all_pfc_ridge_clock,ATAC,Oligo,chr2:39665155-39665655,-0.0950355588119887,0.0462459235650393,47,RidgeCV
pfc_to_hypo,pfc_to_hypo_all_pfc_ridge_clock,ATAC,Oligo,chr2:39686481-39686981,-0.0918788201993615,0.041578769243087,65,RidgeCV
pfc_to_hypo,pfc_to_hypo_all_pfc_ridge_clock,ATAC,Oligo,chr2:9258841-9259341,0.0861560797536312,0.0410653502145682,67,RidgeCV
pfc_to_hypo,pfc_to_hypo_all_pfc_ridge_clock,ATAC,Oligo,chr2:9297789-9298289,0.0959598818279656,0.0548456317596445,29,RidgeCV
pfc_to_hypo,pfc_to_hypo_all_pfc_ridge_clock,ATAC,Oligo,chr3:152266568-152267068,0.0618074602201016,0.0269552892463759,193,RidgeCV
pfc_to_hypo,pfc_to_hypo_all_pfc_ridge_clock,ATAC,Oligo,chr3:159911177-159911677,0.0591022159601446,0.0276028182027669,179,RidgeCV
pfc_to_hypo,pfc_to_hypo_all_pfc_ridge_clock,ATAC,Oligo,chr3:173732112-173732612,-0.0615588051097311,0.0280198051741849,173,RidgeCV
pfc_to_hypo,pfc_to_hypo_all_pfc_ridge_clock,ATAC,Oligo,chr3:42702486-42702986,0.0715072712148988,0.0294932409023901,155,RidgeCV
pfc_to_hypo,pfc_to_hypo_all_pfc_ridge_clock,ATAC,Oligo,chr3:74614523-74615023,0.0689657965042864,0.0341912413008215,114,RidgeCV
pfc_to_hypo,pfc_to_hypo_all_pfc_ridge_clock,ATAC,Oligo,chr3:89107337-89107837,0.0780479423636433,0.0347393543309174,107,RidgeCV
pfc_to_hypo,pfc_to_hypo_all_pfc_ridge_clock,ATAC,Oligo,chr3:89114456-89114956,0.1054136167223093,0.0516373915312373,34,RidgeCV
pfc_to_hypo,pfc_to_hypo_all_pfc_ridge_clock,ATAC,Oligo,chr4:10457177-10457677,-0.1494202121672279,0.0677784123679345,9,RidgeCV
pfc_to_hypo,pfc_to_hypo_all_pfc_ridge_clock,ATAC,Oligo,chr4:138217518-138218018,0.0778641315596325,0.0564591995300063,24,RidgeCV
pfc_to_hypo,pfc_to_hypo_all_pfc_ridge_clock,ATAC,Oligo,chr4:155960401-155960901,-0.0529355352060326,0.0290641953601534,162,RidgeCV
pfc_to_hypo,pfc_to_hypo_all_pfc_ridge_clock,ATAC,Oligo,chr4:155967008-155967508,-0.0668147267843784,0.0347226993213926,108,RidgeCV
pfc_to_hypo,pfc_to_hypo_all_pfc_ridge_clock,ATAC,Oligo,chr4:55125353-55125853,0.0972415231928637,0.044976919097181,53,RidgeCV
pfc_to_hypo,pfc_to_hypo_all_pfc_ridge_clock,ATAC,Oligo,chr4:89753013-89753513,0.0572391531300242,0.027285564930825,187,RidgeCV
pfc_to_hypo,pfc_to_hypo_all_pfc_ridge_clock,ATAC,Oligo,chr4:92303624-92304124,-0.0678489061950225,0.0361856102607524,99,RidgeCV
pfc_to_hypo,pfc_to_hypo_all_pfc_ridge_clock,ATAC,Oligo,chr4:92305399-92305899,-0.0730328510173354,0.0461060495370525,48,RidgeCV
pfc_to_hypo,pfc_to_hypo_all_pfc_ridge_clock,ATAC,Oligo,chr4:92307827-92308327,-0.0678882438398517,0.0375346457260681,92,RidgeCV
pfc_to_hypo,pfc_to_hypo_all_pfc_ridge_clock,ATAC,Oligo,chr4:92634788-92635288,-0.0564702282104647,0.026837251505729,198,RidgeCV
pfc_to_hypo,pfc_to_hypo_all_pfc_ridge_clock,ATAC,Oligo,chr5:115377319-115377819,0.0738942668687951,0.0288488703842381,165,RidgeCV
pfc_to_hypo,pfc_to_hypo_all_pfc_ridge_clock,ATAC,Oligo,chr5:115415045-115415545,0.0637992318867613,0.0289549145204208,164,RidgeCV
pfc_to_hypo,pfc_to_hypo_all_pfc_ridge_clock,ATAC,Oligo,chr5:128965223-128965723,-0.0598622428839667,0.0320782782846851,134,RidgeCV
pfc_to_hypo,pfc_to_hypo_all_pfc_ridge_clock,ATAC,Oligo,chr5:134058834-134059334,0.0507719439518711,0.0294188866949625,157,RidgeCV
pfc_to_hypo,pfc_to_hypo_all_pfc_ridge_clock,ATAC,Oligo,chr5:170809494-170809994,-0.071731442960938,0.0329609392720899,123,RidgeCV
pfc_to_hypo,pfc_to_hypo_all_pfc_ridge_clock,ATAC,Oligo,chr5:59540360-59540860,-0.0699454959540134,0.0276048726392368,178,RidgeCV
pfc_to_hypo,pfc_to_hypo_all_pfc_ridge_clock,ATAC,Oligo,chr5:59569507-59570007,-0.0749492220827445,0.03015029719568,149,RidgeCV
pfc_to_hypo,pfc_to_hypo_all_pfc_ridge_clock,ATAC,Oligo,chr6:11044066-11044566,-0.0710630615993423,0.0332381033843489,119,RidgeCV
pfc_to_hypo,pfc_to_hypo_all_pfc_ridge_clock,ATAC,Oligo,chr6:148967478-148967978,0.0510017927373391,0.0270428498918451,189,RidgeCV
pfc_to_hypo,pfc_to_hypo_all_pfc_ridge_clock,ATAC,Oligo,chr6:150720781-150721281,-0.0528216061663649,0.0279090974079281,175,RidgeCV
pfc_to_hypo,pfc_to_hypo_all_pfc_ridge_clock,ATAC,Oligo,chr6:150751268-150751768,-0.0515871237029545,0.0280465400690542,172,RidgeCV
pfc_to_hypo,pfc_to_hypo_all_pfc_ridge_clock,ATAC,Oligo,chr6:26224882-26225382,-0.1048352891439254,0.0453134898601093,51,RidgeCV
pfc_to_hypo,pfc_to_hypo_all_pfc_ridge_clock,ATAC,Oligo,chr6:31114915-31115415,0.0496869285269986,0.0301151945452757,150,RidgeCV
pfc_to_hypo,pfc_to_hypo_all_pfc_ridge_clock,ATAC,Oligo,chr6:35059828-35060328,0.0563720239791272,0.0314573556052817,142,RidgeCV
pfc_to_hypo,pfc_to_hypo_all_pfc_ridge_clock,ATAC,Oligo,chr6:35601865-35602365,0.1186578032846099,0.0683086025948543,8,RidgeCV
pfc_to_hypo,pfc_to_hypo_all_pfc_ridge_clock,ATAC,Oligo,chr6:35662955-35663455,0.071022186848786,0.0315689630587314,141,RidgeCV
pfc_to_hypo,pfc_to_hypo_all_pfc_ridge_clock,ATAC,Oligo,chr6:37244631-37245131,0.0602173035699133,0.0277212767285003,176,RidgeCV
pfc_to_hypo,pfc_to_hypo_all_pfc_ridge_clock,ATAC,Oligo,chr6:41568603-41569103,0.0542539547683865,0.0270054391340204,191,RidgeCV
pfc_to_hypo,pfc_to_hypo_all_pfc_ridge_clock,ATAC,Oligo,chr6:55578878-55579378,0.0603230578791216,0.0273943661230564,182,RidgeCV
pfc_to_hypo,pfc_to_hypo_all_pfc_ridge_clock,ATAC,Oligo,chr7:116499398-116499898,0.127951550446536,0.0621801851287984,16,RidgeCV
pfc_to_hypo,pfc_to_hypo_all_pfc_ridge_clock,ATAC,Oligo,chr7:116524579-116525079,0.13768254793877,0.0684253299997782,7,RidgeCV
pfc_to_hypo,pfc_to_hypo_all_pfc_ridge_clock,ATAC,Oligo,chr7:116525999-116526499,0.126250568028296,0.0621457655927119,17,RidgeCV
pfc_to_hypo,pfc_to_hypo_all_pfc_ridge_clock,ATAC,Oligo,chr7:147571587-147572087,0.0796518014830378,0.0399132531948723,76,RidgeCV
pfc_to_hypo,pfc_to_hypo_all_pfc_ridge_clock,ATAC,Oligo,chr7:147639694-147640194,0.1023857235534109,0.0440340259371266,57,RidgeCV
pfc_to_hypo,pfc_to_hypo_all_pfc_ridge_clock,ATAC,Oligo,chr7:147724023-147724523,0.081827710836686,0.0353041218699441,102,RidgeCV
pfc_to_hypo,pfc_to_hypo_all_pfc_ridge_clock,ATAC,Oligo,chr7:25359676-25360176,0.0623133682922757,0.0290388650612114,163,RidgeCV
pfc_to_hypo,pfc_to_hypo_all_pfc_ridge_clock,ATAC,Oligo,chr7:25753334-25753834,0.1193990580711465,0.06768518438356,10,RidgeCV
pfc_to_hypo,pfc_to_hypo_all_pfc_ridge_clock,ATAC,Oligo,chr7:25854995-25855495,0.1628163919264005,0.0910286609961736,1,RidgeCV
pfc_to_hypo,pfc_to_hypo_all_pfc_ridge_clock,ATAC,Oligo,chr7:25856877-25857377,0.1001668013637538,0.0473188612908802,45,RidgeCV
pfc_to_hypo,pfc_to_hypo_all_pfc_ridge_clock,ATAC,Oligo,chr7:26658645-26659145,0.0608601416748415,0.0332004971928849,120,RidgeCV
pfc_to_hypo,pfc_to_hypo_all_pfc_ridge_clock,ATAC,Oligo,chr7:29958889-29959389,-0.0830572003128443,0.0352940839063733,103,RidgeCV
pfc_to_hypo,pfc_to_hypo_all_pfc_ridge_clock,ATAC,Oligo,chr7:72336027-72336527,-0.0544437374614488,0.0271832933448833,188,RidgeCV
pfc_to_hypo,pfc_to_hypo_all_pfc_ridge_clock,ATAC,Oligo,chr7:72336782-72337282,-0.0549537707574848,0.0273681629861293,184,RidgeCV
pfc_to_hypo,pfc_to_hypo_all_pfc_ridge_clock,ATAC,Oligo,chr7:95550100-95550600,0.0561930237383916,0.0282716095286789,170,RidgeCV
pfc_to_hypo,pfc_to_hypo_all_pfc_ridge_clock,ATAC,Oligo,chr8:10152208-10152708,-0.0625300052493234,0.0344662492583534,111,RidgeCV
pfc_to_hypo,pfc_to_hypo_all_pfc_ridge_clock,ATAC,Oligo,chr8:10167223-10167723,-0.0531634532016044,0.0268270152823731,199,RidgeCV
pfc_to_hypo,pfc_to_hypo_all_pfc_ridge_clock,ATAC,Oligo,chr8:11201436-11201936,-0.1019465524278737,0.0446384669557848,56,RidgeCV
pfc_to_hypo,pfc_to_hypo_all_pfc_ridge_clock,ATAC,Oligo,chr8:11429894-11430394,0.0481706231229674,0.0327253527305596,126,RidgeCV
pfc_to_hypo,pfc_to_hypo_all_pfc_ridge_clock,ATAC,Oligo,chr8:11443035-11443535,0.0649534904537501,0.0329042154350763,124,RidgeCV
pfc_to_hypo,pfc_to_hypo_all_pfc_ridge_clock,ATAC,Oligo,chr8:11449136-11449636,0.0707588694990344,0.054559840077663,30,RidgeCV
pfc_to_hypo,pfc_to_hypo_all_pfc_ridge_clock,ATAC,Oligo,chr8:11454698-11455198,0.0551316123032231,0.0379685505493013,87,RidgeCV
pfc_to_hypo,pfc_to_hypo_all_pfc_ridge_clock,ATAC,Oligo,chr8:11461318-11461818,0.0595357127436385,0.039443346065438,80,RidgeCV
pfc_to_hypo,pfc_to_hypo_all_pfc_ridge_clock,ATAC,Oligo,chr8:11466514-11467014,0.0400595694652517,0.0293856119811905,158,RidgeCV
pfc_to_hypo,pfc_to_hypo_all_pfc_ridge_clock,ATAC,Oligo,chr8:141128203-141128703,-0.0904987429280214,0.040313058153135,71,RidgeCV
pfc_to_hypo,pfc_to_hypo_all_pfc_ridge_clock,ATAC,Oligo,chr8:37899343-37899843,-0.1317390005248605,0.0662381993959616,12,RidgeCV
pfc_to_hypo,pfc_to_hypo_all_pfc_ridge_clock,ATAC,Oligo,chr8:40153203-40153703,0.0726045538842169,0.0319489033124903,136,RidgeCV
pfc_to_hypo,pfc_to_hypo_all_pfc_ridge_clock,ATAC,Oligo,chr8:40172151-40172651,0.06955256562276,0.0318953782522748,137,RidgeCV
pfc_to_hypo,pfc_to_hypo_all_pfc_ridge_clock,ATAC,Oligo,chr8:66022179-66022679,0.0805560768711403,0.0372069532448079,95,RidgeCV
pfc_to_hypo,pfc_to_hypo_all_pfc_ridge_clock,ATAC,Oligo,chr9:108709994-108710494,0.0579676881017682,0.0304994980573231,146,RidgeCV
pfc_to_hypo,pfc_to_hypo_all_pfc_ridge_clock,ATAC,Oligo,chr9:133992689-133993189,0.0700647848973419,0.0373062740829477,94,RidgeCV
pfc_to_hypo,pfc_to_hypo_all_pfc_ridge_clock,ATAC,Oligo,chr9:137811205-137811705,0.0801013523456659,0.0310738138625551,144,RidgeCV
pfc_to_hypo,pfc_to_hypo_all_pfc_ridge_clock,ATAC,Oligo,chr9:21994504-21995004,0.0692773099597075,0.0291433439932584,160,RidgeCV
pfc_to_hypo,pfc_to_hypo_all_pfc_ridge_clock,ATAC,Oligo,chr9:21995149-21995649,0.0718546276641297,0.0270049697331783,192,RidgeCV
pfc_to_hypo,pfc_to_hypo_all_pfc_ridge_clock,ATAC,Oligo,chr9:713014-713514,0.0613618640757491,0.0304498286517319,147,RidgeCV
pfc_to_hypo,pfc_to_hypo_all_pfc_ridge_clock,ATAC,Oligo,chr9:74497029-74497529,0.1168309473935891,0.0557950524350734,25,RidgeCV
pfc_to_hypo,pfc_to_hypo_all_pfc_ridge_clock,ATAC,Oligo,chr9:74554932-74555432,0.0975772740939037,0.0438890642442869,58,RidgeCV
pfc_to_hypo,pfc_to_hypo_all_pfc_ridge_clock,ATAC,Oligo,chr9:89675153-89675653,0.0540072863148842,0.0402791918823663,72,RidgeCV
pfc_to_hypo,pfc_to_hypo_all_pfc_ridge_clock,ATAC,Oligo,chr9:99356524-99357024,0.1013424751999843,0.0489147458391416,38,RidgeCV
pfc_to_hypo,pfc_to_hypo_all_pfc_ridge_clock,ATAC,Oligo,chrX:131704118-131704618,0.0392021215447471,0.0434922820067636,59,RidgeCV
pfc_to_hypo,pfc_to_hypo_all_pfc_ridge_clock,ATAC,Oligo,chrX:131728579-131729079,0.0396130534603293,0.0474411783504392,44,RidgeCV
pfc_to_hypo,pfc_to_hypo_all_pfc_ridge_clock,ATAC,Oligo,chrX:131734610-131735110,0.0349491266043039,0.0336789767202954,115,RidgeCV
pfc_to_hypo,pfc_to_hypo_all_pfc_ridge_clock,ATAC,Oligo,chrX:131741103-131741603,0.0499982781193649,0.0610865921871919,18,RidgeCV
pfc_to_hypo,pfc_to_hypo_all_pfc_ridge_clock,ATAC,Oligo,chrX:131741702-131742202,0.0396730749011454,0.0459474180642166,50,RidgeCV
pfc_to_hypo,pfc_to_hypo_all_pfc_ridge_clock,ATAC,Oligo,chrX:131802888-131803388,0.0387646614919366,0.0380824804817026,86,RidgeCV
pfc_to_hypo,pfc_to_hypo_all_pfc_ridge_clock,ATAC,Oligo,chrX:131813067-131813567,0.0761967392043017,0.0602367204274476,19,RidgeCV
pfc_to_hypo,pfc_to_hypo_all_pfc_ridge_clock,ATAC,Oligo,chrX:17860751-17861251,-0.0950585437585421,0.0404573165140403,69,RidgeCV
pfc_to_hypo,pfc_to_hypo_all_pfc_ridge_clock,ATAC,Oligo,chrX:20664723-20665223,-0.0728062807719076,0.0320096006710137,135,RidgeCV
pfc_to_hypo,pfc_to_hypo_all_pfc_ridge_clock,ATAC,Oligo,chrX:30308143-30308643,0.0595474132252922,0.0270125912282544,190,RidgeCV
pfc_to_hypo,pfc_to_hypo_all_pfc_ridge_clock,ATAC,Oligo,chrX:73850971-73851471,0.0602544023734629,0.0799801846332474,5,RidgeCV
pfc_to_hypo,pfc_to_hypo_all_pfc_ridge_clock,ATAC,OPC,chr10:112739408-112739908,-0.0332202578761084,0.0195319437345888,86,RidgeCV
pfc_to_hypo,pfc_to_hypo_all_pfc_ridge_clock,ATAC,OPC,chr10:114631855-114632355,0.0309899137531345,0.0184517684920116,109,RidgeCV
pfc_to_hypo,pfc_to_hypo_all_pfc_ridge_clock,ATAC,OPC,chr10:114682451-114682951,0.0399046844449121,0.0197396399276786,80,RidgeCV
pfc_to_hypo,pfc_to_hypo_all_pfc_ridge_clock,ATAC,OPC,chr10:114683440-114683940,0.0335651390034532,0.020369588775551,65,RidgeCV
pfc_to_hypo,pfc_to_hypo_all_pfc_ridge_clock,ATAC,OPC,chr10:114684181-114684681,0.0460065876254869,0.0281929763279532,13,RidgeCV
pfc_to_hypo,pfc_to_hypo_all_pfc_ridge_clock,ATAC,OPC,chr10:119378667-119379167,0.0271031620602485,0.0162118885434991,196,RidgeCV
pfc_to_hypo,pfc_to_hypo_all_pfc_ridge_clock,ATAC,OPC,chr10:132520321-132520821,0.031452706709127,0.0208073005778181,59,RidgeCV
pfc_to_hypo,pfc_to_hypo_all_pfc_ridge_clock,ATAC,OPC,chr10:133325481-133325981,-0.0324720755402438,0.0184008937801976,111,RidgeCV
pfc_to_hypo,pfc_to_hypo_all_pfc_ridge_clock,ATAC,OPC,chr10:15710436-15710936,0.030309380660937,0.0182254383117928,118,RidgeCV
pfc_to_hypo,pfc_to_hypo_all_pfc_ridge_clock,ATAC,OPC,chr10:73139189-73139689,-0.0276863223130271,0.0180564710873612,123,RidgeCV
pfc_to_hypo,pfc_to_hypo_all_pfc_ridge_clock,ATAC,OPC,chr10:97726724-97727224,-0.0305335195737215,0.0180846943072817,122,RidgeCV
pfc_to_hypo,pfc_to_hypo_all_pfc_ridge_clock,ATAC,OPC,chr1:109687486-109687986,0.0240921803818271,0.028866115334881,10,RidgeCV
pfc_to_hypo,pfc_to_hypo_all_pfc_ridge_clock,ATAC,OPC,chr11:122784887-122785387,0.0319512590162015,0.0188084607996189,99,RidgeCV
pfc_to_hypo,pfc_to_hypo_all_pfc_ridge_clock,ATAC,OPC,chr11:126230098-126230598,-0.0362564009254818,0.0217631550392787,53,RidgeCV
pfc_to_hypo,pfc_to_hypo_all_pfc_ridge_clock,ATAC,OPC,chr11:15258706-15259206,-0.028703880009215,0.0162002532360148,197,RidgeCV
pfc_to_hypo,pfc_to_hypo_all_pfc_ridge_clock,ATAC,OPC,chr11:17421721-17422221,0.0305701469170411,0.0185264470416889,107,RidgeCV
pfc_to_hypo,pfc_to_hypo_all_pfc_ridge_clock,ATAC,OPC,chr11:70628881-70629381,0.0362967241066256,0.0219100340290482,52,RidgeCV
pfc_to_hypo,pfc_to_hypo_all_pfc_ridge_clock,ATAC,OPC,chr11:94401179-94401679,-0.0285616426018239,0.0176652678203915,143,RidgeCV
pfc_to_hypo,pfc_to_hypo_all_pfc_ridge_clock,ATAC,OPC,chr1:205317500-205318000,0.0330143636579479,0.0169927511158509,167,RidgeCV
pfc_to_hypo,pfc_to_hypo_all_pfc_ridge_clock,ATAC,OPC,chr1:207820822-207821322,0.0412586619635545,0.0261734777254106,20,RidgeCV
pfc_to_hypo,pfc_to_hypo_all_pfc_ridge_clock,ATAC,OPC,chr12:101004728-101005228,-0.0316286397125592,0.0168503613899271,174,RidgeCV
pfc_to_hypo,pfc_to_hypo_all_pfc_ridge_clock,ATAC,OPC,chr12:124359502-124360002,0.0418839148447659,0.0225447069706722,47,RidgeCV
pfc_to_hypo,pfc_to_hypo_all_pfc_ridge_clock,ATAC,OPC,chr1:21892060-21892560,-0.0305278111622707,0.0176970814082578,140,RidgeCV
pfc_to_hypo,pfc_to_hypo_all_pfc_ridge_clock,ATAC,OPC,chr12:2161404-2161904,0.0356932568663596,0.023550634346219,32,RidgeCV
pfc_to_hypo,pfc_to_hypo_all_pfc_ridge_clock,ATAC,OPC,chr12:228094-228594,0.0301717863471312,0.0167312994450386,178,RidgeCV
pfc_to_hypo,pfc_to_hypo_all_pfc_ridge_clock,ATAC,OPC,chr12:2324351-2324851,0.030535342954757,0.0163676737618671,191,RidgeCV
pfc_to_hypo,pfc_to_hypo_all_pfc_ridge_clock,ATAC,OPC,chr1:226739997-226740497,-0.0400046378703026,0.0237522759776278,29,RidgeCV
pfc_to_hypo,pfc_to_hypo_all_pfc_ridge_clock,ATAC,OPC,chr1:228457729-228458229,-0.0377192565433254,0.0267519561836029,15,RidgeCV
pfc_to_hypo,pfc_to_hypo_all_pfc_ridge_clock,ATAC,OPC,chr1:228997436-228997936,0.0280890004145883,0.0177986670563324,135,RidgeCV
pfc_to_hypo,pfc_to_hypo_all_pfc_ridge_clock,ATAC,OPC,chr1:24018713-24019213,-0.0307874640521261,0.0176910205944277,142,RidgeCV
pfc_to_hypo,pfc_to_hypo_all_pfc_ridge_clock,ATAC,OPC,chr1:25952745-25953245,-0.0272697954783027,0.0163208082862572,192,RidgeCV
pfc_to_hypo,pfc_to_hypo_all_pfc_ridge_clock,ATAC,OPC,chr1:26391366-26391866,-0.0281004899204474,0.0174020919385937,150,RidgeCV
pfc_to_hypo,pfc_to_hypo_all_pfc_ridge_clock,ATAC,OPC,chr12:93127672-93128172,0.0278922122968604,0.0174481171245939,148,RidgeCV
pfc_to_hypo,pfc_to_hypo_all_pfc_ridge_clock,ATAC,OPC,chr12:93777113-93777613,0.0291037776020784,0.0171810929554001,160,RidgeCV
pfc_to_hypo,pfc_to_hypo_all_pfc_ridge_clock,ATAC,OPC,chr13:110307723-110308223,0.0290073979006,0.0168669531383543,172,RidgeCV
pfc_to_hypo,pfc_to_hypo_all_pfc_ridge_clock,ATAC,OPC,chr13:21061355-21061855,-0.0295374132526042,0.0166403398183569,180,RidgeCV
pfc_to_hypo,pfc_to_hypo_all_pfc_ridge_clock,ATAC,OPC,chr1:32939521-32940021,-0.0364256123863168,0.0226075841059636,45,RidgeCV
pfc_to_hypo,pfc_to_hypo_all_pfc_ridge_clock,ATAC,OPC,chr1:36845889-36846389,0.0373097319018857,0.0230113953949053,37,RidgeCV
pfc_to_hypo,pfc_to_hypo_all_pfc_ridge_clock,ATAC,OPC,chr1:38498073-38498573,-0.0319468359125961,0.0207378156202831,62,RidgeCV
pfc_to_hypo,pfc_to_hypo_all_pfc_ridge_clock,ATAC,OPC,chr13:91781943-91782443,-0.0274741559141137,0.0179401165663364,131,RidgeCV
pfc_to_hypo,pfc_to_hypo_all_pfc_ridge_clock,ATAC,OPC,chr1:39886803-39887303,-0.0321273414272267,0.0201987990596288,73,RidgeCV
pfc_to_hypo,pfc_to_hypo_all_pfc_ridge_clock,ATAC,OPC,chr14:59829896-59830396,-0.0334632826475438,0.0196066717875895,83,RidgeCV
pfc_to_hypo,pfc_to_hypo_all_pfc_ridge_clock,ATAC,OPC,chr1:46156427-46156927,-0.0318258663389635,0.018721165812036,101,RidgeCV
pfc_to_hypo,pfc_to_hypo_all_pfc_ridge_clock,ATAC,OPC,chr14:80974147-80974647,-0.0291054432107853,0.0183562647874937,113,RidgeCV
pfc_to_hypo,pfc_to_hypo_all_pfc_ridge_clock,ATAC,OPC,chr14:95483114-95483614,0.0248642278202505,0.0168571791865885,173,RidgeCV
pfc_to_hypo,pfc_to_hypo_all_pfc_ridge_clock,ATAC,OPC,chr15:25801875-25802375,0.0355400347521153,0.0225933120942918,46,RidgeCV
pfc_to_hypo,pfc_to_hypo_all_pfc_ridge_clock,ATAC,OPC,chr15:46343583-46344083,-0.0330098894951743,0.0184289763012605,110,RidgeCV
pfc_to_hypo,pfc_to_hypo_all_pfc_ridge_clock,ATAC,OPC,chr15:47618172-47618672,-0.03043989498217,0.0167914818573662,175,RidgeCV
pfc_to_hypo,pfc_to_hypo_all_pfc_ridge_clock,ATAC,OPC,chr15:53978129-53978629,-0.0293850406606728,0.018000125018789,127,RidgeCV
pfc_to_hypo,pfc_to_hypo_all_pfc_ridge_clock,ATAC,OPC,chr15:68653607-68654107,-0.0332272157918828,0.0181174603955046,121,RidgeCV
pfc_to_hypo,pfc_to_hypo_all_pfc_ridge_clock,ATAC,OPC,chr15:82059983-82060483,-0.056696592523209,0.0405755845201023,4,RidgeCV
pfc_to_hypo,pfc_to_hypo_all_pfc_ridge_clock,ATAC,OPC,chr15:98858582-98859082,0.0321106744802527,0.0191560630610739,93,RidgeCV
pfc_to_hypo,pfc_to_hypo_all_pfc_ridge_clock,ATAC,OPC,chr1:60867732-60868232,0.0290461252915496,0.0189729018723999,97,RidgeCV
pfc_to_hypo,pfc_to_hypo_all_pfc_ridge_clock,ATAC,OPC,chr16:1992147-1992647,-0.0424805330313238,0.0267275991424877,16,RidgeCV
pfc_to_hypo,pfc_to_hypo_all_pfc_ridge_clock,ATAC,OPC,chr1:62319027-62319527,0.0274585172368034,0.0173531929859579,154,RidgeCV
pfc_to_hypo,pfc_to_hypo_all_pfc_ridge_clock,ATAC,OPC,chr16:27745987-27746487,0.0306670498306757,0.0180431901658165,124,RidgeCV
pfc_to_hypo,pfc_to_hypo_all_pfc_ridge_clock,ATAC,OPC,chr16:51113651-51114151,0.0319393409359932,0.0187563505999088,100,RidgeCV
pfc_to_hypo,pfc_to_hypo_all_pfc_ridge_clock,ATAC,OPC,chr16:51114356-51114856,0.0315203476414894,0.019021550962282,95,RidgeCV
pfc_to_hypo,pfc_to_hypo_all_pfc_ridge_clock,ATAC,OPC,chr16:51820175-51820675,-0.0274463849769844,0.0166505276533989,179,RidgeCV
pfc_to_hypo,pfc_to_hypo_all_pfc_ridge_clock,ATAC,OPC,chr16:52741377-52741877,-0.0360369175350669,0.0203411301054351,66,RidgeCV
pfc_to_hypo,pfc_to_hypo_all_pfc_ridge_clock,ATAC,OPC,chr16:5922677-5923177,-0.0261335559740929,0.0169626048544797,168,RidgeCV
pfc_to_hypo,pfc_to_hypo_all_pfc_ridge_clock,ATAC,OPC,chr16:67055746-67056246,-0.0261673739201268,0.0165433125353845,183,RidgeCV
pfc_to_hypo,pfc_to_hypo_all_pfc_ridge_clock,ATAC,OPC,chr16:7314092-7314592,0.03234421719497,0.0176973805385019,139,RidgeCV
pfc_to_hypo,pfc_to_hypo_all_pfc_ridge_clock,ATAC,OPC,chr17:20091503-20092003,0.0270323027706909,0.0164172080928509,190,RidgeCV
pfc_to_hypo,pfc_to_hypo_all_pfc_ridge_clock,ATAC,OPC,chr17:28693807-28694307,0.0305004512635346,0.0171620395858888,161,RidgeCV
pfc_to_hypo,pfc_to_hypo_all_pfc_ridge_clock,ATAC,OPC,chr17:44608206-44608706,-0.0272646304802327,0.0176923093529321,141,RidgeCV
pfc_to_hypo,pfc_to_hypo_all_pfc_ridge_clock,ATAC,OPC,chr17:74359815-74360315,0.033984122043814,0.0202139814156576,72,RidgeCV
pfc_to_hypo,pfc_to_hypo_all_pfc_ridge_clock,ATAC,OPC,chr17:75679606-75680106,0.0316061918625785,0.0194417338518903,89,RidgeCV
pfc_to_hypo,pfc_to_hypo_all_pfc_ridge_clock,ATAC,OPC,chr18:48680784-48681284,0.0391971196883655,0.0236149060116279,31,RidgeCV
pfc_to_hypo,pfc_to_hypo_all_pfc_ridge_clock,ATAC,OPC,chr19:17830716-17831216,-0.036009040980144,0.0241554732570911,28,RidgeCV
pfc_to_hypo,pfc_to_hypo_all_pfc_ridge_clock,ATAC,OPC,chr1:9181224-9181724,0.043646495303172,0.0258595503987629,21,RidgeCV
pfc_to_hypo,pfc_to_hypo_all_pfc_ridge_clock,ATAC,OPC,chr1:9182883-9183383,0.0443901091887895,0.0248064911122176,26,RidgeCV
pfc_to_hypo,pfc_to_hypo_all_pfc_ridge_clock,ATAC,OPC,chr19:33926021-33926521,-0.0336108898298208,0.0227793265697863,40,RidgeCV
pfc_to_hypo,pfc_to_hypo_all_pfc_ridge_clock,ATAC,OPC,chr19:34399856-34400356,0.0251381625215935,0.016218193428977,194,RidgeCV
pfc_to_hypo,pfc_to_hypo_all_pfc_ridge_clock,ATAC,OPC,chr19:35038096-35038596,-0.0340833643352418,0.0204908441933816,64,RidgeCV
pfc_to_hypo,pfc_to_hypo_all_pfc_ridge_clock,ATAC,OPC,chr19:47428088-47428588,-0.0306184126501857,0.0179083153321611,133,RidgeCV
pfc_to_hypo,pfc_to_hypo_all_pfc_ridge_clock,ATAC,OPC,chr19:47573038-47573538,-0.0378753654116362,0.0229059862928122,39,RidgeCV
pfc_to_hypo,pfc_to_hypo_all_pfc_ridge_clock,ATAC,OPC,chr19:5827889-5828389,-0.0485387652466816,0.031626660853367,6,RidgeCV
pfc_to_hypo,pfc_to_hypo_all_pfc_ridge_clock,ATAC,OPC,chr1:95888974-95889474,0.0275330570365621,0.0172838600178463,157,RidgeCV
pfc_to_hypo,pfc_to_hypo_all_pfc_ridge_clock,ATAC,OPC,chr19:7670091-7670591,-0.0252147857214374,0.016527466179693,186,RidgeCV
pfc_to_hypo,pfc_to_hypo_all_pfc_ridge_clock,ATAC,OPC,chr20:34579040-34579540,0.0266063869397428,0.0164663235239485,187,RidgeCV
pfc_to_hypo,pfc_to_hypo_all_pfc_ridge_clock,ATAC,OPC,chr20:50395214-50395714,0.0268933599957796,0.0170309644320723,166,RidgeCV
pfc_to_hypo,pfc_to_hypo_all_pfc_ridge_clock,ATAC,OPC,chr20:63834853-63835353,0.0305471138485744,0.0166155873789787,181,RidgeCV
pfc_to_hypo,pfc_to_hypo_all_pfc_ridge_clock,ATAC,OPC,chr2:11556190-11556690,0.0347337302760362,0.0198440303290501,78,RidgeCV
pfc_to_hypo,pfc_to_hypo_all_pfc_ridge_clock,ATAC,OPC,chr21:31174037-31174537,0.026818813707475,0.0174629346489929,147,RidgeCV
pfc_to_hypo,pfc_to_hypo_all_pfc_ridge_clock,ATAC,OPC,chr2:160666314-160666814,-0.0326684386372252,0.0209497574961025,57,RidgeCV
pfc_to_hypo,pfc_to_hypo_all_pfc_ridge_clock,ATAC,OPC,chr2:161423632-161424132,-0.031023670723525,0.0181465236098646,119,RidgeCV
pfc_to_hypo,pfc_to_hypo_all_pfc_ridge_clock,ATAC,OPC,chr2:162838397-162838897,-0.029332690037721,0.0170621086132715,163,RidgeCV
pfc_to_hypo,pfc_to_hypo_all_pfc_ridge_clock,ATAC,OPC,chr2:174843178-174843678,0.0335489994135145,0.0191097446246221,94,RidgeCV
pfc_to_hypo,pfc_to_hypo_all_pfc_ridge_clock,ATAC,OPC,chr2:180599907-180600407,0.0280064438538126,0.0174106047965677,149,RidgeCV
pfc_to_hypo,pfc_to_hypo_all_pfc_ridge_clock,ATAC,OPC,chr2:183224948-183225448,-0.0365289512103453,0.0214620687244343,54,RidgeCV
pfc_to_hypo,pfc_to_hypo_all_pfc_ridge_clock,ATAC,OPC,chr2:202084164-202084664,-0.0283492366380058,0.0195651033028173,85,RidgeCV
pfc_to_hypo,pfc_to_hypo_all_pfc_ridge_clock,ATAC,OPC,chr2:205684886-205685386,0.0341780167616759,0.0196774894440341,82,RidgeCV
pfc_to_hypo,pfc_to_hypo_all_pfc_ridge_clock,ATAC,OPC,chr2:205685534-205686034,0.0384267215484379,0.0222287565078891,50,RidgeCV
pfc_to_hypo,pfc_to_hypo_all_pfc_ridge_clock,ATAC,OPC,chr2:205696682-205697182,0.0313043643528961,0.0166073293779299,182,RidgeCV
pfc_to_hypo,pfc_to_hypo_all_pfc_ridge_clock,ATAC,OPC,chr2:205925698-205926198,0.0330848911052981,0.0180230340321722,125,RidgeCV
pfc_to_hypo,pfc_to_hypo_all_pfc_ridge_clock,ATAC,OPC,chr22:21942434-21942934,0.0334924787873253,0.0192876901154937,92,RidgeCV
pfc_to_hypo,pfc_to_hypo_all_pfc_ridge_clock,ATAC,OPC,chr22:25083636-25084136,0.0320858520716284,0.0186583029732957,102,RidgeCV
pfc_to_hypo,pfc_to_hypo_all_pfc_ridge_clock,ATAC,OPC,chr22:27868365-27868865,0.0276111575566802,0.0162597049672,193,RidgeCV
pfc_to_hypo,pfc_to_hypo_all_pfc_ridge_clock,ATAC,OPC,chr22:29480834-29481334,-0.0446905941379602,0.0282147894610002,12,RidgeCV
pfc_to_hypo,pfc_to_hypo_all_pfc_ridge_clock,ATAC,OPC,chr2:2326063-2326563,0.032476480953519,0.018830950730788,98,RidgeCV
pfc_to_hypo,pfc_to_hypo_all_pfc_ridge_clock,ATAC,OPC,chr22:41410272-41410772,0.030485051128066,0.0190064892779526,96,RidgeCV
pfc_to_hypo,pfc_to_hypo_all_pfc_ridge_clock,ATAC,OPC,chr2:241584439-241584939,0.0280450858471219,0.0177389716525547,138,RidgeCV
pfc_to_hypo,pfc_to_hypo_all_pfc_ridge_clock,ATAC,OPC,chr2:24456550-24457050,0.0245812110181598,0.0170563477147779,164,RidgeCV
pfc_to_hypo,pfc_to_hypo_all_pfc_ridge_clock,ATAC,OPC,chr22:49949285-49949785,0.0372427868738201,0.0227514500890249,42,RidgeCV
pfc_to_hypo,pfc_to_hypo_all_pfc_ridge_clock,ATAC,OPC,chr2:30239891-30240391,-0.0383582919765683,0.0220807308693537,51,RidgeCV
pfc_to_hypo,pfc_to_hypo_all_pfc_ridge_clock,ATAC,OPC,chr2:38960203-38960703,-0.0463833078060682,0.0285307549508159,11,RidgeCV
pfc_to_hypo,pfc_to_hypo_all_pfc_ridge_clock,ATAC,OPC,chr2:73293480-73293980,-0.029841422812172,0.0173575260771132,153,RidgeCV
pfc_to_hypo,pfc_to_hypo_all_pfc_ridge_clock,ATAC,OPC,chr3:189123602-189124102,0.0291250054640361,0.0167850893216314,176,RidgeCV
pfc_to_hypo,pfc_to_hypo_all_pfc_ridge_clock,ATAC,OPC,chr3:189902268-189902768,-0.0281955892295102,0.017782617143386,136,RidgeCV
pfc_to_hypo,pfc_to_hypo_all_pfc_ridge_clock,ATAC,OPC,chr3:4719114-4719614,0.030383339528419,0.0170960545220106,162,RidgeCV
pfc_to_hypo,pfc_to_hypo_all_pfc_ridge_clock,ATAC,OPC,chr3:55526624-55527124,-0.0394031868340312,0.0252659695274657,23,RidgeCV
pfc_to_hypo,pfc_to_hypo_all_pfc_ridge_clock,ATAC,OPC,chr3:71062944-71063444,0.029618229335273,0.0175441699695421,146,RidgeCV
pfc_to_hypo,pfc_to_hypo_all_pfc_ridge_clock,ATAC,OPC,chr3:71130352-71130852,0.0315625525228205,0.0182403365040354,117,RidgeCV
pfc_to_hypo,pfc_to_hypo_all_pfc_ridge_clock,ATAC,OPC,chr3:86634263-86634763,-0.0336889653032267,0.0207337606161135,63,RidgeCV
pfc_to_hypo,pfc_to_hypo_all_pfc_ridge_clock,ATAC,OPC,chr3:98765757-98766257,0.036229910750876,0.0202191012635295,71,RidgeCV
pfc_to_hypo,pfc_to_hypo_all_pfc_ridge_clock,ATAC,OPC,chr4:118033261-118033761,-0.0257598952996467,0.0167834167443942,177,RidgeCV
pfc_to_hypo,pfc_to_hypo_all_pfc_ridge_clock,ATAC,OPC,chr4:118034110-118034610,-0.0378862536673478,0.0236245633249101,30,RidgeCV
pfc_to_hypo,pfc_to_hypo_all_pfc_ridge_clock,ATAC,OPC,chr4:128574591-128575091,0.0286142036574118,0.0172826080168762,158,RidgeCV
pfc_to_hypo,pfc_to_hypo_all_pfc_ridge_clock,ATAC,OPC,chr4:148023611-148024111,0.0383857045084515,0.0232695821189118,34,RidgeCV
pfc_to_hypo,pfc_to_hypo_all_pfc_ridge_clock,ATAC,OPC,chr4:183355222-183355722,0.0328808755384927,0.0208064585780864,60,RidgeCV
pfc_to_hypo,pfc_to_hypo_all_pfc_ridge_clock,ATAC,OPC,chr4:47270413-47270913,0.0284037479998679,0.0179917279119985,128,RidgeCV
pfc_to_hypo,pfc_to_hypo_all_pfc_ridge_clock,ATAC,OPC,chr4:57412753-57413253,-0.0300562797931047,0.0173125409884932,155,RidgeCV
pfc_to_hypo,pfc_to_hypo_all_pfc_ridge_clock,ATAC,OPC,chr4:6857138-6857638,0.0294851882657428,0.0178030439800371,134,RidgeCV
pfc_to_hypo,pfc_to_hypo_all_pfc_ridge_clock,ATAC,OPC,chr4:81260314-81260814,0.029155143890819,0.0182997522321608,116,RidgeCV
pfc_to_hypo,pfc_to_hypo_all_pfc_ridge_clock,ATAC,OPC,chr4:94889892-94890392,-0.0382187717982965,0.025469255207223,22,RidgeCV
pfc_to_hypo,pfc_to_hypo_all_pfc_ridge_clock,ATAC,OPC,chr4:95537203-95537703,0.0427441760369124,0.0263724502666386,17,RidgeCV
pfc_to_hypo,pfc_to_hypo_all_pfc_ridge_clock,ATAC,OPC,chr4:98293470-98293970,0.0304115924352913,0.0176563628621394,144,RidgeCV
pfc_to_hypo,pfc_to_hypo_all_pfc_ridge_clock,ATAC,OPC,chr5:100900814-100901314,-0.0301841240941418,0.0176024204206223,145,RidgeCV
pfc_to_hypo,pfc_to_hypo_all_pfc_ridge_clock,ATAC,OPC,chr5:100903078-100903578,-0.040983056055842,0.0247124806046304,27,RidgeCV
pfc_to_hypo,pfc_to_hypo_all_pfc_ridge_clock,ATAC,OPC,chr5:137072708-137073208,0.0257971590965298,0.0165418268975127,184,RidgeCV
pfc_to_hypo,pfc_to_hypo_all_pfc_ridge_clock,ATAC,OPC,chr5:141816500-141817000,-0.0287696012778845,0.0181327706491212,120,RidgeCV
pfc_to_hypo,pfc_to_hypo_all_pfc_ridge_clock,ATAC,OPC,chr5:142753185-142753685,0.0300783251670544,0.0195827013839767,84,RidgeCV
pfc_to_hypo,pfc_to_hypo_all_pfc_ridge_clock,ATAC,OPC,chr5:149824717-149825217,0.033270225984202,0.020067794534742,75,RidgeCV
pfc_to_hypo,pfc_to_hypo_all_pfc_ridge_clock,ATAC,OPC,chr5:150644982-150645482,-0.0341907780190275,0.0199957546832551,77,RidgeCV
pfc_to_hypo,pfc_to_hypo_all_pfc_ridge_clock,ATAC,OPC,chr5:153233917-153234417,0.0269140767840577,0.0168910151038522,170,RidgeCV
pfc_to_hypo,pfc_to_hypo_all_pfc_ridge_clock,ATAC,OPC,chr5:157611847-157612347,-0.0358251000216177,0.0203155625469271,67,RidgeCV
pfc_to_hypo,pfc_to_hypo_all_pfc_ridge_clock,ATAC,OPC,chr5:161848031-161848531,-0.0295060061938524,0.0173023232277859,156,RidgeCV
pfc_to_hypo,pfc_to_hypo_all_pfc_ridge_clock,ATAC,OPC,chr5:168245157-168245657,-0.0322510660207625,0.019326997113858,90,RidgeCV
pfc_to_hypo,pfc_to_hypo_all_pfc_ridge_clock,ATAC,OPC,chr5:172740709-172741209,0.0258956446133498,0.0168684784683968,171,RidgeCV
pfc_to_hypo,pfc_to_hypo_all_pfc_ridge_clock,ATAC,OPC,chr5:172749806-172750306,0.030908337558517,0.017963036592209,130,RidgeCV
pfc_to_hypo,pfc_to_hypo_all_pfc_ridge_clock,ATAC,OPC,chr5:2751542-2752042,0.0260945576799041,0.0173821919997457,151,RidgeCV
pfc_to_hypo,pfc_to_hypo_all_pfc_ridge_clock,ATAC,OPC,chr5:38596936-38597436,0.0319258467091171,0.0210265008484663,55,RidgeCV
pfc_to_hypo,pfc_to_hypo_all_pfc_ridge_clock,ATAC,OPC,chr5:54616850-54617350,-0.0308527241723066,0.0177425655866184,137,RidgeCV
pfc_to_hypo,pfc_to_hypo_all_pfc_ridge_clock,ATAC,OPC,chr5:56277727-56278227,0.0321822112894119,0.0202214081550773,70,RidgeCV
pfc_to_hypo,pfc_to_hypo_all_pfc_ridge_clock,ATAC,OPC,chr5:57841775-57842275,-0.0301699773922287,0.0194704086070364,88,RidgeCV
pfc_to_hypo,pfc_to_hypo_all_pfc_ridge_clock,ATAC,OPC,chr5:76953621-76954121,0.0371555900413242,0.0227564884996079,41,RidgeCV
pfc_to_hypo,pfc_to_hypo_all_pfc_ridge_clock,ATAC,OPC,chr5:80372767-80373267,-0.0286032255826708,0.0173657829362377,152,RidgeCV
pfc_to_hypo,pfc_to_hypo_all_pfc_ridge_clock,ATAC,OPC,chr5:88836397-88836897,0.0396965565467696,0.0231200749297533,36,RidgeCV
pfc_to_hypo,pfc_to_hypo_all_pfc_ridge_clock,ATAC,OPC,chr6:104940342-104940842,-0.0312891486153019,0.0179123427477183,132,RidgeCV
pfc_to_hypo,pfc_to_hypo_all_pfc_ridge_clock,ATAC,OPC,chr6:104941325-104941825,-0.0297457093275448,0.0172283937085706,159,RidgeCV
pfc_to_hypo,pfc_to_hypo_all_pfc_ridge_clock,ATAC,OPC,chr6:111852592-111853092,-0.0310737762332416,0.0179732998095734,129,RidgeCV
pfc_to_hypo,pfc_to_hypo_all_pfc_ridge_clock,ATAC,OPC,chr6:128063715-128064215,-0.0276696817310261,0.0164488840870994,189,RidgeCV
pfc_to_hypo,pfc_to_hypo_all_pfc_ridge_clock,ATAC,OPC,chr6:134324677-134325177,0.0339302441220366,0.0226163966120013,44,RidgeCV
pfc_to_hypo,pfc_to_hypo_all_pfc_ridge_clock,ATAC,OPC,chr6:144585147-144585647,-0.0315023196094984,0.0183139452549397,115,RidgeCV
pfc_to_hypo,pfc_to_hypo_all_pfc_ridge_clock,ATAC,OPC,chr6:144659316-144659816,-0.0373039878075666,0.0222998085814394,49,RidgeCV
pfc_to_hypo,pfc_to_hypo_all_pfc_ridge_clock,ATAC,OPC,chr6:150751268-150751768,-0.0351540201659916,0.0195185594343972,87,RidgeCV
pfc_to_hypo,pfc_to_hypo_all_pfc_ridge_clock,ATAC,OPC,chr6:158869523-158870023,-0.029522820802152,0.0161955572618556,198,RidgeCV
pfc_to_hypo,pfc_to_hypo_all_pfc_ridge_clock,ATAC,OPC,chr6:163923922-163924422,0.0290570600817371,0.0162151363615722,195,RidgeCV
pfc_to_hypo,pfc_to_hypo_all_pfc_ridge_clock,ATAC,OPC,chr6:24836058-24836558,0.0336436471121548,0.020226536925121,69,RidgeCV
pfc_to_hypo,pfc_to_hypo_all_pfc_ridge_clock,ATAC,OPC,chr6:26216625-26217125,-0.0827431793224071,0.0600922650412256,0,RidgeCV
pfc_to_hypo,pfc_to_hypo_all_pfc_ridge_clock,ATAC,OPC,chr6:26224882-26225382,-0.0788818059670509,0.0565325642347976,1,RidgeCV
pfc_to_hypo,pfc_to_hypo_all_pfc_ridge_clock,ATAC,OPC,chr6:26240071-26240571,-0.038775710264065,0.0233279367182922,33,RidgeCV
pfc_to_hypo,pfc_to_hypo_all_pfc_ridge_clock,ATAC,OPC,chr6:26271273-26271773,-0.0437923017742415,0.0263020609466551,18,RidgeCV
pfc_to_hypo,pfc_to_hypo_all_pfc_ridge_clock,ATAC,OPC,chr6:27132684-27133184,-0.059301085876156,0.0407032262462393,3,RidgeCV
pfc_to_hypo,pfc_to_hypo_all_pfc_ridge_clock,ATAC,OPC,chr6:27138962-27139462,-0.0299068624202199,0.0165308773244643,185,RidgeCV
pfc_to_hypo,pfc_to_hypo_all_pfc_ridge_clock,ATAC,OPC,chr6:27146747-27147247,-0.0579324704042844,0.0411223839219535,2,RidgeCV
pfc_to_hypo,pfc_to_hypo_all_pfc_ridge_clock,ATAC,OPC,chr6:35057965-35058465,0.0380691919406914,0.0225418092764059,48,RidgeCV
pfc_to_hypo,pfc_to_hypo_all_pfc_ridge_clock,ATAC,OPC,chr6:35059828-35060328,0.0378069817932959,0.0251942141874913,24,RidgeCV
pfc_to_hypo,pfc_to_hypo_all_pfc_ridge_clock,ATAC,OPC,chr6:35590528-35591028,0.0413694673243631,0.0289761305408916,9,RidgeCV
pfc_to_hypo,pfc_to_hypo_all_pfc_ridge_clock,ATAC,OPC,chr6:55578878-55579378,-0.0290104782061904,0.0185359320147065,106,RidgeCV
pfc_to_hypo,pfc_to_hypo_all_pfc_ridge_clock,ATAC,OPC,chr6:5996081-5996581,0.0389244789354399,0.0262893392869034,19,RidgeCV
pfc_to_hypo,pfc_to_hypo_all_pfc_ridge_clock,ATAC,OPC,chr6:5996696-5997196,0.0354413362264189,0.0209563218236746,56,RidgeCV
pfc_to_hypo,pfc_to_hypo_all_pfc_ridge_clock,ATAC,OPC,chr6:6007300-6007800,0.0398488573666787,0.0226931181476743,43,RidgeCV
pfc_to_hypo,pfc_to_hypo_all_pfc_ridge_clock,ATAC,OPC,chr6:6008563-6009063,0.0513928285608974,0.0338106917895257,5,RidgeCV
pfc_to_hypo,pfc_to_hypo_all_pfc_ridge_clock,ATAC,OPC,chr6:69279759-69280259,0.0300515614978891,0.0180105473497522,126,RidgeCV
pfc_to_hypo,pfc_to_hypo_all_pfc_ridge_clock,ATAC,OPC,chr7:151689576-151690076,0.0310848004094726,0.0193200151135008,91,RidgeCV
pfc_to_hypo,pfc_to_hypo_all_pfc_ridge_clock,ATAC,OPC,chr7:28980943-28981443,-0.0301058523164727,0.0185495610187523,105,RidgeCV
pfc_to_hypo,pfc_to_hypo_all_pfc_ridge_clock,ATAC,OPC,chr7:34722935-34723435,0.0261825311784458,0.0164585718533474,188,RidgeCV
pfc_to_hypo,pfc_to_hypo_all_pfc_ridge_clock,ATAC,OPC,chr7:38978544-38979044,0.0475128409417405,0.0293526606736187,8,RidgeCV
pfc_to_hypo,pfc_to_hypo_all_pfc_ridge_clock,ATAC,OPC,chr7:41696368-41696868,0.0343633333989424,0.0183769433690355,112,RidgeCV
pfc_to_hypo,pfc_to_hypo_all_pfc_ridge_clock,ATAC,OPC,chr7:98178272-98178772,0.0365330099798608,0.0207896759120029,61,RidgeCV
pfc_to_hypo,pfc_to_hypo_all_pfc_ridge_clock,ATAC,OPC,chr8:104788915-104789415,0.0313070685699525,0.0186489523684722,103,RidgeCV
pfc_to_hypo,pfc_to_hypo_all_pfc_ridge_clock,ATAC,OPC,chr8:10772200-10772700,-0.042550627441333,0.0249090727363034,25,RidgeCV
pfc_to_hypo,pfc_to_hypo_all_pfc_ridge_clock,ATAC,OPC,chr8:109586173-109586673,-0.0428328559759057,0.026893821264416,14,RidgeCV
pfc_to_hypo,pfc_to_hypo_all_pfc_ridge_clock,ATAC,OPC,chr8:139215131-139215631,0.0333136686625617,0.0201954088310214,74,RidgeCV
pfc_to_hypo,pfc_to_hypo_all_pfc_ridge_clock,ATAC,OPC,chr8:139224337-139224837,0.0288344233262102,0.0185221152742528,108,RidgeCV
pfc_to_hypo,pfc_to_hypo_all_pfc_ridge_clock,ATAC,OPC,chr8:23979475-23979975,-0.0304533572067119,0.018648377281713,104,RidgeCV
pfc_to_hypo,pfc_to_hypo_all_pfc_ridge_clock,ATAC,OPC,chr8:25184416-25184916,0.0416928153387439,0.0232278793418201,35,RidgeCV
pfc_to_hypo,pfc_to_hypo_all_pfc_ridge_clock,ATAC,OPC,chr8:25208887-25209387,0.0314742223983362,0.0202709128548066,68,RidgeCV
pfc_to_hypo,pfc_to_hypo_all_pfc_ridge_clock,ATAC,OPC,chr8:25214673-25215173,0.0342610883245103,0.0229164705002599,38,RidgeCV
pfc_to_hypo,pfc_to_hypo_all_pfc_ridge_clock,ATAC,OPC,chr8:25392762-25393262,0.0259764610121365,0.0170402790450327,165,RidgeCV
pfc_to_hypo,pfc_to_hypo_all_pfc_ridge_clock,ATAC,OPC,chr9:117706373-117706873,0.0302307260939228,0.016924792322913,169,RidgeCV
pfc_to_hypo,pfc_to_hypo_all_pfc_ridge_clock,ATAC,OPC,chr9:22098832-22099332,0.02575130599955,0.0161932622531038,199,RidgeCV
pfc_to_hypo,pfc_to_hypo_all_pfc_ridge_clock,ATAC,OPC,chr9:71121402-71121902,-0.0336165222280088,0.0208573082604389,58,RidgeCV
pfc_to_hypo,pfc_to_hypo_all_pfc_ridge_clock,ATAC,OPC,chrX:131728579-131729079,0.0239448914933145,0.019768959592355,79,RidgeCV
pfc_to_hypo,pfc_to_hypo_all_pfc_ridge_clock,ATAC,OPC,chrX:25002196-25002696,-0.036677537468848,0.0197109410762473,81,RidgeCV
pfc_to_hypo,pfc_to_hypo_all_pfc_ridge_clock,ATAC,OPC,chrX:25004396-25004896,-0.035757182822135,0.0200217015090014,76,RidgeCV
pfc_to_hypo,pfc_to_hypo_all_pfc_ridge_clock,ATAC,OPC,chrX:73850971-73851471,0.0277209263189457,0.0303292170415299,7,RidgeCV
pfc_to_hypo,pfc_to_hypo_all_pfc_ridge_clock,ATAC,OPC,chrX:83507955-83508455,-0.0326202796227674,0.018322211134046,114,RidgeCV
