project,clock_name,modality,cell_type,feature,coefficient,importance,rank,model_type
seaad_alltissues_investigate,dlpfc_xds_pfc357_peaks_ridge_clock,ATAC,all_cells,chr10:100993457-101024904,-0.1047402396798133,,125,RidgeCV
seaad_alltissues_investigate,dlpfc_xds_pfc357_peaks_ridge_clock,ATAC,all_cells,chr10:102113172-102125069,0.0951632335782051,,176,RidgeCV
seaad_alltissues_investigate,dlpfc_xds_pfc357_peaks_ridge_clock,ATAC,all_cells,chr10:110493256-110505051,-0.109831117093563,,100,RidgeCV
seaad_alltissues_investigate,dlpfc_xds_pfc357_peaks_ridge_clock,ATAC,all_cells,chr10:123664820-123670700,-0.0924584791064262,,198,RidgeCV
seaad_alltissues_investigate,dlpfc_xds_pfc357_peaks_ridge_clock,ATAC,all_cells,chr10:124727048-124745886,0.0984116271138191,,156,RidgeCV
seaad_alltissues_investigate,dlpfc_xds_pfc357_peaks_ridge_clock,ATAC,all_cells,chr10:127932337-127938542,-0.119338110089302,,84,RidgeCV
seaad_alltissues_investigate,dlpfc_xds_pfc357_peaks_ridge_clock,ATAC,all_cells,chr10:132388860-132427506,0.1091313809156417,,104,RidgeCV
seaad_alltissues_investigate,dlpfc_xds_pfc357_peaks_ridge_clock,ATAC,all_cells,chr10:47373677-47385118,0.125144824385643,,74,RidgeCV
seaad_alltissues_investigate,dlpfc_xds_pfc357_peaks_ridge_clock,ATAC,all_cells,chr10:79232917-79256824,0.1048967763781547,,122,RidgeCV
seaad_alltissues_investigate,dlpfc_xds_pfc357_peaks_ridge_clock,ATAC,all_cells,chr1:1017544-1028492,-0.1128668040037155,,95,RidgeCV
seaad_alltissues_investigate,dlpfc_xds_pfc357_peaks_ridge_clock,ATAC,all_cells,chr1:1031030-1064744,-0.1482861936092376,,43,RidgeCV
seaad_alltissues_investigate,dlpfc_xds_pfc357_peaks_ridge_clock,ATAC,all_cells,chr1:109247362-109287440,0.1959724426269531,,19,RidgeCV
seaad_alltissues_investigate,dlpfc_xds_pfc357_peaks_ridge_clock,ATAC,all_cells,chr1:111253834-111254358,-0.0980711057782173,,158,RidgeCV
seaad_alltissues_investigate,dlpfc_xds_pfc357_peaks_ridge_clock,ATAC,all_cells,chr11:117865790-117880479,-0.1329161673784256,,62,RidgeCV
seaad_alltissues_investigate,dlpfc_xds_pfc357_peaks_ridge_clock,ATAC,all_cells,chr11:119314819-119322670,0.0942746847867965,,185,RidgeCV
seaad_alltissues_investigate,dlpfc_xds_pfc357_peaks_ridge_clock,ATAC,all_cells,chr11:119352898-119379112,0.1211000978946685,,79,RidgeCV
seaad_alltissues_investigate,dlpfc_xds_pfc357_peaks_ridge_clock,ATAC,all_cells,chr11:11957924-11977859,0.0967608392238617,,165,RidgeCV
seaad_alltissues_investigate,dlpfc_xds_pfc357_peaks_ridge_clock,ATAC,all_cells,chr11:1743457-1764979,0.1347541362047195,,60,RidgeCV
seaad_alltissues_investigate,dlpfc_xds_pfc357_peaks_ridge_clock,ATAC,all_cells,chr11:2376552-2397517,-0.106886513531208,,115,RidgeCV
seaad_alltissues_investigate,dlpfc_xds_pfc357_peaks_ridge_clock,ATAC,all_cells,chr11:35918684-35920431,0.1019476205110549,,136,RidgeCV
seaad_alltissues_investigate,dlpfc_xds_pfc357_peaks_ridge_clock,ATAC,all_cells,chr1:145956639-145965515,0.1074958592653274,,112,RidgeCV
seaad_alltissues_investigate,dlpfc_xds_pfc357_peaks_ridge_clock,ATAC,all_cells,chr11:46325605-46398381,0.1626936346292495,,34,RidgeCV
seaad_alltissues_investigate,dlpfc_xds_pfc357_peaks_ridge_clock,ATAC,all_cells,chr1:154998689-155013213,-0.0987487807869911,,154,RidgeCV
seaad_alltissues_investigate,dlpfc_xds_pfc357_peaks_ridge_clock,ATAC,all_cells,chr1:156398221-156438335,-0.1374218016862869,,57,RidgeCV
seaad_alltissues_investigate,dlpfc_xds_pfc357_peaks_ridge_clock,ATAC,all_cells,chr11:64027680-64065093,-0.1909181177616119,,22,RidgeCV
seaad_alltissues_investigate,dlpfc_xds_pfc357_peaks_ridge_clock,ATAC,all_cells,chr11:64709819-64726732,-0.0949211940169334,,180,RidgeCV
seaad_alltissues_investigate,dlpfc_xds_pfc357_peaks_ridge_clock,ATAC,all_cells,chr11:65848270-65861551,-0.1097529530525207,,101,RidgeCV
seaad_alltissues_investigate,dlpfc_xds_pfc357_peaks_ridge_clock,ATAC,all_cells,chr11:72622408-72660085,-0.1263789236545562,,72,RidgeCV
seaad_alltissues_investigate,dlpfc_xds_pfc357_peaks_ridge_clock,ATAC,all_cells,chr11:72820468-72835548,-0.1000315025448799,,150,RidgeCV
seaad_alltissues_investigate,dlpfc_xds_pfc357_peaks_ridge_clock,ATAC,all_cells,chr11:74671385-74674369,-0.1048106551170349,,124,RidgeCV
seaad_alltissues_investigate,dlpfc_xds_pfc357_peaks_ridge_clock,ATAC,all_cells,chr11:75553249-75556216,0.1298445761203766,,68,RidgeCV
seaad_alltissues_investigate,dlpfc_xds_pfc357_peaks_ridge_clock,ATAC,all_cells,chr11:77470371-77476530,0.1093222573399543,,103,RidgeCV
seaad_alltissues_investigate,dlpfc_xds_pfc357_peaks_ridge_clock,ATAC,all_cells,chr1:201008737-201030394,-0.333473801612854,,2,RidgeCV
seaad_alltissues_investigate,dlpfc_xds_pfc357_peaks_ridge_clock,ATAC,all_cells,chr1:201530488-201541085,0.1018390879034996,,137,RidgeCV
seaad_alltissues_investigate,dlpfc_xds_pfc357_peaks_ridge_clock,ATAC,all_cells,chr1:203267324-203280600,0.142159566283226,,51,RidgeCV
seaad_alltissues_investigate,dlpfc_xds_pfc357_peaks_ridge_clock,ATAC,all_cells,chr1:203322631-203331920,0.1243384107947349,,75,RidgeCV
seaad_alltissues_investigate,dlpfc_xds_pfc357_peaks_ridge_clock,ATAC,all_cells,chr1:207803540-207829529,0.4862417578697204,,0,RidgeCV
seaad_alltissues_investigate,dlpfc_xds_pfc357_peaks_ridge_clock,ATAC,all_cells,chr12:113127355-113145125,-0.0970493257045745,,162,RidgeCV
seaad_alltissues_investigate,dlpfc_xds_pfc357_peaks_ridge_clock,ATAC,all_cells,chr12:121576274-121591364,0.0990792363882064,,152,RidgeCV
seaad_alltissues_investigate,dlpfc_xds_pfc357_peaks_ridge_clock,ATAC,all_cells,chr12:122839290-122874405,0.1319331377744674,,65,RidgeCV
seaad_alltissues_investigate,dlpfc_xds_pfc357_peaks_ridge_clock,ATAC,all_cells,chr12:124672914-124680343,-0.1491341590881347,,42,RidgeCV
seaad_alltissues_investigate,dlpfc_xds_pfc357_peaks_ridge_clock,ATAC,all_cells,chr12:197938-204564,0.1328625977039337,,64,RidgeCV
seaad_alltissues_investigate,dlpfc_xds_pfc357_peaks_ridge_clock,ATAC,all_cells,chr12:26112813-26127678,0.1069464385509491,,114,RidgeCV
seaad_alltissues_investigate,dlpfc_xds_pfc357_peaks_ridge_clock,ATAC,all_cells,chr1:226731438-226740457,0.0980607569217681,,159,RidgeCV
seaad_alltissues_investigate,dlpfc_xds_pfc357_peaks_ridge_clock,ATAC,all_cells,chr1:244046865-244055349,0.1496306508779525,,41,RidgeCV
seaad_alltissues_investigate,dlpfc_xds_pfc357_peaks_ridge_clock,ATAC,all_cells,chr1:2440861-2486898,-0.1700872927904129,,30,RidgeCV
seaad_alltissues_investigate,dlpfc_xds_pfc357_peaks_ridge_clock,ATAC,all_cells,chr12:49704749-49708568,0.1041070073843002,,129,RidgeCV
seaad_alltissues_investigate,dlpfc_xds_pfc357_peaks_ridge_clock,ATAC,all_cells,chr1:27517983-27553243,-0.0944686084985733,,184,RidgeCV
seaad_alltissues_investigate,dlpfc_xds_pfc357_peaks_ridge_clock,ATAC,all_cells,chr1:27588374-27607152,-0.0955838710069656,,172,RidgeCV
seaad_alltissues_investigate,dlpfc_xds_pfc357_peaks_ridge_clock,ATAC,all_cells,chr12:84910497-84913640,0.1912929564714431,,21,RidgeCV
seaad_alltissues_investigate,dlpfc_xds_pfc357_peaks_ridge_clock,ATAC,all_cells,chr1:30740372-30750075,-0.1089510917663574,,105,RidgeCV
seaad_alltissues_investigate,dlpfc_xds_pfc357_peaks_ridge_clock,ATAC,all_cells,chr13:114033344-114040146,0.1111871600151062,,98,RidgeCV
seaad_alltissues_investigate,dlpfc_xds_pfc357_peaks_ridge_clock,ATAC,all_cells,chr1:31361579-31384745,0.1318331211805343,,66,RidgeCV
seaad_alltissues_investigate,dlpfc_xds_pfc357_peaks_ridge_clock,ATAC,all_cells,chr1:32874929-32902125,0.1023191660642623,,135,RidgeCV
seaad_alltissues_investigate,dlpfc_xds_pfc357_peaks_ridge_clock,ATAC,all_cells,chr14:103507897-103558905,0.1566336154937744,,37,RidgeCV
seaad_alltissues_investigate,dlpfc_xds_pfc357_peaks_ridge_clock,ATAC,all_cells,chr14:104673553-104711098,0.2247765362262725,,10,RidgeCV
seaad_alltissues_investigate,dlpfc_xds_pfc357_peaks_ridge_clock,ATAC,all_cells,chr14:105084372-105095136,-0.1048258915543556,,123,RidgeCV
seaad_alltissues_investigate,dlpfc_xds_pfc357_peaks_ridge_clock,ATAC,all_cells,chr14:19799849-19801517,0.3596807420253753,,1,RidgeCV
seaad_alltissues_investigate,dlpfc_xds_pfc357_peaks_ridge_clock,ATAC,all_cells,chr14:24134966-24142694,0.1001230254769325,,147,RidgeCV
seaad_alltissues_investigate,dlpfc_xds_pfc357_peaks_ridge_clock,ATAC,all_cells,chr1:44798480-44814967,-0.0953083559870719,,175,RidgeCV
seaad_alltissues_investigate,dlpfc_xds_pfc357_peaks_ridge_clock,ATAC,all_cells,chr1:46392812-46417347,0.0964333564043045,,167,RidgeCV
seaad_alltissues_investigate,dlpfc_xds_pfc357_peaks_ridge_clock,ATAC,all_cells,chr14:68788459-68797792,-0.1272164285182953,,70,RidgeCV
seaad_alltissues_investigate,dlpfc_xds_pfc357_peaks_ridge_clock,ATAC,all_cells,chr1:54284508-54302393,-0.0989500507712364,,153,RidgeCV
seaad_alltissues_investigate,dlpfc_xds_pfc357_peaks_ridge_clock,ATAC,all_cells,chr15:77654413-77674889,0.0998160913586616,,151,RidgeCV
seaad_alltissues_investigate,dlpfc_xds_pfc357_peaks_ridge_clock,ATAC,all_cells,chr15:89101093-89127638,0.1294810771942138,,69,RidgeCV
seaad_alltissues_investigate,dlpfc_xds_pfc357_peaks_ridge_clock,ATAC,all_cells,chr15:89353797-89412876,-0.1037185564637184,,130,RidgeCV
seaad_alltissues_investigate,dlpfc_xds_pfc357_peaks_ridge_clock,ATAC,all_cells,chr15:98849931-98856912,0.0956108644604682,,171,RidgeCV
seaad_alltissues_investigate,dlpfc_xds_pfc357_peaks_ridge_clock,ATAC,all_cells,chr16:1958147-1966002,-0.1316698044538498,,67,RidgeCV
seaad_alltissues_investigate,dlpfc_xds_pfc357_peaks_ridge_clock,ATAC,all_cells,chr16:1977587-1994440,-0.1528626978397369,,38,RidgeCV
seaad_alltissues_investigate,dlpfc_xds_pfc357_peaks_ridge_clock,ATAC,all_cells,chr16:29804067-29817766,0.1186662912368774,,87,RidgeCV
seaad_alltissues_investigate,dlpfc_xds_pfc357_peaks_ridge_clock,ATAC,all_cells,chr16:4306251-4308715,-0.1192873641848564,,85,RidgeCV
seaad_alltissues_investigate,dlpfc_xds_pfc357_peaks_ridge_clock,ATAC,all_cells,chr16:4675931-4699492,0.1005596444010734,,145,RidgeCV
seaad_alltissues_investigate,dlpfc_xds_pfc357_peaks_ridge_clock,ATAC,all_cells,chr16:57621463-57650574,0.0941696316003799,,186,RidgeCV
seaad_alltissues_investigate,dlpfc_xds_pfc357_peaks_ridge_clock,ATAC,all_cells,chr16:67153720-67213656,0.2090577632188797,,13,RidgeCV
seaad_alltissues_investigate,dlpfc_xds_pfc357_peaks_ridge_clock,ATAC,all_cells,chr16:67520093-67553143,-0.0930435433983802,,194,RidgeCV
seaad_alltissues_investigate,dlpfc_xds_pfc357_peaks_ridge_clock,ATAC,all_cells,chr16:67914824-67933188,-0.0968093574047088,,164,RidgeCV
seaad_alltissues_investigate,dlpfc_xds_pfc357_peaks_ridge_clock,ATAC,all_cells,chr16:70658932-70668922,0.1064424067735672,,117,RidgeCV
seaad_alltissues_investigate,dlpfc_xds_pfc357_peaks_ridge_clock,ATAC,all_cells,chr16:79598362-79602962,0.1721151024103164,,28,RidgeCV
seaad_alltissues_investigate,dlpfc_xds_pfc357_peaks_ridge_clock,ATAC,all_cells,chr16:87841443-87872392,-0.1188849210739135,,86,RidgeCV
seaad_alltissues_investigate,dlpfc_xds_pfc357_peaks_ridge_clock,ATAC,all_cells,chr16:88671801-88707551,0.1014624014496803,,139,RidgeCV
seaad_alltissues_investigate,dlpfc_xds_pfc357_peaks_ridge_clock,ATAC,all_cells,chr16:89170303-89176658,-0.1002793088555336,,146,RidgeCV
seaad_alltissues_investigate,dlpfc_xds_pfc357_peaks_ridge_clock,ATAC,all_cells,chr16:89693325-89713167,0.0939079970121383,,188,RidgeCV
seaad_alltissues_investigate,dlpfc_xds_pfc357_peaks_ridge_clock,ATAC,all_cells,chr17:22521359-22521487,-0.2633574604988098,,3,RidgeCV
seaad_alltissues_investigate,dlpfc_xds_pfc357_peaks_ridge_clock,ATAC,all_cells,chr1:72279488-72285945,-0.0932890623807907,,192,RidgeCV
seaad_alltissues_investigate,dlpfc_xds_pfc357_peaks_ridge_clock,ATAC,all_cells,chr17:36181781-36185193,-0.1346026062965393,,61,RidgeCV
seaad_alltissues_investigate,dlpfc_xds_pfc357_peaks_ridge_clock,ATAC,all_cells,chr17:40055826-40077279,-0.0961167216300964,,168,RidgeCV
seaad_alltissues_investigate,dlpfc_xds_pfc357_peaks_ridge_clock,ATAC,all_cells,chr17:43366765-43370000,0.0976748019456863,,160,RidgeCV
seaad_alltissues_investigate,dlpfc_xds_pfc357_peaks_ridge_clock,ATAC,all_cells,chr17:50093558-50106154,0.1193479299545288,,83,RidgeCV
seaad_alltissues_investigate,dlpfc_xds_pfc357_peaks_ridge_clock,ATAC,all_cells,chr17:63848402-63850043,-0.1083753108978271,,107,RidgeCV
seaad_alltissues_investigate,dlpfc_xds_pfc357_peaks_ridge_clock,ATAC,all_cells,chr17:7832608-7845932,-0.1114285439252853,,97,RidgeCV
seaad_alltissues_investigate,dlpfc_xds_pfc357_peaks_ridge_clock,ATAC,all_cells,chr17:79809658-79814003,-0.2423650473356247,,6,RidgeCV
seaad_alltissues_investigate,dlpfc_xds_pfc357_peaks_ridge_clock,ATAC,all_cells,chr17:81054328-81105404,0.2247893959283828,,9,RidgeCV
seaad_alltissues_investigate,dlpfc_xds_pfc357_peaks_ridge_clock,ATAC,all_cells,chr17:81339556-81347700,-0.1356731206178665,,59,RidgeCV
seaad_alltissues_investigate,dlpfc_xds_pfc357_peaks_ridge_clock,ATAC,all_cells,chr17:81380897-81406062,0.126870796084404,,71,RidgeCV
seaad_alltissues_investigate,dlpfc_xds_pfc357_peaks_ridge_clock,ATAC,all_cells,chr18:12406134-12412347,0.1077017039060592,,110,RidgeCV
seaad_alltissues_investigate,dlpfc_xds_pfc357_peaks_ridge_clock,ATAC,all_cells,chr18:52338892-52345017,0.0945267677307128,,183,RidgeCV
seaad_alltissues_investigate,dlpfc_xds_pfc357_peaks_ridge_clock,ATAC,all_cells,chr18:58042926-58049580,-0.2394061237573623,,7,RidgeCV
seaad_alltissues_investigate,dlpfc_xds_pfc357_peaks_ridge_clock,ATAC,all_cells,chr18:63309318-63326667,0.1433615386486053,,49,RidgeCV
seaad_alltissues_investigate,dlpfc_xds_pfc357_peaks_ridge_clock,ATAC,all_cells,chr18:711396-713298,-0.1194017902016639,,82,RidgeCV
seaad_alltissues_investigate,dlpfc_xds_pfc357_peaks_ridge_clock,ATAC,all_cells,chr18:79067693-79070723,-0.2082883268594741,,15,RidgeCV
seaad_alltissues_investigate,dlpfc_xds_pfc357_peaks_ridge_clock,ATAC,all_cells,chr19:13089117-13101553,-0.1060380712151527,,119,RidgeCV
seaad_alltissues_investigate,dlpfc_xds_pfc357_peaks_ridge_clock,ATAC,all_cells,chr19:1464419-1475367,-0.0982072353363037,,157,RidgeCV
seaad_alltissues_investigate,dlpfc_xds_pfc357_peaks_ridge_clock,ATAC,all_cells,chr1:9181212-9184195,0.0985513404011726,,155,RidgeCV
seaad_alltissues_investigate,dlpfc_xds_pfc357_peaks_ridge_clock,ATAC,all_cells,chr19:2092678-2101901,0.1031853556632995,,134,RidgeCV
seaad_alltissues_investigate,dlpfc_xds_pfc357_peaks_ridge_clock,ATAC,all_cells,chr19:21568757-21569902,-0.1209340542554855,,80,RidgeCV
seaad_alltissues_investigate,dlpfc_xds_pfc357_peaks_ridge_clock,ATAC,all_cells,chr1:9241948-9254086,0.1605944633483886,,35,RidgeCV
seaad_alltissues_investigate,dlpfc_xds_pfc357_peaks_ridge_clock,ATAC,all_cells,chr19:3363694-3371088,-0.093238741159439,,193,RidgeCV
seaad_alltissues_investigate,dlpfc_xds_pfc357_peaks_ridge_clock,ATAC,all_cells,chr19:3396327-3402019,-0.1215439736843109,,77,RidgeCV
seaad_alltissues_investigate,dlpfc_xds_pfc357_peaks_ridge_clock,ATAC,all_cells,chr19:35113984-35127134,0.1422722041606903,,50,RidgeCV
seaad_alltissues_investigate,dlpfc_xds_pfc357_peaks_ridge_clock,ATAC,all_cells,chr19:4056957-4069168,-0.0968615040183067,,163,RidgeCV
seaad_alltissues_investigate,dlpfc_xds_pfc357_peaks_ridge_clock,ATAC,all_cells,chr19:40797327-40812851,-0.0924759954214096,,197,RidgeCV
seaad_alltissues_investigate,dlpfc_xds_pfc357_peaks_ridge_clock,ATAC,all_cells,chr19:48509089-48515367,0.09506256878376,,177,RidgeCV
seaad_alltissues_investigate,dlpfc_xds_pfc357_peaks_ridge_clock,ATAC,all_cells,chr19:50546276-50553962,0.123092383146286,,76,RidgeCV
seaad_alltissues_investigate,dlpfc_xds_pfc357_peaks_ridge_clock,ATAC,all_cells,chr19:50606150-50609030,0.1205051764845848,,81,RidgeCV
seaad_alltissues_investigate,dlpfc_xds_pfc357_peaks_ridge_clock,ATAC,all_cells,chr19:51887545-51888296,-0.0966237410902977,,166,RidgeCV
seaad_alltissues_investigate,dlpfc_xds_pfc357_peaks_ridge_clock,ATAC,all_cells,chr19:53864339-53869888,-0.0947553887963295,,181,RidgeCV
seaad_alltissues_investigate,dlpfc_xds_pfc357_peaks_ridge_clock,ATAC,all_cells,chr19:5827708-5829177,-0.2069630771875381,,17,RidgeCV
seaad_alltissues_investigate,dlpfc_xds_pfc357_peaks_ridge_clock,ATAC,all_cells,chr1:996901-1006150,-0.2599356472492218,,4,RidgeCV
seaad_alltissues_investigate,dlpfc_xds_pfc357_peaks_ridge_clock,ATAC,all_cells,chr20:1873567-1921608,0.1888699531555175,,23,RidgeCV
seaad_alltissues_investigate,dlpfc_xds_pfc357_peaks_ridge_clock,ATAC,all_cells,chr20:20362352-20373708,0.1434822231531143,,47,RidgeCV
seaad_alltissues_investigate,dlpfc_xds_pfc357_peaks_ridge_clock,ATAC,all_cells,chr20:62791298-62827183,0.146001860499382,,45,RidgeCV
seaad_alltissues_investigate,dlpfc_xds_pfc357_peaks_ridge_clock,ATAC,all_cells,chr20:63942517-63960312,0.0924571603536605,,199,RidgeCV
seaad_alltissues_investigate,dlpfc_xds_pfc357_peaks_ridge_clock,ATAC,all_cells,chr2:120222250-120224782,-0.1179566085338592,,88,RidgeCV
seaad_alltissues_investigate,dlpfc_xds_pfc357_peaks_ridge_clock,ATAC,all_cells,chr2:144450477-144483189,-0.1164242699742317,,92,RidgeCV
seaad_alltissues_investigate,dlpfc_xds_pfc357_peaks_ridge_clock,ATAC,all_cells,chr2:171521710-171524421,0.0938355773687362,,190,RidgeCV
seaad_alltissues_investigate,dlpfc_xds_pfc357_peaks_ridge_clock,ATAC,all_cells,chr2:17876382-17880435,-0.0956855416297912,,170,RidgeCV
seaad_alltissues_investigate,dlpfc_xds_pfc357_peaks_ridge_clock,ATAC,all_cells,chr2:186714040-186719347,-0.1008090004324913,,142,RidgeCV
seaad_alltissues_investigate,dlpfc_xds_pfc357_peaks_ridge_clock,ATAC,all_cells,chr22:20225898-20251430,0.1079405471682548,,109,RidgeCV
seaad_alltissues_investigate,dlpfc_xds_pfc357_peaks_ridge_clock,ATAC,all_cells,chr2:231014950-231018079,-0.1001143306493759,,148,RidgeCV
seaad_alltissues_investigate,dlpfc_xds_pfc357_peaks_ridge_clock,ATAC,all_cells,chr2:231677390-231691615,-0.1515603959560394,,39,RidgeCV
seaad_alltissues_investigate,dlpfc_xds_pfc357_peaks_ridge_clock,ATAC,all_cells,chr2:232869296-232899724,0.1374257504940033,,56,RidgeCV
seaad_alltissues_investigate,dlpfc_xds_pfc357_peaks_ridge_clock,ATAC,all_cells,chr2:233466961-233471461,0.1063908413052558,,118,RidgeCV
seaad_alltissues_investigate,dlpfc_xds_pfc357_peaks_ridge_clock,ATAC,all_cells,chr22:37196079-37204455,0.1042297035455703,,128,RidgeCV
seaad_alltissues_investigate,dlpfc_xds_pfc357_peaks_ridge_clock,ATAC,all_cells,chr2:239220486-239228904,-0.100905954837799,,141,RidgeCV
seaad_alltissues_investigate,dlpfc_xds_pfc357_peaks_ridge_clock,ATAC,all_cells,chr22:46066748-46094062,-0.1596758216619491,,36,RidgeCV
seaad_alltissues_investigate,dlpfc_xds_pfc357_peaks_ridge_clock,ATAC,all_cells,chr22:49932627-49939117,-0.1659669280052185,,32,RidgeCV
seaad_alltissues_investigate,dlpfc_xds_pfc357_peaks_ridge_clock,ATAC,all_cells,chr22:50243727-50280464,-0.1033490598201751,,133,RidgeCV
seaad_alltissues_investigate,dlpfc_xds_pfc357_peaks_ridge_clock,ATAC,all_cells,chr22:50708980-50735783,0.1214004978537559,,78,RidgeCV
seaad_alltissues_investigate,dlpfc_xds_pfc357_peaks_ridge_clock,ATAC,all_cells,chr2:25241487-25300449,0.1097061857581138,,102,RidgeCV
seaad_alltissues_investigate,dlpfc_xds_pfc357_peaks_ridge_clock,ATAC,all_cells,chr2:39694886-39698367,-0.0929533243179321,,195,RidgeCV
seaad_alltissues_investigate,dlpfc_xds_pfc357_peaks_ridge_clock,ATAC,all_cells,chr2:9256222-9264908,0.0949517413973808,,179,RidgeCV
seaad_alltissues_investigate,dlpfc_xds_pfc357_peaks_ridge_clock,ATAC,all_cells,chr2:95292235-95332258,0.1033992990851402,,132,RidgeCV
seaad_alltissues_investigate,dlpfc_xds_pfc357_peaks_ridge_clock,ATAC,all_cells,chr2:96527117-96539457,-0.0955134630203247,,174,RidgeCV
seaad_alltissues_investigate,dlpfc_xds_pfc357_peaks_ridge_clock,ATAC,all_cells,chr3:11633189-11644828,-0.1434146016836166,,48,RidgeCV
seaad_alltissues_investigate,dlpfc_xds_pfc357_peaks_ridge_clock,ATAC,all_cells,chr3:187734947-187748967,0.1058785542845726,,120,RidgeCV
seaad_alltissues_investigate,dlpfc_xds_pfc357_peaks_ridge_clock,ATAC,all_cells,chr3:42644506-42668715,-0.1050582453608512,,121,RidgeCV
seaad_alltissues_investigate,dlpfc_xds_pfc357_peaks_ridge_clock,ATAC,all_cells,chr3:42696910-42706963,0.1843902617692947,,24,RidgeCV
seaad_alltissues_investigate,dlpfc_xds_pfc357_peaks_ridge_clock,ATAC,all_cells,chr4:10456373-10458164,-0.1001074016094207,,149,RidgeCV
seaad_alltissues_investigate,dlpfc_xds_pfc357_peaks_ridge_clock,ATAC,all_cells,chr4:1511381-1513730,-0.116638533771038,,91,RidgeCV
seaad_alltissues_investigate,dlpfc_xds_pfc357_peaks_ridge_clock,ATAC,all_cells,chr4:186189303-186197402,0.0961095914244651,,169,RidgeCV
seaad_alltissues_investigate,dlpfc_xds_pfc357_peaks_ridge_clock,ATAC,all_cells,chr4:186722936-186727404,-0.1178956478834152,,89,RidgeCV
seaad_alltissues_investigate,dlpfc_xds_pfc357_peaks_ridge_clock,ATAC,all_cells,chr4:44446048-44449959,-0.1362264454364776,,58,RidgeCV
seaad_alltissues_investigate,dlpfc_xds_pfc357_peaks_ridge_clock,ATAC,all_cells,chr4:646288-668420,-0.2089129239320755,,14,RidgeCV
seaad_alltissues_investigate,dlpfc_xds_pfc357_peaks_ridge_clock,ATAC,all_cells,chr4:80182226-80190818,0.1639059484004974,,33,RidgeCV
seaad_alltissues_investigate,dlpfc_xds_pfc357_peaks_ridge_clock,ATAC,all_cells,chr4:80195175-80203812,0.1924782544374466,,20,RidgeCV
seaad_alltissues_investigate,dlpfc_xds_pfc357_peaks_ridge_clock,ATAC,all_cells,chr4:92302669-92308794,-0.1329099237918853,,63,RidgeCV
seaad_alltissues_investigate,dlpfc_xds_pfc357_peaks_ridge_clock,ATAC,all_cells,chr5:179060014-179060996,-0.0949574038386344,,178,RidgeCV
seaad_alltissues_investigate,dlpfc_xds_pfc357_peaks_ridge_clock,ATAC,all_cells,chr5:21481296-21484773,-0.150134652853012,,40,RidgeCV
seaad_alltissues_investigate,dlpfc_xds_pfc357_peaks_ridge_clock,ATAC,all_cells,chr5:43007477-43008844,0.1151647344231605,,93,RidgeCV
seaad_alltissues_investigate,dlpfc_xds_pfc357_peaks_ridge_clock,ATAC,all_cells,chr5:783102-785800,0.2108574956655502,,11,RidgeCV
seaad_alltissues_investigate,dlpfc_xds_pfc357_peaks_ridge_clock,ATAC,all_cells,chr5:93567377-93609878,0.1085527241230011,,106,RidgeCV
seaad_alltissues_investigate,dlpfc_xds_pfc357_peaks_ridge_clock,ATAC,all_cells,chr5:95856264-95864230,-0.1035750359296798,,131,RidgeCV
seaad_alltissues_investigate,dlpfc_xds_pfc357_peaks_ridge_clock,ATAC,all_cells,chr6:104940083-104942050,-0.1117001697421073,,96,RidgeCV
seaad_alltissues_investigate,dlpfc_xds_pfc357_peaks_ridge_clock,ATAC,all_cells,chr6:122785531-122791562,0.1109568625688552,,99,RidgeCV
seaad_alltissues_investigate,dlpfc_xds_pfc357_peaks_ridge_clock,ATAC,all_cells,chr6:26222521-26225673,-0.0938858985900878,,189,RidgeCV
seaad_alltissues_investigate,dlpfc_xds_pfc357_peaks_ridge_clock,ATAC,all_cells,chr6:27131304-27134106,-0.1006596758961677,,143,RidgeCV
seaad_alltissues_investigate,dlpfc_xds_pfc357_peaks_ridge_clock,ATAC,all_cells,chr6:34510367-34542376,-0.140455961227417,,54,RidgeCV
seaad_alltissues_investigate,dlpfc_xds_pfc357_peaks_ridge_clock,ATAC,all_cells,chr6:35687612-35689951,0.1477406173944473,,44,RidgeCV
seaad_alltissues_investigate,dlpfc_xds_pfc357_peaks_ridge_clock,ATAC,all_cells,chr6:35723676-35738173,0.1704833060503006,,29,RidgeCV
seaad_alltissues_investigate,dlpfc_xds_pfc357_peaks_ridge_clock,ATAC,all_cells,chr6:41726938-41737123,-0.175083190202713,,27,RidgeCV
seaad_alltissues_investigate,dlpfc_xds_pfc357_peaks_ridge_clock,ATAC,all_cells,chr7:102671485-102671924,-0.1073741093277931,,113,RidgeCV
seaad_alltissues_investigate,dlpfc_xds_pfc357_peaks_ridge_clock,ATAC,all_cells,chr7:116524335-116528597,0.1700477749109268,,31,RidgeCV
seaad_alltissues_investigate,dlpfc_xds_pfc357_peaks_ridge_clock,ATAC,all_cells,chr7:116671306-116675711,0.1010390222072601,,140,RidgeCV
seaad_alltissues_investigate,dlpfc_xds_pfc357_peaks_ridge_clock,ATAC,all_cells,chr7:1439758-1481317,0.2017305940389633,,18,RidgeCV
seaad_alltissues_investigate,dlpfc_xds_pfc357_peaks_ridge_clock,ATAC,all_cells,chr7:157319560-157321020,0.1075235083699226,,111,RidgeCV
seaad_alltissues_investigate,dlpfc_xds_pfc357_peaks_ridge_clock,ATAC,all_cells,chr7:25856098-25857615,0.1080307587981224,,108,RidgeCV
seaad_alltissues_investigate,dlpfc_xds_pfc357_peaks_ridge_clock,ATAC,all_cells,chr7:63924109-63928334,0.1169625148177146,,90,RidgeCV
seaad_alltissues_investigate,dlpfc_xds_pfc357_peaks_ridge_clock,ATAC,all_cells,chr7:74026290-74031288,0.1140355244278907,,94,RidgeCV
seaad_alltissues_investigate,dlpfc_xds_pfc357_peaks_ridge_clock,ATAC,all_cells,chr7:75737762-75741376,0.1005988642573356,,144,RidgeCV
seaad_alltissues_investigate,dlpfc_xds_pfc357_peaks_ridge_clock,ATAC,all_cells,chr8:11448655-11468864,0.2594428956508636,,5,RidgeCV
seaad_alltissues_investigate,dlpfc_xds_pfc357_peaks_ridge_clock,ATAC,all_cells,chr8:115585118-115587641,0.1383213102817535,,55,RidgeCV
seaad_alltissues_investigate,dlpfc_xds_pfc357_peaks_ridge_clock,ATAC,all_cells,chr8:11839349-11870358,-0.0928442180156707,,196,RidgeCV
seaad_alltissues_investigate,dlpfc_xds_pfc357_peaks_ridge_clock,ATAC,all_cells,chr8:142088900-142096383,0.0947069749236106,,182,RidgeCV
seaad_alltissues_investigate,dlpfc_xds_pfc357_peaks_ridge_clock,ATAC,all_cells,chr8:142446878-142501220,0.2076458036899566,,16,RidgeCV
seaad_alltissues_investigate,dlpfc_xds_pfc357_peaks_ridge_clock,ATAC,all_cells,chr8:143206894-143222037,0.1262133568525314,,73,RidgeCV
seaad_alltissues_investigate,dlpfc_xds_pfc357_peaks_ridge_clock,ATAC,all_cells,chr8:143242725-143253309,-0.2278916239738464,,8,RidgeCV
seaad_alltissues_investigate,dlpfc_xds_pfc357_peaks_ridge_clock,ATAC,all_cells,chr8:22122184-22150009,-0.1067811772227287,,116,RidgeCV
seaad_alltissues_investigate,dlpfc_xds_pfc357_peaks_ridge_clock,ATAC,all_cells,chr8:22546524-22555668,-0.1044244542717933,,127,RidgeCV
seaad_alltissues_investigate,dlpfc_xds_pfc357_peaks_ridge_clock,ATAC,all_cells,chr8:26569403-26604969,0.184089109301567,,25,RidgeCV
seaad_alltissues_investigate,dlpfc_xds_pfc357_peaks_ridge_clock,ATAC,all_cells,chr8:26621379-26642316,0.1016710698604583,,138,RidgeCV
seaad_alltissues_investigate,dlpfc_xds_pfc357_peaks_ridge_clock,ATAC,all_cells,chr8:27601953-27617871,0.1404915004968643,,53,RidgeCV
seaad_alltissues_investigate,dlpfc_xds_pfc357_peaks_ridge_clock,ATAC,all_cells,chr8:27663257-27670453,0.1436658054590225,,46,RidgeCV
seaad_alltissues_investigate,dlpfc_xds_pfc357_peaks_ridge_clock,ATAC,all_cells,chr8:7354732-7356526,-0.0971448570489883,,161,RidgeCV
seaad_alltissues_investigate,dlpfc_xds_pfc357_peaks_ridge_clock,ATAC,all_cells,chr9:123329119-123391289,0.2102012783288955,,12,RidgeCV
seaad_alltissues_investigate,dlpfc_xds_pfc357_peaks_ridge_clock,ATAC,all_cells,chr9:137211705-137257106,0.1044744700193405,,126,RidgeCV
seaad_alltissues_investigate,dlpfc_xds_pfc357_peaks_ridge_clock,ATAC,all_cells,chr9:34659578-34668037,-0.0936499312520027,,191,RidgeCV
seaad_alltissues_investigate,dlpfc_xds_pfc357_peaks_ridge_clock,ATAC,all_cells,chr9:40990656-40992963,-0.1811744719743728,,26,RidgeCV
seaad_alltissues_investigate,dlpfc_xds_pfc357_peaks_ridge_clock,ATAC,all_cells,chr9:74496020-74501786,0.1416292190551757,,52,RidgeCV
seaad_alltissues_investigate,dlpfc_xds_pfc357_peaks_ridge_clock,ATAC,all_cells,chr9:79569910-79576031,0.0955479741096496,,173,RidgeCV
seaad_alltissues_investigate,dlpfc_xds_pfc357_peaks_ridge_clock,ATAC,all_cells,chrX:1450341-1457576,-0.0941289663314819,,187,RidgeCV
seaad_alltissues_investigate,dlpfc_xds_pfc357_peaks_ridge_clock,ATAC,Astro,chr10:116268903-116274920,0.0677355825901031,,79,RidgeCV
seaad_alltissues_investigate,dlpfc_xds_pfc357_peaks_ridge_clock,ATAC,Astro,chr10:119542131-119544200,-0.0514584369957447,,196,RidgeCV
seaad_alltissues_investigate,dlpfc_xds_pfc357_peaks_ridge_clock,ATAC,Astro,chr10:13298282-13303336,0.0583038069307804,,137,RidgeCV
seaad_alltissues_investigate,dlpfc_xds_pfc357_peaks_ridge_clock,ATAC,Astro,chr10:17228150-17230863,0.0597332939505577,,122,RidgeCV
seaad_alltissues_investigate,dlpfc_xds_pfc357_peaks_ridge_clock,ATAC,Astro,chr10:3044953-3048968,-0.0820752009749412,,36,RidgeCV
seaad_alltissues_investigate,dlpfc_xds_pfc357_peaks_ridge_clock,ATAC,Astro,chr10:79232917-79256824,0.0626200735569,,101,RidgeCV
seaad_alltissues_investigate,dlpfc_xds_pfc357_peaks_ridge_clock,ATAC,Astro,chr1:103106076-103110037,-0.0512707158923149,,197,RidgeCV
seaad_alltissues_investigate,dlpfc_xds_pfc357_peaks_ridge_clock,ATAC,Astro,chr11:117865790-117880479,-0.0511763356626033,,199,RidgeCV
seaad_alltissues_investigate,dlpfc_xds_pfc357_peaks_ridge_clock,ATAC,Astro,chr11:119352898-119379112,0.0690756738185882,,75,RidgeCV
seaad_alltissues_investigate,dlpfc_xds_pfc357_peaks_ridge_clock,ATAC,Astro,chr11:126413518-126437064,-0.0798133164644241,,39,RidgeCV
seaad_alltissues_investigate,dlpfc_xds_pfc357_peaks_ridge_clock,ATAC,Astro,chr11:13009020-13010202,-0.0577208027243614,,139,RidgeCV
seaad_alltissues_investigate,dlpfc_xds_pfc357_peaks_ridge_clock,ATAC,Astro,chr11:1442068-1474186,0.0738304331898689,,56,RidgeCV
seaad_alltissues_investigate,dlpfc_xds_pfc357_peaks_ridge_clock,ATAC,Astro,chr11:1743457-1764979,0.06297317892313,,98,RidgeCV
seaad_alltissues_investigate,dlpfc_xds_pfc357_peaks_ridge_clock,ATAC,Astro,chr1:12614439-12621071,0.0616234987974166,,106,RidgeCV
seaad_alltissues_investigate,dlpfc_xds_pfc357_peaks_ridge_clock,ATAC,Astro,chr11:3146540-3147603,-0.0536459125578403,,173,RidgeCV
seaad_alltissues_investigate,dlpfc_xds_pfc357_peaks_ridge_clock,ATAC,Astro,chr1:1418036-1442536,0.0857620760798454,,29,RidgeCV
seaad_alltissues_investigate,dlpfc_xds_pfc357_peaks_ridge_clock,ATAC,Astro,chr11:47151645-47167254,-0.0538394041359424,,172,RidgeCV
seaad_alltissues_investigate,dlpfc_xds_pfc357_peaks_ridge_clock,ATAC,Astro,chr1:153626504-153636474,0.0530055910348892,,182,RidgeCV
seaad_alltissues_investigate,dlpfc_xds_pfc357_peaks_ridge_clock,ATAC,Astro,chr1:15382204-15387017,-0.0540962740778923,,169,RidgeCV
seaad_alltissues_investigate,dlpfc_xds_pfc357_peaks_ridge_clock,ATAC,Astro,chr11:554095-569648,-0.0546503886580467,,164,RidgeCV
seaad_alltissues_investigate,dlpfc_xds_pfc357_peaks_ridge_clock,ATAC,Astro,chr1:156398221-156438335,-0.073379136621952,,59,RidgeCV
seaad_alltissues_investigate,dlpfc_xds_pfc357_peaks_ridge_clock,ATAC,Astro,chr11:59170533-59176033,-0.055326223373413,,160,RidgeCV
seaad_alltissues_investigate,dlpfc_xds_pfc357_peaks_ridge_clock,ATAC,Astro,chr11:61678239-61692715,-0.0860794782638549,,27,RidgeCV
seaad_alltissues_investigate,dlpfc_xds_pfc357_peaks_ridge_clock,ATAC,Astro,chr11:61693674-61703748,-0.0589716657996177,,130,RidgeCV
seaad_alltissues_investigate,dlpfc_xds_pfc357_peaks_ridge_clock,ATAC,Astro,chr11:62704406-62711014,0.0904074981808662,,24,RidgeCV
seaad_alltissues_investigate,dlpfc_xds_pfc357_peaks_ridge_clock,ATAC,Astro,chr11:63901092-63921835,0.0519805550575256,,189,RidgeCV
seaad_alltissues_investigate,dlpfc_xds_pfc357_peaks_ridge_clock,ATAC,Astro,chr1:201008737-201030394,-0.084351822733879,,32,RidgeCV
seaad_alltissues_investigate,dlpfc_xds_pfc357_peaks_ridge_clock,ATAC,Astro,chr1:203267324-203280600,0.0571228675544261,,147,RidgeCV
seaad_alltissues_investigate,dlpfc_xds_pfc357_peaks_ridge_clock,ATAC,Astro,chr1:203322631-203331920,0.0797379165887832,,41,RidgeCV
seaad_alltissues_investigate,dlpfc_xds_pfc357_peaks_ridge_clock,ATAC,Astro,chr1:207803540-207829529,0.1348984539508819,,9,RidgeCV
seaad_alltissues_investigate,dlpfc_xds_pfc357_peaks_ridge_clock,ATAC,Astro,chr12:102952822-102963106,0.0615573115646839,,108,RidgeCV
seaad_alltissues_investigate,dlpfc_xds_pfc357_peaks_ridge_clock,ATAC,Astro,chr12:122839290-122874405,0.206993281841278,,0,RidgeCV
seaad_alltissues_investigate,dlpfc_xds_pfc357_peaks_ridge_clock,ATAC,Astro,chr1:2124393-2141406,-0.0516125075519084,,193,RidgeCV
seaad_alltissues_investigate,dlpfc_xds_pfc357_peaks_ridge_clock,ATAC,Astro,chr1:21658776-21675079,-0.0540916621685028,,170,RidgeCV
seaad_alltissues_investigate,dlpfc_xds_pfc357_peaks_ridge_clock,ATAC,Astro,chr1:227727607-227736499,-0.0631657019257545,,97,RidgeCV
seaad_alltissues_investigate,dlpfc_xds_pfc357_peaks_ridge_clock,ATAC,Astro,chr1:236063820-236065597,-0.0750642865896225,,53,RidgeCV
seaad_alltissues_investigate,dlpfc_xds_pfc357_peaks_ridge_clock,ATAC,Astro,chr12:38902475-38907550,0.0744018405675888,,55,RidgeCV
seaad_alltissues_investigate,dlpfc_xds_pfc357_peaks_ridge_clock,ATAC,Astro,chr12:4267866-4297942,-0.1389814466238021,,7,RidgeCV
seaad_alltissues_investigate,dlpfc_xds_pfc357_peaks_ridge_clock,ATAC,Astro,chr12:52029135-52048050,0.0738203600049018,,57,RidgeCV
seaad_alltissues_investigate,dlpfc_xds_pfc357_peaks_ridge_clock,ATAC,Astro,chr12:53745841-53754184,-0.0760033056139946,,48,RidgeCV
seaad_alltissues_investigate,dlpfc_xds_pfc357_peaks_ridge_clock,ATAC,Astro,chr12:54575463-54593302,-0.0546447336673736,,165,RidgeCV
seaad_alltissues_investigate,dlpfc_xds_pfc357_peaks_ridge_clock,ATAC,Astro,chr12:6547277-6556843,0.0597295053303241,,123,RidgeCV
seaad_alltissues_investigate,dlpfc_xds_pfc357_peaks_ridge_clock,ATAC,Astro,chr12:6601688-6618807,0.0588955543935298,,133,RidgeCV
seaad_alltissues_investigate,dlpfc_xds_pfc357_peaks_ridge_clock,ATAC,Astro,chr12:97274870-97276674,0.0534526370465755,,175,RidgeCV
seaad_alltissues_investigate,dlpfc_xds_pfc357_peaks_ridge_clock,ATAC,Astro,chr13:110122661-110140038,0.0788554549217224,,42,RidgeCV
seaad_alltissues_investigate,dlpfc_xds_pfc357_peaks_ridge_clock,ATAC,Astro,chr1:3218447-3223085,0.05221414193511,,187,RidgeCV
seaad_alltissues_investigate,dlpfc_xds_pfc357_peaks_ridge_clock,ATAC,Astro,chr13:57627716-57638912,0.0830530896782875,,34,RidgeCV
seaad_alltissues_investigate,dlpfc_xds_pfc357_peaks_ridge_clock,ATAC,Astro,chr14:103507897-103558905,0.0876473113894462,,26,RidgeCV
seaad_alltissues_investigate,dlpfc_xds_pfc357_peaks_ridge_clock,ATAC,Astro,chr14:103688520-103743120,0.1909036487340927,,2,RidgeCV
seaad_alltissues_investigate,dlpfc_xds_pfc357_peaks_ridge_clock,ATAC,Astro,chr14:104673553-104711098,0.0660276859998703,,85,RidgeCV
seaad_alltissues_investigate,dlpfc_xds_pfc357_peaks_ridge_clock,ATAC,Astro,chr14:24067236-24083393,0.0594827011227607,,125,RidgeCV
seaad_alltissues_investigate,dlpfc_xds_pfc357_peaks_ridge_clock,ATAC,Astro,chr14:24365699-24370998,0.0951913371682167,,21,RidgeCV
seaad_alltissues_investigate,dlpfc_xds_pfc357_peaks_ridge_clock,ATAC,Astro,chr1:44010504-44018009,0.0574988760054111,,140,RidgeCV
seaad_alltissues_investigate,dlpfc_xds_pfc357_peaks_ridge_clock,ATAC,Astro,chr1:44798480-44814967,0.0609929598867893,,112,RidgeCV
seaad_alltissues_investigate,dlpfc_xds_pfc357_peaks_ridge_clock,ATAC,Astro,chr1:47708241-47711449,0.0533192791044712,,178,RidgeCV
seaad_alltissues_investigate,dlpfc_xds_pfc357_peaks_ridge_clock,ATAC,Astro,chr14:93923249-93931355,0.0911077558994293,,22,RidgeCV
seaad_alltissues_investigate,dlpfc_xds_pfc357_peaks_ridge_clock,ATAC,Astro,chr15:40762868-40772938,0.0676084980368614,,81,RidgeCV
seaad_alltissues_investigate,dlpfc_xds_pfc357_peaks_ridge_clock,ATAC,Astro,chr15:64680228-64704159,-0.0807070732116699,,38,RidgeCV
seaad_alltissues_investigate,dlpfc_xds_pfc357_peaks_ridge_clock,ATAC,Astro,chr15:74399502-74435879,-0.0592138022184371,,126,RidgeCV
seaad_alltissues_investigate,dlpfc_xds_pfc357_peaks_ridge_clock,ATAC,Astro,chr15:89353797-89412876,-0.1050385385751724,,16,RidgeCV
seaad_alltissues_investigate,dlpfc_xds_pfc357_peaks_ridge_clock,ATAC,Astro,chr15:99102346-99108267,0.0590143911540508,,128,RidgeCV
seaad_alltissues_investigate,dlpfc_xds_pfc357_peaks_ridge_clock,ATAC,Astro,chr16:1374346-1382628,-0.0589614771306514,,131,RidgeCV
seaad_alltissues_investigate,dlpfc_xds_pfc357_peaks_ridge_clock,ATAC,Astro,chr16:1958147-1966002,-0.054177701473236,,168,RidgeCV
seaad_alltissues_investigate,dlpfc_xds_pfc357_peaks_ridge_clock,ATAC,Astro,chr16:21506823-21524714,0.0574806071817874,,142,RidgeCV
seaad_alltissues_investigate,dlpfc_xds_pfc357_peaks_ridge_clock,ATAC,Astro,chr16:3147117-3153630,-0.0610746331512928,,111,RidgeCV
seaad_alltissues_investigate,dlpfc_xds_pfc357_peaks_ridge_clock,ATAC,Astro,chr16:4367909-4388824,0.0813252925872802,,37,RidgeCV
seaad_alltissues_investigate,dlpfc_xds_pfc357_peaks_ridge_clock,ATAC,Astro,chr16:4520905-4527069,0.0573805309832096,,143,RidgeCV
seaad_alltissues_investigate,dlpfc_xds_pfc357_peaks_ridge_clock,ATAC,Astro,chr16:4675931-4699492,0.0573756843805313,,144,RidgeCV
seaad_alltissues_investigate,dlpfc_xds_pfc357_peaks_ridge_clock,ATAC,Astro,chr16:619495-645114,-0.0676227957010269,,80,RidgeCV
seaad_alltissues_investigate,dlpfc_xds_pfc357_peaks_ridge_clock,ATAC,Astro,chr16:665486-735481,0.0598496980965137,,119,RidgeCV
seaad_alltissues_investigate,dlpfc_xds_pfc357_peaks_ridge_clock,ATAC,Astro,chr16:67153720-67213656,0.1546152234077453,,3,RidgeCV
seaad_alltissues_investigate,dlpfc_xds_pfc357_peaks_ridge_clock,ATAC,Astro,chr16:67941490-67952392,0.0518541969358921,,191,RidgeCV
seaad_alltissues_investigate,dlpfc_xds_pfc357_peaks_ridge_clock,ATAC,Astro,chr16:70658932-70668922,0.0603172183036804,,117,RidgeCV
seaad_alltissues_investigate,dlpfc_xds_pfc357_peaks_ridge_clock,ATAC,Astro,chr16:70743831-70757803,0.051477987319231,,195,RidgeCV
seaad_alltissues_investigate,dlpfc_xds_pfc357_peaks_ridge_clock,ATAC,Astro,chr16:84548506-84549806,0.0699570700526237,,71,RidgeCV
seaad_alltissues_investigate,dlpfc_xds_pfc357_peaks_ridge_clock,ATAC,Astro,chr16:88423702-88459393,0.0705840662121772,,68,RidgeCV
seaad_alltissues_investigate,dlpfc_xds_pfc357_peaks_ridge_clock,ATAC,Astro,chr16:8850298-8870002,0.0600896924734115,,118,RidgeCV
seaad_alltissues_investigate,dlpfc_xds_pfc357_peaks_ridge_clock,ATAC,Astro,chr16:89914984-89928812,-0.067400150001049,,82,RidgeCV
seaad_alltissues_investigate,dlpfc_xds_pfc357_peaks_ridge_clock,ATAC,Astro,chr17:21281807-21288859,-0.0518839135766029,,190,RidgeCV
seaad_alltissues_investigate,dlpfc_xds_pfc357_peaks_ridge_clock,ATAC,Astro,chr17:32260963-32270494,-0.0658735111355781,,86,RidgeCV
seaad_alltissues_investigate,dlpfc_xds_pfc357_peaks_ridge_clock,ATAC,Astro,chr17:44898838-44908541,0.0621591210365295,,103,RidgeCV
seaad_alltissues_investigate,dlpfc_xds_pfc357_peaks_ridge_clock,ATAC,Astro,chr17:66975671-66977485,-0.0595342218875885,,124,RidgeCV
seaad_alltissues_investigate,dlpfc_xds_pfc357_peaks_ridge_clock,ATAC,Astro,chr17:7348713-7356605,0.0533089712262153,,179,RidgeCV
seaad_alltissues_investigate,dlpfc_xds_pfc357_peaks_ridge_clock,ATAC,Astro,chr17:75498048-75517934,-0.0598172135651111,,121,RidgeCV
seaad_alltissues_investigate,dlpfc_xds_pfc357_peaks_ridge_clock,ATAC,Astro,chr17:77371217-77380847,-0.057482935488224,,141,RidgeCV
seaad_alltissues_investigate,dlpfc_xds_pfc357_peaks_ridge_clock,ATAC,Astro,chr17:78124306-78129373,-0.0682922378182411,,78,RidgeCV
seaad_alltissues_investigate,dlpfc_xds_pfc357_peaks_ridge_clock,ATAC,Astro,chr17:81025104-81053782,0.0656599029898643,,89,RidgeCV
seaad_alltissues_investigate,dlpfc_xds_pfc357_peaks_ridge_clock,ATAC,Astro,chr17:81054328-81105404,0.1093147620558738,,12,RidgeCV
seaad_alltissues_investigate,dlpfc_xds_pfc357_peaks_ridge_clock,ATAC,Astro,chr17:81105805-81144972,-0.0559512972831726,,154,RidgeCV
seaad_alltissues_investigate,dlpfc_xds_pfc357_peaks_ridge_clock,ATAC,Astro,chr17:81380897-81406062,0.0523287579417228,,185,RidgeCV
seaad_alltissues_investigate,dlpfc_xds_pfc357_peaks_ridge_clock,ATAC,Astro,chr17:8219717-8227610,-0.060769747942686,,113,RidgeCV
seaad_alltissues_investigate,dlpfc_xds_pfc357_peaks_ridge_clock,ATAC,Astro,chr18:75202903-75229696,-0.0554788559675216,,159,RidgeCV
seaad_alltissues_investigate,dlpfc_xds_pfc357_peaks_ridge_clock,ATAC,Astro,chr19:12781539-12794932,0.0859226435422897,,28,RidgeCV
seaad_alltissues_investigate,dlpfc_xds_pfc357_peaks_ridge_clock,ATAC,Astro,chr19:12993578-13041271,-0.0529808364808559,,183,RidgeCV
seaad_alltissues_investigate,dlpfc_xds_pfc357_peaks_ridge_clock,ATAC,Astro,chr19:18414054-18442660,0.1465159505605697,,4,RidgeCV
seaad_alltissues_investigate,dlpfc_xds_pfc357_peaks_ridge_clock,ATAC,Astro,chr19:43531883-43536946,0.073426179587841,,58,RidgeCV
seaad_alltissues_investigate,dlpfc_xds_pfc357_peaks_ridge_clock,ATAC,Astro,chr19:47225244-47233229,0.0640080347657203,,95,RidgeCV
seaad_alltissues_investigate,dlpfc_xds_pfc357_peaks_ridge_clock,ATAC,Astro,chr19:54414648-54423277,-0.0616124719381332,,107,RidgeCV
seaad_alltissues_investigate,dlpfc_xds_pfc357_peaks_ridge_clock,ATAC,Astro,chr19:850565-850944,-0.0522905513644218,,186,RidgeCV
seaad_alltissues_investigate,dlpfc_xds_pfc357_peaks_ridge_clock,ATAC,Astro,chr1:996901-1006150,-0.200578972697258,,1,RidgeCV
seaad_alltissues_investigate,dlpfc_xds_pfc357_peaks_ridge_clock,ATAC,Astro,chr20:10215235-10223478,0.0539687350392341,,171,RidgeCV
seaad_alltissues_investigate,dlpfc_xds_pfc357_peaks_ridge_clock,ATAC,Astro,chr20:10670545-10675569,0.0535865500569343,,174,RidgeCV
seaad_alltissues_investigate,dlpfc_xds_pfc357_peaks_ridge_clock,ATAC,Astro,chr20:21504368-21516272,0.1026690751314163,,17,RidgeCV
seaad_alltissues_investigate,dlpfc_xds_pfc357_peaks_ridge_clock,ATAC,Astro,chr20:25857213-25869262,-0.0752927288413047,,52,RidgeCV
seaad_alltissues_investigate,dlpfc_xds_pfc357_peaks_ridge_clock,ATAC,Astro,chr20:56628519-56630963,0.053354188799858,,176,RidgeCV
seaad_alltissues_investigate,dlpfc_xds_pfc357_peaks_ridge_clock,ATAC,Astro,chr20:57387448-57396354,0.0702157542109489,,70,RidgeCV
seaad_alltissues_investigate,dlpfc_xds_pfc357_peaks_ridge_clock,ATAC,Astro,chr20:62791298-62827183,0.1148805171251297,,10,RidgeCV
seaad_alltissues_investigate,dlpfc_xds_pfc357_peaks_ridge_clock,ATAC,Astro,chr20:63251442-63255401,-0.0727432966232299,,61,RidgeCV
seaad_alltissues_investigate,dlpfc_xds_pfc357_peaks_ridge_clock,ATAC,Astro,chr21:26839650-26851612,0.065796248614788,,88,RidgeCV
seaad_alltissues_investigate,dlpfc_xds_pfc357_peaks_ridge_clock,ATAC,Astro,chr21:32409737-32416395,0.0512332916259765,,198,RidgeCV
seaad_alltissues_investigate,dlpfc_xds_pfc357_peaks_ridge_clock,ATAC,Astro,chr21:32976745-32979194,0.0533501803874969,,177,RidgeCV
seaad_alltissues_investigate,dlpfc_xds_pfc357_peaks_ridge_clock,ATAC,Astro,chr21:37364830-37369488,-0.0551196448504924,,163,RidgeCV
seaad_alltissues_investigate,dlpfc_xds_pfc357_peaks_ridge_clock,ATAC,Astro,chr21:43357836-43376716,-0.0775482356548309,,46,RidgeCV
seaad_alltissues_investigate,dlpfc_xds_pfc357_peaks_ridge_clock,ATAC,Astro,chr21:44290765-44341276,0.1059078946709632,,15,RidgeCV
seaad_alltissues_investigate,dlpfc_xds_pfc357_peaks_ridge_clock,ATAC,Astro,chr2:152441399-152457605,-0.051837008446455,,192,RidgeCV
seaad_alltissues_investigate,dlpfc_xds_pfc357_peaks_ridge_clock,ATAC,Astro,chr22:20964563-20969807,0.0545279271900653,,166,RidgeCV
seaad_alltissues_investigate,dlpfc_xds_pfc357_peaks_ridge_clock,ATAC,Astro,chr22:21935722-21950733,0.0585741214454174,,136,RidgeCV
seaad_alltissues_investigate,dlpfc_xds_pfc357_peaks_ridge_clock,ATAC,Astro,chr2:238234031-238243927,0.0558974146842956,,155,RidgeCV
seaad_alltissues_investigate,dlpfc_xds_pfc357_peaks_ridge_clock,ATAC,Astro,chr22:39455947-39482058,-0.0628447607159614,,99,RidgeCV
seaad_alltissues_investigate,dlpfc_xds_pfc357_peaks_ridge_clock,ATAC,Astro,chr2:241635683-241638486,-0.0558219999074935,,156,RidgeCV
seaad_alltissues_investigate,dlpfc_xds_pfc357_peaks_ridge_clock,ATAC,Astro,chr22:42805033-42806965,0.0566043406724929,,151,RidgeCV
seaad_alltissues_investigate,dlpfc_xds_pfc357_peaks_ridge_clock,ATAC,Astro,chr22:46066748-46094062,-0.1376074254512787,,8,RidgeCV
seaad_alltissues_investigate,dlpfc_xds_pfc357_peaks_ridge_clock,ATAC,Astro,chr22:46617070-46631426,-0.0532389879226684,,180,RidgeCV
seaad_alltissues_investigate,dlpfc_xds_pfc357_peaks_ridge_clock,ATAC,Astro,chr22:50243727-50280464,-0.066746599972248,,84,RidgeCV
seaad_alltissues_investigate,dlpfc_xds_pfc357_peaks_ridge_clock,ATAC,Astro,chr2:96527117-96539457,-0.0521273501217365,,188,RidgeCV
seaad_alltissues_investigate,dlpfc_xds_pfc357_peaks_ridge_clock,ATAC,Astro,chr3:12900674-12971497,-0.0835254043340683,,33,RidgeCV
seaad_alltissues_investigate,dlpfc_xds_pfc357_peaks_ridge_clock,ATAC,Astro,chr3:129569116-129610606,-0.0719309672713279,,63,RidgeCV
seaad_alltissues_investigate,dlpfc_xds_pfc357_peaks_ridge_clock,ATAC,Astro,chr3:138347268-138370648,0.1078928932547569,,13,RidgeCV
seaad_alltissues_investigate,dlpfc_xds_pfc357_peaks_ridge_clock,ATAC,Astro,chr3:153159002-153165895,0.0525418147444725,,184,RidgeCV
seaad_alltissues_investigate,dlpfc_xds_pfc357_peaks_ridge_clock,ATAC,Astro,chr3:16368844-16379292,0.0706539079546928,,67,RidgeCV
seaad_alltissues_investigate,dlpfc_xds_pfc357_peaks_ridge_clock,ATAC,Astro,chr3:187734947-187748967,0.0956063270568847,,20,RidgeCV
seaad_alltissues_investigate,dlpfc_xds_pfc357_peaks_ridge_clock,ATAC,Astro,chr3:62364278-62376090,0.0748044848442077,,54,RidgeCV
seaad_alltissues_investigate,dlpfc_xds_pfc357_peaks_ridge_clock,ATAC,Astro,chr3:96812536-96816407,0.0590260773897171,,127,RidgeCV
seaad_alltissues_investigate,dlpfc_xds_pfc357_peaks_ridge_clock,ATAC,Astro,chr4:140149963-140154940,0.0756517499685287,,50,RidgeCV
seaad_alltissues_investigate,dlpfc_xds_pfc357_peaks_ridge_clock,ATAC,Astro,chr4:1869701-1873231,-0.0589213259518146,,132,RidgeCV
seaad_alltissues_investigate,dlpfc_xds_pfc357_peaks_ridge_clock,ATAC,Astro,chr4:2245551-2277300,0.0647346824407577,,92,RidgeCV
seaad_alltissues_investigate,dlpfc_xds_pfc357_peaks_ridge_clock,ATAC,Astro,chr4:2785634-2802095,-0.0658052191138267,,87,RidgeCV
seaad_alltissues_investigate,dlpfc_xds_pfc357_peaks_ridge_clock,ATAC,Astro,chr4:2922547-2943636,0.0612335763871669,,110,RidgeCV
seaad_alltissues_investigate,dlpfc_xds_pfc357_peaks_ridge_clock,ATAC,Astro,chr4:3267529-3270757,0.0515944845974445,,194,RidgeCV
seaad_alltissues_investigate,dlpfc_xds_pfc357_peaks_ridge_clock,ATAC,Astro,chr4:87513400-87535702,-0.0757071077823638,,49,RidgeCV
seaad_alltissues_investigate,dlpfc_xds_pfc357_peaks_ridge_clock,ATAC,Astro,chr4:89833492-89839016,0.0620504170656204,,104,RidgeCV
seaad_alltissues_investigate,dlpfc_xds_pfc357_peaks_ridge_clock,ATAC,Astro,chr4:9151262-9157386,-0.0544884279370307,,167,RidgeCV
seaad_alltissues_investigate,dlpfc_xds_pfc357_peaks_ridge_clock,ATAC,Astro,chr4:92302669-92308794,-0.0650862380862236,,91,RidgeCV
seaad_alltissues_investigate,dlpfc_xds_pfc357_peaks_ridge_clock,ATAC,Astro,chr5:131994592-132014200,-0.0572501085698604,,145,RidgeCV
seaad_alltissues_investigate,dlpfc_xds_pfc357_peaks_ridge_clock,ATAC,Astro,chr5:132256100-132273544,0.0708909556269645,,65,RidgeCV
seaad_alltissues_investigate,dlpfc_xds_pfc357_peaks_ridge_clock,ATAC,Astro,chr5:172763616-172776229,-0.0567547231912612,,150,RidgeCV
seaad_alltissues_investigate,dlpfc_xds_pfc357_peaks_ridge_clock,ATAC,Astro,chr5:177440193-177463499,0.0603299401700496,,116,RidgeCV
seaad_alltissues_investigate,dlpfc_xds_pfc357_peaks_ridge_clock,ATAC,Astro,chr5:783102-785800,0.0704217180609703,,69,RidgeCV
seaad_alltissues_investigate,dlpfc_xds_pfc357_peaks_ridge_clock,ATAC,Astro,chr5:9544133-9548488,-0.0730109810829162,,60,RidgeCV
seaad_alltissues_investigate,dlpfc_xds_pfc357_peaks_ridge_clock,ATAC,Astro,chr6:148745977-148749524,0.0564402267336845,,152,RidgeCV
seaad_alltissues_investigate,dlpfc_xds_pfc357_peaks_ridge_clock,ATAC,Astro,chr6:16237672-16240080,0.0767307952046394,,47,RidgeCV
seaad_alltissues_investigate,dlpfc_xds_pfc357_peaks_ridge_clock,ATAC,Astro,chr6:170289075-170298257,0.0654841512441635,,90,RidgeCV
seaad_alltissues_investigate,dlpfc_xds_pfc357_peaks_ridge_clock,ATAC,Astro,chr6:26155248-26160486,-0.059822104871273,,120,RidgeCV
seaad_alltissues_investigate,dlpfc_xds_pfc357_peaks_ridge_clock,ATAC,Astro,chr6:26194986-26200455,-0.1453861892223358,,5,RidgeCV
seaad_alltissues_investigate,dlpfc_xds_pfc357_peaks_ridge_clock,ATAC,Astro,chr6:26203736-26207472,-0.0557536520063877,,157,RidgeCV
seaad_alltissues_investigate,dlpfc_xds_pfc357_peaks_ridge_clock,ATAC,Astro,chr6:34510367-34542376,-0.070677675306797,,66,RidgeCV
seaad_alltissues_investigate,dlpfc_xds_pfc357_peaks_ridge_clock,ATAC,Astro,chr6:35687612-35689951,0.0614211298525333,,109,RidgeCV
seaad_alltissues_investigate,dlpfc_xds_pfc357_peaks_ridge_clock,ATAC,Astro,chr6:35723676-35738173,0.0690177604556083,,76,RidgeCV
seaad_alltissues_investigate,dlpfc_xds_pfc357_peaks_ridge_clock,ATAC,Astro,chr6:43663884-43677635,-0.0571458972990512,,146,RidgeCV
seaad_alltissues_investigate,dlpfc_xds_pfc357_peaks_ridge_clock,ATAC,Astro,chr6:44000285-44005821,-0.0889262408018112,,25,RidgeCV
seaad_alltissues_investigate,dlpfc_xds_pfc357_peaks_ridge_clock,ATAC,Astro,chr7:1040214-1061138,-0.0823728516697883,,35,RidgeCV
seaad_alltissues_investigate,dlpfc_xds_pfc357_peaks_ridge_clock,ATAC,Astro,chr7:1439758-1481317,0.1430265754461288,,6,RidgeCV
seaad_alltissues_investigate,dlpfc_xds_pfc357_peaks_ridge_clock,ATAC,Astro,chr7:150377587-150386889,0.0627364516258239,,100,RidgeCV
seaad_alltissues_investigate,dlpfc_xds_pfc357_peaks_ridge_clock,ATAC,Astro,chr7:151408708-151414827,-0.0673433467745781,,83,RidgeCV
seaad_alltissues_investigate,dlpfc_xds_pfc357_peaks_ridge_clock,ATAC,Astro,chr7:151426421-151430181,-0.0570614114403724,,148,RidgeCV
seaad_alltissues_investigate,dlpfc_xds_pfc357_peaks_ridge_clock,ATAC,Astro,chr7:154870682-154884273,0.0531174950301647,,181,RidgeCV
seaad_alltissues_investigate,dlpfc_xds_pfc357_peaks_ridge_clock,ATAC,Astro,chr7:158877803-158879781,0.0644693151116371,,93,RidgeCV
seaad_alltissues_investigate,dlpfc_xds_pfc357_peaks_ridge_clock,ATAC,Astro,chr7:226061-236524,0.0714249014854431,,64,RidgeCV
seaad_alltissues_investigate,dlpfc_xds_pfc357_peaks_ridge_clock,ATAC,Astro,chr7:2728502-2740482,0.06435227394104,,94,RidgeCV
seaad_alltissues_investigate,dlpfc_xds_pfc357_peaks_ridge_clock,ATAC,Astro,chr7:33901773-33910531,-0.0636065229773521,,96,RidgeCV
seaad_alltissues_investigate,dlpfc_xds_pfc357_peaks_ridge_clock,ATAC,Astro,chr7:511873-526799,0.0570015758275985,,149,RidgeCV
seaad_alltissues_investigate,dlpfc_xds_pfc357_peaks_ridge_clock,ATAC,Astro,chr7:72334191-72338478,-0.0693206042051315,,74,RidgeCV
seaad_alltissues_investigate,dlpfc_xds_pfc357_peaks_ridge_clock,ATAC,Astro,chr7:74451271-74469250,-0.05561388656497,,158,RidgeCV
seaad_alltissues_investigate,dlpfc_xds_pfc357_peaks_ridge_clock,ATAC,Astro,chr7:767609-769762,0.1130295246839523,,11,RidgeCV
seaad_alltissues_investigate,dlpfc_xds_pfc357_peaks_ridge_clock,ATAC,Astro,chr8:141348674-141429507,0.0604440979659557,,115,RidgeCV
seaad_alltissues_investigate,dlpfc_xds_pfc357_peaks_ridge_clock,ATAC,Astro,chr8:143595704-143618683,-0.0720535293221473,,62,RidgeCV
seaad_alltissues_investigate,dlpfc_xds_pfc357_peaks_ridge_clock,ATAC,Astro,chr8:143918070-143961588,0.0755478888750076,,51,RidgeCV
seaad_alltissues_investigate,dlpfc_xds_pfc357_peaks_ridge_clock,ATAC,Astro,chr8:144254213-144278809,0.060754906386137,,114,RidgeCV
seaad_alltissues_investigate,dlpfc_xds_pfc357_peaks_ridge_clock,ATAC,Astro,chr8:22122184-22150009,-0.0782762691378593,,43,RidgeCV
seaad_alltissues_investigate,dlpfc_xds_pfc357_peaks_ridge_clock,ATAC,Astro,chr8:22980849-23023599,-0.0991111397743225,,19,RidgeCV
seaad_alltissues_investigate,dlpfc_xds_pfc357_peaks_ridge_clock,ATAC,Astro,chr9:107486700-107492026,0.0698558315634727,,72,RidgeCV
seaad_alltissues_investigate,dlpfc_xds_pfc357_peaks_ridge_clock,ATAC,Astro,chr9:113562768-113567912,0.0589944459497928,,129,RidgeCV
seaad_alltissues_investigate,dlpfc_xds_pfc357_peaks_ridge_clock,ATAC,Astro,chr9:121277325-121302423,0.0848689824342727,,30,RidgeCV
seaad_alltissues_investigate,dlpfc_xds_pfc357_peaks_ridge_clock,ATAC,Astro,chr9:123329119-123391289,0.0617336742579937,,105,RidgeCV
seaad_alltissues_investigate,dlpfc_xds_pfc357_peaks_ridge_clock,ATAC,Astro,chr9:127959434-127983872,-0.0564168840646743,,153,RidgeCV
seaad_alltissues_investigate,dlpfc_xds_pfc357_peaks_ridge_clock,ATAC,Astro,chr9:130443938-130454108,0.0685985013842582,,77,RidgeCV
seaad_alltissues_investigate,dlpfc_xds_pfc357_peaks_ridge_clock,ATAC,Astro,chr9:131095709-131099651,-0.0697766989469528,,73,RidgeCV
seaad_alltissues_investigate,dlpfc_xds_pfc357_peaks_ridge_clock,ATAC,Astro,chr9:133124220-133156235,-0.0587087422609329,,135,RidgeCV
seaad_alltissues_investigate,dlpfc_xds_pfc357_peaks_ridge_clock,ATAC,Astro,chr9:134337894-134393894,0.0996113345026969,,18,RidgeCV
seaad_alltissues_investigate,dlpfc_xds_pfc357_peaks_ridge_clock,ATAC,Astro,chr9:135073741-135117855,-0.1070105284452438,,14,RidgeCV
seaad_alltissues_investigate,dlpfc_xds_pfc357_peaks_ridge_clock,ATAC,Astro,chr9:135336163-135350248,-0.0798061713576316,,40,RidgeCV
seaad_alltissues_investigate,dlpfc_xds_pfc357_peaks_ridge_clock,ATAC,Astro,chr9:136174954-136176385,-0.0551747977733612,,162,RidgeCV
seaad_alltissues_investigate,dlpfc_xds_pfc357_peaks_ridge_clock,ATAC,Astro,chr9:136837406-136862631,0.0587499514222145,,134,RidgeCV
seaad_alltissues_investigate,dlpfc_xds_pfc357_peaks_ridge_clock,ATAC,Astro,chr9:136967981-136987425,0.0782371088862419,,44,RidgeCV
seaad_alltissues_investigate,dlpfc_xds_pfc357_peaks_ridge_clock,ATAC,Astro,chr9:137001983-137058461,0.0623646639287471,,102,RidgeCV
seaad_alltissues_investigate,dlpfc_xds_pfc357_peaks_ridge_clock,ATAC,Astro,chr9:137211705-137257106,0.0777829512953758,,45,RidgeCV
seaad_alltissues_investigate,dlpfc_xds_pfc357_peaks_ridge_clock,ATAC,Astro,chr9:137298103-137322382,-0.0846438705921173,,31,RidgeCV
seaad_alltissues_investigate,dlpfc_xds_pfc357_peaks_ridge_clock,ATAC,Astro,chr9:89169013-89182034,-0.0582582801580429,,138,RidgeCV
seaad_alltissues_investigate,dlpfc_xds_pfc357_peaks_ridge_clock,ATAC,Astro,chr9:89413685-89469023,-0.0552581809461116,,161,RidgeCV
seaad_alltissues_investigate,dlpfc_xds_pfc357_peaks_ridge_clock,ATAC,Astro,chr9:93117679-93138540,0.0908138081431388,,23,RidgeCV
seaad_alltissues_investigate,dlpfc_xds_pfc357_peaks_ridge_clock,ATAC,Exc,chr10:110493256-110505051,-0.058937806636095,,118,RidgeCV
seaad_alltissues_investigate,dlpfc_xds_pfc357_peaks_ridge_clock,ATAC,Exc,chr10:123664820-123670700,-0.1063899919390678,,6,RidgeCV
seaad_alltissues_investigate,dlpfc_xds_pfc357_peaks_ridge_clock,ATAC,Exc,chr10:124663106-124682915,0.0610710904002189,,98,RidgeCV
seaad_alltissues_investigate,dlpfc_xds_pfc357_peaks_ridge_clock,ATAC,Exc,chr10:124695954-124726472,0.0595102235674858,,114,RidgeCV
seaad_alltissues_investigate,dlpfc_xds_pfc357_peaks_ridge_clock,ATAC,Exc,chr10:124989530-125012603,0.0696153044700622,,53,RidgeCV
seaad_alltissues_investigate,dlpfc_xds_pfc357_peaks_ridge_clock,ATAC,Exc,chr10:132161857-132173555,0.0525824911892414,,188,RidgeCV
seaad_alltissues_investigate,dlpfc_xds_pfc357_peaks_ridge_clock,ATAC,Exc,chr10:132388860-132427506,0.0673759654164314,,62,RidgeCV
seaad_alltissues_investigate,dlpfc_xds_pfc357_peaks_ridge_clock,ATAC,Exc,chr10:612560-630020,0.0526838116347789,,187,RidgeCV
seaad_alltissues_investigate,dlpfc_xds_pfc357_peaks_ridge_clock,ATAC,Exc,chr10:79257173-79278369,-0.0539981164038181,,164,RidgeCV
seaad_alltissues_investigate,dlpfc_xds_pfc357_peaks_ridge_clock,ATAC,Exc,chr10:97821361-97831741,0.0554946660995483,,152,RidgeCV
seaad_alltissues_investigate,dlpfc_xds_pfc357_peaks_ridge_clock,ATAC,Exc,chr1:1031030-1064744,-0.0956870764493942,,19,RidgeCV
seaad_alltissues_investigate,dlpfc_xds_pfc357_peaks_ridge_clock,ATAC,Exc,chr1:1065342-1075590,-0.0680243223905563,,61,RidgeCV
seaad_alltissues_investigate,dlpfc_xds_pfc357_peaks_ridge_clock,ATAC,Exc,chr11:114119129-114184543,0.0584387890994548,,124,RidgeCV
seaad_alltissues_investigate,dlpfc_xds_pfc357_peaks_ridge_clock,ATAC,Exc,chr1:111841183-111859492,0.0920127555727958,,22,RidgeCV
seaad_alltissues_investigate,dlpfc_xds_pfc357_peaks_ridge_clock,ATAC,Exc,chr11:119314819-119322670,0.0614549219608306,,94,RidgeCV
seaad_alltissues_investigate,dlpfc_xds_pfc357_peaks_ridge_clock,ATAC,Exc,chr11:11957924-11977859,0.0786128789186477,,33,RidgeCV
seaad_alltissues_investigate,dlpfc_xds_pfc357_peaks_ridge_clock,ATAC,Exc,chr11:134014601-134051691,0.1018238961696624,,12,RidgeCV
seaad_alltissues_investigate,dlpfc_xds_pfc357_peaks_ridge_clock,ATAC,Exc,chr11:1394990-1415822,-0.059888619929552,,111,RidgeCV
seaad_alltissues_investigate,dlpfc_xds_pfc357_peaks_ridge_clock,ATAC,Exc,chr11:1442068-1474186,-0.0653318986296653,,70,RidgeCV
seaad_alltissues_investigate,dlpfc_xds_pfc357_peaks_ridge_clock,ATAC,Exc,chr1:155225509-155228966,-0.0592942163348197,,116,RidgeCV
seaad_alltissues_investigate,dlpfc_xds_pfc357_peaks_ridge_clock,ATAC,Exc,chr1:156398221-156438335,-0.0744657963514328,,40,RidgeCV
seaad_alltissues_investigate,dlpfc_xds_pfc357_peaks_ridge_clock,ATAC,Exc,chr1:156637891-156671411,0.0682803243398666,,60,RidgeCV
seaad_alltissues_investigate,dlpfc_xds_pfc357_peaks_ridge_clock,ATAC,Exc,chr1:160076396-160106642,0.1120966300368309,,2,RidgeCV
seaad_alltissues_investigate,dlpfc_xds_pfc357_peaks_ridge_clock,ATAC,Exc,chr1:161611356-161613388,-0.0798091292381286,,29,RidgeCV
seaad_alltissues_investigate,dlpfc_xds_pfc357_peaks_ridge_clock,ATAC,Exc,chr11:61678239-61692715,-0.0553257912397384,,153,RidgeCV
seaad_alltissues_investigate,dlpfc_xds_pfc357_peaks_ridge_clock,ATAC,Exc,chr1:201008737-201030394,-0.1086780652403831,,4,RidgeCV
seaad_alltissues_investigate,dlpfc_xds_pfc357_peaks_ridge_clock,ATAC,Exc,chr1:201047795-201068140,-0.0695570334792137,,54,RidgeCV
seaad_alltissues_investigate,dlpfc_xds_pfc357_peaks_ridge_clock,ATAC,Exc,chr1:201093645-201100815,-0.0699550956487655,,51,RidgeCV
seaad_alltissues_investigate,dlpfc_xds_pfc357_peaks_ridge_clock,ATAC,Exc,chr1:203161848-203189100,0.0525199808180332,,191,RidgeCV
seaad_alltissues_investigate,dlpfc_xds_pfc357_peaks_ridge_clock,ATAC,Exc,chr1:205434400-205448516,0.0561728850007057,,143,RidgeCV
seaad_alltissues_investigate,dlpfc_xds_pfc357_peaks_ridge_clock,ATAC,Exc,chr12:101822446-101831954,-0.0563386045396328,,141,RidgeCV
seaad_alltissues_investigate,dlpfc_xds_pfc357_peaks_ridge_clock,ATAC,Exc,chr12:108302498-108316952,-0.0608957447111606,,101,RidgeCV
seaad_alltissues_investigate,dlpfc_xds_pfc357_peaks_ridge_clock,ATAC,Exc,chr12:124377767-124431300,0.1117363274097442,,3,RidgeCV
seaad_alltissues_investigate,dlpfc_xds_pfc357_peaks_ridge_clock,ATAC,Exc,chr12:13950277-13983025,0.0983779951930046,,16,RidgeCV
seaad_alltissues_investigate,dlpfc_xds_pfc357_peaks_ridge_clock,ATAC,Exc,chr1:2440861-2486898,-0.0997921004891395,,15,RidgeCV
seaad_alltissues_investigate,dlpfc_xds_pfc357_peaks_ridge_clock,ATAC,Exc,chr12:52002706-52027891,0.0535834841430187,,169,RidgeCV
seaad_alltissues_investigate,dlpfc_xds_pfc357_peaks_ridge_clock,ATAC,Exc,chr12:52048618-52064846,-0.0638319849967956,,81,RidgeCV
seaad_alltissues_investigate,dlpfc_xds_pfc357_peaks_ridge_clock,ATAC,Exc,chr12:53489002-53509593,-0.0541606768965721,,162,RidgeCV
seaad_alltissues_investigate,dlpfc_xds_pfc357_peaks_ridge_clock,ATAC,Exc,chr1:25790052-25817194,-0.062050987035036,,87,RidgeCV
seaad_alltissues_investigate,dlpfc_xds_pfc357_peaks_ridge_clock,ATAC,Exc,chr13:113076662-113099501,-0.0599954687058925,,110,RidgeCV
seaad_alltissues_investigate,dlpfc_xds_pfc357_peaks_ridge_clock,ATAC,Exc,chr1:31720105-31777799,-0.052711647003889,,186,RidgeCV
seaad_alltissues_investigate,dlpfc_xds_pfc357_peaks_ridge_clock,ATAC,Exc,chr13:18211691-18213793,0.0610295347869396,,99,RidgeCV
seaad_alltissues_investigate,dlpfc_xds_pfc357_peaks_ridge_clock,ATAC,Exc,chr13:23578175-23581093,-0.0596027225255966,,113,RidgeCV
seaad_alltissues_investigate,dlpfc_xds_pfc357_peaks_ridge_clock,ATAC,Exc,chr1:34780032-34788476,-0.0582169033586978,,126,RidgeCV
seaad_alltissues_investigate,dlpfc_xds_pfc357_peaks_ridge_clock,ATAC,Exc,chr1:34909852-34931821,0.0603531152009964,,107,RidgeCV
seaad_alltissues_investigate,dlpfc_xds_pfc357_peaks_ridge_clock,ATAC,Exc,chr13:75536913-75539022,0.0561045557260513,,145,RidgeCV
seaad_alltissues_investigate,dlpfc_xds_pfc357_peaks_ridge_clock,ATAC,Exc,chr13:91346635-91349768,-0.0547305643558502,,157,RidgeCV
seaad_alltissues_investigate,dlpfc_xds_pfc357_peaks_ridge_clock,ATAC,Exc,chr13:99977855-99983229,-0.0558693297207355,,148,RidgeCV
seaad_alltissues_investigate,dlpfc_xds_pfc357_peaks_ridge_clock,ATAC,Exc,chr14:104673553-104711098,0.0701961666345596,,50,RidgeCV
seaad_alltissues_investigate,dlpfc_xds_pfc357_peaks_ridge_clock,ATAC,Exc,chr14:105084372-105095136,-0.066335991024971,,67,RidgeCV
seaad_alltissues_investigate,dlpfc_xds_pfc357_peaks_ridge_clock,ATAC,Exc,chr14:105161479-105184624,0.0535051152110099,,172,RidgeCV
seaad_alltissues_investigate,dlpfc_xds_pfc357_peaks_ridge_clock,ATAC,Exc,chr14:20608689-20615057,0.060026541352272,,109,RidgeCV
seaad_alltissues_investigate,dlpfc_xds_pfc357_peaks_ridge_clock,ATAC,Exc,chr14:30270192-30273907,-0.0561507083475589,,144,RidgeCV
seaad_alltissues_investigate,dlpfc_xds_pfc357_peaks_ridge_clock,ATAC,Exc,chr14:64539432-64542784,-0.0594098083674907,,115,RidgeCV
seaad_alltissues_investigate,dlpfc_xds_pfc357_peaks_ridge_clock,ATAC,Exc,chr14:68626144-68634122,-0.1028610169887542,,10,RidgeCV
seaad_alltissues_investigate,dlpfc_xds_pfc357_peaks_ridge_clock,ATAC,Exc,chr14:68636807-68640271,-0.0564207769930362,,139,RidgeCV
seaad_alltissues_investigate,dlpfc_xds_pfc357_peaks_ridge_clock,ATAC,Exc,chr14:68688632-68694313,-0.0533794425427913,,175,RidgeCV
seaad_alltissues_investigate,dlpfc_xds_pfc357_peaks_ridge_clock,ATAC,Exc,chr14:68788459-68797792,-0.1196403354406356,,1,RidgeCV
seaad_alltissues_investigate,dlpfc_xds_pfc357_peaks_ridge_clock,ATAC,Exc,chr1:4688935-4704129,-0.0555619597434997,,151,RidgeCV
seaad_alltissues_investigate,dlpfc_xds_pfc357_peaks_ridge_clock,ATAC,Exc,chr1:4705430-4715280,0.0570224858820438,,134,RidgeCV
seaad_alltissues_investigate,dlpfc_xds_pfc357_peaks_ridge_clock,ATAC,Exc,chr15:25174799-25244211,0.0667396485805511,,66,RidgeCV
seaad_alltissues_investigate,dlpfc_xds_pfc357_peaks_ridge_clock,ATAC,Exc,chr15:28988495-28998964,0.0634328871965408,,85,RidgeCV
seaad_alltissues_investigate,dlpfc_xds_pfc357_peaks_ridge_clock,ATAC,Exc,chr15:33150016-33155780,0.0522731021046638,,195,RidgeCV
seaad_alltissues_investigate,dlpfc_xds_pfc357_peaks_ridge_clock,ATAC,Exc,chr15:74126717-74140556,-0.0556822717189788,,149,RidgeCV
seaad_alltissues_investigate,dlpfc_xds_pfc357_peaks_ridge_clock,ATAC,Exc,chr15:74399502-74435879,-0.0567073933780193,,137,RidgeCV
seaad_alltissues_investigate,dlpfc_xds_pfc357_peaks_ridge_clock,ATAC,Exc,chr15:76195405-76210309,0.0610254555940628,,100,RidgeCV
seaad_alltissues_investigate,dlpfc_xds_pfc357_peaks_ridge_clock,ATAC,Exc,chr15:77654413-77674889,0.0691294446587562,,58,RidgeCV
seaad_alltissues_investigate,dlpfc_xds_pfc357_peaks_ridge_clock,ATAC,Exc,chr15:89353797-89412876,-0.0959451049566268,,18,RidgeCV
seaad_alltissues_investigate,dlpfc_xds_pfc357_peaks_ridge_clock,ATAC,Exc,chr16:1330019-1339657,0.0591935962438583,,117,RidgeCV
seaad_alltissues_investigate,dlpfc_xds_pfc357_peaks_ridge_clock,ATAC,Exc,chr16:19167594-19175017,-0.055586714297533,,150,RidgeCV
seaad_alltissues_investigate,dlpfc_xds_pfc357_peaks_ridge_clock,ATAC,Exc,chr16:1958147-1966002,-0.0639484524726867,,78,RidgeCV
seaad_alltissues_investigate,dlpfc_xds_pfc357_peaks_ridge_clock,ATAC,Exc,chr16:3187856-3189726,-0.0787897482514381,,32,RidgeCV
seaad_alltissues_investigate,dlpfc_xds_pfc357_peaks_ridge_clock,ATAC,Exc,chr1:6482919-6514267,-0.0608580932021141,,102,RidgeCV
seaad_alltissues_investigate,dlpfc_xds_pfc357_peaks_ridge_clock,ATAC,Exc,chr16:560608-599574,0.0565991401672363,,138,RidgeCV
seaad_alltissues_investigate,dlpfc_xds_pfc357_peaks_ridge_clock,ATAC,Exc,chr16:56847009-56863703,0.0547074750065803,,158,RidgeCV
seaad_alltissues_investigate,dlpfc_xds_pfc357_peaks_ridge_clock,ATAC,Exc,chr16:665486-735481,-0.063734695315361,,82,RidgeCV
seaad_alltissues_investigate,dlpfc_xds_pfc357_peaks_ridge_clock,ATAC,Exc,chr16:67520093-67553143,-0.0611819475889205,,96,RidgeCV
seaad_alltissues_investigate,dlpfc_xds_pfc357_peaks_ridge_clock,ATAC,Exc,chr16:70743831-70757803,0.0532865300774574,,176,RidgeCV
seaad_alltissues_investigate,dlpfc_xds_pfc357_peaks_ridge_clock,ATAC,Exc,chr16:83988036-83999803,0.0670211464166641,,63,RidgeCV
seaad_alltissues_investigate,dlpfc_xds_pfc357_peaks_ridge_clock,ATAC,Exc,chr16:87681834-87700189,-0.0531543642282485,,179,RidgeCV
seaad_alltissues_investigate,dlpfc_xds_pfc357_peaks_ridge_clock,ATAC,Exc,chr17:10012774-10027780,0.0578443855047225,,127,RidgeCV
seaad_alltissues_investigate,dlpfc_xds_pfc357_peaks_ridge_clock,ATAC,Exc,chr17:1025355-1041021,0.0639361664652824,,79,RidgeCV
seaad_alltissues_investigate,dlpfc_xds_pfc357_peaks_ridge_clock,ATAC,Exc,chr17:17756807-17797794,0.0642820447683334,,77,RidgeCV
seaad_alltissues_investigate,dlpfc_xds_pfc357_peaks_ridge_clock,ATAC,Exc,chr17:17834125-17851805,-0.0535239838063716,,171,RidgeCV
seaad_alltissues_investigate,dlpfc_xds_pfc357_peaks_ridge_clock,ATAC,Exc,chr17:22521359-22521487,-0.0935400500893592,,20,RidgeCV
seaad_alltissues_investigate,dlpfc_xds_pfc357_peaks_ridge_clock,ATAC,Exc,chr17:36181781-36185193,-0.097002625465393,,17,RidgeCV
seaad_alltissues_investigate,dlpfc_xds_pfc357_peaks_ridge_clock,ATAC,Exc,chr17:38727715-38753442,-0.0735609009861946,,43,RidgeCV
seaad_alltissues_investigate,dlpfc_xds_pfc357_peaks_ridge_clock,ATAC,Exc,chr17:40336596-40360380,-0.0574277825653553,,133,RidgeCV
seaad_alltissues_investigate,dlpfc_xds_pfc357_peaks_ridge_clock,ATAC,Exc,chr17:43482602-43484791,-0.0532136559486389,,178,RidgeCV
seaad_alltissues_investigate,dlpfc_xds_pfc357_peaks_ridge_clock,ATAC,Exc,chr17:44323766-44327461,0.0525227971374988,,189,RidgeCV
seaad_alltissues_investigate,dlpfc_xds_pfc357_peaks_ridge_clock,ATAC,Exc,chr17:50123768-50144312,-0.0576282814145088,,132,RidgeCV
seaad_alltissues_investigate,dlpfc_xds_pfc357_peaks_ridge_clock,ATAC,Exc,chr17:50144752-50154554,-0.0563726723194122,,140,RidgeCV
seaad_alltissues_investigate,dlpfc_xds_pfc357_peaks_ridge_clock,ATAC,Exc,chr17:7832608-7845932,-0.0522634051740169,,196,RidgeCV
seaad_alltissues_investigate,dlpfc_xds_pfc357_peaks_ridge_clock,ATAC,Exc,chr17:79809658-79814003,-0.0635914355516433,,83,RidgeCV
seaad_alltissues_investigate,dlpfc_xds_pfc357_peaks_ridge_clock,ATAC,Exc,chr17:81025104-81053782,0.0535966195166111,,167,RidgeCV
seaad_alltissues_investigate,dlpfc_xds_pfc357_peaks_ridge_clock,ATAC,Exc,chr17:81054328-81105404,0.0716106370091438,,44,RidgeCV
seaad_alltissues_investigate,dlpfc_xds_pfc357_peaks_ridge_clock,ATAC,Exc,chr17:81339556-81347700,-0.0638403967022895,,80,RidgeCV
seaad_alltissues_investigate,dlpfc_xds_pfc357_peaks_ridge_clock,ATAC,Exc,chr1:8313539-8319332,0.0520914308726787,,199,RidgeCV
seaad_alltissues_investigate,dlpfc_xds_pfc357_peaks_ridge_clock,ATAC,Exc,chr18:37317430-37371827,-0.0535494610667228,,170,RidgeCV
seaad_alltissues_investigate,dlpfc_xds_pfc357_peaks_ridge_clock,ATAC,Exc,chr18:37425949-37462672,-0.0615587532520294,,91,RidgeCV
seaad_alltissues_investigate,dlpfc_xds_pfc357_peaks_ridge_clock,ATAC,Exc,chr19:1846597-1867549,-0.0559141039848327,,147,RidgeCV
seaad_alltissues_investigate,dlpfc_xds_pfc357_peaks_ridge_clock,ATAC,Exc,chr19:39401005-39414389,-0.0827266573905944,,25,RidgeCV
seaad_alltissues_investigate,dlpfc_xds_pfc357_peaks_ridge_clock,ATAC,Exc,chr19:4471054-4475192,0.0533847287297248,,174,RidgeCV
seaad_alltissues_investigate,dlpfc_xds_pfc357_peaks_ridge_clock,ATAC,Exc,chr19:47416276-47422450,-0.0536575987935066,,166,RidgeCV
seaad_alltissues_investigate,dlpfc_xds_pfc357_peaks_ridge_clock,ATAC,Exc,chr19:50606150-50609030,0.0544304959475994,,160,RidgeCV
seaad_alltissues_investigate,dlpfc_xds_pfc357_peaks_ridge_clock,ATAC,Exc,chr19:54188100-54192230,0.0648601874709129,,74,RidgeCV
seaad_alltissues_investigate,dlpfc_xds_pfc357_peaks_ridge_clock,ATAC,Exc,chr19:5827708-5829177,-0.0737001374363899,,42,RidgeCV
seaad_alltissues_investigate,dlpfc_xds_pfc357_peaks_ridge_clock,ATAC,Exc,chr1:996901-1006150,-0.064601719379425,,75,RidgeCV
seaad_alltissues_investigate,dlpfc_xds_pfc357_peaks_ridge_clock,ATAC,Exc,chr20:57675592-57694049,-0.0542040728032588,,161,RidgeCV
seaad_alltissues_investigate,dlpfc_xds_pfc357_peaks_ridge_clock,ATAC,Exc,chr20:63356499-63372158,-0.0703601762652397,,47,RidgeCV
seaad_alltissues_investigate,dlpfc_xds_pfc357_peaks_ridge_clock,ATAC,Exc,chr20:63493606-63504012,0.0615202821791172,,93,RidgeCV
seaad_alltissues_investigate,dlpfc_xds_pfc357_peaks_ridge_clock,ATAC,Exc,chr21:44496279-44498488,-0.0552984774112701,,154,RidgeCV
seaad_alltissues_investigate,dlpfc_xds_pfc357_peaks_ridge_clock,ATAC,Exc,chr2:199455313-199473469,0.0649796649813652,,73,RidgeCV
seaad_alltissues_investigate,dlpfc_xds_pfc357_peaks_ridge_clock,ATAC,Exc,chr2:219504265-219523619,-0.0604366213083267,,106,RidgeCV
seaad_alltissues_investigate,dlpfc_xds_pfc357_peaks_ridge_clock,ATAC,Exc,chr22:23092600-23129376,0.0662604197859764,,68,RidgeCV
seaad_alltissues_investigate,dlpfc_xds_pfc357_peaks_ridge_clock,ATAC,Exc,chr2:231014950-231018079,-0.0528494529426097,,183,RidgeCV
seaad_alltissues_investigate,dlpfc_xds_pfc357_peaks_ridge_clock,ATAC,Exc,chr2:231677390-231691615,-0.0687342956662178,,59,RidgeCV
seaad_alltissues_investigate,dlpfc_xds_pfc357_peaks_ridge_clock,ATAC,Exc,chr22:32201737-32207533,0.0541301220655441,,163,RidgeCV
seaad_alltissues_investigate,dlpfc_xds_pfc357_peaks_ridge_clock,ATAC,Exc,chr2:23494346-23509465,0.066762626171112,,65,RidgeCV
seaad_alltissues_investigate,dlpfc_xds_pfc357_peaks_ridge_clock,ATAC,Exc,chr2:23644354-23665092,0.0842678472399711,,24,RidgeCV
seaad_alltissues_investigate,dlpfc_xds_pfc357_peaks_ridge_clock,ATAC,Exc,chr22:38829597-38847234,0.0596751347184181,,112,RidgeCV
seaad_alltissues_investigate,dlpfc_xds_pfc357_peaks_ridge_clock,ATAC,Exc,chr22:39248228-39258069,0.0612779967486858,,95,RidgeCV
seaad_alltissues_investigate,dlpfc_xds_pfc357_peaks_ridge_clock,ATAC,Exc,chr2:240430044-240471108,0.0802080705761909,,28,RidgeCV
seaad_alltissues_investigate,dlpfc_xds_pfc357_peaks_ridge_clock,ATAC,Exc,chr22:50243727-50280464,-0.1025372147560119,,11,RidgeCV
seaad_alltissues_investigate,dlpfc_xds_pfc357_peaks_ridge_clock,ATAC,Exc,chr22:50434997-50450861,-0.0586141236126422,,120,RidgeCV
seaad_alltissues_investigate,dlpfc_xds_pfc357_peaks_ridge_clock,ATAC,Exc,chr2:25241487-25300449,0.0755621418356895,,37,RidgeCV
seaad_alltissues_investigate,dlpfc_xds_pfc357_peaks_ridge_clock,ATAC,Exc,chr2:47036586-47048441,-0.074268639087677,,41,RidgeCV
seaad_alltissues_investigate,dlpfc_xds_pfc357_peaks_ridge_clock,ATAC,Exc,chr2:72136105-72152326,-0.0584618300199508,,122,RidgeCV
seaad_alltissues_investigate,dlpfc_xds_pfc357_peaks_ridge_clock,ATAC,Exc,chr2:95292235-95332258,0.1411385238170623,,0,RidgeCV
seaad_alltissues_investigate,dlpfc_xds_pfc357_peaks_ridge_clock,ATAC,Exc,chr2:96527117-96539457,-0.061531938612461,,92,RidgeCV
seaad_alltissues_investigate,dlpfc_xds_pfc357_peaks_ridge_clock,ATAC,Exc,chr3:10947776-10958878,-0.0605200938880443,,105,RidgeCV
seaad_alltissues_investigate,dlpfc_xds_pfc357_peaks_ridge_clock,ATAC,Exc,chr3:12900674-12971497,0.1046577915549278,,7,RidgeCV
seaad_alltissues_investigate,dlpfc_xds_pfc357_peaks_ridge_clock,ATAC,Exc,chr3:129569116-129610606,-0.103206381201744,,9,RidgeCV
seaad_alltissues_investigate,dlpfc_xds_pfc357_peaks_ridge_clock,ATAC,Exc,chr3:13568070-13579798,-0.0670049041509628,,64,RidgeCV
seaad_alltissues_investigate,dlpfc_xds_pfc357_peaks_ridge_clock,ATAC,Exc,chr3:194127684-194144480,-0.0619056448340415,,88,RidgeCV
seaad_alltissues_investigate,dlpfc_xds_pfc357_peaks_ridge_clock,ATAC,Exc,chr3:196988126-197013030,-0.0550083667039871,,155,RidgeCV
seaad_alltissues_investigate,dlpfc_xds_pfc357_peaks_ridge_clock,ATAC,Exc,chr3:43994367-44005859,0.0530488789081573,,181,RidgeCV
seaad_alltissues_investigate,dlpfc_xds_pfc357_peaks_ridge_clock,ATAC,Exc,chr3:4739832-4754948,0.0577703900635242,,129,RidgeCV
seaad_alltissues_investigate,dlpfc_xds_pfc357_peaks_ridge_clock,ATAC,Exc,chr3:48553718-48567891,-0.0634523034095764,,84,RidgeCV
seaad_alltissues_investigate,dlpfc_xds_pfc357_peaks_ridge_clock,ATAC,Exc,chr4:107033487-107037779,-0.0576747432351112,,131,RidgeCV
seaad_alltissues_investigate,dlpfc_xds_pfc357_peaks_ridge_clock,ATAC,Exc,chr4:133144989-133158148,0.0824620425701141,,26,RidgeCV
seaad_alltissues_investigate,dlpfc_xds_pfc357_peaks_ridge_clock,ATAC,Exc,chr4:186200385-186205550,0.0523992925882339,,194,RidgeCV
seaad_alltissues_investigate,dlpfc_xds_pfc357_peaks_ridge_clock,ATAC,Exc,chr4:87029258-87047120,0.0534130334854126,,173,RidgeCV
seaad_alltissues_investigate,dlpfc_xds_pfc357_peaks_ridge_clock,ATAC,Exc,chr4:9151262-9157386,-0.0710731148719787,,45,RidgeCV
seaad_alltissues_investigate,dlpfc_xds_pfc357_peaks_ridge_clock,ATAC,Exc,chr5:123420268-123424328,-0.0577767007052898,,128,RidgeCV
seaad_alltissues_investigate,dlpfc_xds_pfc357_peaks_ridge_clock,ATAC,Exc,chr5:131170107-131171888,-0.0607714690268039,,103,RidgeCV
seaad_alltissues_investigate,dlpfc_xds_pfc357_peaks_ridge_clock,ATAC,Exc,chr5:134926838-134927086,-0.0525224357843399,,190,RidgeCV
seaad_alltissues_investigate,dlpfc_xds_pfc357_peaks_ridge_clock,ATAC,Exc,chr5:141752791-141790350,0.0755710676312446,,36,RidgeCV
seaad_alltissues_investigate,dlpfc_xds_pfc357_peaks_ridge_clock,ATAC,Exc,chr5:175656470-175702708,0.0652017667889595,,72,RidgeCV
seaad_alltissues_investigate,dlpfc_xds_pfc357_peaks_ridge_clock,ATAC,Exc,chr5:176605291-176634430,0.0616290755569934,,90,RidgeCV
seaad_alltissues_investigate,dlpfc_xds_pfc357_peaks_ridge_clock,ATAC,Exc,chr5:177465797-177505455,-0.0771114528179168,,35,RidgeCV
seaad_alltissues_investigate,dlpfc_xds_pfc357_peaks_ridge_clock,ATAC,Exc,chr5:179060014-179060996,-0.0693603307008743,,56,RidgeCV
seaad_alltissues_investigate,dlpfc_xds_pfc357_peaks_ridge_clock,ATAC,Exc,chr5:49657691-49661847,0.0527980402112007,,184,RidgeCV
seaad_alltissues_investigate,dlpfc_xds_pfc357_peaks_ridge_clock,ATAC,Exc,chr5:744783-746893,0.0537524968385696,,165,RidgeCV
seaad_alltissues_investigate,dlpfc_xds_pfc357_peaks_ridge_clock,ATAC,Exc,chr5:783102-785800,0.1039528548717498,,8,RidgeCV
seaad_alltissues_investigate,dlpfc_xds_pfc357_peaks_ridge_clock,ATAC,Exc,chr5:88662749-88682125,0.0530812889337539,,180,RidgeCV
seaad_alltissues_investigate,dlpfc_xds_pfc357_peaks_ridge_clock,ATAC,Exc,chr5:93567377-93609878,0.1083899587392807,,5,RidgeCV
seaad_alltissues_investigate,dlpfc_xds_pfc357_peaks_ridge_clock,ATAC,Exc,chr6:104940083-104942050,-0.1013968661427497,,13,RidgeCV
seaad_alltissues_investigate,dlpfc_xds_pfc357_peaks_ridge_clock,ATAC,Exc,chr6:1310813-1313999,-0.0643562898039817,,76,RidgeCV
seaad_alltissues_investigate,dlpfc_xds_pfc357_peaks_ridge_clock,ATAC,Exc,chr6:157232019-157247025,-0.0658322274684906,,69,RidgeCV
seaad_alltissues_investigate,dlpfc_xds_pfc357_peaks_ridge_clock,ATAC,Exc,chr6:166902391-166911973,0.0747750997543335,,39,RidgeCV
seaad_alltissues_investigate,dlpfc_xds_pfc357_peaks_ridge_clock,ATAC,Exc,chr6:26222521-26225673,-0.0588343627750873,,119,RidgeCV
seaad_alltissues_investigate,dlpfc_xds_pfc357_peaks_ridge_clock,ATAC,Exc,chr6:26232637-26235530,-0.0560240596532821,,146,RidgeCV
seaad_alltissues_investigate,dlpfc_xds_pfc357_peaks_ridge_clock,ATAC,Exc,chr6:26271227-26274188,-0.0702310800552368,,49,RidgeCV
seaad_alltissues_investigate,dlpfc_xds_pfc357_peaks_ridge_clock,ATAC,Exc,chr6:27131304-27134106,-0.0707546770572662,,46,RidgeCV
seaad_alltissues_investigate,dlpfc_xds_pfc357_peaks_ridge_clock,ATAC,Exc,chr6:27144829-27147897,-0.058454867452383,,123,RidgeCV
seaad_alltissues_investigate,dlpfc_xds_pfc357_peaks_ridge_clock,ATAC,Exc,chr6:41726938-41737123,-0.0693899020552635,,55,RidgeCV
seaad_alltissues_investigate,dlpfc_xds_pfc357_peaks_ridge_clock,ATAC,Exc,chr6:98827196-98838439,-0.0524362437427043,,193,RidgeCV
seaad_alltissues_investigate,dlpfc_xds_pfc357_peaks_ridge_clock,ATAC,Exc,chr7:1007042-1033297,0.0611139461398124,,97,RidgeCV
seaad_alltissues_investigate,dlpfc_xds_pfc357_peaks_ridge_clock,ATAC,Exc,chr7:102671485-102671924,-0.0785525739192962,,34,RidgeCV
seaad_alltissues_investigate,dlpfc_xds_pfc357_peaks_ridge_clock,ATAC,Exc,chr7:127979303-128011671,-0.0855756103992462,,23,RidgeCV
seaad_alltissues_investigate,dlpfc_xds_pfc357_peaks_ridge_clock,ATAC,Exc,chr7:151006417-151022353,-0.0606932081282138,,104,RidgeCV
seaad_alltissues_investigate,dlpfc_xds_pfc357_peaks_ridge_clock,ATAC,Exc,chr7:30555978-30565730,0.057009320706129,,135,RidgeCV
seaad_alltissues_investigate,dlpfc_xds_pfc357_peaks_ridge_clock,ATAC,Exc,chr7:44255523-44296148,-0.0600451156497001,,108,RidgeCV
seaad_alltissues_investigate,dlpfc_xds_pfc357_peaks_ridge_clock,ATAC,Exc,chr7:49772299-49783873,0.081652745604515,,27,RidgeCV
seaad_alltissues_investigate,dlpfc_xds_pfc357_peaks_ridge_clock,ATAC,Exc,chr7:55545240-55559828,-0.0527561344206333,,185,RidgeCV
seaad_alltissues_investigate,dlpfc_xds_pfc357_peaks_ridge_clock,ATAC,Exc,chr7:906776-923893,-0.0583678968250751,,125,RidgeCV
seaad_alltissues_investigate,dlpfc_xds_pfc357_peaks_ridge_clock,ATAC,Exc,chr7:98612430-98631184,-0.0630207285284996,,86,RidgeCV
seaad_alltissues_investigate,dlpfc_xds_pfc357_peaks_ridge_clock,ATAC,Exc,chr8:10129472-10154676,0.0702942088246345,,48,RidgeCV
seaad_alltissues_investigate,dlpfc_xds_pfc357_peaks_ridge_clock,ATAC,Exc,chr8:11839349-11870358,-0.0791477635502815,,31,RidgeCV
seaad_alltissues_investigate,dlpfc_xds_pfc357_peaks_ridge_clock,ATAC,Exc,chr8:133264036-133277056,-0.0522183068096637,,197,RidgeCV
seaad_alltissues_investigate,dlpfc_xds_pfc357_peaks_ridge_clock,ATAC,Exc,chr8:142446878-142501220,0.0924829393625259,,21,RidgeCV
seaad_alltissues_investigate,dlpfc_xds_pfc357_peaks_ridge_clock,ATAC,Exc,chr8:143206894-143222037,0.0791492313146591,,30,RidgeCV
seaad_alltissues_investigate,dlpfc_xds_pfc357_peaks_ridge_clock,ATAC,Exc,chr8:143595704-143618683,-0.0749487876892089,,38,RidgeCV
seaad_alltissues_investigate,dlpfc_xds_pfc357_peaks_ridge_clock,ATAC,Exc,chr8:22688669-22697394,-0.0525022000074386,,192,RidgeCV
seaad_alltissues_investigate,dlpfc_xds_pfc357_peaks_ridge_clock,ATAC,Exc,chr8:8226539-8230309,0.0530303530395031,,182,RidgeCV
seaad_alltissues_investigate,dlpfc_xds_pfc357_peaks_ridge_clock,ATAC,Exc,chr9:113056033-113057425,-0.0698513686656951,,52,RidgeCV
seaad_alltissues_investigate,dlpfc_xds_pfc357_peaks_ridge_clock,ATAC,Exc,chr9:127394484-127400783,0.0562999136745929,,142,RidgeCV
seaad_alltissues_investigate,dlpfc_xds_pfc357_peaks_ridge_clock,ATAC,Exc,chr9:127959434-127983872,0.0549664571881294,,156,RidgeCV
seaad_alltissues_investigate,dlpfc_xds_pfc357_peaks_ridge_clock,ATAC,Exc,chr9:129078600-129084338,0.0535849593579769,,168,RidgeCV
seaad_alltissues_investigate,dlpfc_xds_pfc357_peaks_ridge_clock,ATAC,Exc,chr9:129478360-129502811,-0.061727225780487,,89,RidgeCV
seaad_alltissues_investigate,dlpfc_xds_pfc357_peaks_ridge_clock,ATAC,Exc,chr9:132206817-132215188,-0.0577384307980537,,130,RidgeCV
seaad_alltissues_investigate,dlpfc_xds_pfc357_peaks_ridge_clock,ATAC,Exc,chr9:135073741-135117855,0.0652412474155426,,71,RidgeCV
seaad_alltissues_investigate,dlpfc_xds_pfc357_peaks_ridge_clock,ATAC,Exc,chr9:135209054-135225928,-0.0691823288798332,,57,RidgeCV
seaad_alltissues_investigate,dlpfc_xds_pfc357_peaks_ridge_clock,ATAC,Exc,chr9:137001983-137058461,-0.1012198328971862,,14,RidgeCV
seaad_alltissues_investigate,dlpfc_xds_pfc357_peaks_ridge_clock,ATAC,Exc,chr9:137063321-137075068,-0.0567936040461063,,136,RidgeCV
seaad_alltissues_investigate,dlpfc_xds_pfc357_peaks_ridge_clock,ATAC,Exc,chr9:137145596-137177362,-0.0532490611076355,,177,RidgeCV
seaad_alltissues_investigate,dlpfc_xds_pfc357_peaks_ridge_clock,ATAC,Exc,chr9:34328176-34336026,0.0546097829937934,,159,RidgeCV
seaad_alltissues_investigate,dlpfc_xds_pfc357_peaks_ridge_clock,ATAC,Exc,chr9:40990656-40992963,-0.0585672706365585,,121,RidgeCV
seaad_alltissues_investigate,dlpfc_xds_pfc357_peaks_ridge_clock,ATAC,Exc,chrX:153514055-153542805,0.0521420761942863,,198,RidgeCV
seaad_alltissues_investigate,dlpfc_xds_pfc357_peaks_ridge_clock,ATAC,Inh,chr10:11003462-11020871,0.0535330437123775,,156,RidgeCV
seaad_alltissues_investigate,dlpfc_xds_pfc357_peaks_ridge_clock,ATAC,Inh,chr10:132161857-132173555,0.0541629791259765,,147,RidgeCV
seaad_alltissues_investigate,dlpfc_xds_pfc357_peaks_ridge_clock,ATAC,Inh,chr10:3773466-3787385,0.052729558199644,,165,RidgeCV
seaad_alltissues_investigate,dlpfc_xds_pfc357_peaks_ridge_clock,ATAC,Inh,chr10:44955568-44986637,0.0504233837127685,,198,RidgeCV
seaad_alltissues_investigate,dlpfc_xds_pfc357_peaks_ridge_clock,ATAC,Inh,chr10:72247285-72262610,0.0864883735775947,,26,RidgeCV
seaad_alltissues_investigate,dlpfc_xds_pfc357_peaks_ridge_clock,ATAC,Inh,chr10:86953579-86965229,0.0647456496953964,,70,RidgeCV
seaad_alltissues_investigate,dlpfc_xds_pfc357_peaks_ridge_clock,ATAC,Inh,chr1:1017544-1028492,-0.0970826297998428,,15,RidgeCV
seaad_alltissues_investigate,dlpfc_xds_pfc357_peaks_ridge_clock,ATAC,Inh,chr1:1031030-1064744,-0.1999896764755249,,1,RidgeCV
seaad_alltissues_investigate,dlpfc_xds_pfc357_peaks_ridge_clock,ATAC,Inh,chr1:110157704-110173339,0.0581614673137664,,104,RidgeCV
seaad_alltissues_investigate,dlpfc_xds_pfc357_peaks_ridge_clock,ATAC,Inh,chr11:10302043-10310734,-0.0587224885821342,,98,RidgeCV
seaad_alltissues_investigate,dlpfc_xds_pfc357_peaks_ridge_clock,ATAC,Inh,chr11:114119129-114184543,0.0662474408745765,,65,RidgeCV
seaad_alltissues_investigate,dlpfc_xds_pfc357_peaks_ridge_clock,ATAC,Inh,chr11:124735727-124754427,-0.0577905885875225,,110,RidgeCV
seaad_alltissues_investigate,dlpfc_xds_pfc357_peaks_ridge_clock,ATAC,Inh,chr11:134014601-134051691,0.0621032416820526,,83,RidgeCV
seaad_alltissues_investigate,dlpfc_xds_pfc357_peaks_ridge_clock,ATAC,Inh,chr11:134117308-134127284,0.0525534339249134,,168,RidgeCV
seaad_alltissues_investigate,dlpfc_xds_pfc357_peaks_ridge_clock,ATAC,Inh,chr1:1418036-1442536,0.0577467940747737,,112,RidgeCV
seaad_alltissues_investigate,dlpfc_xds_pfc357_peaks_ridge_clock,ATAC,Inh,chr11:45879693-45888773,0.0516565218567848,,180,RidgeCV
seaad_alltissues_investigate,dlpfc_xds_pfc357_peaks_ridge_clock,ATAC,Inh,chr11:47582860-47596636,-0.0863675996661186,,27,RidgeCV
seaad_alltissues_investigate,dlpfc_xds_pfc357_peaks_ridge_clock,ATAC,Inh,chr1:154998689-155013213,-0.0505982227623462,,194,RidgeCV
seaad_alltissues_investigate,dlpfc_xds_pfc357_peaks_ridge_clock,ATAC,Inh,chr1:156398221-156438335,-0.1311058551073074,,8,RidgeCV
seaad_alltissues_investigate,dlpfc_xds_pfc357_peaks_ridge_clock,ATAC,Inh,chr11:59614363-59617198,0.0794523283839225,,34,RidgeCV
seaad_alltissues_investigate,dlpfc_xds_pfc357_peaks_ridge_clock,ATAC,Inh,chr11:64075236-64106846,0.050958827137947,,187,RidgeCV
seaad_alltissues_investigate,dlpfc_xds_pfc357_peaks_ridge_clock,ATAC,Inh,chr11:64228929-64257440,-0.0748864114284515,,43,RidgeCV
seaad_alltissues_investigate,dlpfc_xds_pfc357_peaks_ridge_clock,ATAC,Inh,chr11:64282923-64309083,-0.0583646968007087,,102,RidgeCV
seaad_alltissues_investigate,dlpfc_xds_pfc357_peaks_ridge_clock,ATAC,Inh,chr1:166838331-166856448,0.0545722879469394,,138,RidgeCV
seaad_alltissues_investigate,dlpfc_xds_pfc357_peaks_ridge_clock,ATAC,Inh,chr11:690610-700046,0.0569253601133823,,123,RidgeCV
seaad_alltissues_investigate,dlpfc_xds_pfc357_peaks_ridge_clock,ATAC,Inh,chr11:75425251-75437665,-0.0523393861949443,,171,RidgeCV
seaad_alltissues_investigate,dlpfc_xds_pfc357_peaks_ridge_clock,ATAC,Inh,chr11:815577-851898,-0.1431024372577667,,5,RidgeCV
seaad_alltissues_investigate,dlpfc_xds_pfc357_peaks_ridge_clock,ATAC,Inh,chr1:201530488-201541085,0.051991794258356,,173,RidgeCV
seaad_alltissues_investigate,dlpfc_xds_pfc357_peaks_ridge_clock,ATAC,Inh,chr1:203267324-203280600,0.0717284381389617,,48,RidgeCV
seaad_alltissues_investigate,dlpfc_xds_pfc357_peaks_ridge_clock,ATAC,Inh,chr1:204356862-204365207,0.0559155754745006,,129,RidgeCV
seaad_alltissues_investigate,dlpfc_xds_pfc357_peaks_ridge_clock,ATAC,Inh,chr1:20714753-20737780,0.065754048526287,,67,RidgeCV
seaad_alltissues_investigate,dlpfc_xds_pfc357_peaks_ridge_clock,ATAC,Inh,chr1:207803540-207829529,0.065279833972454,,68,RidgeCV
seaad_alltissues_investigate,dlpfc_xds_pfc357_peaks_ridge_clock,ATAC,Inh,chr1:209607004-209632713,0.0506829209625721,,193,RidgeCV
seaad_alltissues_investigate,dlpfc_xds_pfc357_peaks_ridge_clock,ATAC,Inh,chr12:10362971-10367279,0.0558198615908622,,130,RidgeCV
seaad_alltissues_investigate,dlpfc_xds_pfc357_peaks_ridge_clock,ATAC,Inh,chr12:103928242-103931790,0.0552654154598712,,134,RidgeCV
seaad_alltissues_investigate,dlpfc_xds_pfc357_peaks_ridge_clock,ATAC,Inh,chr12:124495133-124501622,-0.0514669753611087,,181,RidgeCV
seaad_alltissues_investigate,dlpfc_xds_pfc357_peaks_ridge_clock,ATAC,Inh,chr12:124672914-124680343,-0.0577733851969242,,111,RidgeCV
seaad_alltissues_investigate,dlpfc_xds_pfc357_peaks_ridge_clock,ATAC,Inh,chr1:2224184-2244115,0.0742412731051445,,44,RidgeCV
seaad_alltissues_investigate,dlpfc_xds_pfc357_peaks_ridge_clock,ATAC,Inh,chr12:2317749-2326733,0.0541181899607181,,148,RidgeCV
seaad_alltissues_investigate,dlpfc_xds_pfc357_peaks_ridge_clock,ATAC,Inh,chr12:51810987-51825570,-0.067068263888359,,62,RidgeCV
seaad_alltissues_investigate,dlpfc_xds_pfc357_peaks_ridge_clock,ATAC,Inh,chr12:52048618-52064846,-0.0530050843954086,,164,RidgeCV
seaad_alltissues_investigate,dlpfc_xds_pfc357_peaks_ridge_clock,ATAC,Inh,chr1:2522718-2550114,-0.1058450192213058,,13,RidgeCV
seaad_alltissues_investigate,dlpfc_xds_pfc357_peaks_ridge_clock,ATAC,Inh,chr12:54382885-54394812,-0.0673773735761642,,60,RidgeCV
seaad_alltissues_investigate,dlpfc_xds_pfc357_peaks_ridge_clock,ATAC,Inh,chr12:55971521-55975000,0.0658579468727111,,66,RidgeCV
seaad_alltissues_investigate,dlpfc_xds_pfc357_peaks_ridge_clock,ATAC,Inh,chr1:27517983-27553243,0.089719220995903,,20,RidgeCV
seaad_alltissues_investigate,dlpfc_xds_pfc357_peaks_ridge_clock,ATAC,Inh,chr12:94145289-94153361,0.0637697875499725,,75,RidgeCV
seaad_alltissues_investigate,dlpfc_xds_pfc357_peaks_ridge_clock,ATAC,Inh,chr13:52844522-52852495,-0.0521513596177101,,172,RidgeCV
seaad_alltissues_investigate,dlpfc_xds_pfc357_peaks_ridge_clock,ATAC,Inh,chr13:57627716-57638912,-0.0616388097405433,,84,RidgeCV
seaad_alltissues_investigate,dlpfc_xds_pfc357_peaks_ridge_clock,ATAC,Inh,chr13:99188559-99193696,0.0533022359013557,,159,RidgeCV
seaad_alltissues_investigate,dlpfc_xds_pfc357_peaks_ridge_clock,ATAC,Inh,chr1:40978716-40988219,0.0609728172421455,,89,RidgeCV
seaad_alltissues_investigate,dlpfc_xds_pfc357_peaks_ridge_clock,ATAC,Inh,chr14:103507897-103558905,0.055648386478424,,131,RidgeCV
seaad_alltissues_investigate,dlpfc_xds_pfc357_peaks_ridge_clock,ATAC,Inh,chr14:103688520-103743120,0.0940419510006904,,16,RidgeCV
seaad_alltissues_investigate,dlpfc_xds_pfc357_peaks_ridge_clock,ATAC,Inh,chr14:104966938-104987180,-0.0572982355952262,,120,RidgeCV
seaad_alltissues_investigate,dlpfc_xds_pfc357_peaks_ridge_clock,ATAC,Inh,chr14:105084372-105095136,-0.054430715739727,,142,RidgeCV
seaad_alltissues_investigate,dlpfc_xds_pfc357_peaks_ridge_clock,ATAC,Inh,chr14:105161479-105184624,-0.0614117495715618,,86,RidgeCV
seaad_alltissues_investigate,dlpfc_xds_pfc357_peaks_ridge_clock,ATAC,Inh,chr14:20460578-20462664,0.0535572841763496,,155,RidgeCV
seaad_alltissues_investigate,dlpfc_xds_pfc357_peaks_ridge_clock,ATAC,Inh,chr14:24113458-24116560,0.0531996227800846,,162,RidgeCV
seaad_alltissues_investigate,dlpfc_xds_pfc357_peaks_ridge_clock,ATAC,Inh,chr14:28753028-28769101,-0.068132184445858,,59,RidgeCV
seaad_alltissues_investigate,dlpfc_xds_pfc357_peaks_ridge_clock,ATAC,Inh,chr1:46170704-46176793,0.0641911998391151,,72,RidgeCV
seaad_alltissues_investigate,dlpfc_xds_pfc357_peaks_ridge_clock,ATAC,Inh,chr14:75273077-75284458,-0.0543049797415733,,144,RidgeCV
seaad_alltissues_investigate,dlpfc_xds_pfc357_peaks_ridge_clock,ATAC,Inh,chr14:76912638-76934414,-0.0802596658468246,,33,RidgeCV
seaad_alltissues_investigate,dlpfc_xds_pfc357_peaks_ridge_clock,ATAC,Inh,chr14:77118847-77149105,0.070606417953968,,51,RidgeCV
seaad_alltissues_investigate,dlpfc_xds_pfc357_peaks_ridge_clock,ATAC,Inh,chr15:31356173-31368929,0.0593758337199687,,95,RidgeCV
seaad_alltissues_investigate,dlpfc_xds_pfc357_peaks_ridge_clock,ATAC,Inh,chr1:53287100-53331123,0.0740406736731529,,46,RidgeCV
seaad_alltissues_investigate,dlpfc_xds_pfc357_peaks_ridge_clock,ATAC,Inh,chr15:74220894-74235421,-0.0504321977496147,,197,RidgeCV
seaad_alltissues_investigate,dlpfc_xds_pfc357_peaks_ridge_clock,ATAC,Inh,chr15:75449977-75457520,-0.0507311038672924,,191,RidgeCV
seaad_alltissues_investigate,dlpfc_xds_pfc357_peaks_ridge_clock,ATAC,Inh,chr15:76339517-76343018,-0.0505565181374549,,195,RidgeCV
seaad_alltissues_investigate,dlpfc_xds_pfc357_peaks_ridge_clock,ATAC,Inh,chr15:92899894-92905660,-0.0509299263358116,,188,RidgeCV
seaad_alltissues_investigate,dlpfc_xds_pfc357_peaks_ridge_clock,ATAC,Inh,chr16:2172615-2187611,-0.0753892064094543,,39,RidgeCV
seaad_alltissues_investigate,dlpfc_xds_pfc357_peaks_ridge_clock,ATAC,Inh,chr16:2960781-2978260,-0.0541046410799026,,149,RidgeCV
seaad_alltissues_investigate,dlpfc_xds_pfc357_peaks_ridge_clock,ATAC,Inh,chr16:3019886-3032091,-0.0565072894096374,,126,RidgeCV
seaad_alltissues_investigate,dlpfc_xds_pfc357_peaks_ridge_clock,ATAC,Inh,chr16:4306251-4308715,-0.0538806095719337,,153,RidgeCV
seaad_alltissues_investigate,dlpfc_xds_pfc357_peaks_ridge_clock,ATAC,Inh,chr16:4675931-4699492,0.0697883069515228,,53,RidgeCV
seaad_alltissues_investigate,dlpfc_xds_pfc357_peaks_ridge_clock,ATAC,Inh,chr16:4953214-4965011,-0.0630213618278503,,78,RidgeCV
seaad_alltissues_investigate,dlpfc_xds_pfc357_peaks_ridge_clock,ATAC,Inh,chr16:665486-735481,-0.1188171282410621,,9,RidgeCV
seaad_alltissues_investigate,dlpfc_xds_pfc357_peaks_ridge_clock,ATAC,Inh,chr16:66870778-66892029,0.0670063495635986,,63,RidgeCV
seaad_alltissues_investigate,dlpfc_xds_pfc357_peaks_ridge_clock,ATAC,Inh,chr16:83988036-83999803,0.0627872943878173,,79,RidgeCV
seaad_alltissues_investigate,dlpfc_xds_pfc357_peaks_ridge_clock,ATAC,Inh,chr16:89046595-89054537,-0.0567691512405872,,124,RidgeCV
seaad_alltissues_investigate,dlpfc_xds_pfc357_peaks_ridge_clock,ATAC,Inh,chr16:89311719-89327409,0.0814024806022644,,32,RidgeCV
seaad_alltissues_investigate,dlpfc_xds_pfc357_peaks_ridge_clock,ATAC,Inh,chr17:17463255-17473391,-0.0510958470404148,,185,RidgeCV
seaad_alltissues_investigate,dlpfc_xds_pfc357_peaks_ridge_clock,ATAC,Inh,chr17:22521359-22521487,-0.1475754231214523,,4,RidgeCV
seaad_alltissues_investigate,dlpfc_xds_pfc357_peaks_ridge_clock,ATAC,Inh,chr17:2373886-2404329,-0.0612426847219467,,88,RidgeCV
seaad_alltissues_investigate,dlpfc_xds_pfc357_peaks_ridge_clock,ATAC,Inh,chr17:40336596-40360380,-0.0752647817134857,,40,RidgeCV
seaad_alltissues_investigate,dlpfc_xds_pfc357_peaks_ridge_clock,ATAC,Inh,chr17:45218607-45236600,-0.0622662119567394,,81,RidgeCV
seaad_alltissues_investigate,dlpfc_xds_pfc357_peaks_ridge_clock,ATAC,Inh,chr17:50617595-50635307,-0.0563560687005519,,127,RidgeCV
seaad_alltissues_investigate,dlpfc_xds_pfc357_peaks_ridge_clock,ATAC,Inh,chr17:58516931-58522009,0.0576204881072044,,114,RidgeCV
seaad_alltissues_investigate,dlpfc_xds_pfc357_peaks_ridge_clock,ATAC,Inh,chr17:7434995-7438685,-0.0574607998132705,,119,RidgeCV
seaad_alltissues_investigate,dlpfc_xds_pfc357_peaks_ridge_clock,ATAC,Inh,chr17:75288577-75290878,-0.0545086935162544,,140,RidgeCV
seaad_alltissues_investigate,dlpfc_xds_pfc357_peaks_ridge_clock,ATAC,Inh,chr17:77419957-77430717,0.0741922557353973,,45,RidgeCV
seaad_alltissues_investigate,dlpfc_xds_pfc357_peaks_ridge_clock,ATAC,Inh,chr17:79795967-79799377,-0.0893860533833503,,21,RidgeCV
seaad_alltissues_investigate,dlpfc_xds_pfc357_peaks_ridge_clock,ATAC,Inh,chr17:79809658-79814003,-0.1081437543034553,,10,RidgeCV
seaad_alltissues_investigate,dlpfc_xds_pfc357_peaks_ridge_clock,ATAC,Inh,chr17:79834432-79841178,-0.0532847419381141,,160,RidgeCV
seaad_alltissues_investigate,dlpfc_xds_pfc357_peaks_ridge_clock,ATAC,Inh,chr18:48931770-48956607,0.0626266151666641,,80,RidgeCV
seaad_alltissues_investigate,dlpfc_xds_pfc357_peaks_ridge_clock,ATAC,Inh,chr19:10415745-10422608,-0.0888347625732421,,23,RidgeCV
seaad_alltissues_investigate,dlpfc_xds_pfc357_peaks_ridge_clock,ATAC,Inh,chr19:18414054-18442660,-0.1731214672327041,,2,RidgeCV
seaad_alltissues_investigate,dlpfc_xds_pfc357_peaks_ridge_clock,ATAC,Inh,chr19:1846597-1867549,-0.1729058474302292,,3,RidgeCV
seaad_alltissues_investigate,dlpfc_xds_pfc357_peaks_ridge_clock,ATAC,Inh,chr19:21568757-21569902,-0.0555172488093376,,132,RidgeCV
seaad_alltissues_investigate,dlpfc_xds_pfc357_peaks_ridge_clock,ATAC,Inh,chr19:35930894-35932270,-0.0516947172582149,,179,RidgeCV
seaad_alltissues_investigate,dlpfc_xds_pfc357_peaks_ridge_clock,ATAC,Inh,chr19:38898238-38900525,-0.0524768605828285,,169,RidgeCV
seaad_alltissues_investigate,dlpfc_xds_pfc357_peaks_ridge_clock,ATAC,Inh,chr19:41261855-41266084,0.0579909048974514,,106,RidgeCV
seaad_alltissues_investigate,dlpfc_xds_pfc357_peaks_ridge_clock,ATAC,Inh,chr19:42395569-42404033,0.051208171993494,,183,RidgeCV
seaad_alltissues_investigate,dlpfc_xds_pfc357_peaks_ridge_clock,ATAC,Inh,chr19:4365152-4377747,0.0749666094779968,,42,RidgeCV
seaad_alltissues_investigate,dlpfc_xds_pfc357_peaks_ridge_clock,ATAC,Inh,chr19:45177119-45180003,0.0531840994954109,,163,RidgeCV
seaad_alltissues_investigate,dlpfc_xds_pfc357_peaks_ridge_clock,ATAC,Inh,chr19:47019201-47023784,-0.0581037178635597,,105,RidgeCV
seaad_alltissues_investigate,dlpfc_xds_pfc357_peaks_ridge_clock,ATAC,Inh,chr19:47509388-47516141,0.0541862696409225,,146,RidgeCV
seaad_alltissues_investigate,dlpfc_xds_pfc357_peaks_ridge_clock,ATAC,Inh,chr19:48084294-48087562,-0.0585494041442871,,100,RidgeCV
seaad_alltissues_investigate,dlpfc_xds_pfc357_peaks_ridge_clock,ATAC,Inh,chr19:48622399-48632024,-0.0601939633488655,,92,RidgeCV
seaad_alltissues_investigate,dlpfc_xds_pfc357_peaks_ridge_clock,ATAC,Inh,chr19:48632866-48641599,-0.0578061491250991,,109,RidgeCV
seaad_alltissues_investigate,dlpfc_xds_pfc357_peaks_ridge_clock,ATAC,Inh,chr19:50606150-50609030,0.0545241422951221,,139,RidgeCV
seaad_alltissues_investigate,dlpfc_xds_pfc357_peaks_ridge_clock,ATAC,Inh,chr19:53864339-53869888,-0.0630456432700157,,77,RidgeCV
seaad_alltissues_investigate,dlpfc_xds_pfc357_peaks_ridge_clock,ATAC,Inh,chr19:54414648-54423277,-0.0995480269193649,,14,RidgeCV
seaad_alltissues_investigate,dlpfc_xds_pfc357_peaks_ridge_clock,ATAC,Inh,chr19:55165888-55167453,-0.0517116151750087,,178,RidgeCV
seaad_alltissues_investigate,dlpfc_xds_pfc357_peaks_ridge_clock,ATAC,Inh,chr19:5827708-5829177,-0.0878423973917961,,24,RidgeCV
seaad_alltissues_investigate,dlpfc_xds_pfc357_peaks_ridge_clock,ATAC,Inh,chr19:7910398-7932800,-0.0688776224851608,,58,RidgeCV
seaad_alltissues_investigate,dlpfc_xds_pfc357_peaks_ridge_clock,ATAC,Inh,chr1:996901-1006150,-0.2703228592872619,,0,RidgeCV
seaad_alltissues_investigate,dlpfc_xds_pfc357_peaks_ridge_clock,ATAC,Inh,chr19:9935394-9937357,-0.0589929819107055,,96,RidgeCV
seaad_alltissues_investigate,dlpfc_xds_pfc357_peaks_ridge_clock,ATAC,Inh,chr20:2124608-2138151,0.0517305731773376,,176,RidgeCV
seaad_alltissues_investigate,dlpfc_xds_pfc357_peaks_ridge_clock,ATAC,Inh,chr20:34871244-34877415,-0.0594893395900726,,94,RidgeCV
seaad_alltissues_investigate,dlpfc_xds_pfc357_peaks_ridge_clock,ATAC,Inh,chr20:3744856-3757914,-0.0576895475387573,,113,RidgeCV
seaad_alltissues_investigate,dlpfc_xds_pfc357_peaks_ridge_clock,ATAC,Inh,chr20:3777037-3788259,-0.0698998570442199,,52,RidgeCV
seaad_alltissues_investigate,dlpfc_xds_pfc357_peaks_ridge_clock,ATAC,Inh,chr2:127063257-127100123,0.0606488212943077,,91,RidgeCV
seaad_alltissues_investigate,dlpfc_xds_pfc357_peaks_ridge_clock,ATAC,Inh,chr2:144331095-144334270,0.0554099269211292,,133,RidgeCV
seaad_alltissues_investigate,dlpfc_xds_pfc357_peaks_ridge_clock,ATAC,Inh,chr2:14631653-14637789,-0.0544902384281158,,141,RidgeCV
seaad_alltissues_investigate,dlpfc_xds_pfc357_peaks_ridge_clock,ATAC,Inh,chr2:1967264-1977245,-0.0574673078954219,,118,RidgeCV
seaad_alltissues_investigate,dlpfc_xds_pfc357_peaks_ridge_clock,ATAC,Inh,chr2:218952287-218965346,-0.0888810008764267,,22,RidgeCV
seaad_alltissues_investigate,dlpfc_xds_pfc357_peaks_ridge_clock,ATAC,Inh,chr22:20417707-20442808,-0.083029955625534,,30,RidgeCV
seaad_alltissues_investigate,dlpfc_xds_pfc357_peaks_ridge_clock,ATAC,Inh,chr22:23092600-23129376,0.0838980749249458,,28,RidgeCV
seaad_alltissues_investigate,dlpfc_xds_pfc357_peaks_ridge_clock,ATAC,Inh,chr22:29334112-29344949,0.0519552826881408,,174,RidgeCV
seaad_alltissues_investigate,dlpfc_xds_pfc357_peaks_ridge_clock,ATAC,Inh,chr22:36236769-36240500,0.0585525892674922,,99,RidgeCV
seaad_alltissues_investigate,dlpfc_xds_pfc357_peaks_ridge_clock,ATAC,Inh,chr2:239755913-239759639,0.0541023984551429,,150,RidgeCV
seaad_alltissues_investigate,dlpfc_xds_pfc357_peaks_ridge_clock,ATAC,Inh,chr22:41408430-41415965,0.071070872247219,,50,RidgeCV
seaad_alltissues_investigate,dlpfc_xds_pfc357_peaks_ridge_clock,ATAC,Inh,chr2:25241487-25300449,0.069583460688591,,56,RidgeCV
seaad_alltissues_investigate,dlpfc_xds_pfc357_peaks_ridge_clock,ATAC,Inh,chr2:60501707-60541633,0.0512921139597892,,182,RidgeCV
seaad_alltissues_investigate,dlpfc_xds_pfc357_peaks_ridge_clock,ATAC,Inh,chr2:7005109-7026104,0.0759620144963264,,36,RidgeCV
seaad_alltissues_investigate,dlpfc_xds_pfc357_peaks_ridge_clock,ATAC,Inh,chr2:70256675-70264262,0.0547192841768264,,137,RidgeCV
seaad_alltissues_investigate,dlpfc_xds_pfc357_peaks_ridge_clock,ATAC,Inh,chr2:85594223-85613181,-0.0504715032875537,,196,RidgeCV
seaad_alltissues_investigate,dlpfc_xds_pfc357_peaks_ridge_clock,ATAC,Inh,chr2:96527117-96539457,-0.0608938783407211,,90,RidgeCV
seaad_alltissues_investigate,dlpfc_xds_pfc357_peaks_ridge_clock,ATAC,Inh,chr3:115145644-115149342,0.069723293185234,,54,RidgeCV
seaad_alltissues_investigate,dlpfc_xds_pfc357_peaks_ridge_clock,ATAC,Inh,chr3:126981312-127041706,0.0503540709614753,,199,RidgeCV
seaad_alltissues_investigate,dlpfc_xds_pfc357_peaks_ridge_clock,ATAC,Inh,chr3:127732364-127741707,-0.0534458197653293,,158,RidgeCV
seaad_alltissues_investigate,dlpfc_xds_pfc357_peaks_ridge_clock,ATAC,Inh,chr3:12900674-12971497,0.0903228223323822,,19,RidgeCV
seaad_alltissues_investigate,dlpfc_xds_pfc357_peaks_ridge_clock,ATAC,Inh,chr3:181716903-181729972,0.0540151223540306,,151,RidgeCV
seaad_alltissues_investigate,dlpfc_xds_pfc357_peaks_ridge_clock,ATAC,Inh,chr3:49632228-49676047,-0.1080041751265525,,11,RidgeCV
seaad_alltissues_investigate,dlpfc_xds_pfc357_peaks_ridge_clock,ATAC,Inh,chr3:52117145-52126702,-0.0622082613408565,,82,RidgeCV
seaad_alltissues_investigate,dlpfc_xds_pfc357_peaks_ridge_clock,ATAC,Inh,chr4:186722936-186727404,-0.07526196539402,,41,RidgeCV
seaad_alltissues_investigate,dlpfc_xds_pfc357_peaks_ridge_clock,ATAC,Inh,chr4:6359274-6386670,0.053515076637268,,157,RidgeCV
seaad_alltissues_investigate,dlpfc_xds_pfc357_peaks_ridge_clock,ATAC,Inh,chr4:985176-1005985,-0.0756016969680786,,38,RidgeCV
seaad_alltissues_investigate,dlpfc_xds_pfc357_peaks_ridge_clock,ATAC,Inh,chr5:138942850-138965806,0.0929586142301559,,17,RidgeCV
seaad_alltissues_investigate,dlpfc_xds_pfc357_peaks_ridge_clock,ATAC,Inh,chr5:141752791-141790350,0.0789995118975639,,35,RidgeCV
seaad_alltissues_investigate,dlpfc_xds_pfc357_peaks_ridge_clock,ATAC,Inh,chr5:141834479-141858927,0.0538215339183807,,154,RidgeCV
seaad_alltissues_investigate,dlpfc_xds_pfc357_peaks_ridge_clock,ATAC,Inh,chr5:141861210-141886469,0.0665144324302673,,64,RidgeCV
seaad_alltissues_investigate,dlpfc_xds_pfc357_peaks_ridge_clock,ATAC,Inh,chr5:176637500-176663238,0.0831363722681999,,29,RidgeCV
seaad_alltissues_investigate,dlpfc_xds_pfc357_peaks_ridge_clock,ATAC,Inh,chr5:49657691-49661847,0.0696636438369751,,55,RidgeCV
seaad_alltissues_investigate,dlpfc_xds_pfc357_peaks_ridge_clock,ATAC,Inh,chr5:783102-785800,0.0584444850683212,,101,RidgeCV
seaad_alltissues_investigate,dlpfc_xds_pfc357_peaks_ridge_clock,ATAC,Inh,chr5:88662749-88682125,0.0615530088543891,,85,RidgeCV
seaad_alltissues_investigate,dlpfc_xds_pfc357_peaks_ridge_clock,ATAC,Inh,chr6:26025142-26027990,-0.0539442747831344,,152,RidgeCV
seaad_alltissues_investigate,dlpfc_xds_pfc357_peaks_ridge_clock,ATAC,Inh,chr6:26031386-26034541,-0.0905973017215728,,18,RidgeCV
seaad_alltissues_investigate,dlpfc_xds_pfc357_peaks_ridge_clock,ATAC,Inh,chr6:26042821-26046111,-0.0542190037667751,,145,RidgeCV
seaad_alltissues_investigate,dlpfc_xds_pfc357_peaks_ridge_clock,ATAC,Inh,chr6:26222521-26225673,-0.065135583281517,,69,RidgeCV
seaad_alltissues_investigate,dlpfc_xds_pfc357_peaks_ridge_clock,ATAC,Inh,chr6:32893279-32895602,-0.0526737719774246,,166,RidgeCV
seaad_alltissues_investigate,dlpfc_xds_pfc357_peaks_ridge_clock,ATAC,Inh,chr6:35723676-35738173,0.1064789071679115,,12,RidgeCV
seaad_alltissues_investigate,dlpfc_xds_pfc357_peaks_ridge_clock,ATAC,Inh,chr6:44243274-44259242,0.0578867048025131,,108,RidgeCV
seaad_alltissues_investigate,dlpfc_xds_pfc357_peaks_ridge_clock,ATAC,Inh,chr7:100580930-100587805,0.0559319369494915,,128,RidgeCV
seaad_alltissues_investigate,dlpfc_xds_pfc357_peaks_ridge_clock,ATAC,Inh,chr7:101158619-101174695,-0.1419888138771057,,6,RidgeCV
seaad_alltissues_investigate,dlpfc_xds_pfc357_peaks_ridge_clock,ATAC,Inh,chr7:139421466-139438360,0.0588272884488105,,97,RidgeCV
seaad_alltissues_investigate,dlpfc_xds_pfc357_peaks_ridge_clock,ATAC,Inh,chr7:142850339-142857947,0.0543161109089851,,143,RidgeCV
seaad_alltissues_investigate,dlpfc_xds_pfc357_peaks_ridge_clock,ATAC,Inh,chr7:149770671-149784142,-0.0640498772263526,,74,RidgeCV
seaad_alltissues_investigate,dlpfc_xds_pfc357_peaks_ridge_clock,ATAC,Inh,chr7:151231183-151259594,0.0695093125104904,,57,RidgeCV
seaad_alltissues_investigate,dlpfc_xds_pfc357_peaks_ridge_clock,ATAC,Inh,chr7:1992734-1996047,-0.0532406568527221,,161,RidgeCV
seaad_alltissues_investigate,dlpfc_xds_pfc357_peaks_ridge_clock,ATAC,Inh,chr7:2515382-2532413,-0.052641499787569,,167,RidgeCV
seaad_alltissues_investigate,dlpfc_xds_pfc357_peaks_ridge_clock,ATAC,Inh,chr7:2627639-2657131,-0.0552650205790996,,135,RidgeCV
seaad_alltissues_investigate,dlpfc_xds_pfc357_peaks_ridge_clock,ATAC,Inh,chr7:5485762-5499196,0.0511166527867317,,184,RidgeCV
seaad_alltissues_investigate,dlpfc_xds_pfc357_peaks_ridge_clock,ATAC,Inh,chr7:97011632-97020108,0.0518925264477729,,175,RidgeCV
seaad_alltissues_investigate,dlpfc_xds_pfc357_peaks_ridge_clock,ATAC,Inh,chr8:10545524-10548670,-0.0715393796563148,,49,RidgeCV
seaad_alltissues_investigate,dlpfc_xds_pfc357_peaks_ridge_clock,ATAC,Inh,chr8:132320567-132332225,0.0574824027717113,,116,RidgeCV
seaad_alltissues_investigate,dlpfc_xds_pfc357_peaks_ridge_clock,ATAC,Inh,chr8:141034115-141046640,-0.0634287148714065,,76,RidgeCV
seaad_alltissues_investigate,dlpfc_xds_pfc357_peaks_ridge_clock,ATAC,Inh,chr8:141348674-141429507,0.067074105143547,,61,RidgeCV
seaad_alltissues_investigate,dlpfc_xds_pfc357_peaks_ridge_clock,ATAC,Inh,chr8:141571344-141574637,0.0572662241756916,,121,RidgeCV
seaad_alltissues_investigate,dlpfc_xds_pfc357_peaks_ridge_clock,ATAC,Inh,chr8:141714697-141732441,0.0509013719856739,,189,RidgeCV
seaad_alltissues_investigate,dlpfc_xds_pfc357_peaks_ridge_clock,ATAC,Inh,chr8:142446878-142501220,0.1316242665052414,,7,RidgeCV
seaad_alltissues_investigate,dlpfc_xds_pfc357_peaks_ridge_clock,ATAC,Inh,chr8:142607557-142625382,-0.0718864277005195,,47,RidgeCV
seaad_alltissues_investigate,dlpfc_xds_pfc357_peaks_ridge_clock,ATAC,Inh,chr8:143730094-143743994,-0.0517244264483451,,177,RidgeCV
seaad_alltissues_investigate,dlpfc_xds_pfc357_peaks_ridge_clock,ATAC,Inh,chr8:144458024-144479977,-0.0548477470874786,,136,RidgeCV
seaad_alltissues_investigate,dlpfc_xds_pfc357_peaks_ridge_clock,ATAC,Inh,chr8:22122184-22150009,-0.0818998664617538,,31,RidgeCV
seaad_alltissues_investigate,dlpfc_xds_pfc357_peaks_ridge_clock,ATAC,Inh,chr8:22151530-22166207,0.0583452358841896,,103,RidgeCV
seaad_alltissues_investigate,dlpfc_xds_pfc357_peaks_ridge_clock,ATAC,Inh,chr8:41644989-41667186,0.0759437680244445,,37,RidgeCV
seaad_alltissues_investigate,dlpfc_xds_pfc357_peaks_ridge_clock,ATAC,Inh,chr8:79610088-79614149,-0.060137677937746,,93,RidgeCV
seaad_alltissues_investigate,dlpfc_xds_pfc357_peaks_ridge_clock,ATAC,Inh,chr9:123329119-123391289,0.0509998984634876,,186,RidgeCV
seaad_alltissues_investigate,dlpfc_xds_pfc357_peaks_ridge_clock,ATAC,Inh,chr9:124851866-124883256,0.0574686452746391,,117,RidgeCV
seaad_alltissues_investigate,dlpfc_xds_pfc357_peaks_ridge_clock,ATAC,Inh,chr9:127128271-127140058,0.0524385757744312,,170,RidgeCV
seaad_alltissues_investigate,dlpfc_xds_pfc357_peaks_ridge_clock,ATAC,Inh,chr9:129078600-129084338,0.0508827120065689,,190,RidgeCV
seaad_alltissues_investigate,dlpfc_xds_pfc357_peaks_ridge_clock,ATAC,Inh,chr9:129170117-129179319,-0.0641616582870483,,73,RidgeCV
seaad_alltissues_investigate,dlpfc_xds_pfc357_peaks_ridge_clock,ATAC,Inh,chr9:129330328-129354718,-0.050712414085865,,192,RidgeCV
seaad_alltissues_investigate,dlpfc_xds_pfc357_peaks_ridge_clock,ATAC,Inh,chr9:133799161-133816075,-0.0565607883036136,,125,RidgeCV
seaad_alltissues_investigate,dlpfc_xds_pfc357_peaks_ridge_clock,ATAC,Inh,chr9:135073741-135117855,0.0613045394420623,,87,RidgeCV
seaad_alltissues_investigate,dlpfc_xds_pfc357_peaks_ridge_clock,ATAC,Inh,chr9:135178075-135189194,-0.0574881806969642,,115,RidgeCV
seaad_alltissues_investigate,dlpfc_xds_pfc357_peaks_ridge_clock,ATAC,Inh,chr9:135235777-135261574,-0.057250078767538,,122,RidgeCV
seaad_alltissues_investigate,dlpfc_xds_pfc357_peaks_ridge_clock,ATAC,Inh,chr9:137298103-137322382,-0.0877358093857765,,25,RidgeCV
seaad_alltissues_investigate,dlpfc_xds_pfc357_peaks_ridge_clock,ATAC,Inh,chr9:89413685-89469023,0.06442441791296,,71,RidgeCV
seaad_alltissues_investigate,dlpfc_xds_pfc357_peaks_ridge_clock,ATAC,Inh,chr9:98055769-98059967,0.0579614304006099,,107,RidgeCV
seaad_alltissues_investigate,dlpfc_xds_pfc357_peaks_ridge_clock,ATAC,Mic,chr10:100993457-101024904,-0.0475746989250183,,190,RidgeCV
seaad_alltissues_investigate,dlpfc_xds_pfc357_peaks_ridge_clock,ATAC,Mic,chr10:102625102-102635682,-0.0546632520854473,,112,RidgeCV
seaad_alltissues_investigate,dlpfc_xds_pfc357_peaks_ridge_clock,ATAC,Mic,chr10:103756020-103760308,0.0511988289654254,,134,RidgeCV
seaad_alltissues_investigate,dlpfc_xds_pfc357_peaks_ridge_clock,ATAC,Mic,chr10:103762886-103768788,0.0495082437992095,,159,RidgeCV
seaad_alltissues_investigate,dlpfc_xds_pfc357_peaks_ridge_clock,ATAC,Mic,chr10:124635543-124656817,-0.0556398071348667,,102,RidgeCV
seaad_alltissues_investigate,dlpfc_xds_pfc357_peaks_ridge_clock,ATAC,Mic,chr10:124695954-124726472,0.0502414666116237,,150,RidgeCV
seaad_alltissues_investigate,dlpfc_xds_pfc357_peaks_ridge_clock,ATAC,Mic,chr10:130714303-130719615,0.0502002425491809,,151,RidgeCV
seaad_alltissues_investigate,dlpfc_xds_pfc357_peaks_ridge_clock,ATAC,Mic,chr10:133254126-133264817,0.0579568892717361,,87,RidgeCV
seaad_alltissues_investigate,dlpfc_xds_pfc357_peaks_ridge_clock,ATAC,Mic,chr10:6199048-6205954,-0.0534829795360565,,118,RidgeCV
seaad_alltissues_investigate,dlpfc_xds_pfc357_peaks_ridge_clock,ATAC,Mic,chr10:72326701-72339207,0.0658994615077972,,52,RidgeCV
seaad_alltissues_investigate,dlpfc_xds_pfc357_peaks_ridge_clock,ATAC,Mic,chr10:79257173-79278369,-0.0867757350206375,,16,RidgeCV
seaad_alltissues_investigate,dlpfc_xds_pfc357_peaks_ridge_clock,ATAC,Mic,chr10:93060896-93064761,0.0666492879390716,,46,RidgeCV
seaad_alltissues_investigate,dlpfc_xds_pfc357_peaks_ridge_clock,ATAC,Mic,chr10:93066952-93075520,0.0885572582483291,,14,RidgeCV
seaad_alltissues_investigate,dlpfc_xds_pfc357_peaks_ridge_clock,ATAC,Mic,chr11:114071750-114101302,0.0484165698289871,,175,RidgeCV
seaad_alltissues_investigate,dlpfc_xds_pfc357_peaks_ridge_clock,ATAC,Mic,chr11:114119129-114184543,0.1219761371612548,,3,RidgeCV
seaad_alltissues_investigate,dlpfc_xds_pfc357_peaks_ridge_clock,ATAC,Mic,chr11:118906431-118931465,-0.1126644611358642,,5,RidgeCV
seaad_alltissues_investigate,dlpfc_xds_pfc357_peaks_ridge_clock,ATAC,Mic,chr11:121443452-121469401,0.0589355081319808,,86,RidgeCV
seaad_alltissues_investigate,dlpfc_xds_pfc357_peaks_ridge_clock,ATAC,Mic,chr11:126465032-126472037,0.090119257569313,,13,RidgeCV
seaad_alltissues_investigate,dlpfc_xds_pfc357_peaks_ridge_clock,ATAC,Mic,chr11:13009020-13010202,-0.0885398089885711,,15,RidgeCV
seaad_alltissues_investigate,dlpfc_xds_pfc357_peaks_ridge_clock,ATAC,Mic,chr11:130458554-130458804,0.0508658327162265,,141,RidgeCV
seaad_alltissues_investigate,dlpfc_xds_pfc357_peaks_ridge_clock,ATAC,Mic,chr1:116568129-116575844,0.0616787262260913,,70,RidgeCV
seaad_alltissues_investigate,dlpfc_xds_pfc357_peaks_ridge_clock,ATAC,Mic,chr1:116877268-116880208,0.0711830854415893,,36,RidgeCV
seaad_alltissues_investigate,dlpfc_xds_pfc357_peaks_ridge_clock,ATAC,Mic,chr11:1743457-1764979,-0.0645958855748176,,58,RidgeCV
seaad_alltissues_investigate,dlpfc_xds_pfc357_peaks_ridge_clock,ATAC,Mic,chr1:159853452-159857208,0.0571912489831447,,93,RidgeCV
seaad_alltissues_investigate,dlpfc_xds_pfc357_peaks_ridge_clock,ATAC,Mic,chr11:61813390-61818490,0.0643719807267189,,60,RidgeCV
seaad_alltissues_investigate,dlpfc_xds_pfc357_peaks_ridge_clock,ATAC,Mic,chr11:61825843-61835690,0.0492192730307579,,164,RidgeCV
seaad_alltissues_investigate,dlpfc_xds_pfc357_peaks_ridge_clock,ATAC,Mic,chr11:62555471-62557342,0.0548964999616146,,107,RidgeCV
seaad_alltissues_investigate,dlpfc_xds_pfc357_peaks_ridge_clock,ATAC,Mic,chr11:65568736-65579448,-0.0509053282439708,,140,RidgeCV
seaad_alltissues_investigate,dlpfc_xds_pfc357_peaks_ridge_clock,ATAC,Mic,chr11:65605663-65608589,-0.0472434312105178,,199,RidgeCV
seaad_alltissues_investigate,dlpfc_xds_pfc357_peaks_ridge_clock,ATAC,Mic,chr11:68035086-68044812,0.0601151920855045,,78,RidgeCV
seaad_alltissues_investigate,dlpfc_xds_pfc357_peaks_ridge_clock,ATAC,Mic,chr1:168341346-168345699,0.0718164816498756,,34,RidgeCV
seaad_alltissues_investigate,dlpfc_xds_pfc357_peaks_ridge_clock,ATAC,Mic,chr1:17121286-17123594,0.0546642579138278,,111,RidgeCV
seaad_alltissues_investigate,dlpfc_xds_pfc357_peaks_ridge_clock,ATAC,Mic,chr1:181086865-181114034,-0.0485485568642616,,174,RidgeCV
seaad_alltissues_investigate,dlpfc_xds_pfc357_peaks_ridge_clock,ATAC,Mic,chr1:203624911-203631317,0.0508059523999691,,143,RidgeCV
seaad_alltissues_investigate,dlpfc_xds_pfc357_peaks_ridge_clock,ATAC,Mic,chr1:206462863-206473477,0.0487852357327938,,168,RidgeCV
seaad_alltissues_investigate,dlpfc_xds_pfc357_peaks_ridge_clock,ATAC,Mic,chr1:207803540-207829529,0.1580539345741272,,0,RidgeCV
seaad_alltissues_investigate,dlpfc_xds_pfc357_peaks_ridge_clock,ATAC,Mic,chr12:122077666-122083148,0.0479888096451759,,185,RidgeCV
seaad_alltissues_investigate,dlpfc_xds_pfc357_peaks_ridge_clock,ATAC,Mic,chr1:2224184-2244115,-0.0786578059196472,,23,RidgeCV
seaad_alltissues_investigate,dlpfc_xds_pfc357_peaks_ridge_clock,ATAC,Mic,chr1:227785536-227791360,0.0660994127392768,,51,RidgeCV
seaad_alltissues_investigate,dlpfc_xds_pfc357_peaks_ridge_clock,ATAC,Mic,chr1:228456886-228460281,0.0576806180179119,,91,RidgeCV
seaad_alltissues_investigate,dlpfc_xds_pfc357_peaks_ridge_clock,ATAC,Mic,chr1:2285761-2324948,-0.0624557957053184,,66,RidgeCV
seaad_alltissues_investigate,dlpfc_xds_pfc357_peaks_ridge_clock,ATAC,Mic,chr12:4267866-4297942,-0.0510127767920494,,138,RidgeCV
seaad_alltissues_investigate,dlpfc_xds_pfc357_peaks_ridge_clock,ATAC,Mic,chr1:24930269-24930492,0.0512259751558303,,133,RidgeCV
seaad_alltissues_investigate,dlpfc_xds_pfc357_peaks_ridge_clock,ATAC,Mic,chr1:2522718-2550114,0.1035928651690483,,7,RidgeCV
seaad_alltissues_investigate,dlpfc_xds_pfc357_peaks_ridge_clock,ATAC,Mic,chr1:27233395-27236155,0.0558157861232757,,101,RidgeCV
seaad_alltissues_investigate,dlpfc_xds_pfc357_peaks_ridge_clock,ATAC,Mic,chr13:112991802-113010940,0.094414085149765,,11,RidgeCV
seaad_alltissues_investigate,dlpfc_xds_pfc357_peaks_ridge_clock,ATAC,Mic,chr13:113040031-113056142,0.0558881908655166,,100,RidgeCV
seaad_alltissues_investigate,dlpfc_xds_pfc357_peaks_ridge_clock,ATAC,Mic,chr13:74128332-74137155,-0.0480925180017948,,181,RidgeCV
seaad_alltissues_investigate,dlpfc_xds_pfc357_peaks_ridge_clock,ATAC,Mic,chr14:103507897-103558905,-0.0803945437073707,,20,RidgeCV
seaad_alltissues_investigate,dlpfc_xds_pfc357_peaks_ridge_clock,ATAC,Mic,chr14:105161479-105184624,-0.0575016662478446,,92,RidgeCV
seaad_alltissues_investigate,dlpfc_xds_pfc357_peaks_ridge_clock,ATAC,Mic,chr1:41802887-41803836,-0.0595645941793918,,82,RidgeCV
seaad_alltissues_investigate,dlpfc_xds_pfc357_peaks_ridge_clock,ATAC,Mic,chr14:63724653-63729064,0.0553577505052089,,104,RidgeCV
seaad_alltissues_investigate,dlpfc_xds_pfc357_peaks_ridge_clock,ATAC,Mic,chr1:47437231-47438141,0.0516701228916645,,130,RidgeCV
seaad_alltissues_investigate,dlpfc_xds_pfc357_peaks_ridge_clock,ATAC,Mic,chr14:76770250-76788743,-0.0692104548215866,,41,RidgeCV
seaad_alltissues_investigate,dlpfc_xds_pfc357_peaks_ridge_clock,ATAC,Mic,chr14:77096601-77107484,0.0500160492956638,,152,RidgeCV
seaad_alltissues_investigate,dlpfc_xds_pfc357_peaks_ridge_clock,ATAC,Mic,chr14:99598370-99606994,-0.0594912692904472,,83,RidgeCV
seaad_alltissues_investigate,dlpfc_xds_pfc357_peaks_ridge_clock,ATAC,Mic,chr15:100134074-100134920,0.0505123697221279,,145,RidgeCV
seaad_alltissues_investigate,dlpfc_xds_pfc357_peaks_ridge_clock,ATAC,Mic,chr15:100140421-100142436,0.0648597329854965,,56,RidgeCV
seaad_alltissues_investigate,dlpfc_xds_pfc357_peaks_ridge_clock,ATAC,Mic,chr15:28884084-28905685,-0.0673170760273933,,45,RidgeCV
seaad_alltissues_investigate,dlpfc_xds_pfc357_peaks_ridge_clock,ATAC,Mic,chr15:28988495-28998964,-0.0837767124176025,,18,RidgeCV
seaad_alltissues_investigate,dlpfc_xds_pfc357_peaks_ridge_clock,ATAC,Mic,chr1:53287100-53331123,0.0503104105591774,,149,RidgeCV
seaad_alltissues_investigate,dlpfc_xds_pfc357_peaks_ridge_clock,ATAC,Mic,chr15:59169233-59170732,0.0497941635549068,,157,RidgeCV
seaad_alltissues_investigate,dlpfc_xds_pfc357_peaks_ridge_clock,ATAC,Mic,chr15:59174184-59178785,0.0666307657957077,,47,RidgeCV
seaad_alltissues_investigate,dlpfc_xds_pfc357_peaks_ridge_clock,ATAC,Mic,chr15:74399502-74435879,-0.0578889027237892,,89,RidgeCV
seaad_alltissues_investigate,dlpfc_xds_pfc357_peaks_ridge_clock,ATAC,Mic,chr15:90868382-90888177,-0.0560897067189216,,98,RidgeCV
seaad_alltissues_investigate,dlpfc_xds_pfc357_peaks_ridge_clock,ATAC,Mic,chr16:1977587-1994440,-0.1011281609535217,,8,RidgeCV
seaad_alltissues_investigate,dlpfc_xds_pfc357_peaks_ridge_clock,ATAC,Mic,chr16:2079364-2097497,-0.0539997965097427,,117,RidgeCV
seaad_alltissues_investigate,dlpfc_xds_pfc357_peaks_ridge_clock,ATAC,Mic,chr16:29804067-29817766,0.0987149477005004,,9,RidgeCV
seaad_alltissues_investigate,dlpfc_xds_pfc357_peaks_ridge_clock,ATAC,Mic,chr16:3019886-3032091,-0.0648901537060737,,55,RidgeCV
seaad_alltissues_investigate,dlpfc_xds_pfc357_peaks_ridge_clock,ATAC,Mic,chr16:31105748-31110360,-0.052104365080595,,129,RidgeCV
seaad_alltissues_investigate,dlpfc_xds_pfc357_peaks_ridge_clock,ATAC,Mic,chr16:395306-402874,-0.0474600978195667,,192,RidgeCV
seaad_alltissues_investigate,dlpfc_xds_pfc357_peaks_ridge_clock,ATAC,Mic,chr16:4109063-4117467,0.0485998429358005,,172,RidgeCV
seaad_alltissues_investigate,dlpfc_xds_pfc357_peaks_ridge_clock,ATAC,Mic,chr16:57621463-57650574,0.0908849164843559,,12,RidgeCV
seaad_alltissues_investigate,dlpfc_xds_pfc357_peaks_ridge_clock,ATAC,Mic,chr16:77721608-77723895,0.049931488931179,,155,RidgeCV
seaad_alltissues_investigate,dlpfc_xds_pfc357_peaks_ridge_clock,ATAC,Mic,chr16:83951176-83959435,0.0633227005600929,,64,RidgeCV
seaad_alltissues_investigate,dlpfc_xds_pfc357_peaks_ridge_clock,ATAC,Mic,chr16:84733973-84743431,0.0485777370631694,,173,RidgeCV
seaad_alltissues_investigate,dlpfc_xds_pfc357_peaks_ridge_clock,ATAC,Mic,chr16:85605166-85617757,-0.0705584809184074,,38,RidgeCV
seaad_alltissues_investigate,dlpfc_xds_pfc357_peaks_ridge_clock,ATAC,Mic,chr16:87841443-87872392,-0.0627720952033996,,65,RidgeCV
seaad_alltissues_investigate,dlpfc_xds_pfc357_peaks_ridge_clock,ATAC,Mic,chr17:10111615-10120262,0.0602400489151477,,77,RidgeCV
seaad_alltissues_investigate,dlpfc_xds_pfc357_peaks_ridge_clock,ATAC,Mic,chr17:14300508-14303107,0.051164299249649,,135,RidgeCV
seaad_alltissues_investigate,dlpfc_xds_pfc357_peaks_ridge_clock,ATAC,Mic,chr17:2373886-2404329,-0.0511187613010406,,137,RidgeCV
seaad_alltissues_investigate,dlpfc_xds_pfc357_peaks_ridge_clock,ATAC,Mic,chr17:36187187-36189302,-0.0645094513893127,,59,RidgeCV
seaad_alltissues_investigate,dlpfc_xds_pfc357_peaks_ridge_clock,ATAC,Mic,chr17:36190396-36193051,-0.0548870787024498,,108,RidgeCV
seaad_alltissues_investigate,dlpfc_xds_pfc357_peaks_ridge_clock,ATAC,Mic,chr17:43359443-43364853,-0.060382954776287,,75,RidgeCV
seaad_alltissues_investigate,dlpfc_xds_pfc357_peaks_ridge_clock,ATAC,Mic,chr17:4785103-4791320,0.0528085939586162,,125,RidgeCV
seaad_alltissues_investigate,dlpfc_xds_pfc357_peaks_ridge_clock,ATAC,Mic,chr17:4895229-4904154,-0.0686948373913765,,42,RidgeCV
seaad_alltissues_investigate,dlpfc_xds_pfc357_peaks_ridge_clock,ATAC,Mic,chr17:50947713-50951164,0.0476931817829608,,188,RidgeCV
seaad_alltissues_investigate,dlpfc_xds_pfc357_peaks_ridge_clock,ATAC,Mic,chr17:76489644-76502067,0.0983689278364181,,10,RidgeCV
seaad_alltissues_investigate,dlpfc_xds_pfc357_peaks_ridge_clock,ATAC,Mic,chr17:80258804-80264235,0.0665332600474357,,48,RidgeCV
seaad_alltissues_investigate,dlpfc_xds_pfc357_peaks_ridge_clock,ATAC,Mic,chr17:81025104-81053782,0.0529074855148792,,124,RidgeCV
seaad_alltissues_investigate,dlpfc_xds_pfc357_peaks_ridge_clock,ATAC,Mic,chr17:81380897-81406062,0.0756369158625602,,28,RidgeCV
seaad_alltissues_investigate,dlpfc_xds_pfc357_peaks_ridge_clock,ATAC,Mic,chr17:81859761-81862450,0.0486165098845958,,171,RidgeCV
seaad_alltissues_investigate,dlpfc_xds_pfc357_peaks_ridge_clock,ATAC,Mic,chr18:13364368-13384167,-0.0704977586865425,,39,RidgeCV
seaad_alltissues_investigate,dlpfc_xds_pfc357_peaks_ridge_clock,ATAC,Mic,chr18:811395-813257,-0.0729185044765472,,33,RidgeCV
seaad_alltissues_investigate,dlpfc_xds_pfc357_peaks_ridge_clock,ATAC,Mic,chr19:16895835-16898542,0.0786204561591148,,24,RidgeCV
seaad_alltissues_investigate,dlpfc_xds_pfc357_peaks_ridge_clock,ATAC,Mic,chr1:9181212-9184195,0.0608932636678218,,72,RidgeCV
seaad_alltissues_investigate,dlpfc_xds_pfc357_peaks_ridge_clock,ATAC,Mic,chr19:35113984-35127134,0.0472532995045185,,197,RidgeCV
seaad_alltissues_investigate,dlpfc_xds_pfc357_peaks_ridge_clock,ATAC,Mic,chr19:41351191-41354374,0.0577052906155586,,90,RidgeCV
seaad_alltissues_investigate,dlpfc_xds_pfc357_peaks_ridge_clock,ATAC,Mic,chr19:44844500-44849275,0.0550070330500602,,105,RidgeCV
seaad_alltissues_investigate,dlpfc_xds_pfc357_peaks_ridge_clock,ATAC,Mic,chr19:44903369-44906685,-0.0637116134166717,,61,RidgeCV
seaad_alltissues_investigate,dlpfc_xds_pfc357_peaks_ridge_clock,ATAC,Mic,chr19:44912699-44916219,-0.0509742647409439,,139,RidgeCV
seaad_alltissues_investigate,dlpfc_xds_pfc357_peaks_ridge_clock,ATAC,Mic,chr19:47225244-47233229,0.0680088847875595,,44,RidgeCV
seaad_alltissues_investigate,dlpfc_xds_pfc357_peaks_ridge_clock,ATAC,Mic,chr19:49637808-49642773,-0.0547935478389263,,109,RidgeCV
seaad_alltissues_investigate,dlpfc_xds_pfc357_peaks_ridge_clock,ATAC,Mic,chr19:50657094-50664103,0.0867480337619781,,17,RidgeCV
seaad_alltissues_investigate,dlpfc_xds_pfc357_peaks_ridge_clock,ATAC,Mic,chr19:55646848-55656092,0.0515439920127391,,132,RidgeCV
seaad_alltissues_investigate,dlpfc_xds_pfc357_peaks_ridge_clock,ATAC,Mic,chr20:10670545-10675569,-0.1095489338040351,,6,RidgeCV
seaad_alltissues_investigate,dlpfc_xds_pfc357_peaks_ridge_clock,ATAC,Mic,chr20:24649942-24651071,0.0494832135736942,,160,RidgeCV
seaad_alltissues_investigate,dlpfc_xds_pfc357_peaks_ridge_clock,ATAC,Mic,chr20:24870313-24873680,0.0767804533243179,,26,RidgeCV
seaad_alltissues_investigate,dlpfc_xds_pfc357_peaks_ridge_clock,ATAC,Mic,chr20:48773671-48775113,-0.0497322268784046,,158,RidgeCV
seaad_alltissues_investigate,dlpfc_xds_pfc357_peaks_ridge_clock,ATAC,Mic,chr20:668790-677122,0.0503396317362785,,148,RidgeCV
seaad_alltissues_investigate,dlpfc_xds_pfc357_peaks_ridge_clock,ATAC,Mic,chr2:109613322-109615441,0.0746092647314071,,30,RidgeCV
seaad_alltissues_investigate,dlpfc_xds_pfc357_peaks_ridge_clock,ATAC,Mic,chr2:119280864-119284665,0.0569742135703563,,94,RidgeCV
seaad_alltissues_investigate,dlpfc_xds_pfc357_peaks_ridge_clock,ATAC,Mic,chr2:127063257-127100123,-0.1158207952976226,,4,RidgeCV
seaad_alltissues_investigate,dlpfc_xds_pfc357_peaks_ridge_clock,ATAC,Mic,chr2:127100488-127109983,0.0474423319101333,,193,RidgeCV
seaad_alltissues_investigate,dlpfc_xds_pfc357_peaks_ridge_clock,ATAC,Mic,chr2:177263156-177267196,0.0562676042318344,,97,RidgeCV
seaad_alltissues_investigate,dlpfc_xds_pfc357_peaks_ridge_clock,ATAC,Mic,chr2:1986717-1994550,0.0490045994520187,,167,RidgeCV
seaad_alltissues_investigate,dlpfc_xds_pfc357_peaks_ridge_clock,ATAC,Mic,chr2:20443319-20453271,-0.0521616637706756,,128,RidgeCV
seaad_alltissues_investigate,dlpfc_xds_pfc357_peaks_ridge_clock,ATAC,Mic,chr22:16601088-16602412,0.0484156385064125,,176,RidgeCV
seaad_alltissues_investigate,dlpfc_xds_pfc357_peaks_ridge_clock,ATAC,Mic,chr22:20978827-20983856,-0.0480877235531806,,182,RidgeCV
seaad_alltissues_investigate,dlpfc_xds_pfc357_peaks_ridge_clock,ATAC,Mic,chr22:21935722-21950733,0.0547118373215198,,110,RidgeCV
seaad_alltissues_investigate,dlpfc_xds_pfc357_peaks_ridge_clock,ATAC,Mic,chr22:29475466-29482786,-0.0608047693967819,,73,RidgeCV
seaad_alltissues_investigate,dlpfc_xds_pfc357_peaks_ridge_clock,ATAC,Mic,chr2:230861109-230875234,-0.0751449689269065,,29,RidgeCV
seaad_alltissues_investigate,dlpfc_xds_pfc357_peaks_ridge_clock,ATAC,Mic,chr22:39237504-39246919,0.0503756329417228,,147,RidgeCV
seaad_alltissues_investigate,dlpfc_xds_pfc357_peaks_ridge_clock,ATAC,Mic,chr22:39518494-39538528,0.0480535849928855,,184,RidgeCV
seaad_alltissues_investigate,dlpfc_xds_pfc357_peaks_ridge_clock,ATAC,Mic,chr22:45229318-45243615,-0.0473781153559684,,195,RidgeCV
seaad_alltissues_investigate,dlpfc_xds_pfc357_peaks_ridge_clock,ATAC,Mic,chr22:45284684-45286328,-0.0534396730363369,,119,RidgeCV
seaad_alltissues_investigate,dlpfc_xds_pfc357_peaks_ridge_clock,ATAC,Mic,chr22:46042713-46059872,0.0648392215371131,,57,RidgeCV
seaad_alltissues_investigate,dlpfc_xds_pfc357_peaks_ridge_clock,ATAC,Mic,chr22:50089375-50090381,-0.0739010870456695,,31,RidgeCV
seaad_alltissues_investigate,dlpfc_xds_pfc357_peaks_ridge_clock,ATAC,Mic,chr2:27070816-27102650,-0.0534097328782081,,120,RidgeCV
seaad_alltissues_investigate,dlpfc_xds_pfc357_peaks_ridge_clock,ATAC,Mic,chr2:33475382-33478387,0.0507967881858348,,144,RidgeCV
seaad_alltissues_investigate,dlpfc_xds_pfc357_peaks_ridge_clock,ATAC,Mic,chr2:37668358-37676681,0.0656123310327529,,53,RidgeCV
seaad_alltissues_investigate,dlpfc_xds_pfc357_peaks_ridge_clock,ATAC,Mic,chr2:44167332-44171822,-0.0472623780369758,,196,RidgeCV
seaad_alltissues_investigate,dlpfc_xds_pfc357_peaks_ridge_clock,ATAC,Mic,chr2:45881561-45893075,0.0559159331023693,,99,RidgeCV
seaad_alltissues_investigate,dlpfc_xds_pfc357_peaks_ridge_clock,ATAC,Mic,chr2:65015839-65026275,0.0533132068812847,,121,RidgeCV
seaad_alltissues_investigate,dlpfc_xds_pfc357_peaks_ridge_clock,ATAC,Mic,chr2:66432108-66441203,-0.1220548599958419,,2,RidgeCV
seaad_alltissues_investigate,dlpfc_xds_pfc357_peaks_ridge_clock,ATAC,Mic,chr2:70131424-70146314,-0.0486377216875553,,170,RidgeCV
seaad_alltissues_investigate,dlpfc_xds_pfc357_peaks_ridge_clock,ATAC,Mic,chr2:74198013-74200258,0.0486808530986309,,169,RidgeCV
seaad_alltissues_investigate,dlpfc_xds_pfc357_peaks_ridge_clock,ATAC,Mic,chr3:129614178-129628565,0.0527918227016925,,126,RidgeCV
seaad_alltissues_investigate,dlpfc_xds_pfc357_peaks_ridge_clock,ATAC,Mic,chr3:133572151-133575340,-0.0492074787616729,,165,RidgeCV
seaad_alltissues_investigate,dlpfc_xds_pfc357_peaks_ridge_clock,ATAC,Mic,chr3:184332582-184356333,-0.0483736209571361,,177,RidgeCV
seaad_alltissues_investigate,dlpfc_xds_pfc357_peaks_ridge_clock,ATAC,Mic,chr3:24489016-24499309,0.0619566552340984,,68,RidgeCV
seaad_alltissues_investigate,dlpfc_xds_pfc357_peaks_ridge_clock,ATAC,Mic,chr3:39145980-39156779,-0.0491228513419628,,166,RidgeCV
seaad_alltissues_investigate,dlpfc_xds_pfc357_peaks_ridge_clock,ATAC,Mic,chr3:53151150-53179945,0.047772791236639,,187,RidgeCV
seaad_alltissues_investigate,dlpfc_xds_pfc357_peaks_ridge_clock,ATAC,Mic,chr3:55480769-55491693,0.0786832869052887,,21,RidgeCV
seaad_alltissues_investigate,dlpfc_xds_pfc357_peaks_ridge_clock,ATAC,Mic,chr3:56795159-56802939,0.0483656749129295,,178,RidgeCV
seaad_alltissues_investigate,dlpfc_xds_pfc357_peaks_ridge_clock,ATAC,Mic,chr3:66497176-66502124,-0.0760851502418518,,27,RidgeCV
seaad_alltissues_investigate,dlpfc_xds_pfc357_peaks_ridge_clock,ATAC,Mic,chr3:71576391-71588900,0.0652486756443977,,54,RidgeCV
seaad_alltissues_investigate,dlpfc_xds_pfc357_peaks_ridge_clock,ATAC,Mic,chr3:9940686-9954435,-0.0529892183840274,,123,RidgeCV
seaad_alltissues_investigate,dlpfc_xds_pfc357_peaks_ridge_clock,ATAC,Mic,chr4:102824438-102829470,-0.0617821812629699,,69,RidgeCV
seaad_alltissues_investigate,dlpfc_xds_pfc357_peaks_ridge_clock,ATAC,Mic,chr4:15000953-15006664,0.0543188378214836,,114,RidgeCV
seaad_alltissues_investigate,dlpfc_xds_pfc357_peaks_ridge_clock,ATAC,Mic,chr4:1579204-1581395,0.0681211948394775,,43,RidgeCV
seaad_alltissues_investigate,dlpfc_xds_pfc357_peaks_ridge_clock,ATAC,Mic,chr4:20250461-20256232,-0.0622180961072444,,67,RidgeCV
seaad_alltissues_investigate,dlpfc_xds_pfc357_peaks_ridge_clock,ATAC,Mic,chr4:24978403-24981320,0.059273138642311,,84,RidgeCV
seaad_alltissues_investigate,dlpfc_xds_pfc357_peaks_ridge_clock,ATAC,Mic,chr4:65024027-65024539,0.0475214906036853,,191,RidgeCV
seaad_alltissues_investigate,dlpfc_xds_pfc357_peaks_ridge_clock,ATAC,Mic,chr4:6899036-6918700,-0.0545539110898971,,113,RidgeCV
seaad_alltissues_investigate,dlpfc_xds_pfc357_peaks_ridge_clock,ATAC,Mic,chr4:7742555-7751850,0.050012569874525,,153,RidgeCV
seaad_alltissues_investigate,dlpfc_xds_pfc357_peaks_ridge_clock,ATAC,Mic,chr4:9151262-9157386,-0.0598503947257995,,80,RidgeCV
seaad_alltissues_investigate,dlpfc_xds_pfc357_peaks_ridge_clock,ATAC,Mic,chr4:92302669-92308794,0.1366034597158432,,1,RidgeCV
seaad_alltissues_investigate,dlpfc_xds_pfc357_peaks_ridge_clock,ATAC,Mic,chr5:11298238-11303568,0.0511255487799644,,136,RidgeCV
seaad_alltissues_investigate,dlpfc_xds_pfc357_peaks_ridge_clock,ATAC,Mic,chr5:131528766-131534330,0.0591248609125614,,85,RidgeCV
seaad_alltissues_investigate,dlpfc_xds_pfc357_peaks_ridge_clock,ATAC,Mic,chr5:138437319-138471002,-0.0730523094534874,,32,RidgeCV
seaad_alltissues_investigate,dlpfc_xds_pfc357_peaks_ridge_clock,ATAC,Mic,chr5:150406094-150414113,0.0579126439988613,,88,RidgeCV
seaad_alltissues_investigate,dlpfc_xds_pfc357_peaks_ridge_clock,ATAC,Mic,chr5:150607989-150660209,-0.0556323416531086,,103,RidgeCV
seaad_alltissues_investigate,dlpfc_xds_pfc357_peaks_ridge_clock,ATAC,Mic,chr5:43039459-43043574,-0.0476714931428432,,189,RidgeCV
seaad_alltissues_investigate,dlpfc_xds_pfc357_peaks_ridge_clock,ATAC,Mic,chr5:43063666-43069340,-0.0503841117024421,,146,RidgeCV
seaad_alltissues_investigate,dlpfc_xds_pfc357_peaks_ridge_clock,ATAC,Mic,chr5:74620485-74643522,-0.0499690622091293,,154,RidgeCV
seaad_alltissues_investigate,dlpfc_xds_pfc357_peaks_ridge_clock,ATAC,Mic,chr6:108556476-108563157,0.0701004639267921,,40,RidgeCV
seaad_alltissues_investigate,dlpfc_xds_pfc357_peaks_ridge_clock,ATAC,Mic,chr6:111573104-111576636,-0.0494221337139606,,162,RidgeCV
seaad_alltissues_investigate,dlpfc_xds_pfc357_peaks_ridge_clock,ATAC,Mic,chr6:31817423-31828195,-0.0564681477844715,,95,RidgeCV
seaad_alltissues_investigate,dlpfc_xds_pfc357_peaks_ridge_clock,ATAC,Mic,chr6:32664854-32667114,0.0493520498275756,,163,RidgeCV
seaad_alltissues_investigate,dlpfc_xds_pfc357_peaks_ridge_clock,ATAC,Mic,chr6:34232544-34250341,-0.0549771524965763,,106,RidgeCV
seaad_alltissues_investigate,dlpfc_xds_pfc357_peaks_ridge_clock,ATAC,Mic,chr6:35723676-35738173,0.0599002577364444,,79,RidgeCV
seaad_alltissues_investigate,dlpfc_xds_pfc357_peaks_ridge_clock,ATAC,Mic,chr6:62284857-62287261,0.0494808927178382,,161,RidgeCV
seaad_alltissues_investigate,dlpfc_xds_pfc357_peaks_ridge_clock,ATAC,Mic,chr7:100862375-100869681,0.056407406926155,,96,RidgeCV
seaad_alltissues_investigate,dlpfc_xds_pfc357_peaks_ridge_clock,ATAC,Mic,chr7:104883164-104884437,0.0478818975389003,,186,RidgeCV
seaad_alltissues_investigate,dlpfc_xds_pfc357_peaks_ridge_clock,ATAC,Mic,chr7:122883895-122888047,0.06037387996912,,76,RidgeCV
seaad_alltissues_investigate,dlpfc_xds_pfc357_peaks_ridge_clock,ATAC,Mic,chr7:23473473-23474530,-0.0635744258761406,,63,RidgeCV
seaad_alltissues_investigate,dlpfc_xds_pfc357_peaks_ridge_clock,ATAC,Mic,chr7:2515382-2532413,-0.0541501194238662,,116,RidgeCV
seaad_alltissues_investigate,dlpfc_xds_pfc357_peaks_ridge_clock,ATAC,Mic,chr7:29563013-29567364,-0.0663905590772628,,49,RidgeCV
seaad_alltissues_investigate,dlpfc_xds_pfc357_peaks_ridge_clock,ATAC,Mic,chr7:49772299-49783873,-0.0637006238102912,,62,RidgeCV
seaad_alltissues_investigate,dlpfc_xds_pfc357_peaks_ridge_clock,ATAC,Mic,chr7:511873-526799,0.0663177147507667,,50,RidgeCV
seaad_alltissues_investigate,dlpfc_xds_pfc357_peaks_ridge_clock,ATAC,Mic,chr7:5686786-5705245,0.0481974072754383,,180,RidgeCV
seaad_alltissues_investigate,dlpfc_xds_pfc357_peaks_ridge_clock,ATAC,Mic,chr7:6392898-6411037,-0.0786715745925903,,22,RidgeCV
seaad_alltissues_investigate,dlpfc_xds_pfc357_peaks_ridge_clock,ATAC,Mic,chr7:6428075-6437939,-0.0480814613401889,,183,RidgeCV
seaad_alltissues_investigate,dlpfc_xds_pfc357_peaks_ridge_clock,ATAC,Mic,chr7:76278449-76315714,0.0709576159715652,,37,RidgeCV
seaad_alltissues_investigate,dlpfc_xds_pfc357_peaks_ridge_clock,ATAC,Mic,chr8:102238064-102240635,0.0515476018190383,,131,RidgeCV
seaad_alltissues_investigate,dlpfc_xds_pfc357_peaks_ridge_clock,ATAC,Mic,chr8:141126107-141155240,0.0613928362727165,,71,RidgeCV
seaad_alltissues_investigate,dlpfc_xds_pfc357_peaks_ridge_clock,ATAC,Mic,chr8:142338625-142342805,0.0473840124905109,,194,RidgeCV
seaad_alltissues_investigate,dlpfc_xds_pfc357_peaks_ridge_clock,ATAC,Mic,chr8:22688669-22697394,-0.0597792975604534,,81,RidgeCV
seaad_alltissues_investigate,dlpfc_xds_pfc357_peaks_ridge_clock,ATAC,Mic,chr8:25183495-25186528,0.0508306175470352,,142,RidgeCV
seaad_alltissues_investigate,dlpfc_xds_pfc357_peaks_ridge_clock,ATAC,Mic,chr9:121550074-121555822,0.0472526550292968,,198,RidgeCV
seaad_alltissues_investigate,dlpfc_xds_pfc357_peaks_ridge_clock,ATAC,Mic,chr9:123329119-123391289,-0.053112905472517,,122,RidgeCV
seaad_alltissues_investigate,dlpfc_xds_pfc357_peaks_ridge_clock,ATAC,Mic,chr9:127128271-127140058,-0.0778576210141182,,25,RidgeCV
seaad_alltissues_investigate,dlpfc_xds_pfc357_peaks_ridge_clock,ATAC,Mic,chr9:127769581-127774411,0.0499258637428283,,156,RidgeCV
seaad_alltissues_investigate,dlpfc_xds_pfc357_peaks_ridge_clock,ATAC,Mic,chr9:129879256-129892579,0.0713656097650528,,35,RidgeCV
seaad_alltissues_investigate,dlpfc_xds_pfc357_peaks_ridge_clock,ATAC,Mic,chr9:134337894-134393894,0.0810998976230621,,19,RidgeCV
seaad_alltissues_investigate,dlpfc_xds_pfc357_peaks_ridge_clock,ATAC,Mic,chr9:136482190-136489296,-0.0482206679880619,,179,RidgeCV
seaad_alltissues_investigate,dlpfc_xds_pfc357_peaks_ridge_clock,ATAC,Mic,chr9:97553031-97560103,0.0605663135647773,,74,RidgeCV
seaad_alltissues_investigate,dlpfc_xds_pfc357_peaks_ridge_clock,ATAC,Mic,chrX:1450341-1457576,-0.0542428605258464,,115,RidgeCV
seaad_alltissues_investigate,dlpfc_xds_pfc357_peaks_ridge_clock,ATAC,Mic,chrX:40091630-40111139,-0.0522964745759964,,127,RidgeCV
seaad_alltissues_investigate,dlpfc_xds_pfc357_peaks_ridge_clock,ATAC,Oligo,chr10:127932337-127938542,-0.131877988576889,,40,RidgeCV
seaad_alltissues_investigate,dlpfc_xds_pfc357_peaks_ridge_clock,ATAC,Oligo,chr10:132175325-132190701,0.089327149093151,,184,RidgeCV
seaad_alltissues_investigate,dlpfc_xds_pfc357_peaks_ridge_clock,ATAC,Oligo,chr10:47373677-47385118,0.1495241820812225,,29,RidgeCV
seaad_alltissues_investigate,dlpfc_xds_pfc357_peaks_ridge_clock,ATAC,Oligo,chr10:62371922-62385788,-0.0868303626775741,,194,RidgeCV
seaad_alltissues_investigate,dlpfc_xds_pfc357_peaks_ridge_clock,ATAC,Oligo,chr10:72318555-72326046,0.0947851166129112,,139,RidgeCV
seaad_alltissues_investigate,dlpfc_xds_pfc357_peaks_ridge_clock,ATAC,Oligo,chr10:86398860-86404201,0.1033332273364067,,103,RidgeCV
seaad_alltissues_investigate,dlpfc_xds_pfc357_peaks_ridge_clock,ATAC,Oligo,chr1:109247362-109287440,0.2164446413516998,,7,RidgeCV
seaad_alltissues_investigate,dlpfc_xds_pfc357_peaks_ridge_clock,ATAC,Oligo,chr1:10979389-10981433,-0.1117996349930763,,74,RidgeCV
seaad_alltissues_investigate,dlpfc_xds_pfc357_peaks_ridge_clock,ATAC,Oligo,chr1:111253834-111254358,-0.1082404628396034,,89,RidgeCV
seaad_alltissues_investigate,dlpfc_xds_pfc357_peaks_ridge_clock,ATAC,Oligo,chr11:119081436-119086077,-0.0910242050886154,,171,RidgeCV
seaad_alltissues_investigate,dlpfc_xds_pfc357_peaks_ridge_clock,ATAC,Oligo,chr11:120217641-120220850,0.0915236622095108,,165,RidgeCV
seaad_alltissues_investigate,dlpfc_xds_pfc357_peaks_ridge_clock,ATAC,Oligo,chr1:117365313-117369515,-0.0902007296681404,,177,RidgeCV
seaad_alltissues_investigate,dlpfc_xds_pfc357_peaks_ridge_clock,ATAC,Oligo,chr11:1743457-1764979,0.1777663081884384,,18,RidgeCV
seaad_alltissues_investigate,dlpfc_xds_pfc357_peaks_ridge_clock,ATAC,Oligo,chr11:2376552-2397517,-0.095994733273983,,135,RidgeCV
seaad_alltissues_investigate,dlpfc_xds_pfc357_peaks_ridge_clock,ATAC,Oligo,chr1:1297668-1321810,-0.0995779782533645,,120,RidgeCV
seaad_alltissues_investigate,dlpfc_xds_pfc357_peaks_ridge_clock,ATAC,Oligo,chr11:35918684-35920431,0.1112879291176796,,80,RidgeCV
seaad_alltissues_investigate,dlpfc_xds_pfc357_peaks_ridge_clock,ATAC,Oligo,chr1:1418036-1442536,-0.1115840449929237,,79,RidgeCV
seaad_alltissues_investigate,dlpfc_xds_pfc357_peaks_ridge_clock,ATAC,Oligo,chr11:45652794-45667784,0.0952286645770073,,138,RidgeCV
seaad_alltissues_investigate,dlpfc_xds_pfc357_peaks_ridge_clock,ATAC,Oligo,chr11:45889609-45915799,0.1050523519515991,,101,RidgeCV
seaad_alltissues_investigate,dlpfc_xds_pfc357_peaks_ridge_clock,ATAC,Oligo,chr1:154998689-155013213,-0.0993641167879104,,122,RidgeCV
seaad_alltissues_investigate,dlpfc_xds_pfc357_peaks_ridge_clock,ATAC,Oligo,chr1:155856298-155861309,0.1057248264551162,,99,RidgeCV
seaad_alltissues_investigate,dlpfc_xds_pfc357_peaks_ridge_clock,ATAC,Oligo,chr11:61724306-61794166,0.121549092233181,,55,RidgeCV
seaad_alltissues_investigate,dlpfc_xds_pfc357_peaks_ridge_clock,ATAC,Oligo,chr11:64027680-64065093,-0.1251621544361114,,49,RidgeCV
seaad_alltissues_investigate,dlpfc_xds_pfc357_peaks_ridge_clock,ATAC,Oligo,chr11:6409568-6420451,0.0893757194280624,,183,RidgeCV
seaad_alltissues_investigate,dlpfc_xds_pfc357_peaks_ridge_clock,ATAC,Oligo,chr11:64709819-64726732,-0.0947665646672248,,140,RidgeCV
seaad_alltissues_investigate,dlpfc_xds_pfc357_peaks_ridge_clock,ATAC,Oligo,chr11:72622408-72660085,-0.1622776538133621,,23,RidgeCV
seaad_alltissues_investigate,dlpfc_xds_pfc357_peaks_ridge_clock,ATAC,Oligo,chr11:73361717-73407644,-0.0992681384086608,,123,RidgeCV
seaad_alltissues_investigate,dlpfc_xds_pfc357_peaks_ridge_clock,ATAC,Oligo,chr11:74671385-74674369,-0.096228152513504,,133,RidgeCV
seaad_alltissues_investigate,dlpfc_xds_pfc357_peaks_ridge_clock,ATAC,Oligo,chr11:75553249-75556216,0.1793608665466308,,16,RidgeCV
seaad_alltissues_investigate,dlpfc_xds_pfc357_peaks_ridge_clock,ATAC,Oligo,chr11:77470371-77476530,0.1164647042751312,,65,RidgeCV
seaad_alltissues_investigate,dlpfc_xds_pfc357_peaks_ridge_clock,ATAC,Oligo,chr1:180923236-180939981,-0.1019480153918266,,111,RidgeCV
seaad_alltissues_investigate,dlpfc_xds_pfc357_peaks_ridge_clock,ATAC,Oligo,chr1:201008737-201030394,-0.3196597993373871,,2,RidgeCV
seaad_alltissues_investigate,dlpfc_xds_pfc357_peaks_ridge_clock,ATAC,Oligo,chr1:201879681-201898025,0.0946338549256324,,141,RidgeCV
seaad_alltissues_investigate,dlpfc_xds_pfc357_peaks_ridge_clock,ATAC,Oligo,chr1:203267324-203280600,0.0915297642350196,,164,RidgeCV
seaad_alltissues_investigate,dlpfc_xds_pfc357_peaks_ridge_clock,ATAC,Oligo,chr1:207803540-207829529,0.4639442563056946,,0,RidgeCV
seaad_alltissues_investigate,dlpfc_xds_pfc357_peaks_ridge_clock,ATAC,Oligo,chr12:113127355-113145125,-0.0963910594582557,,131,RidgeCV
seaad_alltissues_investigate,dlpfc_xds_pfc357_peaks_ridge_clock,ATAC,Oligo,chr12:121576274-121591364,0.0955411046743393,,137,RidgeCV
seaad_alltissues_investigate,dlpfc_xds_pfc357_peaks_ridge_clock,ATAC,Oligo,chr12:124672914-124680343,-0.1066416874527931,,95,RidgeCV
seaad_alltissues_investigate,dlpfc_xds_pfc357_peaks_ridge_clock,ATAC,Oligo,chr12:132906612-132909686,0.1060874834656715,,97,RidgeCV
seaad_alltissues_investigate,dlpfc_xds_pfc357_peaks_ridge_clock,ATAC,Oligo,chr12:197938-204564,0.1500373631715774,,28,RidgeCV
seaad_alltissues_investigate,dlpfc_xds_pfc357_peaks_ridge_clock,ATAC,Oligo,chr12:26112813-26127678,0.0935878306627273,,146,RidgeCV
seaad_alltissues_investigate,dlpfc_xds_pfc357_peaks_ridge_clock,ATAC,Oligo,chr1:226649090-226668522,0.1207520589232444,,58,RidgeCV
seaad_alltissues_investigate,dlpfc_xds_pfc357_peaks_ridge_clock,ATAC,Oligo,chr1:226731438-226740457,0.1190674155950546,,60,RidgeCV
seaad_alltissues_investigate,dlpfc_xds_pfc357_peaks_ridge_clock,ATAC,Oligo,chr1:244046865-244055349,0.1098320931196212,,84,RidgeCV
seaad_alltissues_investigate,dlpfc_xds_pfc357_peaks_ridge_clock,ATAC,Oligo,chr1:2440861-2486898,-0.1072475686669349,,92,RidgeCV
seaad_alltissues_investigate,dlpfc_xds_pfc357_peaks_ridge_clock,ATAC,Oligo,chr12:52048618-52064846,0.1137931048870086,,72,RidgeCV
seaad_alltissues_investigate,dlpfc_xds_pfc357_peaks_ridge_clock,ATAC,Oligo,chr12:53042530-53070249,-0.0938092246651649,,144,RidgeCV
seaad_alltissues_investigate,dlpfc_xds_pfc357_peaks_ridge_clock,ATAC,Oligo,chr1:27517983-27553243,-0.1361300200223922,,35,RidgeCV
seaad_alltissues_investigate,dlpfc_xds_pfc357_peaks_ridge_clock,ATAC,Oligo,chr12:84910497-84913640,0.2806628048419952,,3,RidgeCV
seaad_alltissues_investigate,dlpfc_xds_pfc357_peaks_ridge_clock,ATAC,Oligo,chr1:30740372-30750075,-0.1014508754014968,,112,RidgeCV
seaad_alltissues_investigate,dlpfc_xds_pfc357_peaks_ridge_clock,ATAC,Oligo,chr13:113058126-113067189,-0.1285025030374527,,44,RidgeCV
seaad_alltissues_investigate,dlpfc_xds_pfc357_peaks_ridge_clock,ATAC,Oligo,chr13:114033344-114040146,0.1064872741699218,,96,RidgeCV
seaad_alltissues_investigate,dlpfc_xds_pfc357_peaks_ridge_clock,ATAC,Oligo,chr13:114054398-114069333,0.1008619144558906,,115,RidgeCV
seaad_alltissues_investigate,dlpfc_xds_pfc357_peaks_ridge_clock,ATAC,Oligo,chr1:31361579-31384745,0.2005494832992553,,13,RidgeCV
seaad_alltissues_investigate,dlpfc_xds_pfc357_peaks_ridge_clock,ATAC,Oligo,chr13:26048848-26052575,0.105502650141716,,100,RidgeCV
seaad_alltissues_investigate,dlpfc_xds_pfc357_peaks_ridge_clock,ATAC,Oligo,chr1:3422371-3427241,0.1032897010445594,,104,RidgeCV
seaad_alltissues_investigate,dlpfc_xds_pfc357_peaks_ridge_clock,ATAC,Oligo,chr1:3712299-3720514,-0.0963269770145416,,132,RidgeCV
seaad_alltissues_investigate,dlpfc_xds_pfc357_peaks_ridge_clock,ATAC,Oligo,chr14:100532216-100551435,0.0906984731554985,,174,RidgeCV
seaad_alltissues_investigate,dlpfc_xds_pfc357_peaks_ridge_clock,ATAC,Oligo,chr14:103507897-103558905,0.1488582044839859,,30,RidgeCV
seaad_alltissues_investigate,dlpfc_xds_pfc357_peaks_ridge_clock,ATAC,Oligo,chr14:104673553-104711098,0.1340038031339645,,38,RidgeCV
seaad_alltissues_investigate,dlpfc_xds_pfc357_peaks_ridge_clock,ATAC,Oligo,chr14:19799849-19801517,0.4263027310371399,,1,RidgeCV
seaad_alltissues_investigate,dlpfc_xds_pfc357_peaks_ridge_clock,ATAC,Oligo,chr1:44798480-44814967,-0.1206095144152641,,59,RidgeCV
seaad_alltissues_investigate,dlpfc_xds_pfc357_peaks_ridge_clock,ATAC,Oligo,chr1:4652099-4677045,0.103200763463974,,105,RidgeCV
seaad_alltissues_investigate,dlpfc_xds_pfc357_peaks_ridge_clock,ATAC,Oligo,chr15:31298777-31309773,0.0915885269641876,,163,RidgeCV
seaad_alltissues_investigate,dlpfc_xds_pfc357_peaks_ridge_clock,ATAC,Oligo,chr1:54284508-54302393,-0.1162818893790245,,66,RidgeCV
seaad_alltissues_investigate,dlpfc_xds_pfc357_peaks_ridge_clock,ATAC,Oligo,chr16:14298349-14308672,0.0935000032186508,,147,RidgeCV
seaad_alltissues_investigate,dlpfc_xds_pfc357_peaks_ridge_clock,ATAC,Oligo,chr16:1977587-1994440,-0.1356332600116729,,36,RidgeCV
seaad_alltissues_investigate,dlpfc_xds_pfc357_peaks_ridge_clock,ATAC,Oligo,chr16:21506823-21524714,-0.110247753560543,,81,RidgeCV
seaad_alltissues_investigate,dlpfc_xds_pfc357_peaks_ridge_clock,ATAC,Oligo,chr16:29804067-29817766,0.124986708164215,,50,RidgeCV
seaad_alltissues_investigate,dlpfc_xds_pfc357_peaks_ridge_clock,ATAC,Oligo,chr16:47141014-47145100,-0.0940464809536933,,142,RidgeCV
seaad_alltissues_investigate,dlpfc_xds_pfc357_peaks_ridge_clock,ATAC,Oligo,chr16:67153720-67213656,0.1161959841847419,,68,RidgeCV
seaad_alltissues_investigate,dlpfc_xds_pfc357_peaks_ridge_clock,ATAC,Oligo,chr16:79598362-79602962,0.1738415211439132,,21,RidgeCV
seaad_alltissues_investigate,dlpfc_xds_pfc357_peaks_ridge_clock,ATAC,Oligo,chr1:69566205-69571314,-0.121167667210102,,56,RidgeCV
seaad_alltissues_investigate,dlpfc_xds_pfc357_peaks_ridge_clock,ATAC,Oligo,chr16:9969533-9971453,0.0985307320952415,,125,RidgeCV
seaad_alltissues_investigate,dlpfc_xds_pfc357_peaks_ridge_clock,ATAC,Oligo,chr1:72279488-72285945,-0.1096875295042991,,85,RidgeCV
seaad_alltissues_investigate,dlpfc_xds_pfc357_peaks_ridge_clock,ATAC,Oligo,chr17:3656767-3670612,0.093918927013874,,143,RidgeCV
seaad_alltissues_investigate,dlpfc_xds_pfc357_peaks_ridge_clock,ATAC,Oligo,chr17:47894208-47897716,0.0930464640259742,,150,RidgeCV
seaad_alltissues_investigate,dlpfc_xds_pfc357_peaks_ridge_clock,ATAC,Oligo,chr17:50093558-50106154,0.0977477803826332,,128,RidgeCV
seaad_alltissues_investigate,dlpfc_xds_pfc357_peaks_ridge_clock,ATAC,Oligo,chr17:63848402-63850043,-0.1068249121308326,,94,RidgeCV
seaad_alltissues_investigate,dlpfc_xds_pfc357_peaks_ridge_clock,ATAC,Oligo,chr17:77432629-77455031,0.1070264503359794,,93,RidgeCV
seaad_alltissues_investigate,dlpfc_xds_pfc357_peaks_ridge_clock,ATAC,Oligo,chr17:79809658-79814003,-0.1791331768035888,,17,RidgeCV
seaad_alltissues_investigate,dlpfc_xds_pfc357_peaks_ridge_clock,ATAC,Oligo,chr17:80749744-80752769,0.1232034638524055,,53,RidgeCV
seaad_alltissues_investigate,dlpfc_xds_pfc357_peaks_ridge_clock,ATAC,Oligo,chr18:12406134-12412347,0.0913399085402488,,167,RidgeCV
seaad_alltissues_investigate,dlpfc_xds_pfc357_peaks_ridge_clock,ATAC,Oligo,chr18:13618084-13631141,0.1000432968139648,,118,RidgeCV
seaad_alltissues_investigate,dlpfc_xds_pfc357_peaks_ridge_clock,ATAC,Oligo,chr18:48931770-48956607,0.1024993881583213,,109,RidgeCV
seaad_alltissues_investigate,dlpfc_xds_pfc357_peaks_ridge_clock,ATAC,Oligo,chr18:52338892-52345017,0.1030388250946998,,106,RidgeCV
seaad_alltissues_investigate,dlpfc_xds_pfc357_peaks_ridge_clock,ATAC,Oligo,chr18:58042926-58049580,-0.2018670588731765,,12,RidgeCV
seaad_alltissues_investigate,dlpfc_xds_pfc357_peaks_ridge_clock,ATAC,Oligo,chr18:63309318-63326667,0.0929692983627319,,152,RidgeCV
seaad_alltissues_investigate,dlpfc_xds_pfc357_peaks_ridge_clock,ATAC,Oligo,chr18:711396-713298,-0.12081179022789,,57,RidgeCV
seaad_alltissues_investigate,dlpfc_xds_pfc357_peaks_ridge_clock,ATAC,Oligo,chr1:87327235-87340210,0.0913172960281372,,168,RidgeCV
seaad_alltissues_investigate,dlpfc_xds_pfc357_peaks_ridge_clock,ATAC,Oligo,chr18:79067693-79070723,-0.2134108692407608,,8,RidgeCV
seaad_alltissues_investigate,dlpfc_xds_pfc357_peaks_ridge_clock,ATAC,Oligo,chr18:79374860-79386797,-0.0867999494075775,,195,RidgeCV
seaad_alltissues_investigate,dlpfc_xds_pfc357_peaks_ridge_clock,ATAC,Oligo,chr19:1229953-1277452,0.0917877852916717,,160,RidgeCV
seaad_alltissues_investigate,dlpfc_xds_pfc357_peaks_ridge_clock,ATAC,Oligo,chr19:13838754-13851919,0.1266989409923553,,47,RidgeCV
seaad_alltissues_investigate,dlpfc_xds_pfc357_peaks_ridge_clock,ATAC,Oligo,chr19:1464419-1475367,-0.1043821424245834,,102,RidgeCV
seaad_alltissues_investigate,dlpfc_xds_pfc357_peaks_ridge_clock,ATAC,Oligo,chr19:18019926-18022718,0.0912248566746711,,170,RidgeCV
seaad_alltissues_investigate,dlpfc_xds_pfc357_peaks_ridge_clock,ATAC,Oligo,chr19:2092678-2101901,0.1019949465990066,,110,RidgeCV
seaad_alltissues_investigate,dlpfc_xds_pfc357_peaks_ridge_clock,ATAC,Oligo,chr19:21568757-21569902,-0.1025559902191162,,107,RidgeCV
seaad_alltissues_investigate,dlpfc_xds_pfc357_peaks_ridge_clock,ATAC,Oligo,chr1:9241948-9254086,0.1579432040452957,,26,RidgeCV
seaad_alltissues_investigate,dlpfc_xds_pfc357_peaks_ridge_clock,ATAC,Oligo,chr19:3034142-3037179,-0.0868321880698204,,193,RidgeCV
seaad_alltissues_investigate,dlpfc_xds_pfc357_peaks_ridge_clock,ATAC,Oligo,chr19:3396327-3402019,-0.0983981192111969,,127,RidgeCV
seaad_alltissues_investigate,dlpfc_xds_pfc357_peaks_ridge_clock,ATAC,Oligo,chr19:35113984-35127134,0.1269832104444503,,46,RidgeCV
seaad_alltissues_investigate,dlpfc_xds_pfc357_peaks_ridge_clock,ATAC,Oligo,chr19:37653878-37656643,-0.0924703553318977,,156,RidgeCV
seaad_alltissues_investigate,dlpfc_xds_pfc357_peaks_ridge_clock,ATAC,Oligo,chr19:42242002-42257476,-0.0998792275786399,,119,RidgeCV
seaad_alltissues_investigate,dlpfc_xds_pfc357_peaks_ridge_clock,ATAC,Oligo,chr19:46076814-46079663,-0.1002733036875724,,117,RidgeCV
seaad_alltissues_investigate,dlpfc_xds_pfc357_peaks_ridge_clock,ATAC,Oligo,chr19:50546276-50553962,0.1321329176425933,,39,RidgeCV
seaad_alltissues_investigate,dlpfc_xds_pfc357_peaks_ridge_clock,ATAC,Oligo,chr19:51887545-51888296,-0.110143095254898,,82,RidgeCV
seaad_alltissues_investigate,dlpfc_xds_pfc357_peaks_ridge_clock,ATAC,Oligo,chr19:5827708-5829177,-0.1245277374982833,,51,RidgeCV
seaad_alltissues_investigate,dlpfc_xds_pfc357_peaks_ridge_clock,ATAC,Oligo,chr19:58569247-58576407,0.1130278035998344,,73,RidgeCV
seaad_alltissues_investigate,dlpfc_xds_pfc357_peaks_ridge_clock,ATAC,Oligo,chr19:940340-942021,-0.0925676897168159,,154,RidgeCV
seaad_alltissues_investigate,dlpfc_xds_pfc357_peaks_ridge_clock,ATAC,Oligo,chr1:996901-1006150,-0.0957638919353485,,136,RidgeCV
seaad_alltissues_investigate,dlpfc_xds_pfc357_peaks_ridge_clock,ATAC,Oligo,chr20:1873567-1921608,0.1116193756461143,,78,RidgeCV
seaad_alltissues_investigate,dlpfc_xds_pfc357_peaks_ridge_clock,ATAC,Oligo,chr20:20362352-20373708,0.1117153093218803,,77,RidgeCV
seaad_alltissues_investigate,dlpfc_xds_pfc357_peaks_ridge_clock,ATAC,Oligo,chr20:63942517-63960312,0.1187270805239677,,61,RidgeCV
seaad_alltissues_investigate,dlpfc_xds_pfc357_peaks_ridge_clock,ATAC,Oligo,chr2:120222250-120224782,-0.0865966379642486,,197,RidgeCV
seaad_alltissues_investigate,dlpfc_xds_pfc357_peaks_ridge_clock,ATAC,Oligo,chr2:144450477-144483189,-0.1057554483413696,,98,RidgeCV
seaad_alltissues_investigate,dlpfc_xds_pfc357_peaks_ridge_clock,ATAC,Oligo,chr2:145037856-145038639,0.0895879939198494,,181,RidgeCV
seaad_alltissues_investigate,dlpfc_xds_pfc357_peaks_ridge_clock,ATAC,Oligo,chr2:17876382-17880435,-0.0916909053921699,,162,RidgeCV
seaad_alltissues_investigate,dlpfc_xds_pfc357_peaks_ridge_clock,ATAC,Oligo,chr2:186714040-186719347,-0.088419072329998,,186,RidgeCV
seaad_alltissues_investigate,dlpfc_xds_pfc357_peaks_ridge_clock,ATAC,Oligo,chr2:200476493-200478258,0.0921166092157363,,158,RidgeCV
seaad_alltissues_investigate,dlpfc_xds_pfc357_peaks_ridge_clock,ATAC,Oligo,chr2:217903875-217906376,0.0869511514902114,,192,RidgeCV
seaad_alltissues_investigate,dlpfc_xds_pfc357_peaks_ridge_clock,ATAC,Oligo,chr2:231677390-231691615,-0.1222529932856559,,54,RidgeCV
seaad_alltissues_investigate,dlpfc_xds_pfc357_peaks_ridge_clock,ATAC,Oligo,chr2:232869296-232899724,0.1395774185657501,,34,RidgeCV
seaad_alltissues_investigate,dlpfc_xds_pfc357_peaks_ridge_clock,ATAC,Oligo,chr2:233466961-233471461,0.0967989265918731,,130,RidgeCV
seaad_alltissues_investigate,dlpfc_xds_pfc357_peaks_ridge_clock,ATAC,Oligo,chr2:237686794-237698797,-0.0921166986227035,,157,RidgeCV
seaad_alltissues_investigate,dlpfc_xds_pfc357_peaks_ridge_clock,ATAC,Oligo,chr2:239107834-239135810,-0.0909825935959816,,172,RidgeCV
seaad_alltissues_investigate,dlpfc_xds_pfc357_peaks_ridge_clock,ATAC,Oligo,chr22:46066748-46094062,-0.0994604304432869,,121,RidgeCV
seaad_alltissues_investigate,dlpfc_xds_pfc357_peaks_ridge_clock,ATAC,Oligo,chr2:24825153-24835842,-0.0932714939117431,,148,RidgeCV
seaad_alltissues_investigate,dlpfc_xds_pfc357_peaks_ridge_clock,ATAC,Oligo,chr22:48624186-48637823,0.1344862133264541,,37,RidgeCV
seaad_alltissues_investigate,dlpfc_xds_pfc357_peaks_ridge_clock,ATAC,Oligo,chr22:49932627-49939117,-0.1666237860918045,,22,RidgeCV
seaad_alltissues_investigate,dlpfc_xds_pfc357_peaks_ridge_clock,ATAC,Oligo,chr22:50708980-50735783,0.0890580415725708,,185,RidgeCV
seaad_alltissues_investigate,dlpfc_xds_pfc357_peaks_ridge_clock,ATAC,Oligo,chr2:32946181-32948259,-0.1012793034315109,,113,RidgeCV
seaad_alltissues_investigate,dlpfc_xds_pfc357_peaks_ridge_clock,ATAC,Oligo,chr2:39662573-39673783,-0.1025173887610435,,108,RidgeCV
seaad_alltissues_investigate,dlpfc_xds_pfc357_peaks_ridge_clock,ATAC,Oligo,chr2:39694886-39698367,-0.0900455489754676,,179,RidgeCV
seaad_alltissues_investigate,dlpfc_xds_pfc357_peaks_ridge_clock,ATAC,Oligo,chr2:64766593-64769174,0.0861407667398452,,198,RidgeCV
seaad_alltissues_investigate,dlpfc_xds_pfc357_peaks_ridge_clock,ATAC,Oligo,chr2:64829199-64832235,0.0896676704287529,,180,RidgeCV
seaad_alltissues_investigate,dlpfc_xds_pfc357_peaks_ridge_clock,ATAC,Oligo,chr2:9256222-9264908,0.1089965999126434,,87,RidgeCV
seaad_alltissues_investigate,dlpfc_xds_pfc357_peaks_ridge_clock,ATAC,Oligo,chr2:96923659-96932930,0.1162467896938324,,67,RidgeCV
seaad_alltissues_investigate,dlpfc_xds_pfc357_peaks_ridge_clock,ATAC,Oligo,chr3:100491078-100493076,-0.092595674097538,,153,RidgeCV
seaad_alltissues_investigate,dlpfc_xds_pfc357_peaks_ridge_clock,ATAC,Oligo,chr3:11633189-11644828,-0.1309686452150344,,43,RidgeCV
seaad_alltissues_investigate,dlpfc_xds_pfc357_peaks_ridge_clock,ATAC,Oligo,chr3:170907602-170910022,-0.1009183377027511,,114,RidgeCV
seaad_alltissues_investigate,dlpfc_xds_pfc357_peaks_ridge_clock,ATAC,Oligo,chr3:42644506-42668715,-0.1620053201913833,,24,RidgeCV
seaad_alltissues_investigate,dlpfc_xds_pfc357_peaks_ridge_clock,ATAC,Oligo,chr3:42696910-42706963,0.2191264331340789,,5,RidgeCV
seaad_alltissues_investigate,dlpfc_xds_pfc357_peaks_ridge_clock,ATAC,Oligo,chr3:71060143-71068977,0.0867372751235961,,196,RidgeCV
seaad_alltissues_investigate,dlpfc_xds_pfc357_peaks_ridge_clock,ATAC,Oligo,chr3:75428658-75437119,-0.0869637131690979,,191,RidgeCV
seaad_alltissues_investigate,dlpfc_xds_pfc357_peaks_ridge_clock,ATAC,Oligo,chr3:93470335-93470818,0.0925317704677581,,155,RidgeCV
seaad_alltissues_investigate,dlpfc_xds_pfc357_peaks_ridge_clock,ATAC,Oligo,chr4:157219099-157227361,-0.0918487086892128,,159,RidgeCV
seaad_alltissues_investigate,dlpfc_xds_pfc357_peaks_ridge_clock,ATAC,Oligo,chr4:17508874-17518500,0.0917767360806465,,161,RidgeCV
seaad_alltissues_investigate,dlpfc_xds_pfc357_peaks_ridge_clock,ATAC,Oligo,chr4:184281746-184284356,0.0914270281791687,,166,RidgeCV
seaad_alltissues_investigate,dlpfc_xds_pfc357_peaks_ridge_clock,ATAC,Oligo,chr4:186722936-186727404,-0.0901354178786277,,178,RidgeCV
seaad_alltissues_investigate,dlpfc_xds_pfc357_peaks_ridge_clock,ATAC,Oligo,chr4:44446048-44449959,-0.1007924750447273,,116,RidgeCV
seaad_alltissues_investigate,dlpfc_xds_pfc357_peaks_ridge_clock,ATAC,Oligo,chr4:646288-668420,-0.1481289863586425,,31,RidgeCV
seaad_alltissues_investigate,dlpfc_xds_pfc357_peaks_ridge_clock,ATAC,Oligo,chr4:80182226-80190818,0.1838882267475128,,15,RidgeCV
seaad_alltissues_investigate,dlpfc_xds_pfc357_peaks_ridge_clock,ATAC,Oligo,chr4:80195175-80203812,0.1768020242452621,,19,RidgeCV
seaad_alltissues_investigate,dlpfc_xds_pfc357_peaks_ridge_clock,ATAC,Oligo,chr4:92302669-92308794,-0.2168201059103012,,6,RidgeCV
seaad_alltissues_investigate,dlpfc_xds_pfc357_peaks_ridge_clock,ATAC,Oligo,chr4:985176-1005985,0.0876568257808685,,188,RidgeCV
seaad_alltissues_investigate,dlpfc_xds_pfc357_peaks_ridge_clock,ATAC,Oligo,chr5:137886554-137890024,-0.0936614125967025,,145,RidgeCV
seaad_alltissues_investigate,dlpfc_xds_pfc357_peaks_ridge_clock,ATAC,Oligo,chr5:141861210-141886469,-0.1408959478139877,,33,RidgeCV
seaad_alltissues_investigate,dlpfc_xds_pfc357_peaks_ridge_clock,ATAC,Oligo,chr5:172763616-172776229,-0.0905654728412628,,176,RidgeCV
seaad_alltissues_investigate,dlpfc_xds_pfc357_peaks_ridge_clock,ATAC,Oligo,chr5:180168675-180180810,0.0906052365899086,,175,RidgeCV
seaad_alltissues_investigate,dlpfc_xds_pfc357_peaks_ridge_clock,ATAC,Oligo,chr5:21481296-21484773,-0.1232630908489227,,52,RidgeCV
seaad_alltissues_investigate,dlpfc_xds_pfc357_peaks_ridge_clock,ATAC,Oligo,chr5:37835818-37841195,0.091228187084198,,169,RidgeCV
seaad_alltissues_investigate,dlpfc_xds_pfc357_peaks_ridge_clock,ATAC,Oligo,chr5:43007477-43008844,0.1075236871838569,,90,RidgeCV
seaad_alltissues_investigate,dlpfc_xds_pfc357_peaks_ridge_clock,ATAC,Oligo,chr5:783102-785800,0.1314519643783569,,41,RidgeCV
seaad_alltissues_investigate,dlpfc_xds_pfc357_peaks_ridge_clock,ATAC,Oligo,chr5:88139567-88146498,0.0960765406489372,,134,RidgeCV
seaad_alltissues_investigate,dlpfc_xds_pfc357_peaks_ridge_clock,ATAC,Oligo,chr6:113853679-113862680,0.0880438312888145,,187,RidgeCV
seaad_alltissues_investigate,dlpfc_xds_pfc357_peaks_ridge_clock,ATAC,Oligo,chr6:122785531-122791562,0.0894699171185493,,182,RidgeCV
seaad_alltissues_investigate,dlpfc_xds_pfc357_peaks_ridge_clock,ATAC,Oligo,chr6:35687612-35689951,0.1460493952035904,,32,RidgeCV
seaad_alltissues_investigate,dlpfc_xds_pfc357_peaks_ridge_clock,ATAC,Oligo,chr6:35723676-35738173,0.2253433614969253,,4,RidgeCV
seaad_alltissues_investigate,dlpfc_xds_pfc357_peaks_ridge_clock,ATAC,Oligo,chr6:96011795-96018636,-0.0985240116715431,,126,RidgeCV
seaad_alltissues_investigate,dlpfc_xds_pfc357_peaks_ridge_clock,ATAC,Oligo,chr7:116524335-116528597,0.2073478698730468,,11,RidgeCV
seaad_alltissues_investigate,dlpfc_xds_pfc357_peaks_ridge_clock,ATAC,Oligo,chr7:116671306-116675711,0.1260976940393448,,48,RidgeCV
seaad_alltissues_investigate,dlpfc_xds_pfc357_peaks_ridge_clock,ATAC,Oligo,chr7:1439758-1481317,0.110088512301445,,83,RidgeCV
seaad_alltissues_investigate,dlpfc_xds_pfc357_peaks_ridge_clock,ATAC,Oligo,chr7:150968122-150982861,0.118277721107006,,63,RidgeCV
seaad_alltissues_investigate,dlpfc_xds_pfc357_peaks_ridge_clock,ATAC,Oligo,chr7:151630732-151633482,-0.1165013834834098,,64,RidgeCV
seaad_alltissues_investigate,dlpfc_xds_pfc357_peaks_ridge_clock,ATAC,Oligo,chr7:157319560-157321020,0.1117591857910156,,76,RidgeCV
seaad_alltissues_investigate,dlpfc_xds_pfc357_peaks_ridge_clock,ATAC,Oligo,chr7:25854682-25855355,0.1086446046829223,,88,RidgeCV
seaad_alltissues_investigate,dlpfc_xds_pfc357_peaks_ridge_clock,ATAC,Oligo,chr7:25856098-25857615,0.1090240851044654,,86,RidgeCV
seaad_alltissues_investigate,dlpfc_xds_pfc357_peaks_ridge_clock,ATAC,Oligo,chr7:74026290-74031288,0.1276764124631881,,45,RidgeCV
seaad_alltissues_investigate,dlpfc_xds_pfc357_peaks_ridge_clock,ATAC,Oligo,chr7:74282332-74295062,0.0907785594463348,,173,RidgeCV
seaad_alltissues_investigate,dlpfc_xds_pfc357_peaks_ridge_clock,ATAC,Oligo,chr7:75737762-75741376,0.1552792191505432,,27,RidgeCV
seaad_alltissues_investigate,dlpfc_xds_pfc357_peaks_ridge_clock,ATAC,Oligo,chr8:11448655-11468864,0.1765054613351822,,20,RidgeCV
seaad_alltissues_investigate,dlpfc_xds_pfc357_peaks_ridge_clock,ATAC,Oligo,chr8:115585118-115587641,0.1310586333274841,,42,RidgeCV
seaad_alltissues_investigate,dlpfc_xds_pfc357_peaks_ridge_clock,ATAC,Oligo,chr8:142088900-142096383,0.1074736714363098,,91,RidgeCV
seaad_alltissues_investigate,dlpfc_xds_pfc357_peaks_ridge_clock,ATAC,Oligo,chr8:143242725-143253309,-0.2095771133899688,,9,RidgeCV
seaad_alltissues_investigate,dlpfc_xds_pfc357_peaks_ridge_clock,ATAC,Oligo,chr8:22546524-22555668,-0.2085421234369278,,10,RidgeCV
seaad_alltissues_investigate,dlpfc_xds_pfc357_peaks_ridge_clock,ATAC,Oligo,chr8:26447250-26452544,0.0876406580209732,,189,RidgeCV
seaad_alltissues_investigate,dlpfc_xds_pfc357_peaks_ridge_clock,ATAC,Oligo,chr8:26569403-26604969,0.1143299713730812,,70,RidgeCV
seaad_alltissues_investigate,dlpfc_xds_pfc357_peaks_ridge_clock,ATAC,Oligo,chr8:27601953-27617871,0.1185788288712501,,62,RidgeCV
seaad_alltissues_investigate,dlpfc_xds_pfc357_peaks_ridge_clock,ATAC,Oligo,chr8:27663257-27670453,0.1145455762743949,,69,RidgeCV
seaad_alltissues_investigate,dlpfc_xds_pfc357_peaks_ridge_clock,ATAC,Oligo,chr8:27701645-27708102,0.093241386115551,,149,RidgeCV
seaad_alltissues_investigate,dlpfc_xds_pfc357_peaks_ridge_clock,ATAC,Oligo,chr8:40054876-40055671,0.0975669547915458,,129,RidgeCV
seaad_alltissues_investigate,dlpfc_xds_pfc357_peaks_ridge_clock,ATAC,Oligo,chr9:123329119-123391289,0.160416305065155,,25,RidgeCV
seaad_alltissues_investigate,dlpfc_xds_pfc357_peaks_ridge_clock,ATAC,Oligo,chr9:127959434-127983872,-0.0859158188104629,,199,RidgeCV
seaad_alltissues_investigate,dlpfc_xds_pfc357_peaks_ridge_clock,ATAC,Oligo,chr9:129546632-129553526,0.0991116464138031,,124,RidgeCV
seaad_alltissues_investigate,dlpfc_xds_pfc357_peaks_ridge_clock,ATAC,Oligo,chr9:34372292-34383488,-0.0930085629224777,,151,RidgeCV
seaad_alltissues_investigate,dlpfc_xds_pfc357_peaks_ridge_clock,ATAC,Oligo,chr9:34625625-34659079,0.0870856866240501,,190,RidgeCV
seaad_alltissues_investigate,dlpfc_xds_pfc357_peaks_ridge_clock,ATAC,Oligo,chr9:40990656-40992963,-0.1141349524259567,,71,RidgeCV
seaad_alltissues_investigate,dlpfc_xds_pfc357_peaks_ridge_clock,ATAC,Oligo,chr9:74496020-74501786,0.1991493999958038,,14,RidgeCV
seaad_alltissues_investigate,dlpfc_xds_pfc357_peaks_ridge_clock,ATAC,Oligo,chr9:89413685-89469023,0.1117771789431572,,75,RidgeCV
seaad_alltissues_investigate,dlpfc_xds_pfc357_peaks_ridge_clock,ATAC,OPC,chr10:131959893-131967395,0.0687717795372009,,32,RidgeCV
seaad_alltissues_investigate,dlpfc_xds_pfc357_peaks_ridge_clock,ATAC,OPC,chr10:15718628-15720305,0.067230500280857,,37,RidgeCV
seaad_alltissues_investigate,dlpfc_xds_pfc357_peaks_ridge_clock,ATAC,OPC,chr10:35638900-35644768,0.0497746504843235,,121,RidgeCV
seaad_alltissues_investigate,dlpfc_xds_pfc357_peaks_ridge_clock,ATAC,OPC,chr10:58962793-58971548,-0.0512065440416336,,105,RidgeCV
seaad_alltissues_investigate,dlpfc_xds_pfc357_peaks_ridge_clock,ATAC,OPC,chr10:612560-630020,-0.0613044761121273,,50,RidgeCV
seaad_alltissues_investigate,dlpfc_xds_pfc357_peaks_ridge_clock,ATAC,OPC,chr10:64035590-64038458,-0.0501441694796085,,118,RidgeCV
seaad_alltissues_investigate,dlpfc_xds_pfc357_peaks_ridge_clock,ATAC,OPC,chr1:109247362-109287440,0.0448458902537822,,173,RidgeCV
seaad_alltissues_investigate,dlpfc_xds_pfc357_peaks_ridge_clock,ATAC,OPC,chr11:114071750-114101302,0.0646053180098533,,41,RidgeCV
seaad_alltissues_investigate,dlpfc_xds_pfc357_peaks_ridge_clock,ATAC,OPC,chr11:117865790-117880479,-0.0525202266871929,,92,RidgeCV
seaad_alltissues_investigate,dlpfc_xds_pfc357_peaks_ridge_clock,ATAC,OPC,chr11:118906431-118931465,-0.0454220026731491,,167,RidgeCV
seaad_alltissues_investigate,dlpfc_xds_pfc357_peaks_ridge_clock,ATAC,OPC,chr1:1418036-1442536,0.0526664778590202,,90,RidgeCV
seaad_alltissues_investigate,dlpfc_xds_pfc357_peaks_ridge_clock,ATAC,OPC,chr1:154323362-154332115,0.0441382303833961,,186,RidgeCV
seaad_alltissues_investigate,dlpfc_xds_pfc357_peaks_ridge_clock,ATAC,OPC,chr11:59614363-59617198,0.0437028408050537,,192,RidgeCV
seaad_alltissues_investigate,dlpfc_xds_pfc357_peaks_ridge_clock,ATAC,OPC,chr1:160108403-160121645,-0.0435364544391632,,194,RidgeCV
seaad_alltissues_investigate,dlpfc_xds_pfc357_peaks_ridge_clock,ATAC,OPC,chr11:61724306-61794166,-0.0585817955434322,,57,RidgeCV
seaad_alltissues_investigate,dlpfc_xds_pfc357_peaks_ridge_clock,ATAC,OPC,chr11:62704406-62711014,-0.0465832687914371,,154,RidgeCV
seaad_alltissues_investigate,dlpfc_xds_pfc357_peaks_ridge_clock,ATAC,OPC,chr11:64027680-64065093,-0.081240527331829,,13,RidgeCV
seaad_alltissues_investigate,dlpfc_xds_pfc357_peaks_ridge_clock,ATAC,OPC,chr11:64686375-64690918,-0.0534635037183761,,83,RidgeCV
seaad_alltissues_investigate,dlpfc_xds_pfc357_peaks_ridge_clock,ATAC,OPC,chr11:781671-810965,0.0516211278736591,,100,RidgeCV
seaad_alltissues_investigate,dlpfc_xds_pfc357_peaks_ridge_clock,ATAC,OPC,chr1:180923236-180939981,-0.0438718348741531,,191,RidgeCV
seaad_alltissues_investigate,dlpfc_xds_pfc357_peaks_ridge_clock,ATAC,OPC,chr1:181086865-181114034,-0.0467082113027572,,153,RidgeCV
seaad_alltissues_investigate,dlpfc_xds_pfc357_peaks_ridge_clock,ATAC,OPC,chr1:181478261-181492029,-0.0435678474605083,,193,RidgeCV
seaad_alltissues_investigate,dlpfc_xds_pfc357_peaks_ridge_clock,ATAC,OPC,chr11:815577-851898,-0.0636980682611465,,44,RidgeCV
seaad_alltissues_investigate,dlpfc_xds_pfc357_peaks_ridge_clock,ATAC,OPC,chr11:92222666-92229131,-0.0758729800581932,,23,RidgeCV
seaad_alltissues_investigate,dlpfc_xds_pfc357_peaks_ridge_clock,ATAC,OPC,chr1:201008737-201030394,-0.0492436923086643,,124,RidgeCV
seaad_alltissues_investigate,dlpfc_xds_pfc357_peaks_ridge_clock,ATAC,OPC,chr1:201730325-201732506,-0.0507425516843795,,111,RidgeCV
seaad_alltissues_investigate,dlpfc_xds_pfc357_peaks_ridge_clock,ATAC,OPC,chr1:203123501-203155920,-0.0432988069951534,,198,RidgeCV
seaad_alltissues_investigate,dlpfc_xds_pfc357_peaks_ridge_clock,ATAC,OPC,chr1:205434400-205448516,0.05319669470191,,86,RidgeCV
seaad_alltissues_investigate,dlpfc_xds_pfc357_peaks_ridge_clock,ATAC,OPC,chr1:207803540-207829529,0.0765281245112419,,21,RidgeCV
seaad_alltissues_investigate,dlpfc_xds_pfc357_peaks_ridge_clock,ATAC,OPC,chr12:113243832-113247644,0.0453123711049556,,169,RidgeCV
seaad_alltissues_investigate,dlpfc_xds_pfc357_peaks_ridge_clock,ATAC,OPC,chr12:121772816-121809027,-0.0507347099483013,,112,RidgeCV
seaad_alltissues_investigate,dlpfc_xds_pfc357_peaks_ridge_clock,ATAC,OPC,chr12:124861394-124866182,-0.0449876375496387,,172,RidgeCV
seaad_alltissues_investigate,dlpfc_xds_pfc357_peaks_ridge_clock,ATAC,OPC,chr12:128816155-128825007,0.0458228290081024,,162,RidgeCV
seaad_alltissues_investigate,dlpfc_xds_pfc357_peaks_ridge_clock,ATAC,OPC,chr1:21586401-21608632,-0.0453564710915088,,168,RidgeCV
seaad_alltissues_investigate,dlpfc_xds_pfc357_peaks_ridge_clock,ATAC,OPC,chr12:16597952-16614361,0.0549686029553413,,74,RidgeCV
seaad_alltissues_investigate,dlpfc_xds_pfc357_peaks_ridge_clock,ATAC,OPC,chr12:20367585-20370373,-0.0533013790845871,,84,RidgeCV
seaad_alltissues_investigate,dlpfc_xds_pfc357_peaks_ridge_clock,ATAC,OPC,chr1:226972957-226990838,0.0575206391513347,,64,RidgeCV
seaad_alltissues_investigate,dlpfc_xds_pfc357_peaks_ridge_clock,ATAC,OPC,chr1:228456886-228460281,-0.0481145568192005,,132,RidgeCV
seaad_alltissues_investigate,dlpfc_xds_pfc357_peaks_ridge_clock,ATAC,OPC,chr12:41187634-41190879,0.0456445813179016,,165,RidgeCV
seaad_alltissues_investigate,dlpfc_xds_pfc357_peaks_ridge_clock,ATAC,OPC,chr1:245152567-245158017,0.0621266923844814,,48,RidgeCV
seaad_alltissues_investigate,dlpfc_xds_pfc357_peaks_ridge_clock,ATAC,OPC,chr12:49669913-49676300,0.0553358308970928,,71,RidgeCV
seaad_alltissues_investigate,dlpfc_xds_pfc357_peaks_ridge_clock,ATAC,OPC,chr1:2522718-2550114,-0.1215443834662437,,2,RidgeCV
seaad_alltissues_investigate,dlpfc_xds_pfc357_peaks_ridge_clock,ATAC,OPC,chr12:53745841-53754184,0.0604390427470207,,53,RidgeCV
seaad_alltissues_investigate,dlpfc_xds_pfc357_peaks_ridge_clock,ATAC,OPC,chr1:27588374-27607152,-0.0517534799873828,,99,RidgeCV
seaad_alltissues_investigate,dlpfc_xds_pfc357_peaks_ridge_clock,ATAC,OPC,chr13:109779123-109789605,0.0520996637642383,,97,RidgeCV
seaad_alltissues_investigate,dlpfc_xds_pfc357_peaks_ridge_clock,ATAC,OPC,chr13:112991802-113010940,0.0607996731996536,,52,RidgeCV
seaad_alltissues_investigate,dlpfc_xds_pfc357_peaks_ridge_clock,ATAC,OPC,chr14:103507897-103558905,0.0611858963966369,,51,RidgeCV
seaad_alltissues_investigate,dlpfc_xds_pfc357_peaks_ridge_clock,ATAC,OPC,chr1:44010504-44018009,0.0432572029531002,,199,RidgeCV
seaad_alltissues_investigate,dlpfc_xds_pfc357_peaks_ridge_clock,ATAC,OPC,chr14:41604221-41612592,-0.0914789363741874,,8,RidgeCV
seaad_alltissues_investigate,dlpfc_xds_pfc357_peaks_ridge_clock,ATAC,OPC,chr14:53951619-53957389,-0.0546796694397926,,77,RidgeCV
seaad_alltissues_investigate,dlpfc_xds_pfc357_peaks_ridge_clock,ATAC,OPC,chr14:64539432-64542784,-0.0474038012325763,,144,RidgeCV
seaad_alltissues_investigate,dlpfc_xds_pfc357_peaks_ridge_clock,ATAC,OPC,chr1:4652099-4677045,0.0633642300963401,,46,RidgeCV
seaad_alltissues_investigate,dlpfc_xds_pfc357_peaks_ridge_clock,ATAC,OPC,chr14:68933531-68946832,-0.0480208024382591,,133,RidgeCV
seaad_alltissues_investigate,dlpfc_xds_pfc357_peaks_ridge_clock,ATAC,OPC,chr14:93032075-93042555,0.055020909756422,,73,RidgeCV
seaad_alltissues_investigate,dlpfc_xds_pfc357_peaks_ridge_clock,ATAC,OPC,chr15:37091983-37102984,-0.0724004060029983,,27,RidgeCV
seaad_alltissues_investigate,dlpfc_xds_pfc357_peaks_ridge_clock,ATAC,OPC,chr15:41820518-41831127,0.0500430315732955,,119,RidgeCV
seaad_alltissues_investigate,dlpfc_xds_pfc357_peaks_ridge_clock,ATAC,OPC,chr15:85740223-85753864,-0.0775336101651191,,20,RidgeCV
seaad_alltissues_investigate,dlpfc_xds_pfc357_peaks_ridge_clock,ATAC,OPC,chr15:89353797-89412876,-0.0440448150038719,,188,RidgeCV
seaad_alltissues_investigate,dlpfc_xds_pfc357_peaks_ridge_clock,ATAC,OPC,chr16:3019886-3032091,-0.0527905747294425,,89,RidgeCV
seaad_alltissues_investigate,dlpfc_xds_pfc357_peaks_ridge_clock,ATAC,OPC,chr1:6482919-6514267,-0.046036209911108,,159,RidgeCV
seaad_alltissues_investigate,dlpfc_xds_pfc357_peaks_ridge_clock,ATAC,OPC,chr16:52842-81576,0.0710581913590431,,29,RidgeCV
seaad_alltissues_investigate,dlpfc_xds_pfc357_peaks_ridge_clock,ATAC,OPC,chr16:67153720-67213656,0.0476237013936042,,138,RidgeCV
seaad_alltissues_investigate,dlpfc_xds_pfc357_peaks_ridge_clock,ATAC,OPC,chr16:67644050-67676271,-0.0523270033299922,,95,RidgeCV
seaad_alltissues_investigate,dlpfc_xds_pfc357_peaks_ridge_clock,ATAC,OPC,chr16:79589588-79594552,0.0736319124698638,,26,RidgeCV
seaad_alltissues_investigate,dlpfc_xds_pfc357_peaks_ridge_clock,ATAC,OPC,chr16:88777819-88786046,-0.0471628867089748,,148,RidgeCV
seaad_alltissues_investigate,dlpfc_xds_pfc357_peaks_ridge_clock,ATAC,OPC,chr17:19335976-19348300,0.0476046465337276,,139,RidgeCV
seaad_alltissues_investigate,dlpfc_xds_pfc357_peaks_ridge_clock,ATAC,OPC,chr17:2021999-2031558,0.0550500154495239,,72,RidgeCV
seaad_alltissues_investigate,dlpfc_xds_pfc357_peaks_ridge_clock,ATAC,OPC,chr17:330034-336790,0.0446497648954391,,175,RidgeCV
seaad_alltissues_investigate,dlpfc_xds_pfc357_peaks_ridge_clock,ATAC,OPC,chr17:40055826-40077279,-0.0577670894563198,,61,RidgeCV
seaad_alltissues_investigate,dlpfc_xds_pfc357_peaks_ridge_clock,ATAC,OPC,chr17:40308718-40328342,-0.0532636307179927,,85,RidgeCV
seaad_alltissues_investigate,dlpfc_xds_pfc357_peaks_ridge_clock,ATAC,OPC,chr17:44217663-44224086,-0.0439528711140155,,190,RidgeCV
seaad_alltissues_investigate,dlpfc_xds_pfc357_peaks_ridge_clock,ATAC,OPC,chr17:45142490-45152758,0.0483685955405235,,130,RidgeCV
seaad_alltissues_investigate,dlpfc_xds_pfc357_peaks_ridge_clock,ATAC,OPC,chr17:50556600-50572529,-0.0699455514550209,,30,RidgeCV
seaad_alltissues_investigate,dlpfc_xds_pfc357_peaks_ridge_clock,ATAC,OPC,chr17:58516931-58522009,0.0451255142688751,,170,RidgeCV
seaad_alltissues_investigate,dlpfc_xds_pfc357_peaks_ridge_clock,ATAC,OPC,chr17:7832608-7845932,-0.0544884651899337,,79,RidgeCV
seaad_alltissues_investigate,dlpfc_xds_pfc357_peaks_ridge_clock,ATAC,OPC,chr17:79809658-79814003,-0.0803003683686256,,14,RidgeCV
seaad_alltissues_investigate,dlpfc_xds_pfc357_peaks_ridge_clock,ATAC,OPC,chr17:82227027-82249048,0.0510869175195694,,107,RidgeCV
seaad_alltissues_investigate,dlpfc_xds_pfc357_peaks_ridge_clock,ATAC,OPC,chr18:12375285-12378556,-0.0503160245716571,,116,RidgeCV
seaad_alltissues_investigate,dlpfc_xds_pfc357_peaks_ridge_clock,ATAC,OPC,chr18:3447397-3452773,0.0462595000863075,,155,RidgeCV
seaad_alltissues_investigate,dlpfc_xds_pfc357_peaks_ridge_clock,ATAC,OPC,chr18:55346370-55356357,-0.0470695048570632,,150,RidgeCV
seaad_alltissues_investigate,dlpfc_xds_pfc357_peaks_ridge_clock,ATAC,OPC,chr18:79067693-79070723,-0.0686770975589752,,33,RidgeCV
seaad_alltissues_investigate,dlpfc_xds_pfc357_peaks_ridge_clock,ATAC,OPC,chr18:79393233-79397183,0.0457353219389915,,163,RidgeCV
seaad_alltissues_investigate,dlpfc_xds_pfc357_peaks_ridge_clock,ATAC,OPC,chr19:11478171-11485930,-0.0488841831684112,,128,RidgeCV
seaad_alltissues_investigate,dlpfc_xds_pfc357_peaks_ridge_clock,ATAC,OPC,chr19:13050052-13062905,-0.044533398002386,,177,RidgeCV
seaad_alltissues_investigate,dlpfc_xds_pfc357_peaks_ridge_clock,ATAC,OPC,chr19:14002346-14007393,0.0474861375987529,,140,RidgeCV
seaad_alltissues_investigate,dlpfc_xds_pfc357_peaks_ridge_clock,ATAC,OPC,chr19:1464419-1475367,-0.04695825278759,,151,RidgeCV
seaad_alltissues_investigate,dlpfc_xds_pfc357_peaks_ridge_clock,ATAC,OPC,chr1:9181212-9184195,0.092466652393341,,7,RidgeCV
seaad_alltissues_investigate,dlpfc_xds_pfc357_peaks_ridge_clock,ATAC,OPC,chr19:18519447-18523613,-0.0477309040725231,,137,RidgeCV
seaad_alltissues_investigate,dlpfc_xds_pfc357_peaks_ridge_clock,ATAC,OPC,chr1:9241948-9254086,0.0695220455527305,,31,RidgeCV
seaad_alltissues_investigate,dlpfc_xds_pfc357_peaks_ridge_clock,ATAC,OPC,chr19:45766984-45772184,-0.0588084906339645,,56,RidgeCV
seaad_alltissues_investigate,dlpfc_xds_pfc357_peaks_ridge_clock,ATAC,OPC,chr19:47424579-47431338,-0.0490943603217601,,127,RidgeCV
seaad_alltissues_investigate,dlpfc_xds_pfc357_peaks_ridge_clock,ATAC,OPC,chr19:48632866-48641599,-0.0501472391188144,,117,RidgeCV
seaad_alltissues_investigate,dlpfc_xds_pfc357_peaks_ridge_clock,ATAC,OPC,chr19:49637808-49642773,-0.0530384741723537,,88,RidgeCV
seaad_alltissues_investigate,dlpfc_xds_pfc357_peaks_ridge_clock,ATAC,OPC,chr19:50202555-50204254,0.0443443804979324,,182,RidgeCV
seaad_alltissues_investigate,dlpfc_xds_pfc357_peaks_ridge_clock,ATAC,OPC,chr19:50323872-50334652,-0.0498320162296295,,120,RidgeCV
seaad_alltissues_investigate,dlpfc_xds_pfc357_peaks_ridge_clock,ATAC,OPC,chr19:54414648-54423277,0.0514631494879722,,103,RidgeCV
seaad_alltissues_investigate,dlpfc_xds_pfc357_peaks_ridge_clock,ATAC,OPC,chr19:55584887-55587773,-0.0493508093059062,,123,RidgeCV
seaad_alltissues_investigate,dlpfc_xds_pfc357_peaks_ridge_clock,ATAC,OPC,chr19:7910398-7932800,-0.0583149753510952,,58,RidgeCV
seaad_alltissues_investigate,dlpfc_xds_pfc357_peaks_ridge_clock,ATAC,OPC,chr19:8524926-8527335,-0.0460970439016819,,158,RidgeCV
seaad_alltissues_investigate,dlpfc_xds_pfc357_peaks_ridge_clock,ATAC,OPC,chr1:996901-1006150,-0.1699958890676498,,0,RidgeCV
seaad_alltissues_investigate,dlpfc_xds_pfc357_peaks_ridge_clock,ATAC,OPC,chr20:23634126-23639181,0.0633881315588951,,45,RidgeCV
seaad_alltissues_investigate,dlpfc_xds_pfc357_peaks_ridge_clock,ATAC,OPC,chr20:25056157-25060063,0.0491953566670417,,125,RidgeCV
seaad_alltissues_investigate,dlpfc_xds_pfc357_peaks_ridge_clock,ATAC,OPC,chr20:25857213-25869262,-0.0474641695618629,,141,RidgeCV
seaad_alltissues_investigate,dlpfc_xds_pfc357_peaks_ridge_clock,ATAC,OPC,chr20:31603802-31609765,-0.0456343442201614,,166,RidgeCV
seaad_alltissues_investigate,dlpfc_xds_pfc357_peaks_ridge_clock,ATAC,OPC,chr20:57387448-57396354,0.0478899963200092,,135,RidgeCV
seaad_alltissues_investigate,dlpfc_xds_pfc357_peaks_ridge_clock,ATAC,OPC,chr2:120222250-120224782,-0.0459026470780372,,160,RidgeCV
seaad_alltissues_investigate,dlpfc_xds_pfc357_peaks_ridge_clock,ATAC,OPC,chr2:127063257-127100123,-0.0470830202102661,,149,RidgeCV
seaad_alltissues_investigate,dlpfc_xds_pfc357_peaks_ridge_clock,ATAC,OPC,chr2:143935291-143941332,0.0672324374318122,,36,RidgeCV
seaad_alltissues_investigate,dlpfc_xds_pfc357_peaks_ridge_clock,ATAC,OPC,chr2:154692708-154701903,-0.0538767650723457,,82,RidgeCV
seaad_alltissues_investigate,dlpfc_xds_pfc357_peaks_ridge_clock,ATAC,OPC,chr2:17537894-17544970,-0.0540272705256938,,81,RidgeCV
seaad_alltissues_investigate,dlpfc_xds_pfc357_peaks_ridge_clock,ATAC,OPC,chr2:181677704-181685516,0.0556824579834938,,69,RidgeCV
seaad_alltissues_investigate,dlpfc_xds_pfc357_peaks_ridge_clock,ATAC,OPC,chr2:205679723-205690121,0.0479635000228881,,134,RidgeCV
seaad_alltissues_investigate,dlpfc_xds_pfc357_peaks_ridge_clock,ATAC,OPC,chr2:205719997-205722290,0.0433056131005287,,197,RidgeCV
seaad_alltissues_investigate,dlpfc_xds_pfc357_peaks_ridge_clock,ATAC,OPC,chr22:20252331-20275897,-0.0446273162961006,,176,RidgeCV
seaad_alltissues_investigate,dlpfc_xds_pfc357_peaks_ridge_clock,ATAC,OPC,chr22:29300532-29322904,0.0486036539077758,,129,RidgeCV
seaad_alltissues_investigate,dlpfc_xds_pfc357_peaks_ridge_clock,ATAC,OPC,chr2:241874908-241883923,0.044475220143795,,178,RidgeCV
seaad_alltissues_investigate,dlpfc_xds_pfc357_peaks_ridge_clock,ATAC,OPC,chr22:50708980-50735783,0.0645269975066185,,42,RidgeCV
seaad_alltissues_investigate,dlpfc_xds_pfc357_peaks_ridge_clock,ATAC,OPC,chr2:30236295-30240556,-0.0886371135711669,,10,RidgeCV
seaad_alltissues_investigate,dlpfc_xds_pfc357_peaks_ridge_clock,ATAC,OPC,chr3:122972871-122979530,-0.0657901689410209,,39,RidgeCV
seaad_alltissues_investigate,dlpfc_xds_pfc357_peaks_ridge_clock,ATAC,OPC,chr3:13780573-13798653,-0.0508484132587909,,109,RidgeCV
seaad_alltissues_investigate,dlpfc_xds_pfc357_peaks_ridge_clock,ATAC,OPC,chr3:13877290-13881997,0.047415804117918,,143,RidgeCV
seaad_alltissues_investigate,dlpfc_xds_pfc357_peaks_ridge_clock,ATAC,OPC,chr3:197503897-197513246,-0.0522149875760078,,96,RidgeCV
seaad_alltissues_investigate,dlpfc_xds_pfc357_peaks_ridge_clock,ATAC,OPC,chr3:43994367-44005859,-0.0457060821354389,,164,RidgeCV
seaad_alltissues_investigate,dlpfc_xds_pfc357_peaks_ridge_clock,ATAC,OPC,chr3:44011117-44023316,-0.044241078197956,,185,RidgeCV
seaad_alltissues_investigate,dlpfc_xds_pfc357_peaks_ridge_clock,ATAC,OPC,chr3:47576685-47581892,0.0481495410203933,,131,RidgeCV
seaad_alltissues_investigate,dlpfc_xds_pfc357_peaks_ridge_clock,ATAC,OPC,chr3:50257842-50275800,0.0664628520607948,,38,RidgeCV
seaad_alltissues_investigate,dlpfc_xds_pfc357_peaks_ridge_clock,ATAC,OPC,chr3:57016405-57018086,-0.0526153035461902,,91,RidgeCV
seaad_alltissues_investigate,dlpfc_xds_pfc357_peaks_ridge_clock,ATAC,OPC,chr3:87088449-87091414,0.0507273450493812,,113,RidgeCV
seaad_alltissues_investigate,dlpfc_xds_pfc357_peaks_ridge_clock,ATAC,OPC,chr4:165871583-165876145,-0.0796546041965484,,16,RidgeCV
seaad_alltissues_investigate,dlpfc_xds_pfc357_peaks_ridge_clock,ATAC,OPC,chr4:1789181-1815273,0.0844493210315704,,12,RidgeCV
seaad_alltissues_investigate,dlpfc_xds_pfc357_peaks_ridge_clock,ATAC,OPC,chr4:25925352-25931135,-0.0505529940128326,,115,RidgeCV
seaad_alltissues_investigate,dlpfc_xds_pfc357_peaks_ridge_clock,ATAC,OPC,chr4:5050345-5053192,0.044257529079914,,184,RidgeCV
seaad_alltissues_investigate,dlpfc_xds_pfc357_peaks_ridge_clock,ATAC,OPC,chr4:54229974-54235124,0.0574582703411579,,65,RidgeCV
seaad_alltissues_investigate,dlpfc_xds_pfc357_peaks_ridge_clock,ATAC,OPC,chr4:65667217-65673656,-0.0613118559122085,,49,RidgeCV
seaad_alltissues_investigate,dlpfc_xds_pfc357_peaks_ridge_clock,ATAC,OPC,chr4:80195175-80203812,0.0642720162868499,,43,RidgeCV
seaad_alltissues_investigate,dlpfc_xds_pfc357_peaks_ridge_clock,ATAC,OPC,chr4:95537021-95552058,0.0857113972306251,,11,RidgeCV
seaad_alltissues_investigate,dlpfc_xds_pfc357_peaks_ridge_clock,ATAC,OPC,chr5:128537316-128539271,-0.0543143860995769,,80,RidgeCV
seaad_alltissues_investigate,dlpfc_xds_pfc357_peaks_ridge_clock,ATAC,OPC,chr5:141483408-141499774,-0.0439774841070175,,189,RidgeCV
seaad_alltissues_investigate,dlpfc_xds_pfc357_peaks_ridge_clock,ATAC,OPC,chr5:150607989-150660209,-0.074459820985794,,24,RidgeCV
seaad_alltissues_investigate,dlpfc_xds_pfc357_peaks_ridge_clock,ATAC,OPC,chr5:176446739-176449226,0.0477515496313571,,136,RidgeCV
seaad_alltissues_investigate,dlpfc_xds_pfc357_peaks_ridge_clock,ATAC,OPC,chr5:43007477-43008844,0.0597988255321979,,54,RidgeCV
seaad_alltissues_investigate,dlpfc_xds_pfc357_peaks_ridge_clock,ATAC,OPC,chr5:61327894-61335474,-0.0472256951034069,,146,RidgeCV
seaad_alltissues_investigate,dlpfc_xds_pfc357_peaks_ridge_clock,ATAC,OPC,chr5:783102-785800,0.0468271598219871,,152,RidgeCV
seaad_alltissues_investigate,dlpfc_xds_pfc357_peaks_ridge_clock,ATAC,OPC,chr5:88662749-88682125,0.0713387876749038,,28,RidgeCV
seaad_alltissues_investigate,dlpfc_xds_pfc357_peaks_ridge_clock,ATAC,OPC,chr6:125746602-125750515,0.0491344928741455,,126,RidgeCV
seaad_alltissues_investigate,dlpfc_xds_pfc357_peaks_ridge_clock,ATAC,OPC,chr6:144284632-144287436,-0.0450804606080055,,171,RidgeCV
seaad_alltissues_investigate,dlpfc_xds_pfc357_peaks_ridge_clock,ATAC,OPC,chr6:26214915-26218419,-0.1023603826761245,,5,RidgeCV
seaad_alltissues_investigate,dlpfc_xds_pfc357_peaks_ridge_clock,ATAC,OPC,chr6:26222521-26225673,-0.0553430542349815,,70,RidgeCV
seaad_alltissues_investigate,dlpfc_xds_pfc357_peaks_ridge_clock,ATAC,OPC,chr6:27131304-27134106,-0.0531423576176166,,87,RidgeCV
seaad_alltissues_investigate,dlpfc_xds_pfc357_peaks_ridge_clock,ATAC,OPC,chr6:27144829-27147897,-0.0507738441228866,,110,RidgeCV
seaad_alltissues_investigate,dlpfc_xds_pfc357_peaks_ridge_clock,ATAC,OPC,chr6:30681791-30689424,-0.0461676679551601,,157,RidgeCV
seaad_alltissues_investigate,dlpfc_xds_pfc357_peaks_ridge_clock,ATAC,OPC,chr6:31817423-31828195,0.0520857274532318,,98,RidgeCV
seaad_alltissues_investigate,dlpfc_xds_pfc357_peaks_ridge_clock,ATAC,OPC,chr6:35044111-35054332,0.0443910248577594,,180,RidgeCV
seaad_alltissues_investigate,dlpfc_xds_pfc357_peaks_ridge_clock,ATAC,OPC,chr6:35055582-35063245,0.0785305276513099,,19,RidgeCV
seaad_alltissues_investigate,dlpfc_xds_pfc357_peaks_ridge_clock,ATAC,OPC,chr6:5995300-6009832,0.1402345150709152,,1,RidgeCV
seaad_alltissues_investigate,dlpfc_xds_pfc357_peaks_ridge_clock,ATAC,OPC,chr6:88161266-88170731,-0.0515819378197193,,101,RidgeCV
seaad_alltissues_investigate,dlpfc_xds_pfc357_peaks_ridge_clock,ATAC,OPC,chr7:1439758-1481317,0.0513060055673122,,104,RidgeCV
seaad_alltissues_investigate,dlpfc_xds_pfc357_peaks_ridge_clock,ATAC,OPC,chr7:151874606-151880659,0.056756567209959,,67,RidgeCV
seaad_alltissues_investigate,dlpfc_xds_pfc357_peaks_ridge_clock,ATAC,OPC,chr7:158877803-158879781,0.0673079341650009,,35,RidgeCV
seaad_alltissues_investigate,dlpfc_xds_pfc357_peaks_ridge_clock,ATAC,OPC,chr7:159007353-159008504,0.0440565273165702,,187,RidgeCV
seaad_alltissues_investigate,dlpfc_xds_pfc357_peaks_ridge_clock,ATAC,OPC,chr7:159024880-159043105,0.1066804677248001,,3,RidgeCV
seaad_alltissues_investigate,dlpfc_xds_pfc357_peaks_ridge_clock,ATAC,OPC,chr7:159143852-159145829,0.0444578044116497,,179,RidgeCV
seaad_alltissues_investigate,dlpfc_xds_pfc357_peaks_ridge_clock,ATAC,OPC,chr7:2728502-2740482,0.051489096134901,,102,RidgeCV
seaad_alltissues_investigate,dlpfc_xds_pfc357_peaks_ridge_clock,ATAC,OPC,chr7:28954603-28961076,-0.0458847433328628,,161,RidgeCV
seaad_alltissues_investigate,dlpfc_xds_pfc357_peaks_ridge_clock,ATAC,OPC,chr7:31045987-31058462,0.0446557998657226,,174,RidgeCV
seaad_alltissues_investigate,dlpfc_xds_pfc357_peaks_ridge_clock,ATAC,OPC,chr7:39082265-39092777,0.1037666201591491,,4,RidgeCV
seaad_alltissues_investigate,dlpfc_xds_pfc357_peaks_ridge_clock,ATAC,OPC,chr7:47567727-47577878,-0.0474268794059753,,142,RidgeCV
seaad_alltissues_investigate,dlpfc_xds_pfc357_peaks_ridge_clock,ATAC,OPC,chr7:54540740-54547241,-0.0545838735997676,,78,RidgeCV
seaad_alltissues_investigate,dlpfc_xds_pfc357_peaks_ridge_clock,ATAC,OPC,chr7:5485762-5499196,0.0435244217514991,,195,RidgeCV
seaad_alltissues_investigate,dlpfc_xds_pfc357_peaks_ridge_clock,ATAC,OPC,chr7:73697671-73722634,0.0588529370725154,,55,RidgeCV
seaad_alltissues_investigate,dlpfc_xds_pfc357_peaks_ridge_clock,ATAC,OPC,chr8:115585118-115587641,0.0576504804193973,,63,RidgeCV
seaad_alltissues_investigate,dlpfc_xds_pfc357_peaks_ridge_clock,ATAC,OPC,chr8:141348674-141429507,0.057136733084917,,66,RidgeCV
seaad_alltissues_investigate,dlpfc_xds_pfc357_peaks_ridge_clock,ATAC,OPC,chr8:142607557-142625382,0.080161727964878,,15,RidgeCV
seaad_alltissues_investigate,dlpfc_xds_pfc357_peaks_ridge_clock,ATAC,OPC,chr8:143242725-143253309,-0.0524014383554458,,93,RidgeCV
seaad_alltissues_investigate,dlpfc_xds_pfc357_peaks_ridge_clock,ATAC,OPC,chr8:22546524-22555668,0.050679437816143,,114,RidgeCV
seaad_alltissues_investigate,dlpfc_xds_pfc357_peaks_ridge_clock,ATAC,OPC,chr8:25183495-25186528,0.0511983633041381,,106,RidgeCV
seaad_alltissues_investigate,dlpfc_xds_pfc357_peaks_ridge_clock,ATAC,OPC,chr8:38378495-38387732,0.0442906059324741,,183,RidgeCV
seaad_alltissues_investigate,dlpfc_xds_pfc357_peaks_ridge_clock,ATAC,OPC,chr8:47730424-47739858,0.0891929268836975,,9,RidgeCV
seaad_alltissues_investigate,dlpfc_xds_pfc357_peaks_ridge_clock,ATAC,OPC,chr8:4989117-4997644,0.0433546006679534,,196,RidgeCV
seaad_alltissues_investigate,dlpfc_xds_pfc357_peaks_ridge_clock,ATAC,OPC,chr8:8226539-8230309,0.0579506382346153,,59,RidgeCV
seaad_alltissues_investigate,dlpfc_xds_pfc357_peaks_ridge_clock,ATAC,OPC,chr8:96157516-96162248,0.074254922568798,,25,RidgeCV
seaad_alltissues_investigate,dlpfc_xds_pfc357_peaks_ridge_clock,ATAC,OPC,chr8:9893128-9915292,0.0578015074133873,,60,RidgeCV
seaad_alltissues_investigate,dlpfc_xds_pfc357_peaks_ridge_clock,ATAC,OPC,chr9:113339071-113345458,-0.0547439716756343,,76,RidgeCV
seaad_alltissues_investigate,dlpfc_xds_pfc357_peaks_ridge_clock,ATAC,OPC,chr9:124768879-124775335,-0.0560153946280479,,68,RidgeCV
seaad_alltissues_investigate,dlpfc_xds_pfc357_peaks_ridge_clock,ATAC,OPC,chr9:127556940-127563584,-0.0683196112513542,,34,RidgeCV
seaad_alltissues_investigate,dlpfc_xds_pfc357_peaks_ridge_clock,ATAC,OPC,chr9:133524022-133548966,-0.0624888204038143,,47,RidgeCV
seaad_alltissues_investigate,dlpfc_xds_pfc357_peaks_ridge_clock,ATAC,OPC,chr9:135073741-135117855,-0.0508946925401687,,108,RidgeCV
seaad_alltissues_investigate,dlpfc_xds_pfc357_peaks_ridge_clock,ATAC,OPC,chr9:135336163-135350248,-0.0548575706779956,,75,RidgeCV
seaad_alltissues_investigate,dlpfc_xds_pfc357_peaks_ridge_clock,ATAC,OPC,chr9:136044167-136060822,0.0495447181165218,,122,RidgeCV
seaad_alltissues_investigate,dlpfc_xds_pfc357_peaks_ridge_clock,ATAC,OPC,chr9:136506952-136535209,0.0653487890958786,,40,RidgeCV
seaad_alltissues_investigate,dlpfc_xds_pfc357_peaks_ridge_clock,ATAC,OPC,chr9:137298103-137322382,-0.0790196433663368,,18,RidgeCV
seaad_alltissues_investigate,dlpfc_xds_pfc357_peaks_ridge_clock,ATAC,OPC,chr9:35100842-35117495,-0.0472297556698322,,145,RidgeCV
seaad_alltissues_investigate,dlpfc_xds_pfc357_peaks_ridge_clock,ATAC,OPC,chr9:37426717-37444073,0.0462072789669036,,156,RidgeCV
seaad_alltissues_investigate,dlpfc_xds_pfc357_peaks_ridge_clock,ATAC,OPC,chr9:81684768-81691105,0.0576935186982154,,62,RidgeCV
seaad_alltissues_investigate,dlpfc_xds_pfc357_peaks_ridge_clock,ATAC,OPC,chr9:89413685-89469023,-0.096797339618206,,6,RidgeCV
seaad_alltissues_investigate,dlpfc_xds_pfc357_peaks_ridge_clock,ATAC,OPC,chr9:95504087-95518164,0.0523675009608268,,94,RidgeCV
seaad_alltissues_investigate,dlpfc_xds_pfc357_peaks_ridge_clock,ATAC,OPC,chrX:153942128-153975022,0.0443567298352718,,181,RidgeCV
seaad_alltissues_investigate,dlpfc_xds_pfc357_peaks_ridge_clock,ATAC,OPC,chrX:25000813-25008328,-0.0795295611023902,,17,RidgeCV
seaad_alltissues_investigate,dlpfc_xds_pfc357_peaks_ridge_clock,ATAC,OPC,chrX:25008665-25018189,-0.0764738321304321,,22,RidgeCV
seaad_alltissues_investigate,dlpfc_xds_pfc357_peaks_ridge_clock,ATAC,OPC,chrX:83507017-83509466,-0.0472010485827922,,147,RidgeCV
