chr	tss	strand	gene_name	gene_id
chr19	58353492	-	A1BG	A1BG
chr19	58351969	+	A1BG-AS1	A1BG-AS1
chr10	50885627	-	A1CF	A1CF
chr12	9115919	-	A2M	A2M
chr12	9065176	+	A2M-AS1	A2M-AS1
chr12	8822620	+	A2ML1	A2ML1
chr12	9234207	-	A2MP1	A2MP1
chr1	33321098	-	A3GALT2	A3GALT2
chr22	42720870	-	A4GALT	A4GALT
chr3	138132390	-	A4GNT	A4GNT
chr17	33533760	-	AA06	AA06
chr12	53321610	-	AAAS	AAAS
chr12	125065434	+	AACS	AACS
chr5	178818435	-	AACSP1	AACSP1
chr3	151814115	+	AADAC	AADAC
chr3	151733926	+	AADACL2	AADACL2
chr3	151928175	-	AADACL2-AS1	AADACL2-AS1
chr1	12716109	+	AADACL3	AADACL3
chr1	12644084	+	AADACL4	AADACL4
chr3	151770455	+	AADACP1	AADACP1
chr4	170089956	-	AADAT	AADAT
chr15	67254661	-	AAGAB	AAGAB
chr2	69643738	-	AAK1	AAK1
chr11	77821113	+	AAMDC	AAMDC
chr2	218270137	-	AAMP	AAMP
chr17	76453350	+	AANAT	AANAT
chr20	36236416	+	AAR2	AAR2
chr8	116938206	+	AARD	AARD
chr16	70289506	-	AARS1	AARS1
chr6	44313347	-	AARS2	AARS2
chr17	42964454	-	AARSD1	AARSD1
chr4	56387491	-	AASDH	AASDH
chr11	106077661	+	AASDHPPT	AASDHPPT
chr7	122144249	-	AASS	AASS
chr21	43812567	-	AATBC	AATBC
chr17	36948953	+	AATF	AATF
chr17	81131948	-	AATK	AATK
chr20	31721506	+	ABALON	ABALON
chr16	8674616	+	ABAT	ABAT
chr9	104928155	-	ABCA1	ABCA1
chr17	69228824	-	ABCA10	ABCA10
chr4	474209	-	ABCA11P	ABCA11P
chr2	215032086	-	ABCA12	ABCA12
chr7	48171457	+	ABCA13	ABCA13
chr16	2340921	+	ABCA17P	ABCA17P
chr9	137028237	-	ABCA2	ABCA2
chr16	2340728	-	ABCA3	ABCA3
chr1	94121148	-	ABCA4	ABCA4
chr17	69315633	-	ABCA5	ABCA5
chr17	69141895	-	ABCA6	ABCA6
chr19	1040106	+	ABCA7	ABCA7
chr17	68955392	-	ABCA8	ABCA8
chr17	69060927	-	ABCA9	ABCA9
chr17	69004713	+	ABCA9-AS1	ABCA9-AS1
chr7	87600884	-	ABCB1	ABCB1
chr1	229558707	-	ABCB10	ABCB10
chr2	169031324	-	ABCB11	ABCB11
chr7	87475680	-	ABCB4	ABCB4
chr7	20615666	+	ABCB5	ABCB5
chr2	219218958	-	ABCB6	ABCB6
chrX	75156283	-	ABCB7	ABCB7
chr7	151028421	+	ABCB8	ABCB8
chr12	122966463	-	ABCB9	ABCB9
chr16	15949615	+	ABCC1	ABCC1
chr6	43427540	+	ABCC10	ABCC10
chr16	48232271	-	ABCC11	ABCC11
chr16	48146770	-	ABCC12	ABCC12
chr21	14273798	+	ABCC13	ABCC13
chr10	99782639	+	ABCC2	ABCC2
chr17	50634880	+	ABCC3	ABCC3
chr13	95301451	-	ABCC4	ABCC4
chr3	184017884	-	ABCC5	ABCC5
chr3	184006337	+	ABCC5-AS1	ABCC5-AS1
chr16	16223471	-	ABCC6	ABCC6
chr16	18571247	+	ABCC6P1	ABCC6P1
chr16	14824702	-	ABCC6P2	ABCC6P2
chr11	17476845	-	ABCC8	ABCC8
chr12	21941426	-	ABCC9	ABCC9
chrX	153724855	+	ABCD1	ABCD1
chr12	39619803	-	ABCD2	ABCD2
chr1	94418376	+	ABCD3	ABCD3
chr14	74302934	-	ABCD4	ABCD4
chr4	145098310	+	ABCE1	ABCE1
chr6	30571441	+	ABCF1	ABCF1
chr7	151227205	-	ABCF2	ABCF2
chr7	151227205	-	ABCF2-H2BE1	ABCF2-H2BE1
chr3	184186074	+	ABCF3	ABCF3
chr21	42199688	+	ABCG1	ABCG1
chr4	88158639	-	ABCG2	ABCG2
chr11	119149051	+	ABCG4	ABCG4
chr2	43838839	-	ABCG5	ABCG5
chr2	43838970	+	ABCG8	ABCG8
chr2	27123814	+	ABHD1	ABHD1
chr3	111979025	+	ABHD10	ABHD10
chr7	73738867	-	ABHD11	ABHD11
chr7	73735068	+	ABHD11-AS1	ABHD11-AS1
chr20	25390835	-	ABHD12	ABHD12
chr14	50872052	+	ABHD12B	ABHD12B
chr13	108218391	+	ABHD13	ABHD13
chr3	51975063	+	ABHD14A	ABHD14A
chr3	51975063	+	ABHD14A-ACY1	ABHD14A-ACY1
chr3	51974630	-	ABHD14B	ABHD14B
chr17	29567037	-	ABHD15	ABHD15
chr6	31702958	-	ABHD16A	ABHD16A
chr20	63861497	+	ABHD16B	ABHD16B
chr19	1885496	-	ABHD17A	ABHD17A
chr9	71911193	-	ABHD17B	ABHD17B
chr15	80695309	+	ABHD17C	ABHD17C
chr4	127965405	+	ABHD18	ABHD18
chr15	89088455	+	ABHD2	ABHD2
chr18	21664214	-	ABHD3	ABHD3
chr14	22598237	+	ABHD4	ABHD4
chr3	43690869	+	ABHD5	ABHD5
chr3	58237501	+	ABHD6	ABHD6
chr19	17303425	-	ABHD8	ABHD8
chr10	26860958	-	ABI1	ABI1
chr2	203328393	+	ABI2	ABI2
chr17	49210226	+	ABI3	ABI3
chr3	100993421	-	ABI3BP	ABI3BP
chr9	108934399	+	ABITRAM	ABITRAM
chr9	130713880	+	ABL1	ABL1
chr1	179143076	-	ABL2	ABL2
chr10	114526913	-	ABLIM1	ABLIM1
chr4	8071988	-	ABLIM2	ABLIM2
chr5	149141446	+	ABLIM3	ABLIM3
chr9	133275201	-	ABO	ABO
chr17	1031831	-	ABR	ABR
chr8	106770244	-	ABRA	ABRA
chr6	139028744	+	ABRACL	ABRACL
chr4	83485100	-	ABRAXAS1	ABRAXAS1
chr10	124801818	+	ABRAXAS2	ABRAXAS2
chr6	26596952	+	ABT1	ABT1
chr3	127672937	+	ABTB1	ABTB1
chr11	34358010	-	ABTB2	ABTB2
chr3	38137127	-	ACAA1	ACAA1
chr18	49813533	-	ACAA2	ACAA2
chr17	37299767	-	ACACA	ACACA
chr12	109116586	+	ACACB	ACACB
chr12	111686052	+	ACAD10	ACAD10
chr3	132659809	-	ACAD11	ACAD11
chr11	134253567	+	ACAD8	ACAD8
chr3	128879489	+	ACAD9	ACAD9
chr2	210225447	-	ACADL	ACADL
chr1	75724346	+	ACADM	ACADM
chr12	120725825	+	ACADS	ACADS
chr10	123009005	+	ACADSB	ACADSB
chr17	7217124	+	ACADVL	ACADVL
chr15	88803435	+	ACAN	ACAN
chr17	7336528	+	ACAP1	ACAP1
chr3	195443020	-	ACAP2	ACAP2
chr1	1307930	-	ACAP3	ACAP3
chr11	108121566	+	ACAT1	ACAT1
chr6	159762044	+	ACAT2	ACAT2
chr1	226186741	-	ACBD3	ACBD3
chr1	226148002	+	ACBD3-AS1	ACBD3-AS1
chr17	45132618	+	ACBD4	ACBD4
chr10	27240486	-	ACBD5	ACBD5
chr1	180502577	-	ACBD6	ACBD6
chr10	15088776	-	ACBD7	ACBD7
chr10	15088776	-	ACBD7-DCLRE1CP1	ACBD7-DCLRE1CP1
chr11	44066269	+	ACCS	ACCS
chr11	44047980	+	ACCSL	ACCSL
chr16	67660260	-	ACD	ACD
chr17	63477060	+	ACE	ACE
chrX	15600960	-	ACE2	ACE2
chr19	6333612	-	ACER1	ACER1
chr9	19409008	+	ACER2	ACER2
chr11	76860917	+	ACER3	ACER3
chr7	100894606	-	ACHE	ACHE
chr14	23071569	-	ACIN1	ACIN1
chr1	159204874	+	ACKR1	ACKR1
chr3	42809444	+	ACKR2	ACKR2
chr2	236569824	+	ACKR3	ACKR3
chr3	132597269	+	ACKR4	ACKR4
chr17	41918951	-	ACLY	ACLY
chr2	134838615	+	ACMSD	ACMSD
chr9	32384602	+	ACO1	ACO1
chr22	41469116	+	ACO2	ACO2
chr13	76948510	+	ACOD1	ACOD1
chr14	73537142	+	ACOT1	ACOT1
chr1	54548227	+	ACOT11	ACOT11
chr5	81394134	-	ACOT12	ACOT12
chr6	24667034	+	ACOT13	ACOT13
chr14	73567619	+	ACOT2	ACOT2
chr14	73591705	+	ACOT4	ACOT4
chr14	73610944	+	ACOT6	ACOT6
chr1	6358929	-	ACOT7	ACOT7
chr20	45857392	-	ACOT8	ACOT8
chrX	23743276	-	ACOT9	ACOT9
chr17	75979166	-	ACOX1	ACOX1
chr3	58537190	-	ACOX2	ACOX2
chr4	8428448	-	ACOX3	ACOX3
chr2	110732572	+	ACOXL	ACOXL
chr2	111115588	-	ACOXL-AS1	ACOXL-AS1
chr2	264868	+	ACP1	ACP1
chr11	47248628	-	ACP2	ACP2
chr3	132317406	+	ACP3	ACP3
chr19	50790414	+	ACP4	ACP4
chr19	11577645	-	ACP5	ACP5
chr1	147670524	-	ACP6	ACP6
chr19	39084367	+	ACP7	ACP7
chr22	50738203	+	ACR	ACR
chr12	6647432	-	ACRBP	ACRBP
chr11	125680847	-	ACRV1	ACRV1
chr15	78234565	-	ACSBG1	ACSBG1
chr19	6135632	+	ACSBG2	ACSBG2
chr17	50426157	+	ACSF2	ACSF2
chr16	89093851	+	ACSF3	ACSF3
chr4	184805553	-	ACSL1	ACSL1
chr2	222861035	+	ACSL3	ACSL3
chrX	109733257	-	ACSL4	ACSL4
chr10	112374115	+	ACSL5	ACSL5
chr5	132011658	-	ACSL6	ACSL6
chr16	20691256	-	ACSM1	ACSM1
chr16	20451520	+	ACSM2A	ACSM2A
chr16	20576367	-	ACSM2B	ACSM2B
chr16	20763989	+	ACSM3	ACSM3
chr12	7304331	+	ACSM4	ACSM4
chr16	20409533	+	ACSM5	ACSM5
chr10	95194199	+	ACSM6	ACSM6
chr20	25032706	-	ACSS1	ACSS1
chr20	34874962	+	ACSS2	ACSS2
chr12	81078078	+	ACSS3	ACSS3
chr1	229434094	-	ACTA1	ACTA1
chr10	88952773	-	ACTA2	ACTA2
chr10	88932683	+	ACTA2-AS1	ACTA2-AS1
chr7	5530601	-	ACTB	ACTB
chr5	57482811	-	ACTBL2	ACTBL2
chr15	34795549	-	ACTC1	ACTC1
chr11	71423354	-	ACTE1P	ACTE1P
chr17	81512799	-	ACTG1	ACTG1
chr15	82739780	-	ACTG1P17	ACTG1P17
chr1	27323873	+	ACTG1P20	ACTG1P20
chr1	202861753	+	ACTG1P25	ACTG1P25
chr1	103569403	+	ACTG1P4	ACTG1P4
chr2	73893007	+	ACTG2	ACTG2
chr20	33666942	+	ACTL10	ACTL10
chr3	179562879	+	ACTL6A	ACTL6A
chr7	100656448	-	ACTL6B	ACTL6B
chr9	108862265	+	ACTL7A	ACTL7A
chr9	108855986	-	ACTL7B	ACTL7B
chr1	17755332	+	ACTL8	ACTL8
chr19	8698795	-	ACTL9	ACTL9
chr14	68979302	-	ACTN1	ACTN1
chr14	68979681	+	ACTN1-AS1	ACTN1-AS1
chr1	236686453	+	ACTN2	ACTN2
chr11	66546394	+	ACTN3	ACTN3
chr19	38647648	+	ACTN4	ACTN4
chr14	58200148	+	ACTR10	ACTR10
chr10	102502712	-	ACTR1A	ACTR1A
chr2	97664044	-	ACTR1B	ACTR1B
chr2	65227694	+	ACTR2	ACTR2
chr2	113889933	+	ACTR3	ACTR3
chr2	113890992	-	ACTR3-AS1	ACTR3-AS1
chr7	152759748	+	ACTR3B	ACTR3B
chr2	91941132	+	ACTR3BP2	ACTR3BP2
chr10	38696595	+	ACTR3BP5	ACTR3BP5
chr7	150047715	-	ACTR3C	ACTR3C
chr20	38748459	+	ACTR5	ACTR5
chr12	100200086	+	ACTR6	ACTR6
chr3	53882152	-	ACTR8	ACTR8
chrX	128052403	-	ACTRT1	ACTRT1
chr1	3021466	+	ACTRT2	ACTRT2
chr3	169769561	-	ACTRT3	ACTRT3
chr2	157838630	-	ACVR1	ACVR1
chr12	51951698	+	ACVR1B	ACVR1B
chr2	157597560	-	ACVR1C	ACVR1C
chr2	147844516	+	ACVR2A	ACVR2A
chr3	38453889	+	ACVR2B	ACVR2B
chr3	38454820	-	ACVR2B-AS1	ACVR2B-AS1
chr12	51907503	+	ACVRL1	ACVRL1
chr3	51983534	+	ACY1	ACY1
chr11	67650730	-	ACY3	ACY3
chr14	75064024	-	ACYP1	ACYP1
chr2	53971112	+	ACYP2	ACYP2
chr20	44651699	-	ADA	ADA
chr22	17199655	-	ADA2	ADA2
chr4	122379010	+	ADAD1	ADAD1
chr16	84191156	+	ADAD2	ADAD2
chr15	43330350	+	ADAL	ADAL
chr15	58749707	-	ADAM10	ADAM10
chr17	44758987	+	ADAM11	ADAM11
chr10	126388477	-	ADAM12	ADAM12
chr1	155051315	+	ADAM15	ADAM15
chr2	9555830	-	ADAM17	ADAM17
chr8	39584567	+	ADAM18	ADAM18
chr5	157575775	-	ADAM19	ADAM19
chr8	39838227	-	ADAM2	ADAM2
chr14	70535004	-	ADAM20	ADAM20
chr14	70483756	-	ADAM20P1	ADAM20P1
chr14	70452173	+	ADAM21	ADAM21
chr14	70247801	-	ADAM21P1	ADAM21P1
chr7	87934142	+	ADAM22	ADAM22
chr2	206443531	+	ADAM23	ADAM23
chr8	24294039	+	ADAM28	ADAM28
chr4	174918357	+	ADAM29	ADAM29
chr1	119896515	-	ADAM30	ADAM30
chr8	39107528	+	ADAM32	ADAM32
chr20	3682010	-	ADAM33	ADAM33
chr8	39522989	-	ADAM3A	ADAM3A
chr16	49518585	-	ADAM3B	ADAM3B
chr8	39314662	+	ADAM5	ADAM5
chr14	105972269	-	ADAM6	ADAM6
chr8	24441025	+	ADAM7	ADAM7
chr10	133276868	-	ADAM8	ADAM8
chr8	38996972	+	ADAM9	ADAM9
chr8	24384284	+	ADAMDEC1	ADAMDEC1
chr21	26845409	-	ADAMTS1	ADAMTS1
chr19	8592196	-	ADAMTS10	ADAMTS10
chr5	33891990	-	ADAMTS12	ADAMTS12
chr9	133414336	+	ADAMTS13	ADAMTS13
chr10	70672505	+	ADAMTS14	ADAMTS14
chr11	130448973	+	ADAMTS15	ADAMTS15
chr5	5140329	+	ADAMTS16	ADAMTS16
chr15	100341975	-	ADAMTS17	ADAMTS17
chr16	77435034	-	ADAMTS18	ADAMTS18
chr5	129460297	+	ADAMTS19	ADAMTS19
chr5	129460689	-	ADAMTS19-AS1	ADAMTS19-AS1
chr5	179345461	-	ADAMTS2	ADAMTS2
chr12	43552203	-	ADAMTS20	ADAMTS20
chr4	72569221	-	ADAMTS3	ADAMTS3
chr1	161199054	-	ADAMTS4	ADAMTS4
chr21	26967088	-	ADAMTS5	ADAMTS5
chr5	65481920	-	ADAMTS6	ADAMTS6
chr15	78811464	-	ADAMTS7	ADAMTS7
chr15	82293282	+	ADAMTS7P1	ADAMTS7P1
chr11	130428609	-	ADAMTS8	ADAMTS8
chr3	64688000	-	ADAMTS9	ADAMTS9
chr3	64561345	+	ADAMTS9-AS1	ADAMTS9-AS1
chr3	64684869	+	ADAMTS9-AS2	ADAMTS9-AS2
chr9	18474152	+	ADAMTSL1	ADAMTSL1
chr9	133532163	+	ADAMTSL2	ADAMTSL2
chr15	83654122	+	ADAMTSL3	ADAMTSL3
chr1	150549407	+	ADAMTSL4	ADAMTSL4
chr1	150574552	-	ADAMTSL4-AS1	ADAMTSL4-AS1
chr19	1513019	-	ADAMTSL5	ADAMTSL5
chr7	920889	-	ADAP1	ADAP1
chr17	30921735	+	ADAP2	ADAP2
chr1	154606253	-	ADAR	ADAR
chr21	45074577	+	ADARB1	ADARB1
chr10	1737525	-	ADARB2	ADARB2
chr10	1526629	+	ADARB2-AS1	ADARB2-AS1
chr16	75623281	-	ADAT1	ADAT1
chr6	143442677	-	ADAT2	ADAT2
chr19	1905398	+	ADAT3	ADAT3
chr14	77800108	+	ADCK1	ADCK1
chr7	140672944	+	ADCK2	ADCK2
chr8	144374046	+	ADCK5	ADCK5
chr7	45574139	+	ADCY1	ADCY1
chr1	167914134	-	ADCY10	ADCY10
chr6	41101033	+	ADCY10P1	ADCY10P1
chr5	7396137	+	ADCY2	ADCY2
chr2	24887182	-	ADCY3	ADCY3
chr14	24335071	-	ADCY4	ADCY4
chr3	123416342	-	ADCY5	ADCY5
chr12	48789089	-	ADCY6	ADCY6
chr12	48789146	+	ADCY6-DT	ADCY6-DT
chr16	50266550	+	ADCY7	ADCY7
chr8	131040909	-	ADCY8	ADCY8
chr16	4116442	-	ADCY9	ADCY9
chr18	904870	+	ADCYAP1	ADCYAP1
chr7	31052307	+	ADCYAP1R1	ADCYAP1R1
chr4	2843843	+	ADD1	ADD1
chr2	70767715	-	ADD2	ADD2
chr10	109996372	+	ADD3	ADD3
chr10	110008381	-	ADD3-AS1	ADD3-AS1
chr6	146598971	+	ADGB	ADGB
chr10	133087923	+	ADGRA1	ADGRA1
chr10	133086697	-	ADGRA1-AS1	ADGRA1-AS1
chr8	37796882	+	ADGRA2	ADGRA2
chr4	22516066	-	ADGRA3	ADGRA3
chr8	142449648	+	ADGRB1	ADGRB1
chr1	31764340	-	ADGRB2	ADGRB2
chr6	68635281	+	ADGRB3	ADGRB3
chr12	130953906	+	ADGRD1	ADGRD1
chr12	130993976	-	ADGRD1-AS1	ADGRD1-AS1
chr19	6887578	+	ADGRE1	ADGRE1
chr19	14776927	-	ADGRE2	ADGRE2
chr19	14674844	-	ADGRE3	ADGRE3
chr19	6990846	-	ADGRE4P	ADGRE4P
chr19	14381143	+	ADGRE5	ADGRE5
chr6	47042332	-	ADGRF1	ADGRF1
chr6	47656471	+	ADGRF2	ADGRF2
chr2	26319049	-	ADGRF3	ADGRF3
chr6	47698579	+	ADGRF4	ADGRF4
chr6	46921938	-	ADGRF5	ADGRF5
chr6	46903470	+	ADGRF5-AS1	ADGRF5-AS1
chr16	57619737	+	ADGRG1	ADGRG1
chrX	19122468	-	ADGRG2	ADGRG2
chr16	57668305	+	ADGRG3	ADGRG3
chrX	136300962	+	ADGRG4	ADGRG4
chr16	57542642	+	ADGRG5	ADGRG5
chr6	142301918	+	ADGRG6	ADGRG6
chr3	100609600	+	ADGRG7	ADGRG7
chr19	14206169	-	ADGRL1	ADGRL1
chr1	81306191	+	ADGRL2	ADGRL2
chr4	61201229	+	ADGRL3	ADGRL3
chr4	62161765	-	ADGRL3-AS1	ADGRL3-AS1
chr1	79006730	-	ADGRL4	ADGRL4
chr5	90558796	+	ADGRV1	ADGRV1
chr4	99290985	-	ADH1A	ADH1A
chr4	99321401	-	ADH1B	ADH1B
chr4	99352746	-	ADH1C	ADH1C
chr4	99144297	-	ADH4	ADH4
chr4	99088788	-	ADH5	ADH5
chr4	99219246	-	ADH6	ADH6
chr4	99435134	-	ADH7	ADH7
chr8	66432503	+	ADHFE1	ADHFE1
chr2	3517747	-	ADI1	ADI1
chr20	38581196	+	ADIG	ADIG
chr3	186842709	+	ADIPOQ	ADIPOQ
chr3	186861368	-	ADIPOQ-AS1	ADIPOQ-AS1
chr1	202957984	-	ADIPOR1	ADIPOR1
chr12	1691069	+	ADIPOR2	ADIPOR2
chr10	86968481	+	ADIRF	ADIRF
chr10	74151220	+	ADK	ADK
chr11	10305072	+	ADM	ADM
chr22	50481542	+	ADM2	ADM2
chr19	49688684	+	ADM5	ADM5
chr20	50909791	-	ADNP	ADNP
chr20	50930983	+	ADNP-AS1	ADNP-AS1
chr18	80109261	+	ADNP2	ADNP2
chr10	62804719	+	ADO	ADO
chr1	203127725	+	ADORA1	ADORA1
chr22	24423596	+	ADORA2A	ADORA2A
chr22	24495074	-	ADORA2A-AS1	ADORA2A-AS1
chr17	15944916	+	ADORA2B	ADORA2B
chr1	111503633	-	ADORA3	ADORA3
chr15	72783758	-	ADPGK	ADPGK
chr15	72782834	+	ADPGK-AS1	ADPGK-AS1
chr3	119579491	+	ADPRH	ADPRH
chr13	113449158	-	ADPRHL1	ADPRHL1
chr17	10697593	+	ADPRM	ADPRM
chr1	36088891	+	ADPRS	ADPRS
chr8	26865655	-	ADRA1A	ADRA1A
chr5	159916481	+	ADRA1B	ADRA1B
chr20	4249287	-	ADRA1D	ADRA1D
chr10	111077028	+	ADRA2A	ADRA2A
chr2	96116571	-	ADRA2B	ADRA2B
chr4	3766384	+	ADRA2C	ADRA2C
chr10	114043865	+	ADRB1	ADRB1
chr5	148826610	+	ADRB2	ADRB2
chr8	37966599	-	ADRB3	ADRB3
chr20	62302895	+	ADRM1	ADRM1
chr22	40346499	+	ADSL	ADSL
chr14	104724228	+	ADSS1	ADSS1
chr1	244451909	-	ADSS2	ADSS2
chr6	11778803	-	ADTRP	ADTRP
chr7	44104344	+	AEBP1	AEBP1
chr12	19439491	+	AEBP2	AEBP2
chr15	88621339	+	AEN	AEN
chr4	7872308	-	AFAP1	AFAP1
chr4	7754089	+	AFAP1-AS1	AFAP1-AS1
chr5	149271837	+	AFAP1L1	AFAP1L1
chr10	114404502	-	AFAP1L2	AFAP1L2
chr6	167826563	+	AFDN	AFDN
chr6	167826796	-	AFDN-DT	AFDN-DT
chr4	86935001	+	AFF1	AFF1
chr4	86934850	-	AFF1-AS1	AFF1-AS1
chrX	148500616	+	AFF2	AFF2
chr2	100105583	-	AFF3	AFF3
chr5	132963634	-	AFF4	AFF4
chr6	108295053	+	AFG1L	AFG1L
chr16	89972579	+	AFG3L1P	AFG3L1P
chr18	12377227	-	AFG3L2	AFG3L2
chr4	73481744	+	AFM	AFM
chr17	78187316	+	AFMID	AFMID
chr4	73436220	+	AFP	AFP
chr2	64524304	+	AFTPH	AFTPH
chr4	177442437	-	AGA	AGA
chr2	235494042	+	AGAP1	AGAP1
chr2	235505750	+	AGAP1-IT1	AGAP1-IT1
chr10	45678515	+	AGAP10P	AGAP10P
chr10	86970335	+	AGAP11	AGAP11
chr10	48031640	-	AGAP12P	AGAP12P
chr10	46816539	+	AGAP13P	AGAP13P
chr10	46337260	+	AGAP14P	AGAP14P
chr12	57738246	-	AGAP2	AGAP2
chr12	57726239	+	AGAP2-AS1	AGAP2-AS1
chr7	151085866	+	AGAP3	AGAP3
chr10	45847473	-	AGAP4	AGAP4
chr10	73701328	-	AGAP5	AGAP5
chr10	49988317	+	AGAP6	AGAP6
chr10	46109494	+	AGAP7P	AGAP7P
chr10	47523638	-	AGAP9	AGAP9
chr15	86079619	+	AGBL1	AGBL1
chr15	86316968	-	AGBL1-AS1	AGBL1-AS1
chr11	47715369	-	AGBL2	AGBL2
chr7	134986507	+	AGBL3	AGBL3
chr1	50023954	-	AGBL4	AGBL4
chr1	49257410	+	AGBL4-AS1	AGBL4-AS1
chr1	49472085	-	AGBL4-IT1	AGBL4-IT1
chr2	27051422	+	AGBL5	AGBL5
chr2	27050264	-	AGBL5-AS1	AGBL5-AS1
chr6	32184253	-	AGER	AGER
chr2	227472155	+	AGFG1	AGFG1
chr7	100539202	+	AGFG2	AGFG2
chr5	77030403	+	AGGF1	AGGF1
chr7	141551409	+	AGK	AGK
chr1	99850360	+	AGL	AGL
chr1	15585051	-	AGMAT	AGMAT
chr7	15562015	-	AGMO	AGMO
chr1	35869807	+	AGO1	AGO1
chr8	140635633	-	AGO2	AGO2
chr1	35931104	+	AGO3	AGO3
chr1	35807635	+	AGO4	AGO4
chr6	32173116	-	AGPAT1	AGPAT1
chr9	136687457	-	AGPAT2	AGPAT2
chr21	43865222	+	AGPAT3	AGPAT3
chr6	161274061	-	AGPAT4	AGPAT4
chr6	161161982	-	AGPAT4-IT1	AGPAT4-IT1
chr8	6708641	+	AGPAT5	AGPAT5
chr2	177392772	+	AGPS	AGPS
chr7	16804999	-	AGR2	AGR2
chr7	16881983	-	AGR3	AGR3
chr1	1020119	+	AGRN	AGRN
chr16	67483547	-	AGRP	AGRP
chr1	230714122	-	AGT	AGT
chr9	85741954	-	AGTPBP1	AGTPBP1
chr3	148697870	+	AGTR1	AGTR1
chrX	116170743	+	AGTR2	AGTR2
chr1	11736084	+	AGTRAP	AGTRAP
chr2	240868823	+	AGXT	AGXT
chr5	35047949	-	AGXT2	AGXT2
chr1	246931358	-	AHCTF1	AHCTF1
chr2	161507902	-	AHCTF1P1	AHCTF1P1
chr20	34302990	-	AHCY	AHCY
chr1	109984764	+	AHCYL1	AHCYL1
chr7	129225029	+	AHCYL2	AHCYL2
chr1	27603494	-	AHDC1	AHDC1
chr6	135497740	-	AHI1	AHI1
chr11	62545664	-	AHNAK	AHNAK
chr14	104970507	-	AHNAK2	AHNAK2
chr7	17298651	+	AHR	AHR
chr5	321713	+	AHRR	AHRR
chr14	77457866	+	AHSA1	AHSA1
chr2	61177417	+	AHSA2P	AHSA2P
chr3	186613059	+	AHSG	AHSG
chr16	31527899	+	AHSP	AHSP
chr12	8612859	-	AICDA	AICDA
chr1	222712491	-	AIDA	AIDA
chr6	31615233	+	AIF1	AIF1
chr9	131096475	+	AIF1L	AIF1L
chrX	130138040	-	AIFM1	AIFM1
chr10	70132825	-	AIFM2	AIFM2
chr22	20965171	+	AIFM3	AIFM3
chr6	143059362	+	AIG1	AIG1
chr1	159076766	-	AIM2	AIM2
chr4	106315609	+	AIMP1	AIMP1
chr7	6009244	+	AIMP2	AIMP2
chr11	67483025	+	AIP	AIP
chr17	6435121	-	AIPL1	AIPL1
chr21	44285875	+	AIRE	AIRE
chr6	160007664	-	AIRN	AIRN
chr1	4654608	+	AJAP1	AJAP1
chr9	136842477	+	AJM1	AJM1
chr14	22976842	-	AJUBA	AJUBA
chr9	127873480	-	AK1	AK1
chr1	33036883	-	AK2	AK2
chr9	4726227	-	AK3	AK3
chr1	65147548	+	AK4	AK4
chr1	77282018	+	AK5	AK5
chr5	69369520	-	AK6	AK6
chr14	96392127	+	AK7	AK7
chr9	132878284	-	AK8	AK8
chr6	109691212	-	AK9	AK9
chr18	5197257	-	AKAIN1	AKAIN1
chr17	57085245	+	AKAP1	AKAP1
chr17	19977828	-	AKAP10	AKAP10
chr13	42272151	+	AKAP11	AKAP11
chr6	151239966	+	AKAP12	AKAP12
chr15	85380602	+	AKAP13	AKAP13
chrX	119895892	+	AKAP14	AKAP14
chrX	1591603	+	AKAP17A	AKAP17A
chr12	4649047	-	AKAP3	AKAP3
chrX	50200372	-	AKAP4	AKAP4
chr14	64465498	+	AKAP5	AKAP5
chr14	32329297	+	AKAP6	AKAP6
chr6	131135466	+	AKAP7	AKAP7
chr19	15379787	-	AKAP8	AKAP8
chr19	15418988	-	AKAP8L	AKAP8L
chr7	91940861	+	AKAP9	AKAP9
chr11	8911188	+	AKIP1	AKIP1
chr1	38991243	+	AKIRIN1	AKIRIN1
chr6	87702233	-	AKIRIN2	AKIRIN2
chr9	114387982	-	AKNA	AKNA
chr1	108857094	-	AKNAD1	AKNAD1
chr1	45550782	+	AKR1A1	AKR1A1
chr7	134459100	-	AKR1B1	AKR1B1
chr7	134527566	+	AKR1B10	AKR1B10
chr7	134549109	+	AKR1B15	AKR1B15
chr10	4963414	+	AKR1C1	AKR1C1
chr10	5004014	-	AKR1C2	AKR1C2
chr10	5048765	+	AKR1C3	AKR1C3
chr10	5196836	+	AKR1C4	AKR1C4
chr10	4916273	-	AKR1C6P	AKR1C6P
chr10	5185187	-	AKR1C8P	AKR1C8P
chr7	138076458	+	AKR1D1	AKR1D1
chr10	4826176	+	AKR1E2	AKR1E2
chr1	19312144	-	AKR7A2	AKR7A2
chr1	112923349	+	AKR7A2P1	AKR7A2P1
chr1	19288770	-	AKR7A3	AKR7A3
chr1	19274122	-	AKR7L	AKR7L
chr14	104793601	-	AKT1	AKT1
chr19	49876249	-	AKT1S1	AKT1S1
chr19	40265351	-	AKT2	AKT2
chr1	243843282	-	AKT3	AKT3
chr16	53503209	-	AKTIP	AKTIP
chr9	113401120	-	ALAD	ALAD
chr3	52198082	+	ALAS1	ALAS1
chrX	55030977	-	ALAS2	ALAS2
chr4	73404286	+	ALB	ALB
chr3	105366712	+	ALCAM	ALCAM
chr19	49453224	+	ALDH16A1	ALDH16A1
chr10	95656711	-	ALDH18A1	ALDH18A1
chr9	72953053	-	ALDH1A1	ALDH1A1
chr15	58014023	-	ALDH1A2	ALDH1A2
chr15	100879830	+	ALDH1A3	ALDH1A3
chr9	38392701	+	ALDH1B1	ALDH1B1
chr3	126180586	-	ALDH1L1	ALDH1L1
chr3	126103639	+	ALDH1L1-AS1	ALDH1L1-AS1
chr3	126180064	+	ALDH1L1-AS2	ALDH1L1-AS2
chr12	105084458	-	ALDH1L2	ALDH1L2
chr12	111766932	+	ALDH2	ALDH2
chr17	19745459	-	ALDH3A1	ALDH3A1
chr17	19648149	+	ALDH3A2	ALDH3A2
chr11	68008546	+	ALDH3B1	ALDH3B1
chr11	67674731	-	ALDH3B2	ALDH3B2
chr1	18890891	-	ALDH4A1	ALDH4A1
chr6	24494968	+	ALDH5A1	ALDH5A1
chr14	74084453	-	ALDH6A1	ALDH6A1
chr5	126595219	-	ALDH7A1	ALDH7A1
chr6	134950101	-	ALDH8A1	ALDH8A1
chr1	165698562	-	ALDH9A1	ALDH9A1
chr16	30064278	+	ALDOA	ALDOA
chr9	101435774	-	ALDOB	ALDOB
chr17	28576895	-	ALDOC	ALDOC
chr16	5071842	+	ALG1	ALG1
chr12	34022495	+	ALG10	ALG10
chr12	38316773	+	ALG10B	ALG10B
chr13	52012397	+	ALG11	ALG11
chr22	49918438	-	ALG12	ALG12
chrX	111681169	+	ALG13	ALG13
chr1	95072951	-	ALG14	ALG14
chr1	95061595	+	ALG14-AS1	ALG14-AS1
chr3	125937179	-	ALG1L	ALG1L
chr3	130081830	+	ALG1L2	ALG1L2
chr11	71813859	-	ALG1L9P	ALG1L9P
chr9	99221942	-	ALG2	ALG2
chr3	184248962	-	ALG3	ALG3
chr13	36999340	-	ALG5	ALG5
chr1	63367626	+	ALG6	ALG6
chr11	78139626	-	ALG8	ALG8
chr11	111871281	-	ALG9	ALG9
chr2	29223900	-	ALK	ALK
chr8	52565430	-	ALKAL1	ALKAL1
chr2	288091	-	ALKAL2	ALKAL2
chr14	77708023	-	ALKBH1	ALKBH1
chr12	109093472	-	ALKBH2	ALKBH2
chr11	43880830	+	ALKBH3	ALKBH3
chr11	43920944	-	ALKBH3-AS1	ALKBH3-AS1
chr7	102464863	-	ALKBH4	ALKBH4
chr17	18183827	+	ALKBH5	ALKBH5
chr19	36014213	-	ALKBH6	ALKBH6
chr19	6372793	+	ALKBH7	ALKBH7
chr11	107565735	-	ALKBH8	ALKBH8
chr2	3658199	+	ALLC	ALLC
chr2	73385757	+	ALMS1	ALMS1
chr2	73457102	+	ALMS1-IT1	ALMS1-IT1
chr2	73644918	+	ALMS1P1	ALMS1P1
chr17	6996048	+	ALOX12	ALOX12
chr17	7012334	-	ALOX12-AS1	ALOX12-AS1
chr17	8087716	-	ALOX12B	ALOX12B
chr17	6853575	+	ALOX12P2	ALOX12P2
chr17	4641678	-	ALOX15	ALOX15
chr17	8039039	+	ALOX15B	ALOX15B
chr17	6657718	+	ALOX15P1	ALOX15P1
chr10	45374165	+	ALOX5	ALOX5
chr13	30713477	+	ALOX5AP	ALOX5AP
chr17	8118303	-	ALOXE3	ALOXE3
chr2	232406843	+	ALPG	ALPG
chr2	232456152	+	ALPI	ALPI
chr4	112297342	+	ALPK1	ALPK1
chr18	58629091	-	ALPK2	ALPK2
chr15	84817355	+	ALPK3	ALPK3
chr1	21508983	+	ALPL	ALPL
chr2	232378750	+	ALPP	ALPP
chr2	201780933	-	ALS2	ALS2
chr3	46693679	-	ALS2CL	ALS2CL
chr12	85280219	+	ALX1	ALX1
chr1	110070672	-	ALX3	ALX3
chr11	44310139	-	ALX4	ALX4
chr17	81891586	-	ALYREF	ALYREF
chr5	34008050	-	AMACR	AMACR
chr4	70592255	+	AMBN	AMBN
chr9	114078300	-	AMBP	AMBP
chr11	46587444	-	AMBRA1	AMBRA1
chr6	110814620	+	AMD1	AMD1
chr12	95943330	+	AMDHD1	AMDHD1
chr16	2520370	+	AMDHD2	AMDHD2
chrX	11293412	+	AMELX	AMELX
chrY	6874027	-	AMELY	AMELY
chrX	64205708	-	AMER1	AMER1
chr13	25172167	-	AMER2	AMER2
chr2	130755539	+	AMER3	AMER3
chr16	56424989	-	AMFR	AMFR
chr19	2249322	+	AMH	AMH
chr12	53423854	+	AMHR2	AMHR2
chr1	109509727	-	AMIGO1	AMIGO1
chr12	47079951	-	AMIGO2	AMIGO2
chr3	49719684	-	AMIGO3	AMIGO3
chrX	110318085	-	AMMECR1	AMMECR1
chr2	127884860	-	AMMECR1L	AMMECR1L
chr14	102922662	+	AMN	AMN
chr12	31729021	-	AMN1	AMN1
chrX	112823126	-	AMOT	AMOT
chr11	94768355	+	AMOTL1	AMOTL1
chr3	134374447	-	AMOTL2	AMOTL2
chr1	114695546	-	AMPD1	AMPD1
chr1	109619812	+	AMPD2	AMPD2
chr11	10450320	+	AMPD3	AMPD3
chr7	38631373	-	AMPH	AMPH
chr3	49422473	-	AMT	AMT
chr4	70518568	+	AMTN	AMTN
chr1	103655518	+	AMY1A	AMY1A
chr1	103655702	+	AMY1B	AMY1B
chr1	103655515	+	AMY1C	AMY1C
chr1	103617331	+	AMY2A	AMY2A
chr1	103554643	+	AMY2B	AMY2B
chr7	2679521	+	AMZ1	AMZ1
chr17	68206128	+	AMZ2	AMZ2
chr17	64975585	-	AMZ2P1	AMZ2P1
chr2	111884193	-	ANAPC1	ANAPC1
chr4	145097382	-	ANAPC10	ANAPC10
chr17	81890789	+	ANAPC11	ANAPC11
chr3	134485985	-	ANAPC13	ANAPC13
chr11	72112232	-	ANAPC15	ANAPC15
chr10	72215999	+	ANAPC16	ANAPC16
chr2	86861824	+	ANAPC1P1	ANAPC1P1
chr2	87076413	-	ANAPC1P2	ANAPC1P2
chr2	87700982	+	ANAPC1P4	ANAPC1P4
chr2	106369744	+	ANAPC1P6	ANAPC1P6
chr9	137188560	-	ANAPC2	ANAPC2
chr4	25377262	+	ANAPC4	ANAPC4
chr12	121352411	-	ANAPC5	ANAPC5
chr12	110401949	-	ANAPC7	ANAPC7
chr14	20684176	+	ANG	ANG
chr14	76812882	-	ANGEL1	ANGEL1
chr1	213015509	-	ANGEL2	ANGEL2
chr8	107336515	-	ANGPT1	ANGPT1
chr8	6563245	-	ANGPT2	ANGPT2
chr20	916334	-	ANGPT4	ANGPT4
chr1	178871077	-	ANGPTL1	ANGPTL1
chr9	127122635	-	ANGPTL2	ANGPTL2
chr1	62597519	+	ANGPTL3	ANGPTL3
chr19	8364154	+	ANGPTL4	ANGPTL4
chr11	101916522	-	ANGPTL5	ANGPTL5
chr19	10102657	-	ANGPTL6	ANGPTL6
chr1	11189354	+	ANGPTL7	ANGPTL7
chr19	11239618	+	ANGPTL8	ANGPTL8
chr12	133235836	-	ANHX	ANHX
chr8	41665274	-	ANK1	ANK1
chr4	112706017	+	ANK2	ANK2
chr10	60141016	-	ANK3	ANK3
chr2	189674669	+	ANKAR	ANKAR
chr15	64911901	+	ANKDD1A	ANKDD1A
chr5	75611452	+	ANKDD1B	ANKDD1B
chr20	10034986	+	ANKEF1	ANKEF1
chr17	56153474	+	ANKFN1	ANKFN1
chr17	4263847	-	ANKFY1	ANKFY1
chr5	14871778	-	ANKH	ANKH
chr5	140401813	+	ANKHD1	ANKHD1
chr5	140401813	+	ANKHD1-EIF4EBP3	ANKHD1-EIF4EBP3
chr7	92245973	+	ANKIB1	ANKIB1
chr11	113387778	+	ANKK1	ANKK1
chr19	17281900	+	ANKLE1	ANKLE1
chr12	132761832	-	ANKLE2	ANKLE2
chr2	240557988	-	ANKMY1	ANKMY1
chr7	16645754	-	ANKMY2	ANKMY2
chr5	73565639	-	ANKRA2	ANKRA2
chr10	90921087	-	ANKRD1	ANKRD1
chr13	110915069	-	ANKRD10	ANKRD10
chr16	89490561	-	ANKRD11	ANKRD11
chr18	9136780	+	ANKRD12	ANKRD12
chr12	109999429	+	ANKRD13A	ANKRD13A
chr17	29593131	+	ANKRD13B	ANKRD13B
chr1	70354722	-	ANKRD13C	ANKRD13C
chr11	67289302	+	ANKRD13D	ANKRD13D
chr10	5889893	-	ANKRD16	ANKRD16
chr4	73223057	-	ANKRD17	ANKRD17
chr9	38620596	-	ANKRD18A	ANKRD18A
chr9	33524250	+	ANKRD18B	ANKRD18B
chr9	97238742	-	ANKRD18CP	ANKRD18CP
chr3	198080671	-	ANKRD18DP	ANKRD18DP
chr9	92809610	+	ANKRD19P	ANKRD19P
chr10	97572440	+	ANKRD2	ANKRD2
chr9	67858930	+	ANKRD20A1	ANKRD20A1
chr21	13980444	-	ANKRD20A11P	ANKRD20A11P
chr13	23949315	-	ANKRD20A19P	ANKRD20A19P
chr9	64369393	+	ANKRD20A4-ANKRD20A20P	ANKRD20A4-ANKRD20A20P
chr18	14179096	+	ANKRD20A5P	ANKRD20A5P
chr2	94857075	-	ANKRD20A8P	ANKRD20A8P
chr13	18871967	-	ANKRD20A9P	ANKRD20A9P
chr10	88851844	-	ANKRD22	ANKRD22
chr2	96844021	-	ANKRD23	ANKRD23
chr19	4183353	+	ANKRD24	ANKRD24
chr10	27100494	-	ANKRD26	ANKRD26
chr16	46569097	-	ANKRD26P1	ANKRD26P1
chr13	19344973	-	ANKRD26P3	ANKRD26P3
chr19	32675180	-	ANKRD27	ANKRD27
chr3	15756547	-	ANKRD28	ANKRD28
chr18	23662911	-	ANKRD29	ANKRD29
chr10	37125856	+	ANKRD30A	ANKRD30A
chr18	14748171	+	ANKRD30B	ANKRD30B
chr2	132161952	-	ANKRD30BL	ANKRD30BL
chr21	13038165	+	ANKRD30BP2	ANKRD30BP2
chr10	45154661	+	ANKRD30BP3	ANKRD30BP3
chr5	75236878	-	ANKRD31	ANKRD31
chr12	51888102	+	ANKRD33	ANKRD33
chr5	10564069	+	ANKRD33B	ANKRD33B
chr1	145964575	-	ANKRD34A	ANKRD34A
chr5	80570280	-	ANKRD34B	ANKRD34B
chr15	79282721	+	ANKRD34C	ANKRD34C
chr15	79283945	-	ANKRD34C-AS1	ANKRD34C-AS1
chr1	145885866	-	ANKRD35	ANKRD35
chr2	97113152	+	ANKRD36	ANKRD36
chr2	97589877	-	ANKRD36B	ANKRD36B
chr1	168247430	-	ANKRD36BP1	ANKRD36BP1
chr2	88765901	+	ANKRD36BP2	ANKRD36BP2
chr2	95991824	-	ANKRD36C	ANKRD36C
chr4	185396840	+	ANKRD37	ANKRD37
chr2	96858016	-	ANKRD39	ANKRD39
chr17	50707914	-	ANKRD40	ANKRD40
chr17	50767518	-	ANKRD40CL	ANKRD40CL
chr11	83193711	+	ANKRD42	ANKRD42
chr2	197310780	-	ANKRD44	ANKRD44
chr2	197197990	+	ANKRD44-AS1	ANKRD44-AS1
chr2	197302519	-	ANKRD44-IT1	ANKRD44-IT1
chr1	173669851	-	ANKRD45	ANKRD45
chr8	100559759	-	ANKRD46	ANKRD46
chr11	94493983	+	ANKRD49	ANKRD49
chr4	124712732	-	ANKRD50	ANKRD50
chr12	56258384	-	ANKRD52	ANKRD52
chr2	70978444	+	ANKRD53	ANKRD53
chr22	37843848	-	ANKRD54	ANKRD54
chr5	56233330	-	ANKRD55	ANKRD55
chr6	89433151	+	ANKRD6	ANKRD6
chr20	58228653	-	ANKRD60	ANKRD60
chr7	6031375	+	ANKRD61	ANKRD61
chr18	12093842	+	ANKRD62	ANKRD62
chr22	16675540	-	ANKRD62P1-PARP4P3	ANKRD62P1-PARP4P3
chr15	40282586	-	ANKRD63	ANKRD63
chr1	1421276	-	ANKRD65	ANKRD65
chr6	46746916	+	ANKRD66	ANKRD66
chr7	118224703	+	ANKRD7	ANKRD7
chr14	102509776	-	ANKRD9	ANKRD9
chr6	34889254	+	ANKS1A	ANKS1A
chr12	98894774	-	ANKS1B	ANKS1B
chr16	4734271	-	ANKS3	ANKS3
chr16	21233698	+	ANKS4B	ANKS4B
chr9	98796555	-	ANKS6	ANKS6
chr3	149792554	-	ANKUB1	ANKUB1
chr2	219229805	+	ANKZF1	ANKZF1
chr7	36389861	+	ANLN	ANLN
chr11	69985906	+	ANO1	ANO1
chr3	43621926	-	ANO10	ANO10
chr12	5945259	-	ANO2	ANO2
chr11	26189122	+	ANO3	ANO3
chr11	26288007	-	ANO3-AS1	ANO3-AS1
chr12	100794775	+	ANO4	ANO4
chr11	22193084	+	ANO5	ANO5
chr12	45216094	+	ANO6	ANO6
chr2	241188676	+	ANO7	ANO7
chr19	17334855	-	ANO8	ANO8
chr11	442011	-	ANO9	ANO9
chrX	8732137	-	ANOS1	ANOS1
chr15	68820895	-	ANP32A	ANP32A
chr15	68807101	-	ANP32A-IT1	ANP32A-IT1
chr15	35237325	+	ANP32AP1	ANP32AP1
chr9	97983340	+	ANP32B	ANP32B
chr4	164197711	-	ANP32C	ANP32C
chr12	48472558	+	ANP32D	ANP32D
chr1	150234678	-	ANP32E	ANP32E
chr15	89806628	-	ANPEP	ANPEP
chr16	721145	+	ANTKMT	ANTKMT
chr2	69013143	+	ANTXR1	ANTXR1
chr4	80073229	-	ANTXR2	ANTXR2
chr10	46286996	+	ANTXRL	ANTXRL
chr10	46269608	-	ANTXRLP1	ANTXRLP1
chr9	73151864	+	ANXA1	ANXA1
chr4	168092536	+	ANXA10	ANXA10
chr10	80204491	-	ANXA11	ANXA11
chr8	123737393	-	ANXA13	ANXA13
chr15	60397986	-	ANXA2	ANXA2
chr4	153308811	-	ANXA2P1	ANXA2P1
chr9	33624224	+	ANXA2P2	ANXA2P2
chr10	64825527	+	ANXA2P3	ANXA2P3
chr5	43040319	-	ANXA2R	ANXA2R
chr4	78551769	+	ANXA3	ANXA3
chr2	69643807	+	ANXA4	ANXA4
chr4	121696980	-	ANXA5	ANXA5
chr5	151141684	-	ANXA6	ANXA6
chr10	73414058	-	ANXA7	ANXA7
chr10	47484115	-	ANXA8	ANXA8
chr10	46375775	+	ANXA8L1	ANXA8L1
chr1	150982291	+	ANXA9	ANXA9
chr7	36724494	-	AOAH	AOAH
chr7	36600120	-	AOAH-IT1	AOAH-IT1
chr7	150852516	+	AOC1	AOC1
chr17	42844579	+	AOC2	AOC2
chr17	42851183	+	AOC3	AOC3
chr17	42867144	+	AOC4P	AOC4P
chr9	94726668	+	AOPEP	AOPEP
chr2	200586013	+	AOX1	AOX1
chr2	200695722	+	AOX3P-AOX2P	AOX3P-AOX2P
chr4	112231786	+	AP1AR	AP1AR
chr22	29388570	-	AP1B1	AP1B1
chr22	32121976	+	AP1B1P1	AP1B1P1
chr16	71808834	-	AP1G1	AP1G1
chr14	23567791	-	AP1G2	AP1G2
chr19	16197910	+	AP1M1	AP1M1
chr19	10587312	-	AP1M2	AP1M2
chr7	101154475	+	AP1S1	AP1S1
chrX	15854813	-	AP1S2	AP1S2
chr2	223837582	-	AP1S3	AP1S3
chr19	49767000	+	AP2A1	AP2A1
chr11	925808	+	AP2A2	AP2A2
chr17	35587321	+	AP2B1	AP2B1
chr3	184174845	+	AP2M1	AP2M1
chr19	46850314	-	AP2S1	AP2S1
chr5	78294698	-	AP3B1	AP3B1
chr15	82662675	-	AP3B2	AP3B2
chr19	2151566	-	AP3D1	AP3D1
chr10	74150828	-	AP3M1	AP3M1
chr8	42152945	+	AP3M2	AP3M2
chr5	115841934	+	AP3S1	AP3S1
chr15	89893994	-	AP3S2	AP3S2
chr1	113904799	-	AP4B1	AP4B1
chr1	113812611	+	AP4B1-AS1	AP4B1-AS1
chr15	50908682	+	AP4E1	AP4E1
chr7	100101642	+	AP4M1	AP4M1
chr14	31025105	+	AP4S1	AP4S1
chr11	65780976	-	AP5B1	AP5B1
chr14	57268970	+	AP5M1	AP5M1
chr20	3820523	+	AP5S1	AP5S1
chr7	4775622	+	AP5Z1	AP5Z1
chr12	98645289	+	APAF1	APAF1
chr9	69672371	-	APBA1	APBA1
chr15	28885973	+	APBA2	APBA2
chr19	3761692	-	APBA3	APBA3
chr11	6404691	-	APBB1	APBB1
chr10	26438340	+	APBB1IP	APBB1IP
chr4	40857155	-	APBB2	APBB2
chr5	140564604	-	APBB3	APBB3
chr5	112707497	+	APC	APC
chr19	1450120	+	APC2	APC2
chr18	10454634	+	APCDD1	APCDD1
chr20	58515399	-	APCDD1L	APCDD1L
chr20	58515378	+	APCDD1L-DT	APCDD1L-DT
chr1	159587825	+	APCS	APCS
chr3	49674350	+	APEH	APEH
chr4	164877177	+	APELA	APELA
chr14	20455225	+	APEX1	APEX1
chrX	55000362	+	APEX2	APEX2
chr1	150269016	-	APH1A	APH1A
chr15	63277549	+	APH1B	APH1B
chr11	43311995	+	API5	API5
chr11	34916379	-	APIP	APIP
chr2	68467584	+	APLF	APLF
chrX	129654956	-	APLN	APLN
chr11	57237250	-	APLNR	APLNR
chr19	35868444	+	APLP1	APLP1
chr11	130069893	+	APLP2	APLP2
chr20	24992751	-	APMAP	APMAP
chr11	116837622	-	APOA1	APOA1
chr11	116836116	+	APOA1-AS	APOA1-AS
chr1	161223628	-	APOA2	APOA2
chr11	116823304	-	APOA4	APOA4
chr11	116791879	-	APOA5	APOA5
chr2	21044073	-	APOB	APOB
chr12	7665908	-	APOBEC1	APOBEC1
chr6	41053200	+	APOBEC2	APOBEC2
chr22	38957608	+	APOBEC3A	APOBEC3A
chr22	38957521	+	APOBEC3A_B	APOBEC3A_B
chr22	38982346	+	APOBEC3B	APOBEC3B
chr22	38963410	-	APOBEC3B-AS1	APOBEC3B-AS1
chr22	39014256	+	APOBEC3C	APOBEC3C
chr22	39021126	+	APOBEC3D	APOBEC3D
chr22	39040863	+	APOBEC3F	APOBEC3F
chr22	39077004	+	APOBEC3G	APOBEC3G
chr22	39097223	+	APOBEC3H	APOBEC3H
chr1	183653316	-	APOBEC4	APOBEC4
chr16	28494642	+	APOBR	APOBR
chr19	44914324	+	APOC1	APOC1
chr19	44926802	+	APOC1P1	APOC1P1
chr19	44946050	+	APOC2	APOC2
chr11	116829906	+	APOC3	APOC3
chr19	44942236	+	APOC4	APOC4
chr19	44942237	+	APOC4-APOC2	APOC4-APOC2
chr3	195583940	-	APOD	APOD
chr19	44905795	+	APOE	APOE
chr12	56362857	-	APOF	APOF
chr17	66229415	-	APOH	APOH
chr22	36253070	+	APOL1	APOL1
chr22	36239527	-	APOL2	APOL2
chr22	36160755	-	APOL3	APOL3
chr22	36204833	-	APOL4	APOL4
chr22	35717871	+	APOL5	APOL5
chr22	35648445	+	APOL6	APOL6
chr12	12725916	+	APOLD1	APOLD1
chr6	31652403	+	APOM	APOM
chrX	23907938	-	APOO	APOO
chrX	85003876	+	APOOL	APOOL
chr16	59755191	-	APOOP5	APOOP5
chr21	26140390	-	APP	APP
chr17	60526240	-	APPBP2	APPBP2
chr3	57227728	+	APPL1	APPL1
chr12	105233405	-	APPL2	APPL2
chr16	88811928	-	APRT	APRT
chr7	77696265	-	APTR	APTR
chr9	33001576	-	APTX	APTX
chr7	30911852	+	AQP1	AQP1
chr1	154321092	+	AQP10	AQP10
chr11	77589634	+	AQP11	AQP11
chr2	240691865	+	AQP12A	AQP12A
chr2	240682885	-	AQP12B	AQP12B
chr12	49950736	+	AQP2	AQP2
chr9	33447593	-	AQP3	AQP3
chr18	26862910	-	AQP4	AQP4
chr18	26865307	+	AQP4-AS1	AQP4-AS1
chr12	49961871	+	AQP5	AQP5
chr12	49972946	+	AQP6	AQP6
chr9	33402568	-	AQP7	AQP7
chr9	63334520	-	AQP7P1	AQP7P1
chr9	40498781	-	AQP7P3	AQP7P3
chr16	25216946	+	AQP8	AQP8
chr15	58138168	+	AQP9	AQP9
chr15	34969742	-	AQR	AQR
chrX	67544020	+	AR	AR
chrX	47561099	+	ARAF	ARAF
chr11	72722340	-	ARAP1	ARAP1
chr11	72700473	+	ARAP1-AS2	ARAP1-AS2
chr4	36243939	-	ARAP2	ARAP2
chr5	141682230	-	ARAP3	ARAP3
chr8	142614479	-	ARC	ARC
chr11	118572386	+	ARCN1	ARCN1
chr4	74445135	+	AREG	AREG
chr14	74713080	-	AREL1	AREL1
chr1	228082659	+	ARF1	ARF1
chr12	48957487	-	ARF3	ARF3
chr3	57597344	-	ARF4	ARF4
chr3	57597788	+	ARF4-AS1	ARF4-AS1
chr7	127588410	+	ARF5	ARF5
chr14	49893081	+	ARF6	ARF6
chr20	63272784	+	ARFGAP1	ARFGAP1
chr11	47176879	-	ARFGAP2	ARFGAP2
chr22	42857273	-	ARFGAP3	ARFGAP3
chr8	67343781	-	ARFGEF1	ARFGEF1
chr20	48921710	+	ARFGEF2	ARFGEF2
chr6	138161938	+	ARFGEF3	ARFGEF3
chr4	152779936	+	ARFIP1	ARFIP1
chr11	6481331	-	ARFIP2	ARFIP2
chr20	63707853	-	ARFRP1	ARFRP1
chr6	131573225	+	ARG1	ARG1
chr14	67619919	+	ARG2	ARG2
chr3	121567948	+	ARGFX	ARGFX
chr17	32151571	-	ARGFXP2	ARGFXP2
chr13	106568137	-	ARGLU1	ARGLU1
chr11	46700619	-	ARHGAP1	ARHGAP1
chr4	147732087	+	ARHGAP10	ARHGAP10
chr15	32615143	+	ARHGAP11A	ARHGAP11A
chr15	32615475	+	ARHGAP11A-SCG5	ARHGAP11A-SCG5
chr15	30626147	+	ARHGAP11B	ARHGAP11B
chr10	31908926	-	ARHGAP12	ARHGAP12
chr2	143129418	+	ARHGAP15	ARHGAP15
chr16	25015369	-	ARHGAP17	ARHGAP17
chr6	129710177	-	ARHGAP18	ARHGAP18
chr10	97270657	-	ARHGAP19	ARHGAP19
chr10	97292673	-	ARHGAP19-SLIT1	ARHGAP19-SLIT1
chr11	110711825	-	ARHGAP20	ARHGAP20
chr10	24622843	-	ARHGAP21	ARHGAP21
chr10	48493650	-	ARHGAP22	ARHGAP22
chr10	48511589	-	ARHGAP22-IT1	ARHGAP22-IT1
chr17	38428463	+	ARHGAP23	ARHGAP23
chr4	85475149	+	ARHGAP24	ARHGAP24
chr2	68734810	+	ARHGAP25	ARHGAP25
chr5	142770376	+	ARHGAP26	ARHGAP26
chr5	142868910	-	ARHGAP26-AS1	ARHGAP26-AS1
chr5	143192499	+	ARHGAP26-IT1	ARHGAP26-IT1
chr17	45410386	-	ARHGAP27	ARHGAP27
chr17	64781504	-	ARHGAP27P1	ARHGAP27P1
chr17	64781999	-	ARHGAP27P1-BPTFP1-KPNA2P3	ARHGAP27P1-BPTFP1-KPNA2P3
chr17	68198659	+	ARHGAP27P2	ARHGAP27P2
chr18	6729715	+	ARHGAP28	ARHGAP28
chr1	94237584	-	ARHGAP29	ARHGAP29
chr1	161069891	-	ARHGAP30	ARHGAP30
chr3	119294382	+	ARHGAP31	ARHGAP31
chr3	119322760	-	ARHGAP31-AS1	ARHGAP31-AS1
chr11	129024188	-	ARHGAP32	ARHGAP32
chr19	35775563	+	ARHGAP33	ARHGAP33
chr19	46860996	+	ARHGAP35	ARHGAP35
chrX	131058345	+	ARHGAP36	ARHGAP36
chr8	144605695	-	ARHGAP39	ARHGAP39
chrX	153926264	-	ARHGAP4	ARHGAP4
chr20	38601808	+	ARHGAP40	ARHGAP40
chr11	100687287	+	ARHGAP42	ARHGAP42
chr11	100687955	-	ARHGAP42-AS1	ARHGAP42-AS1
chr17	12789497	+	ARHGAP44	ARHGAP44
chr19	1065958	+	ARHGAP45	ARHGAP45
chr14	32077303	+	ARHGAP5	ARHGAP5
chr14	32076699	-	ARHGAP5-AS1	ARHGAP5-AS1
chrX	11265992	-	ARHGAP6	ARHGAP6
chr22	44752557	+	ARHGAP8	ARHGAP8
chr12	57477867	-	ARHGAP9	ARHGAP9
chr17	81870997	-	ARHGDIA	ARHGDIA
chr12	14948896	-	ARHGDIB	ARHGDIB
chr16	280590	+	ARHGDIG	ARHGDIG
chr19	41883183	+	ARHGEF1	ARHGEF1
chr8	1823925	+	ARHGEF10	ARHGEF10
chr1	17539697	+	ARHGEF10L	ARHGEF10L
chr1	157045742	-	ARHGEF11	ARHGEF11
chr11	120336412	+	ARHGEF12	ARHGEF12
chr17	8310240	+	ARHGEF15	ARHGEF15
chr1	3454664	+	ARHGEF16	ARHGEF16
chr11	73308275	+	ARHGEF17	ARHGEF17
chr19	7348936	+	ARHGEF18	ARHGEF18
chr1	16212652	-	ARHGEF19	ARHGEF19
chr1	155978175	-	ARHGEF2	ARHGEF2
chr12	57610115	+	ARHGEF25	ARHGEF25
chr3	154121002	+	ARHGEF26	ARHGEF26
chr3	154121210	-	ARHGEF26-AS1	ARHGEF26-AS1
chr5	73626157	+	ARHGEF28	ARHGEF28
chr3	56775717	-	ARHGEF3	ARHGEF3
chr3	56940039	+	ARHGEF3-AS1	ARHGEF3-AS1
chr2	38889874	+	ARHGEF33	ARHGEF33
chr7	144286003	-	ARHGEF34P	ARHGEF34P
chr7	144195833	-	ARHGEF35	ARHGEF35
chr7	144195320	+	ARHGEF35-AS1	ARHGEF35-AS1
chr5	149581497	+	ARHGEF37	ARHGEF37
chr4	105552619	+	ARHGEF38	ARHGEF38
chr4	105561590	+	ARHGEF38-IT1	ARHGEF38-IT1
chr9	35665195	-	ARHGEF39	ARHGEF39
chr2	130836913	+	ARHGEF4	ARHGEF4
chr14	21070303	+	ARHGEF40	ARHGEF40
chr7	144355401	+	ARHGEF5	ARHGEF5
chrX	136767815	-	ARHGEF6	ARHGEF6
chr13	111114618	+	ARHGEF7	ARHGEF7
chr13	111148565	-	ARHGEF7-AS1	ARHGEF7-AS1
chr13	111115678	-	ARHGEF7-AS2	ARHGEF7-AS2
chrX	63755123	-	ARHGEF9	ARHGEF9
chrX	63671502	-	ARHGEF9-IT1	ARHGEF9-IT1
chr1	26696014	+	ARID1A	ARID1A
chr6	156776025	+	ARID1B	ARID1B
chr12	45729705	+	ARID2	ARID2
chr19	926034	+	ARID3A	ARID3A
chr15	74541176	+	ARID3B	ARID3B
chr9	34628086	-	ARID3C	ARID3C
chr14	58298503	+	ARID4A	ARID4A
chr1	235327487	-	ARID4B	ARID4B
chr2	96536751	+	ARID5A	ARID5A
chr10	61901698	+	ARID5B	ARID5B
chr15	72474329	+	ARIH1	ARIH1
chr3	48918841	+	ARIH2	ARIH2
chr3	48919385	-	ARIH2OS	ARIH2OS
chr12	101407772	-	ARL1	ARL1
chr5	176365467	+	ARL10	ARL10
chr13	49628506	+	ARL11	ARL11
chrX	100969707	+	ARL13A	ARL13A
chr3	93980138	+	ARL13B	ARL13B
chr3	160677159	+	ARL14	ARL14
chr11	30323103	+	ARL14EP	ARL14EP
chr5	116032471	+	ARL14EPL	ARL14EPL
chr5	54310573	-	ARL15	ARL15
chr17	81683713	-	ARL16	ARL16
chr17	45515228	+	ARL17A	ARL17A
chr17	45515228	+	ARL17B	ARL17B
chr11	65014159	+	ARL2	ARL2
chr11	65014112	+	ARL2-SNX15	ARL2-SNX15
chr16	57245258	+	ARL2BP	ARL2BP
chr10	102714397	-	ARL3	ARL3
chr7	12686826	+	ARL4A	ARL4A
chr2	234497049	-	ARL4C	ARL4C
chr17	43398992	+	ARL4D	ARL4D
chr2	151828421	-	ARL5A	ARL5A
chr10	18659430	+	ARL5B	ARL5B
chr17	39166161	-	ARL5C	ARL5C
chr3	97764520	+	ARL6	ARL6
chr16	18801370	-	ARL6IP1	ARL6IP1
chr12	122980059	+	ARL6IP4	ARL6IP4
chr3	69084936	+	ARL6IP5	ARL6IP5
chr2	152717647	+	ARL6IP6	ARL6IP6
chr1	202144737	-	ARL8A	ARL8A
chr3	5122291	+	ARL8B	ARL8B
chr4	56505208	+	ARL9	ARL9
chr16	80892596	-	ARLNC1	ARLNC1
chr8	65634177	-	ARMC1	ARMC1
chr7	103074880	+	ARMC10	ARMC10
chr6	35737031	+	ARMC12	ARMC12
chr6	108848415	+	ARMC2	ARMC2
chr6	108924103	-	ARMC2-AS1	ARMC2-AS1
chr10	22928023	+	ARMC3	ARMC3
chr10	27981871	-	ARMC4	ARMC4
chr10	27258761	+	ARMC4P1	ARMC4P1
chr16	31458303	+	ARMC5	ARMC5
chr19	19033602	+	ARMC6	ARMC6
chr17	75109968	+	ARMC7	ARMC7
chr3	138187247	+	ARMC8	ARMC8
chr2	231198630	+	ARMC9	ARMC9
chrX	101550546	+	ARMCX1	ARMCX1
chrX	101659850	-	ARMCX2	ARMCX2
chrX	101623129	+	ARMCX3	ARMCX3
chrX	101418277	+	ARMCX4	ARMCX4
chrX	102599205	+	ARMCX5	ARMCX5
chrX	102599347	+	ARMCX5-GPRASP2	ARMCX5-GPRASP2
chrX	101618000	-	ARMCX6	ARMCX6
chr1	44674713	+	ARMH1	ARMH1
chr6	24798917	-	ARMH2	ARMH2
chr10	102056173	-	ARMH3	ARMH3
chr14	58152213	-	ARMH4	ARMH4
chr10	122454652	+	ARMS2	ARMS2
chr6	151452257	+	ARMT1	ARMT1
chr1	150876599	-	ARNT	ARNT
chr15	80404381	+	ARNT2	ARNT2
chr11	13276651	+	ARNTL	ARNTL
chr12	27332835	+	ARNTL2	ARNTL2
chr12	27446634	-	ARNTL2-AS1	ARNTL2-AS1
chr7	99325872	+	ARPC1A	ARPC1A
chr7	99374729	+	ARPC1B	ARPC1B
chr2	218217188	+	ARPC2	ARPC2
chr12	110450337	-	ARPC3	ARPC3
chr3	9792494	+	ARPC4	ARPC4
chr3	9792547	+	ARPC4-TTLL3	ARPC4-TTLL3
chr1	183635783	-	ARPC5	ARPC5
chr9	124862129	+	ARPC5L	ARPC5L
chr15	89912687	-	ARPIN	ARPIN
chr15	89912952	-	ARPIN-AP3S2	ARPIN-AP3S2
chr15	52568832	-	ARPP19	ARPP19
chr3	35638852	+	ARPP21	ARPP21
chrX	70268333	+	ARR3	ARR3
chr11	75351661	-	ARRB1	ARRB1
chr17	4710631	+	ARRB2	ARRB2
chr9	137605639	+	ARRDC1	ARRDC1
chr9	137618529	-	ARRDC1-AS1	ARRDC1-AS1
chr19	18001123	+	ARRDC2	ARRDC2
chr5	91380097	-	ARRDC3	ARRDC3
chr5	91380346	+	ARRDC3-AS1	ARRDC3-AS1
chr15	97960702	+	ARRDC4	ARRDC4
chr19	4902896	-	ARRDC5	ARRDC5
chr22	50628152	-	ARSA	ARSA
chr5	78985310	-	ARSB	ARSB
chrX	2929339	-	ARSD	ARSD
chrX	2904903	+	ARSD-AS1	ARSD-AS1
chrX	3040233	+	ARSF	ARSF
chr17	68259169	+	ARSG	ARSG
chrX	3006545	+	ARSH	ARSH
chr5	150302905	-	ARSI	ARSI
chr4	113979647	-	ARSJ	ARSJ
chr5	95555100	+	ARSK	ARSK
chrX	2964341	-	ARSL	ARSL
chr11	3645127	+	ART1	ART1
chr4	76011189	+	ART3	ART3
chr12	14843526	-	ART4	ART4
chr11	3641992	-	ART5	ART5
chr1	43933319	+	ARTN	ARTN
chr1	230979093	+	ARV1	ARV1
chr22	20016823	-	ARVCF	ARVCF
chrX	25015965	-	ARX	ARX
chr10	128062425	-	AS-PTPRE	AS-PTPRE
chr10	102869469	+	AS3MT	AS3MT
chr8	18083196	-	ASAH1	ASAH1
chr10	50251516	-	ASAH2	ASAH2
chr10	50739935	+	ASAH2B	ASAH2B
chr8	130443660	-	ASAP1	ASAP1
chr8	130296533	-	ASAP1-IT1	ASAP1-IT1
chr8	130084768	-	ASAP1-IT2	ASAP1-IT2
chr2	9206764	+	ASAP2	ASAP2
chr1	23484179	-	ASAP3	ASAP3
chr2	238426926	+	ASB1	ASB1
chr7	151187250	-	ASB10	ASB10
chrX	15314559	-	ASB11	ASB11
chrX	64230607	-	ASB12	ASB12
chr10	5666595	-	ASB13	ASB13
chr3	57278952	-	ASB14	ASB14
chr7	123601820	+	ASB15	ASB15
chr7	123624957	-	ASB15-AS1	ASB15-AS1
chr17	44170703	+	ASB16	ASB16
chr17	44186717	-	ASB16-AS1	ASB16-AS1
chr1	75932404	-	ASB17	ASB17
chr2	236264345	-	ASB18	ASB18
chr14	93957047	-	ASB2	ASB2
chr2	53786953	-	ASB3	ASB3
chr7	95485900	+	ASB4	ASB4
chr4	176269222	-	ASB5	ASB5
chr9	129642151	-	ASB6	ASB6
chr15	100602549	+	ASB7	ASB7
chr12	48157515	-	ASB8	ASB8
chrX	15270083	-	ASB9	ASB9
chr15	92795483	+	ASB9P1	ASB9P1
chr10	72215956	-	ASCC1	ASCC1
chr22	29838274	-	ASCC2	ASCC2
chr6	100881329	-	ASCC3	ASCC3
chr12	102957673	+	ASCL1	ASCL1
chr11	2270588	-	ASCL2	ASCL2
chr11	8943033	-	ASCL3	ASCL3
chr12	107774384	+	ASCL4	ASCL4
chr1	201115372	-	ASCL5	ASCL5
chr2	189661398	+	ASDURF	ASDURF
chr6	118894151	+	ASF1A	ASF1A
chr19	14136589	-	ASF1B	ASF1B
chr17	7179370	-	ASGR1	ASGR1
chr17	7114310	-	ASGR2	ASGR2
chr1	155562803	-	ASH1L	ASH1L
chr1	155562041	+	ASH1L-AS1	ASH1L-AS1
chr8	38105492	+	ASH2L	ASH2L
chr12	50057595	+	ASIC1	ASIC1
chr17	33293295	-	ASIC2	ASIC2
chr7	151048291	+	ASIC3	ASIC3
chr2	219514481	+	ASIC4	ASIC4
chr4	155866277	-	ASIC5	ASIC5
chr20	34194561	+	ASIP	ASIP
chr7	66075818	+	ASL	ASL
chrX	1595454	+	ASMT	ASMT
chrY	1452909	-	ASMTL	ASMTL
chrX	1400530	+	ASMTL-AS1	ASMTL-AS1
chr7	97872165	-	ASNS	ASNS
chr2	189661398	+	ASNSD1	ASNSD1
chr8	46617643	-	ASNSP1	ASNSP1
chr17	3474109	+	ASPA	ASPA
chr19	50513913	-	ASPDH	ASPDH
chr14	104085699	+	ASPG	ASPG
chr8	61689811	-	ASPH	ASPH
chr16	29900487	+	ASPHD1	ASPHD1
chr22	26429259	+	ASPHD2	ASPHD2
chr1	197146669	-	ASPM	ASPM
chr9	92482506	-	ASPN	ASPN
chr2	69962265	-	ASPRV1	ASPRV1
chr17	81977628	+	ASPSCR1	ASPSCR1
chr11	62337447	+	ASRGL1	ASRGL1
chr9	130444706	+	ASS1	ASS1
chr3	131026825	-	ASTE1	ASTE1
chr2	96138436	-	ASTL	ASTL
chr1	177164712	-	ASTN1	ASTN1
chr9	116687215	-	ASTN2	ASTN2
chr9	116504282	+	ASTN2-AS1	ASTN2-AS1
chr20	32358330	+	ASXL1	ASXL1
chr2	25794691	-	ASXL2	ASXL2
chr18	33578218	+	ASXL3	ASXL3
chr7	117427493	-	ASZ1	ASZ1
chr10	87818231	-	ATAD1	ATAD1
chr8	123396447	-	ATAD2	ATAD2
chr2	23927123	-	ATAD2B	ATAD2B
chr1	1512161	+	ATAD3A	ATAD3A
chr1	1471764	+	ATAD3B	ATAD3B
chr1	1449688	+	ATAD3C	ATAD3C
chr17	30831965	+	ATAD5	ATAD5
chr6	30626873	+	ATAT1	ATAT1
chr19	3880684	+	ATCAY	ATCAY
chr10	121928031	-	ATE1	ATE1
chr10	121928311	+	ATE1-AS1	ATE1-AS1
chr12	50764100	+	ATF1	ATF1
chr2	175168203	-	ATF2	ATF2
chr1	212565333	+	ATF3	ATF3
chr22	39520558	+	ATF4	ATF4
chr19	49928701	+	ATF5	ATF5
chr1	161766319	+	ATF6	ATF6
chr6	32128246	-	ATF6B	ATF6B
chr12	53625990	-	ATF7	ATF7
chr12	53626382	-	ATF7-NPFF	ATF7-NPFF
chr12	14365631	+	ATF7IP	ATF7IP
chr16	10386060	+	ATF7IP2	ATF7IP2
chr5	81972022	+	ATG10	ATG10
chr12	52069973	+	ATG101	ATG101
chr5	115841565	-	ATG12	ATG12
chr11	46617275	+	ATG13	ATG13
chr14	55411830	-	ATG14	ATG14
chr2	233251570	+	ATG16L1	ATG16L1
chr11	72814410	+	ATG16L2	ATG16L2
chr11	64917209	-	ATG2A	ATG2A
chr14	96363341	-	ATG2B	ATG2B
chr3	112561962	-	ATG3	ATG3
chrX	108091666	+	ATG4A	ATG4A
chr2	241637692	+	ATG4B	ATG4B
chr1	62784105	+	ATG4C	ATG4C
chr19	10543903	+	ATG4D	ATG4D
chr6	106316266	-	ATG5	ATG5
chr3	11272396	+	ATG7	ATG7
chr2	219229636	-	ATG9A	ATG9A
chr7	151024499	-	ATG9B	ATG9B
chr2	215312058	+	ATIC	ATIC
chr14	50533081	+	ATL1	ATL1
chr2	38376530	-	ATL2	ATL2
chr11	63671376	-	ATL3	ATL3
chr11	108222831	+	ATM	ATM
chr16	81035841	+	ATMIN	ATMIN
chr12	6924458	+	ATN1	ATN1
chr4	93828752	+	ATOH1	ATOH1
chr10	68232113	-	ATOH7	ATOH7
chr2	85753990	+	ATOH8	ATOH8
chr5	151758631	-	ATOX1	ATOX1
chr15	25863202	-	ATP10A	ATP10A
chr5	160685391	-	ATP10B	ATP10B
chr4	47485274	+	ATP10D	ATP10D
chr13	112690328	+	ATP11A	ATP11A
chr13	112754731	-	ATP11A-AS1	ATP11A-AS1
chr13	112647043	+	ATP11AUN	ATP11AUN
chr3	182793503	+	ATP11B	ATP11B
chrX	139832241	-	ATP11C	ATP11C
chr13	24680407	+	ATP12A	ATP12A
chr19	19663676	-	ATP13A1	ATP13A1
chr1	17011928	-	ATP13A2	ATP13A2
chr3	194468239	-	ATP13A3	ATP13A3
chr3	193554895	-	ATP13A4	ATP13A4
chr3	193553212	+	ATP13A4-AS1	ATP13A4-AS1
chr3	193378753	-	ATP13A5	ATP13A5
chr3	193307243	+	ATP13A5-AS1	ATP13A5-AS1
chr1	116373243	+	ATP1A1	ATP1A1
chr1	116418559	-	ATP1A1-AS1	ATP1A1-AS1
chr1	160115758	+	ATP1A2	ATP1A2
chr19	41993467	-	ATP1A3	ATP1A3
chr1	160151602	+	ATP1A4	ATP1A4
chr1	169106689	+	ATP1B1	ATP1B1
chr17	7646626	+	ATP1B2	ATP1B2
chr3	141876642	+	ATP1B3	ATP1B3
chrX	120362088	+	ATP1B4	ATP1B4
chr12	57941566	+	ATP23	ATP23
chr16	28878487	+	ATP2A1	ATP2A1
chr16	28879921	-	ATP2A1-AS1	ATP2A1-AS1
chr12	110281246	+	ATP2A2	ATP2A2
chr17	3964437	-	ATP2A3	ATP2A3
chr12	89708838	-	ATP2B1	ATP2B1
chr12	89708954	+	ATP2B1-AS1	ATP2B1-AS1
chr3	10505584	-	ATP2B2	ATP2B2
chr3	10626807	-	ATP2B2-IT2	ATP2B2-IT2
chrX	153536121	+	ATP2B3	ATP2B3
chr1	203626786	+	ATP2B4	ATP2B4
chr3	130850594	+	ATP2C1	ATP2C1
chr16	84368522	+	ATP2C2	ATP2C2
chr16	84467361	-	ATP2C2-AS1	ATP2C2-AS1
chr19	35563658	-	ATP4A	ATP4A
chr13	113658198	-	ATP4B	ATP4B
chr18	46098296	-	ATP5F1A	ATP5F1A
chr12	56645984	-	ATP5F1B	ATP5F1B
chr10	7788103	+	ATP5F1C	ATP5F1C
chr19	1241750	+	ATP5F1D	ATP5F1D
chr20	59032335	-	ATP5F1E	ATP5F1E
chr1	28236090	+	ATP5IF1	ATP5IF1
chr17	48892786	+	ATP5MC1	ATP5MC1
chr12	53675419	-	ATP5MC2	ATP5MC2
chr2	175181710	-	ATP5MC3	ATP5MC3
chr10	103396475	-	ATP5MD	ATP5MD
chr4	674276	-	ATP5ME	ATP5ME
chr7	99466167	-	ATP5MF	ATP5MF
chr7	99466167	-	ATP5MF-PTCD1	ATP5MF-PTCD1
chr11	118401388	+	ATP5MG	ATP5MG
chr22	42640601	-	ATP5MGL	ATP5MGL
chr14	103921529	-	ATP5MPL	ATP5MPL
chr1	111449463	+	ATP5PB	ATP5PB
chr17	75046969	-	ATP5PD	ATP5PD
chr21	25735654	-	ATP5PF	ATP5PF
chr21	33915804	-	ATP5PO	ATP5PO
chrX	154428676	+	ATP6AP1	ATP6AP1
chr5	82278649	+	ATP6AP1L	ATP6AP1L
chrX	40580969	+	ATP6AP2	ATP6AP2
chr17	42458877	+	ATP6V0A1	ATP6V0A1
chr12	123712352	+	ATP6V0A2	ATP6V0A2
chr7	138774037	-	ATP6V0A4	ATP6V0A4
chr1	43974959	+	ATP6V0B	ATP6V0B
chr16	2513725	+	ATP6V0C	ATP6V0C
chr6	42727575	+	ATP6V0CP3	ATP6V0CP3
chr16	67481157	-	ATP6V0D1	ATP6V0D1
chr8	86098909	+	ATP6V0D2	ATP6V0D2
chr5	172983770	+	ATP6V0E1	ATP6V0E1
chr7	149872963	+	ATP6V0E2	ATP6V0E2
chr7	149873862	-	ATP6V0E2-AS1	ATP6V0E2-AS1
chr3	113747034	+	ATP6V1A	ATP6V1A
chr2	70935899	+	ATP6V1B1	ATP6V1B1
chr2	70948611	-	ATP6V1B1-AS1	ATP6V1B1-AS1
chr8	20197380	+	ATP6V1B2	ATP6V1B2
chr8	103021082	+	ATP6V1C1	ATP6V1C1
chr2	10721629	+	ATP6V1C2	ATP6V1C2
chr14	67359804	-	ATP6V1D	ATP6V1D
chr22	17628749	-	ATP6V1E1	ATP6V1E1
chr2	46542577	-	ATP6V1E2	ATP6V1E2
chr7	128862855	+	ATP6V1F	ATP6V1F
chr7	128866329	+	ATP6V1FNB	ATP6V1FNB
chr9	114587768	+	ATP6V1G1	ATP6V1G1
chr6	31546608	-	ATP6V1G2	ATP6V1G2
chr6	31546848	-	ATP6V1G2-DDX39B	ATP6V1G2-DDX39B
chr1	198540680	-	ATP6V1G3	ATP6V1G3
chr8	53843042	-	ATP6V1H	ATP6V1H
chrX	77910655	+	ATP7A	ATP7A
chr13	52011450	-	ATP7B	ATP7B
chr4	42657105	-	ATP8A1	ATP8A1
chr13	25371973	+	ATP8A2	ATP8A2
chr18	57803315	-	ATP8B1	ATP8B1
chr1	154325524	+	ATP8B2	ATP8B2
chr19	1812276	-	ATP8B3	ATP8B3
chr15	50113379	-	ATP8B4	ATP8B4
chr9	35406754	+	ATP8B5P	ATP8B5P
chr20	51768390	-	ATP9A	ATP9A
chr18	79069393	+	ATP9B	ATP9B
chr1	46665878	-	ATPAF1	ATPAF1
chr17	18039168	-	ATPAF2	ATPAF2
chr5	10249888	-	ATPSCKMT	ATPSCKMT
chr3	142578733	-	ATR	ATR
chr2	27212359	+	ATRAID	ATRAID
chr3	48446709	+	ATRIP	ATRIP
chr3	48446778	+	ATRIP-TREX1	ATRIP-TREX1
chr20	3471017	+	ATRN	ATRN
chr10	115093364	+	ATRNL1	ATRNL1
chrX	77786216	-	ATRX	ATRX
chr6	16760184	-	ATXN1	ATXN1
chr6	16761137	+	ATXN1-AS1	ATXN1-AS1
chr22	45671797	+	ATXN10	ATXN10
chr16	71845975	+	ATXN1L	ATXN1L
chr12	111599315	-	ATXN2	ATXN2
chr12	111599497	+	ATXN2-AS	ATXN2-AS
chr16	28823047	+	ATXN2L	ATXN2L
chr14	92106582	-	ATXN3	ATXN3
chrX	13320399	-	ATXN3L	ATXN3L
chr3	63863143	+	ATXN7	ATXN7
chr7	105679155	-	ATXN7L1	ATXN7L1
chr1	109483904	+	ATXN7L2	ATXN7L2
chr17	44199369	-	ATXN7L3	ATXN7L3
chr12	74537834	+	ATXN7L3B	ATXN7L3B
chr13	70107212	+	ATXN8OS	ATXN8OS
chr9	91361918	-	AUH	AUH
chr1	25859457	-	AUNIP	AUNIP
chr2	74529706	-	AUP1	AUP1
chr20	56392215	-	AURKA	AURKA
chr1	1375207	-	AURKAIP1	AURKAIP1
chr1	220267715	-	AURKAP1	AURKAP1
chr17	8210225	-	AURKB	AURKB
chr19	57231022	+	AURKC	AURKC
chr7	69598474	+	AUTS2	AUTS2
chr15	34039204	-	AVEN	AVEN
chr12	57816069	-	AVIL	AVIL
chr7	32495488	+	AVL9	AVL9
chr20	3084724	-	AVP	AVP
chr10	97687241	-	AVPI1	AVPI1
chr12	63151201	-	AVPR1A	AVPR1A
chr1	206117388	-	AVPR1B	AVPR1B
chrX	153902624	+	AVPR2	AVPR2
chrX	70234654	+	AWAT1	AWAT1
chrX	70049938	-	AWAT2	AWAT2
chr1	179365970	+	AXDND1	AXDND1
chr16	352723	-	AXIN1	AXIN1
chr17	65561648	-	AXIN2	AXIN2
chr19	41219222	+	AXL	AXL
chr7	99976031	-	AZGP1	AZGP1
chr7	99980761	+	AZGP1P1	AZGP1P1
chr3	28348824	-	AZI2	AZI2
chr8	102864163	-	AZIN1	AZIN1
chr1	33081152	+	AZIN2	AZIN2
chr19	827836	+	AZU1	AZU1
chr15	44711516	+	B2M	B2M
chr3	161104732	-	B3GALNT1	B3GALNT1
chr1	235504452	-	B3GALNT2	B3GALNT2
chr2	167293000	+	B3GALT1	B3GALT1
chr2	167941144	-	B3GALT1-AS1	B3GALT1-AS1
chr1	193186613	-	B3GALT2	B3GALT2
chr6	33277122	+	B3GALT4	B3GALT4
chr21	39612939	+	B3GALT5	B3GALT5
chr21	39612822	-	B3GALT5-AS1	B3GALT5-AS1
chr1	1232236	+	B3GALT6	B3GALT6
chr11	134411918	-	B3GAT1	B3GAT1
chr11	134436481	+	B3GAT1-DT	B3GAT1-DT
chr6	70957060	-	B3GAT2	B3GAT2
chr11	62621986	-	B3GAT3	B3GAT3
chr13	31199974	+	B3GLCT	B3GLCT
chr9	120793495	+	B3GNT10	B3GNT10
chr2	62196114	+	B3GNT2	B3GNT2
chr19	17795137	+	B3GNT3	B3GNT3
chr12	122203680	+	B3GNT4	B3GNT4
chr3	183253252	+	B3GNT5	B3GNT5
chr11	77034397	+	B3GNT6	B3GNT6
chr2	231395709	+	B3GNT7	B3GNT7
chr19	41427993	-	B3GNT8	B3GNT8
chr16	67150998	-	B3GNT9	B3GNT9
chr17	83006988	-	B3GNTL1	B3GNTL1
chr12	57632679	-	B4GALNT1	B4GALNT1
chr17	49132459	+	B4GALNT2	B4GALNT2
chr12	459938	+	B4GALNT3	B4GALNT3
chr11	369498	+	B4GALNT4	B4GALNT4
chr9	33167159	-	B4GALT1	B4GALT1
chr9	33166947	+	B4GALT1-AS1	B4GALT1-AS1
chr1	43979201	+	B4GALT2	B4GALT2
chr1	161177507	-	B4GALT3	B4GALT3
chr3	119240878	-	B4GALT4	B4GALT4
chr3	119226485	+	B4GALT4-AS1	B4GALT4-AS1
chr20	49713878	-	B4GALT5	B4GALT5
chr18	31684581	-	B4GALT6	B4GALT6
chr5	177600131	+	B4GALT7	B4GALT7
chr11	66347629	-	B4GAT1	B4GAT1
chr17	19362723	-	B9D1	B9D1
chr19	41364149	-	B9D2	B9D2
chr8	103140724	+	BAALC	BAALC
chr8	103172140	-	BAALC-AS1	BAALC-AS1
chr8	103141342	-	BAALC-AS2	BAALC-AS2
chr9	101383564	-	BAAT	BAAT
chr19	17267375	+	BABAM1	BABAM1
chr2	27888708	+	BABAM2	BABAM2
chr2	27891114	-	BABAM2-AS1	BABAM2-AS1
chr11	117295573	-	BACE1	BACE1
chr11	117291345	+	BACE1-AS	BACE1-AS
chr21	41168159	+	BACE2	BACE2
chr21	29298921	+	BACH1	BACH1
chr21	29372500	+	BACH1-IT2	BACH1-IT2
chr21	29496046	+	BACH1-IT3	BACH1-IT3
chr6	90296843	-	BACH2	BACH2
chr11	64284665	-	BAD	BAD
chr9	33264708	-	BAG1	BAG1
chr6	57172325	+	BAG2	BAG2
chr10	119651379	+	BAG3	BAG3
chr8	38176854	+	BAG4	BAG4
chr14	103562320	-	BAG5	BAG5
chr6	31652390	-	BAG6	BAG6
chr21	10413519	+	BAGE	BAGE
chr21	10413496	+	BAGE2	BAGE2
chr21	10413531	+	BAGE3	BAGE3
chr21	10413531	+	BAGE4	BAGE4
chr17	81395456	+	BAHCC1	BAHCC1
chr15	40439756	+	BAHD1	BAHD1
chr17	81035150	+	BAIAP2	BAIAP2
chr17	81034719	-	BAIAP2-DT	BAIAP2-DT
chr7	98401090	-	BAIAP2L1	BAIAP2L1
chr22	38110684	-	BAIAP2L2	BAIAP2L2
chr16	1333644	+	BAIAP3	BAIAP3
chr6	33580276	-	BAK1	BAK1
chr10	28677520	+	BAMBI	BAMBI
chr9	69307056	-	BANCR	BANCR
chr11	66002078	+	BANF1	BANF1
chr20	17693674	+	BANF2	BANF2
chr4	101790606	+	BANK1	BANK1
chr16	87949237	+	BANP	BANP
chr3	52410008	-	BAP1	BAP1
chr2	214809683	-	BARD1	BARD1
chr9	132582605	+	BARHL1	BARHL1
chr1	90717302	-	BARHL2	BARHL2
chr9	93955355	-	BARX1	BARX1
chr9	93955833	+	BARX1-DT	BARX1-DT
chr11	129375847	+	BARX2	BARX2
chr5	17216822	+	BASP1	BASP1
chr5	17217422	-	BASP1-AS1	BASP1-AS1
chr13	22898181	-	BASP1P1	BASP1P1
chr14	75522468	+	BATF	BATF
chr11	64990277	-	BATF2	BATF2
chr1	212699840	-	BATF3	BATF3
chr19	48954859	+	BAX	BAX
chr14	34875360	-	BAZ1A	BAZ1A
chr7	73522293	-	BAZ1B	BAZ1B
chr12	56630326	-	BAZ2A	BAZ2A
chr2	159615565	-	BAZ2B	BAZ2B
chr19	47231199	-	BBC3	BBC3
chr10	110918936	-	BBIP1	BBIP1
chr14	74019348	+	BBOF1	BBOF1
chr11	27040814	+	BBOX1	BBOX1
chr11	27218768	-	BBOX1-AS1	BBOX1-AS1
chr11	66510634	+	BBS1	BBS1
chr12	76348415	-	BBS10	BBS10
chr4	122732701	+	BBS12	BBS12
chr16	56520024	-	BBS2	BBS2
chr15	72686178	+	BBS4	BBS4
chr2	169479493	+	BBS5	BBS5
chr4	121870474	-	BBS7	BBS7
chr7	33129284	+	BBS9	BBS9
chr3	107522961	+	BBX	BBX
chr19	44809058	+	BCAM	BCAM
chr1	156642116	+	BCAN	BCAN
chr7	107580006	+	BCAP29	BCAP29
chrX	153724101	-	BCAP31	BCAP31
chr16	75238660	-	BCAR1	BCAR1
chr1	93585162	-	BCAR3	BCAR3
chr1	93591967	+	BCAR3-AS1	BCAR3-AS1
chr16	11828832	-	BCAR4	BCAR4
chr20	54059020	-	BCAS1	BCAS1
chr1	114581615	-	BCAS2	BCAS2
chr17	60677850	+	BCAS3	BCAS3
chr20	50794893	+	BCAS4	BCAS4
chr12	24902222	-	BCAT1	BCAT1
chr19	48811029	-	BCAT2	BCAT2
chr10	125823545	+	BCCIP	BCCIP
chr12	49843106	-	BCDIN3D	BCDIN3D
chr12	49828542	+	BCDIN3D-AS1	BCDIN3D-AS1
chr3	165837423	-	BCHE	BCHE
chr19	41397817	+	BCKDHA	BCKDHA
chr6	80106609	+	BCKDHB	BCKDHB
chr16	31108385	+	BCKDK	BCKDK
chr1	85276632	-	BCL10	BCL10
chr2	60553498	-	BCL11A	BCL11A
chr14	99272197	-	BCL11B	BCL11B
chr18	63319769	-	BCL2	BCL2
chr15	79971196	-	BCL2A1	BCL2A1
chr20	31722330	-	BCL2L1	BCL2L1
chr15	52112775	-	BCL2L10	BCL2L10
chr2	111120913	+	BCL2L11	BCL2L11
chr19	49665141	+	BCL2L12	BCL2L12
chr22	17638583	+	BCL2L13	BCL2L13
chr12	12049860	+	BCL2L14	BCL2L14
chr1	113887581	-	BCL2L15	BCL2L15
chr14	23306832	+	BCL2L2	BCL2L2
chr14	23306832	+	BCL2L2-PABPN1	BCL2L2-PABPN1
chr19	44748707	+	BCL3	BCL3
chr3	187734907	-	BCL6	BCL6
chr17	7023049	+	BCL6B	BCL6B
chr12	122021883	+	BCL7A	BCL7A
chr7	73557236	-	BCL7B	BCL7B
chr16	30894077	-	BCL7C	BCL7C
chr1	147541500	+	BCL9	BCL9
chr11	118910542	-	BCL9L	BCL9L
chr6	136289846	-	BCLAF1	BCLAF1
chrX	19970264	-	BCLAF3	BCLAF3
chr16	81238688	+	BCO1	BCO1
chr11	112175511	+	BCO2	BCO2
chrX	40097958	-	BCOR	BCOR
chrX	129980978	+	BCORL1	BCORL1
chrY	19503153	-	BCORP1	BCORP1
chr22	23180508	+	BCR	BCR
chr22	21103015	+	BCRP2	BCRP2
chr22	24632914	+	BCRP3	BCRP3
chr2	218659682	+	BCS1L	BCS1L
chr2	47335314	+	BCYRN1	BCYRN1
chr3	197555968	-	BDH1	BDH1
chr4	103099834	-	BDH2	BDH2
chr14	96256209	+	BDKRB1	BDKRB1
chr14	96204838	+	BDKRB2	BDKRB2
chr11	27659649	-	BDNF	BDNF
chr11	27506851	+	BDNF-AS	BDNF-AS
chr5	71455650	+	BDP1	BDP1
chr16	66427294	+	BEAN1	BEAN1
chr16	66476402	-	BEAN1-AS1	BEAN1-AS1
chr17	42823879	-	BECN1	BECN1
chr1	241957766	+	BECN2	BECN2
chr14	100548127	-	BEGAIN	BEGAIN
chrX	18220886	-	BEND2	BEND2
chr6	107114432	-	BEND3	BEND3
chr10	79682974	+	BEND3P3	BEND3P3
chr4	42152655	-	BEND4	BEND4
chr1	48776891	-	BEND5	BEND5
chr6	56954974	+	BEND6	BEND6
chr10	13503593	-	BEND7	BEND7
chr11	61949820	+	BEST1	BEST1
chr19	12751790	+	BEST2	BEST2
chr12	69689277	-	BEST3	BEST3
chr1	44788170	-	BEST4	BEST4
chr7	94004355	-	BET1	BET1
chr11	207422	-	BET1L	BET1L
chrX	103064171	-	BEX1	BEX1
chrX	103310955	-	BEX2	BEX2
chrX	103376322	+	BEX3	BEX3
chrX	103215091	+	BEX4	BEX4
chrX	102155790	-	BEX5	BEX5
chr16	14632950	+	BFAR	BFAR
chr20	17531379	-	BFSP1	BFSP1
chr3	133400055	+	BFSP2	BFSP2
chr3	133455776	-	BFSP2-AS1	BFSP2-AS1
chr1	156242183	+	BGLAP	BGLAP
chr11	5245546	-	BGLT3	BGLT3
chrX	153494979	+	BGN	BGN
chr7	98211438	+	BHLHA15	BHLHA15
chr17	1270443	+	BHLHA9	BHLHA9
chrX	102720742	+	BHLHB9	BHLHB9
chr8	64580364	+	BHLHE22	BHLHE22
chr20	63006964	-	BHLHE23	BHLHE23
chr3	4979436	+	BHLHE40	BHLHE40
chr3	4906501	-	BHLHE40-AS1	BHLHE40-AS1
chr12	26125037	-	BHLHE41	BHLHE41
chr5	79111808	+	BHMT	BHMT
chr5	79069766	+	BHMT2	BHMT2
chr10	58512871	+	BICC1	BICC1
chr12	32106806	+	BICD1	BICD1
chr9	92764833	-	BICD2	BICD2
chr12	119989235	+	BICDL1	BICDL1
chr16	3035541	-	BICDL2	BICDL2
chr19	47608195	+	BICRA	BICRA
chr6	42746986	+	BICRAL	BICRAL
chr22	17774042	-	BID	BID
chr22	43110749	+	BIK	BIK
chr2	127082065	-	BIN1	BIN1
chr12	51324174	-	BIN2	BIN2
chr8	22669121	-	BIN3	BIN3
chr8	22642209	-	BIN3-IT1	BIN3-IT1
chr11	102347181	+	BIRC2	BIRC2
chr11	102317483	+	BIRC3	BIRC3
chr17	78214252	+	BIRC5	BIRC5
chr2	32357027	+	BIRC6	BIRC6
chr2	32574818	-	BIRC6-AS2	BIRC6-AS2
chr20	63235904	+	BIRC7	BIRC7
chr19	53291434	-	BIRC8	BIRC8
chr19	17405685	+	BISPR	BISPR
chr13	102799118	+	BIVM	BIVM
chr13	102807145	+	BIVM-ERCC5	BIVM-ERCC5
chr1	205456086	-	BLACAT1	BLACAT1
chr7	155367933	-	BLACE	BLACE
chr20	37520303	-	BLCAP	BLCAP
chr11	122116215	-	BLID	BLID
chr8	11494386	+	BLK	BLK
chr15	90717345	+	BLM	BLM
chr17	30291944	-	BLMH	BLMH
chr10	96271516	-	BLNK	BLNK
chr12	55716033	+	BLOC1S1	BLOC1S1
chr12	55716033	+	BLOC1S1-RDH5	BLOC1S1-RDH5
chr10	100286364	-	BLOC1S2	BLOC1S2
chr19	45178783	+	BLOC1S3	BLOC1S3
chr4	6716173	+	BLOC1S4	BLOC1S4
chr6	8064389	-	BLOC1S5	BLOC1S5
chr6	8064414	-	BLOC1S5-TXNDC5	BLOC1S5-TXNDC5
chr15	45587122	+	BLOC1S6	BLOC1S6
chr7	43758672	+	BLVRA	BLVRA
chr19	40465745	-	BLVRB	BLVRB
chr1	169367878	+	BLZF1	BLZF1
chr16	15434587	+	BMERB1	BMERB1
chr15	40106086	-	BMF	BMF
chr10	22321098	+	BMI1	BMI1
chr8	22165371	+	BMP1	BMP1
chr2	68871397	-	BMP10	BMP10
chrX	50910734	+	BMP15	BMP15
chr20	6767685	+	BMP2	BMP2
chr4	78776349	+	BMP2K	BMP2K
chr4	81030707	+	BMP3	BMP3
chr14	53953475	-	BMP4	BMP4
chr6	55875590	-	BMP5	BMP5
chr6	7726098	+	BMP6	BMP6
chr20	57266641	-	BMP7	BMP7
chr20	57213695	+	BMP7-AS1	BMP7-AS1
chr1	39491635	+	BMP8A	BMP8A
chr1	39788865	-	BMP8B	BMP8B
chr7	33904914	+	BMPER	BMPER
chr10	86756618	+	BMPR1A	BMPR1A
chr4	94757954	+	BMPR1B	BMPR1B
chr4	94757533	-	BMPR1B-DT	BMPR1B-DT
chr2	202376326	+	BMPR2	BMPR2
chr10	42782794	+	BMS1	BMS1
chr10	46786732	+	BMS1P1	BMS1P1
chr2	94208419	-	BMS1P14	BMS1P14
chr22	15815897	-	BMS1P17	BMS1P17
chr22	15815897	-	BMS1P18	BMS1P18
chr10	47553523	-	BMS1P2	BMS1P2
chr10	47553500	-	BMS1P2-AGAP9	BMS1P2-AGAP9
chr22	22298097	+	BMS1P20	BMS1P20
chr10	79904897	+	BMS1P21	BMS1P21
chr22	15820884	-	BMS1P22	BMS1P22
chr10	73730514	-	BMS1P4	BMS1P4
chr10	73730506	-	BMS1P4-AGAP5	BMS1P4-AGAP5
chr7	112939875	-	BMT2	BMT2
chrX	15500806	+	BMX	BMX
chr15	83283457	-	BNC1	BNC1
chr9	16870670	-	BNC2	BNC2
chr9	16726813	+	BNC2-AS1	BNC2-AS1
chr5	173144530	+	BNIP1	BNIP1
chr15	59688926	-	BNIP2	BNIP2
chr10	131982013	-	BNIP3	BNIP3
chr8	26383053	+	BNIP3L	BNIP3L
chr6	36336888	-	BNIP5	BNIP5
chr1	151036585	+	BNIPL	BNIPL
chr3	113211556	+	BOC	BOC
chr5	173616650	-	BOD1	BOD1
chr4	13627725	-	BOD1L1	BOD1L1
chr18	57147086	+	BOD1L2	BOD1L2
chr2	241558744	+	BOK	BOK
chr2	241559143	-	BOK-AS1	BOK-AS1
chr1	149899567	+	BOLA1	BOLA1
chr16	29454205	-	BOLA2	BOLA2
chr16	29454205	-	BOLA2-SMG1P6	BOLA2-SMG1P6
chr16	29454324	-	BOLA2B	BOLA2B
chr2	74147912	-	BOLA3	BOLA3
chr2	74147980	+	BOLA3-AS1	BOLA3-AS1
chr2	197785319	-	BOLL	BOLL
chr8	144291438	-	BOP1	BOP1
chr13	72727748	+	BORA	BORA
chr12	12357077	+	BORCS5	BORCS5
chr17	8190180	-	BORCS6	BORCS6
chr10	102854258	+	BORCS7	BORCS7
chr10	102854209	+	BORCS7-ASMT	BORCS7-ASMT
chr19	19192152	-	BORCS8	BORCS8
chr19	19192152	-	BORCS8-MEF2B	BORCS8-MEF2B
chr3	139104184	+	BPESC1	BPESC1
chr7	134646778	+	BPGM	BPGM
chr6	3118375	+	BPHL	BPHL
chr20	38304155	+	BPI	BPI
chr20	33235995	+	BPIFA1	BPIFA1
chr20	33161769	+	BPIFA2	BPIFA2
chr20	33217309	+	BPIFA3	BPIFA3
chr20	33193604	+	BPIFA4P	BPIFA4P
chr20	33283213	+	BPIFB1	BPIFB1
chr20	33007703	+	BPIFB2	BPIFB2
chr20	33053902	+	BPIFB3	BPIFB3
chr20	33081511	+	BPIFB4	BPIFB4
chr20	33031647	+	BPIFB6	BPIFB6
chr22	32457386	-	BPIFC	BPIFC
chr1	220089788	-	BPNT1	BPNT1
chr8	56993867	-	BPNT2	BPNT2
chr17	67825502	+	BPTF	BPTF
chrY	22984262	+	BPY2	BPY2
chrY	22984262	+	BPY2B	BPY2B
chrY	22984262	+	BPY2C	BPY2C
chr7	140924268	-	BRAF	BRAF
chr12	111685956	-	BRAP	BRAP
chr7	2555524	-	BRAT1	BRAT1
chr17	43124115	-	BRCA1	BRCA1
chr13	32315507	+	BRCA2	BRCA2
chrX	155071419	+	BRCC3	BRCC3
chr22	49824331	-	BRD1	BRD1
chr6	32968593	+	BRD2	BRD2
chr9	134068026	-	BRD3	BRD3
chr9	134025475	+	BRD3OS	BRD3OS
chr19	15280451	-	BRD4	BRD4
chr16	50368988	-	BRD7	BRD7
chr6	118501372	+	BRD7P3	BRD7P3
chr5	138178630	-	BRD8	BRD8
chr5	892522	-	BRD9	BRD9
chr1	91949370	+	BRDT	BRDT
chrX	96337902	-	BRDTP1	BRDTP1
chr14	105247885	-	BRF1	BRF1
chr8	37849861	-	BRF2	BRF2
chr7	98281685	+	BRI3	BRI3
chr12	124993644	+	BRI3BP	BRI3BP
chr16	2211068	-	BRICD5	BRICD5
chr9	119369435	-	BRINP1	BRINP1
chr1	177170957	+	BRINP2	BRINP2
chr1	190476010	-	BRINP3	BRINP3
chr17	61863528	-	BRIP1	BRIP1
chr5	34915710	+	BRIX1	BRIX1
chr3	10115674	+	BRK1	BRK1
chr11	66345104	-	BRMS1	BRMS1
chr14	35826337	+	BRMS1L	BRMS1L
chr1	222712552	+	BROX	BROX
chr3	9731728	+	BRPF1	BRPF1
chr6	36196743	+	BRPF3	BRPF3
chrX	136487946	+	BRS3	BRS3
chr19	55283996	+	BRSK1	BRSK1
chr11	1389933	+	BRSK2	BRSK2
chr21	39313632	-	BRWD1	BRWD1
chr21	39315706	+	BRWD1-AS1	BRWD1-AS1
chr21	39313906	+	BRWD1-AS2	BRWD1-AS2
chrX	80809877	-	BRWD3	BRWD3
chr11	62706315	-	BSCL2	BSCL2
chr1	32394441	-	BSDC1	BSDC1
chr19	571282	+	BSG	BSG
chr3	49554476	+	BSN	BSN
chr3	49554366	-	BSN-DT	BSN-DT
chr1	54998932	+	BSND	BSND
chr19	47992170	-	BSPH1	BSPH1
chr9	113349540	+	BSPRY	BSPRY
chr4	15703064	+	BST1	BST1
chr19	17405630	-	BST2	BST2
chr11	122981834	-	BSX	BSX
chr10	91923769	+	BTAF1	BTAF1
chr15	83067252	-	BTBD1	BTBD1
chr11	13440279	-	BTBD10	BTBD10
chr12	107318433	+	BTBD11	BTBD11
chr10	122271295	+	BTBD16	BTBD16
chr17	74361868	-	BTBD17	BTBD17
chr11	57751781	-	BTBD18	BTBD18
chr1	44808481	+	BTBD19	BTBD19
chr19	2015714	-	BTBD2	BTBD2
chr20	11890722	+	BTBD3	BTBD3
chr14	105248532	+	BTBD6	BTBD6
chr14	93333036	-	BTBD7	BTBD7
chr1	92080344	+	BTBD8	BTBD8
chr6	38596067	-	BTBD9	BTBD9
chr6	38481595	+	BTBD9-AS1	BTBD9-AS1
chr4	74794523	-	BTC	BTC
chr3	15601351	+	BTD	BTD
chr5	73498424	+	BTF3	BTF3
chr1	52056184	+	BTF3L4	BTF3L4
chr13	76928450	+	BTF3P11	BTF3P11
chr12	92145846	-	BTG1	BTG1
chr1	203305518	+	BTG2	BTG2
chr21	17612901	-	BTG3	BTG3
chr21	17611685	+	BTG3-AS1	BTG3-AS1
chr11	111512386	-	BTG4	BTG4
chrX	101386191	-	BTK	BTK
chr3	112499472	-	BTLA	BTLA
chr6	26500302	+	BTN1A1	BTN1A1
chr6	26457903	+	BTN2A1	BTN2A1
chr6	26383107	+	BTN2A2	BTN2A2
chr6	26421390	+	BTN2A3P	BTN2A3P
chr6	26402274	+	BTN3A1	BTN3A1
chr6	26365158	+	BTN3A2	BTN3A2
chr6	26440503	+	BTN3A3	BTN3A3
chr1	228512288	-	BTNL10	BTNL10
chr6	32407130	-	BTNL2	BTNL2
chr5	180988845	+	BTNL3	BTNL3
chr5	180899076	+	BTNL8	BTNL8
chr5	181040265	+	BTNL9	BTNL9
chr10	101354032	+	BTRC	BTRC
chr2	110678063	-	BUB1	BUB1
chr15	40161068	+	BUB1B	BUB1B
chr15	40217427	+	BUB1B-PAK6	BUB1B-PAK6
chr10	123154243	+	BUB3	BUB3
chr11	116772987	-	BUD13	BUD13
chr7	73683596	+	BUD23	BUD23
chr7	99408968	+	BUD31	BUD31
chr6	105136346	-	BVES	BVES
chr6	105137686	+	BVES-AS1	BVES-AS1
chr6	41921498	+	BYSL	BYSL
chr2	200811545	+	BZW1	BZW1
chr2	200812170	-	BZW1-AS1	BZW1-AS1
chr7	16646133	+	BZW2	BZW2
chr10	71719778	-	C10orf105	C10orf105
chr10	122699846	-	C10orf120	C10orf120
chr10	28846407	+	C10orf126	C10orf126
chr10	130110817	-	C10orf143	C10orf143
chr10	49679650	+	C10orf53	C10orf53
chr10	73922777	-	C10orf55	C10orf55
chr10	97589720	+	C10orf62	C10orf62
chr10	23344797	-	C10orf67	C10orf67
chr10	49299169	+	C10orf71	C10orf71
chr10	49298893	-	C10orf71-AS1	C10orf71-AS1
chr10	116669966	-	C10orf82	C10orf82
chr10	122954227	-	C10orf88	C10orf88
chr10	122879632	+	C10orf88B	C10orf88B
chr10	126521493	-	C10orf90	C10orf90
chr10	102451543	-	C10orf95	C10orf95
chr10	84173800	+	C10orf99	C10orf99
chr11	111879223	+	C11orf1	C11orf1
chr11	8932947	-	C11orf16	C11orf16
chr11	2301918	-	C11orf21	C11orf21
chr11	68271973	-	C11orf24	C11orf24
chr11	6205556	+	C11orf42	C11orf42
chr11	128905709	-	C11orf45	C11orf45
chr11	46936688	+	C11orf49	C11orf49
chr11	111918912	+	C11orf52	C11orf52
chr11	111245724	+	C11orf53	C11orf53
chr11	93741593	+	C11orf54	C11orf54
chr11	16738646	+	C11orf58	C11orf58
chr11	108467529	-	C11orf65	C11orf65
chr11	65919062	-	C11orf68	C11orf68
chr11	114400511	-	C11orf71	C11orf71
chr11	67606706	-	C11orf72	C11orf72
chr11	66744735	+	C11orf80	C11orf80
chr11	66975303	+	C11orf86	C11orf86
chr11	109422189	+	C11orf87	C11orf87
chr11	33700740	-	C11orf91	C11orf91
chr11	45907271	-	C11orf94	C11orf94
chr11	63768775	-	C11orf95	C11orf95
chr11	43942636	+	C11orf96	C11orf96
chr11	94512460	+	C11orf97	C11orf97
chr11	62665210	-	C11orf98	C11orf98
chr12	88035535	+	C12orf29	C12orf29
chr12	4538469	-	C12orf4	C12orf4
chr12	39626182	+	C12orf40	C12orf40
chr12	103495968	-	C12orf42	C12orf42
chr12	121016487	-	C12orf43	C12orf43
chr12	104986315	+	C12orf45	C12orf45
chr12	88029401	-	C12orf50	C12orf50
chr12	48482497	+	C12orf54	C12orf54
chr12	64390758	-	C12orf56	C12orf56
chr12	6943437	+	C12orf57	C12orf57
chr12	14803669	+	C12orf60	C12orf60
chr12	123233435	+	C12orf65	C12orf65
chr12	64222296	-	C12orf66	C12orf66
chr12	27082578	-	C12orf71	C12orf71
chr12	103957215	-	C12orf73	C12orf73
chr12	105330690	+	C12orf75	C12orf75
chr12	110048647	-	C12orf76	C12orf76
chr12	24997465	-	C12orf77	C12orf77
chr13	51111228	-	C13orf42	C13orf42
chr13	113974076	-	C13orf46	C13orf46
chr14	23095504	+	C14orf119	C14orf119
chr14	96039323	+	C14orf132	C14orf132
chr14	98711612	+	C14orf177	C14orf177
chr14	77760767	+	C14orf178	C14orf178
chr14	104579763	+	C14orf180	C14orf180
chr14	44897274	+	C14orf28	C14orf28
chr14	60486063	-	C14orf39	C14orf39
chr14	23001037	-	C14orf93	C14orf93
chr15	92471676	+	C15orf32	C15orf32
chr15	75201881	+	C15orf39	C15orf39
chr15	83011639	-	C15orf40	C15orf40
chr15	45430609	+	C15orf48	C15orf48
chr15	39250668	+	C15orf54	C15orf54
chr15	40252959	-	C15orf56	C15orf56
chr15	67521130	+	C15orf61	C15orf61
chr15	40769979	+	C15orf62	C15orf62
chr15	55408494	+	C15orf65	C15orf65
chr16	81077238	-	C16orf46	C16orf46
chr16	29745990	-	C16orf54	C16orf54
chr16	67109940	+	C16orf70	C16orf70
chr16	4734536	+	C16orf71	C16orf71
chr16	9091643	+	C16orf72	C16orf72
chr16	85751096	-	C16orf74	C16orf74
chr16	49373803	+	C16orf78	C16orf78
chr16	27066926	+	C16orf82	C16orf82
chr16	67666813	+	C16orf86	C16orf86
chr16	46831048	-	C16orf87	C16orf87
chr16	5065956	-	C16orf89	C16orf89
chr16	3495489	-	C16orf90	C16orf90
chr16	1420747	-	C16orf91	C16orf91
chr16	30023197	+	C16orf92	C16orf92
chr16	87317392	-	C16orf95	C16orf95
chr16	4556489	+	C16orf96	C16orf96
chr17	6651761	+	C17orf100	C17orf100
chr17	34579369	-	C17orf102	C17orf102
chr17	4899535	+	C17orf107	C17orf107
chr17	42050601	-	C17orf113	C17orf113
chr17	7014781	+	C17orf49	C17orf49
chr17	35760886	+	C17orf50	C17orf50
chr17	67993606	-	C17orf58	C17orf58
chr17	60422488	+	C17orf64	C17orf64
chr17	56833920	-	C17orf67	C17orf67
chr17	32342173	-	C17orf75	C17orf75
chr17	74584678	+	C17orf77	C17orf77
chr17	37375984	+	C17orf78	C17orf78
chr17	73232432	+	C17orf80	C17orf80
chr17	410324	+	C17orf97	C17orf97
chr17	38841438	-	C17orf98	C17orf98
chr17	78146384	+	C17orf99	C17orf99
chr18	48252300	+	C18orf12	C18orf12
chr18	13239542	+	C18orf15	C18orf15
chr18	35972624	+	C18orf21	C18orf21
chr18	46174021	+	C18orf25	C18orf25
chr18	49487234	-	C18orf32	C18orf32
chr18	54357905	+	C18orf54	C18orf54
chr18	12200778	+	C18orf61	C18orf61
chr18	74315838	+	C18orf63	C18orf63
chr19	29715056	-	C19orf12	C19orf12
chr19	57974534	-	C19orf18	C19orf18
chr19	1479215	-	C19orf25	C19orf25
chr19	38304250	+	C19orf33	C19orf33
chr19	10848414	+	C19orf38	C19orf38
chr19	16496393	+	C19orf44	C19orf44
chr19	40348397	-	C19orf47	C19orf47
chr19	50804594	-	C19orf48	C19orf48
chr19	13774455	+	C19orf53	C19orf53
chr19	40750477	-	C19orf54	C19orf54
chr19	13906117	-	C19orf57	C19orf57
chr19	14085783	-	C19orf67	C19orf67
chr19	3539156	+	C19orf71	C19orf71
chr19	49119143	-	C19orf73	C19orf73
chr19	50649444	+	C19orf81	C19orf81
chr19	51390591	-	C19orf84	C19orf84
chr2	68063004	-	C1D	C1D
chr7	7182543	+	C1GALT1	C1GALT1
chrX	120630054	-	C1GALT1C1	C1GALT1C1
chr2	43676429	-	C1GALT1C1L	C1GALT1C1L
chr1	22636627	+	C1QA	C1QA
chr1	22653235	+	C1QB	C1QB
chr17	5439155	-	C1QBP	C1QBP
chr1	22643632	+	C1QC	C1QC
chr17	44968303	-	C1QL1	C1QL1
chr2	119158751	-	C1QL2	C1QL2
chr10	16521879	-	C1QL3	C1QL3
chr12	49337188	-	C1QL4	C1QL4
chr17	79022933	+	C1QTNF1	C1QTNF1
chr17	79027655	-	C1QTNF1-AS1	C1QTNF1-AS1
chr1	1246722	-	C1QTNF12	C1QTNF12
chr5	160370626	-	C1QTNF2	C1QTNF2
chr5	34043213	-	C1QTNF3	C1QTNF3
chr5	34124528	-	C1QTNF3-AMACR	C1QTNF3-AMACR
chr11	47594411	-	C1QTNF4	C1QTNF4
chr11	119340883	-	C1QTNF5	C1QTNF5
chr22	37188247	-	C1QTNF6	C1QTNF6
chr4	15339987	+	C1QTNF7	C1QTNF7
chr4	15427914	-	C1QTNF7-AS1	C1QTNF7-AS1
chr16	1096244	-	C1QTNF8	C1QTNF8
chr13	24307165	+	C1QTNF9	C1QTNF9
chr13	23897006	-	C1QTNF9B	C1QTNF9B
chr12	7091893	-	C1R	C1R
chr12	7109214	-	C1RL	C1RL
chr12	7108307	+	C1RL-AS1	C1RL-AS1
chr12	7060717	+	C1S	C1S
chr1	244352634	+	C1orf100	C1orf100
chr1	172420684	+	C1orf105	C1orf105
chr1	37690529	-	C1orf109	C1orf109
chr1	169794729	+	C1orf112	C1orf112
chr1	220690362	+	C1orf115	C1orf115
chr1	207032756	-	C1orf116	C1orf116
chr1	37807789	+	C1orf122	C1orf122
chr1	10966687	-	C1orf127	C1orf127
chr1	231241175	-	C1orf131	C1orf131
chr1	67134970	-	C1orf141	C1orf141
chr1	92217914	+	C1orf146	C1orf146
chr1	12746199	+	C1orf158	C1orf158
chr1	1116089	-	C1orf159	C1orf159
chr1	111473983	+	C1orf162	C1orf162
chr1	11762192	+	C1orf167	C1orf167
chr1	11779619	-	C1orf167-AS1	C1orf167-AS1
chr1	3900272	-	C1orf174	C1orf174
chr1	51102227	+	C1orf185	C1orf185
chr1	154206333	-	C1orf189	C1orf189
chr1	109112747	-	C1orf194	C1orf194
chr1	15171624	-	C1orf195	C1orf195
chr1	230856007	-	C1orf198	C1orf198
chr1	184387028	+	C1orf21	C1orf21
chr1	43285581	-	C1orf210	C1orf210
chr1	35716911	-	C1orf216	C1orf216
chr1	178542795	+	C1orf220	C1orf220
chr1	162378840	+	C1orf226	C1orf226
chr1	247112417	-	C1orf229	C1orf229
chr1	26168582	-	C1orf232	C1orf232
chr1	228103325	-	C1orf35	C1orf35
chr1	154220590	-	C1orf43	C1orf43
chr1	42767248	+	C1orf50	C1orf50
chr1	85259662	-	C1orf52	C1orf52
chr1	197902629	+	C1orf53	C1orf53
chr1	150272283	+	C1orf54	C1orf54
chr1	151047750	+	C1orf56	C1orf56
chr1	152719521	+	C1orf68	C1orf68
chr1	209784559	-	C1orf74	C1orf74
chr1	60073770	-	C1orf87	C1orf87
chr1	34166992	+	C1orf94	C1orf94
chr6	31897782	+	C2	C2
chr6	31941724	-	C2-AS1	C2-AS1
chr20	2814986	+	C20orf141	C20orf141
chr20	33662326	+	C20orf144	C20orf144
chr20	35529652	-	C20orf173	C20orf173
chr20	3407662	-	C20orf194	C20orf194
chr20	60055924	+	C20orf197	C20orf197
chr20	1203453	+	C20orf202	C20orf202
chr20	32673941	-	C20orf203	C20orf203
chr20	64033726	+	C20orf204	C20orf204
chr20	3767753	-	C20orf27	C20orf27
chr20	58150901	+	C20orf85	C20orf85
chr20	290750	-	C20orf96	C20orf96
chr21	46318220	-	C21orf58	C21orf58
chr21	32813703	-	C21orf62	C21orf62
chr21	32772099	+	C21orf62-AS1	C21orf62-AS1
chr21	17819356	-	C21orf91	C21orf91
chr21	17792509	-	C21orf91-OT1	C21orf91-OT1
chr22	23762989	+	C22orf15	C22orf15
chr22	37953601	-	C22orf23	C22orf23
chr22	31938454	-	C22orf24	C22orf24
chr22	29061919	-	C22orf31	C22orf31
chr22	49657519	-	C22orf34	C22orf34
chr22	19447711	-	C22orf39	C22orf39
chr22	32159303	-	C22orf42	C22orf42
chr22	41688936	+	C22orf46	C22orf46
chr21	41926703	-	C2CD2	C2CD2
chr11	119106749	+	C2CD2L	C2CD2L
chr11	74171002	-	C2CD3	C2CD3
chr15	62066976	+	C2CD4A	C2CD4A
chr15	62165285	-	C2CD4B	C2CD4B
chr19	409147	-	C2CD4C	C2CD4C
chr1	151840557	-	C2CD4D	C2CD4D
chr1	151838276	+	C2CD4D-AS1	C2CD4D-AS1
chr12	22544197	-	C2CD5	C2CD5
chr2	201619178	-	C2CD6	C2CD6
chr2	99141706	+	C2orf15	C2orf15
chr2	27576521	+	C2orf16	C2orf16
chr2	131682498	+	C2orf27A	C2orf27A
chr2	70190711	-	C2orf42	C2orf42
chr2	105337539	+	C2orf49	C2orf49
chr2	11133127	+	C2orf50	C2orf50
chr2	196809355	-	C2orf66	C2orf66
chr2	85612066	-	C2orf68	C2orf68
chr2	199911292	+	C2orf69	C2orf69
chr2	231037522	+	C2orf72	C2orf72
chr2	54330883	+	C2orf73	C2orf73
chr2	61145067	+	C2orf74	C2orf74
chr2	119366742	-	C2orf76	C2orf76
chr2	73784188	+	C2orf78	C2orf78
chr2	208190030	-	C2orf80	C2orf80
chr2	74417717	-	C2orf81	C2orf81
chr2	227633320	-	C2orf83	C2orf83
chr2	190137776	+	C2orf88	C2orf88
chr2	41953806	-	C2orf91	C2orf91
chr2	97669742	+	C2orf92	C2orf92
chr19	6720650	-	C3	C3
chr12	8066359	-	C3AR1	C3AR1
chr19	10041355	+	C3P1	C3P1
chr3	62318972	+	C3orf14	C3orf14
chr3	50567747	-	C3orf18	C3orf18
chr3	14675140	+	C3orf20	C3orf20
chr3	126558932	-	C3orf22	C3orf22
chr3	155806278	-	C3orf33	C3orf33
chr3	37386268	+	C3orf35	C3orf35
chr3	133929812	-	C3orf36	C3orf36
chr3	88149958	+	C3orf38	C3orf38
chr3	63819298	+	C3orf49	C3orf49
chr3	112086334	+	C3orf52	C3orf52
chr3	127193130	+	C3orf56	C3orf56
chr3	49277232	-	C3orf62	C3orf62
chr3	185153060	-	C3orf70	C3orf70
chr3	160225421	+	C3orf80	C3orf80
chr3	49191858	-	C3orf84	C3orf84
chr3	109136718	+	C3orf85	C3orf85
chr3	44424033	-	C3orf86	C3orf86
chr6	31982056	+	C4A	C4A
chr6	31982056	+	C4B	C4B
chr1	207104232	+	C4BPA	C4BPA
chr1	207088859	+	C4BPB	C4BPB
chr6	31982056	+	C4B_2	C4B_2
chr4	99511020	+	C4orf17	C4orf17
chr4	37453924	+	C4orf19	C4orf19
chr4	119300645	-	C4orf3	C4orf3
chr4	129093711	+	C4orf33	C4orf33
chr4	86892422	-	C4orf36	C4orf36
chr4	159035229	-	C4orf45	C4orf45
chr4	158671887	-	C4orf46	C4orf46
chr4	185429333	+	C4orf47	C4orf47
chr4	2041992	+	C4orf48	C4orf48
chr4	6018546	-	C4orf50	C4orf50
chr4	145680145	+	C4orf51	C4orf51
chr4	99657828	-	C4orf54	C4orf54
chr9	121050275	-	C5	C5
chr9	120952831	-	C5-OT1	C5-OT1
chr19	47309860	+	C5AR1	C5AR1
chr19	47332174	+	C5AR2	C5AR2
chr5	133968625	-	C5orf15	C5orf15
chr5	23951347	+	C5orf17	C5orf17
chr5	31532265	+	C5orf22	C5orf22
chr5	134845679	+	C5orf24	C5orf24
chr5	43515148	-	C5orf34	C5orf34
chr5	2751892	+	C5orf38	C5orf38
chr5	147906538	-	C5orf46	C5orf46
chr5	173989169	+	C5orf47	C5orf47
chr5	7851133	-	C5orf49	C5orf49
chr5	41904343	+	C5orf51	C5orf51
chr5	157671532	+	C5orf52	C5orf52
chr5	170232984	+	C5orf58	C5orf58
chr5	179522456	+	C5orf60	C5orf60
chr5	127073492	-	C5orf63	C5orf63
chr5	61637759	+	C5orf64	C5orf64
chr5	61735698	-	C5orf64-AS1	C5orf64-AS1
chr5	135033273	+	C5orf66	C5orf66
chr5	135040047	-	C5orf66-AS1	C5orf66-AS1
chr5	135248177	-	C5orf66-AS2	C5orf66-AS2
chr5	56606256	-	C5orf67	C5orf67
chr5	41213532	-	C6	C6
chr6	165309605	-	C6orf118	C6orf118
chr6	169702111	+	C6orf120	C6orf120
chr6	42142620	-	C6orf132	C6orf132
chr6	30647132	+	C6orf136	C6orf136
chr6	49550667	+	C6orf141	C6orf141
chr6	31112575	-	C6orf15	C6orf15
chr6	87344812	+	C6orf163	C6orf163
chr6	4079205	+	C6orf201	C6orf201
chr6	44000584	+	C6orf223	C6orf223
chr6	42890821	-	C6orf226	C6orf226
chr6	31660778	-	C6orf47	C6orf47
chr6	10694609	-	C6orf52	C6orf52
chr6	127577173	+	C6orf58	C6orf58
chr6	24719154	-	C6orf62	C6orf62
chr6	36871843	+	C6orf89	C6orf89
chr6	158869813	+	C6orf99	C6orf99
chr5	40909496	+	C7	C7
chr7	42911843	-	C7orf25	C7orf25
chr7	6590020	+	C7orf26	C7orf26
chr7	25180354	-	C7orf31	C7orf31
chr7	148590765	+	C7orf33	C7orf33
chr7	1028369	-	C7orf50	C7orf50
chr7	48035510	+	C7orf57	C7orf57
chr7	100464260	-	C7orf61	C7orf61
chr7	47655243	+	C7orf65	C7orf65
chr7	108884587	-	C7orf66	C7orf66
chr7	47795290	+	C7orf69	C7orf69
chr7	124790810	-	C7orf77	C7orf77
chr1	56854796	+	C8A	C8A
chr1	56966015	-	C8B	C8B
chr9	136945242	+	C8G	C8G
chr8	143039208	+	C8orf31	C8orf31
chr8	145052466	+	C8orf33	C8orf33
chr8	68330372	+	C8orf34	C8orf34
chr8	68331491	-	C8orf34-AS1	C8orf34-AS1
chr8	95269201	-	C8orf37	C8orf37
chr8	95268835	+	C8orf37-AS1	C8orf37-AS1
chr8	66667595	+	C8orf44	C8orf44
chr8	66667595	+	C8orf44-SGK3	C8orf44-SGK3
chr8	13566868	+	C8orf48	C8orf48
chr8	11761255	+	C8orf49	C8orf49
chr8	22599598	+	C8orf58	C8orf58
chr8	10672627	+	C8orf74	C8orf74
chr8	123241377	-	C8orf76	C8orf76
chr8	144529111	-	C8orf82	C8orf82
chr8	38528662	-	C8orf86	C8orf86
chr8	93166850	-	C8orf87	C8orf87
chr8	90985077	-	C8orf88	C8orf88
chr8	73259502	-	C8orf89	C8orf89
chr5	39364495	-	C9	C9
chr9	129321015	+	C9orf106	C9orf106
chr9	135499869	-	C9orf116	C9orf116
chr9	93346303	-	C9orf129	C9orf129
chr9	35041094	+	C9orf131	C9orf131
chr9	69820816	+	C9orf135	C9orf135
chr9	69820739	-	C9orf135-DT	C9orf135-DT
chr9	137027463	+	C9orf139	C9orf139
chr9	112487644	-	C9orf147	C9orf147
chr9	110208159	-	C9orf152	C9orf152
chr9	86256033	-	C9orf153	C9orf153
chr9	128160264	+	C9orf16	C9orf16
chr9	136483009	+	C9orf163	C9orf163
chr9	34381589	-	C9orf24	C9orf24
chr9	74952912	-	C9orf40	C9orf40
chr9	113410746	+	C9orf43	C9orf43
chr9	88990862	+	C9orf47	C9orf47
chr9	129620776	-	C9orf50	C9orf50
chr9	72060613	-	C9orf57	C9orf57
chr9	135343248	+	C9orf62	C9orf62
chr9	83956742	-	C9orf64	C9orf64
chr9	27573481	-	C9orf72	C9orf72
chr9	129835275	-	C9orf78	C9orf78
chr9	71911638	+	C9orf85	C9orf85
chr9	16276313	-	C9orf92	C9orf92
chr8	85341714	-	CA1	CA1
chr17	52158714	-	CA10	CA10
chr19	48646187	-	CA11	CA11
chr15	63381846	-	CA12	CA12
chr8	85245457	+	CA13	CA13
chr1	150257773	+	CA14	CA14
chr8	85463901	+	CA2	CA2
chr8	85438858	+	CA3	CA3
chr8	85463054	-	CA3-AS1	CA3-AS1
chr17	60149972	+	CA4	CA4
chr16	87936529	-	CA5A	CA5A
chrX	15738269	+	CA5B	CA5B
chrX	15674915	+	CA5BP1	CA5BP1
chrX	15675457	+	CA5BP1-CA5B	CA5BP1-CA5B
chr1	8945867	+	CA6	CA6
chr16	66844413	+	CA7	CA7
chr8	60281400	-	CA8	CA8
chr9	35673927	+	CA9	CA9
chr9	26892802	-	CAAP1	CAAP1
chr2	230712841	+	CAB39	CAB39
chr13	49401542	-	CAB39L	CAB39L
chr10	61662928	+	CABCOCO1	CABCOCO1
chr22	24011303	+	CABIN1	CABIN1
chr18	23134563	+	CABLES1	CABLES1
chr20	62407283	-	CABLES2	CABLES2
chr12	120640618	+	CABP1	CABP1
chr11	67523446	-	CABP2	CABP2
chr11	67452402	+	CABP4	CABP4
chr19	48044079	-	CABP5	CABP5
chr22	29720002	+	CABP7	CABP7
chr4	70334980	+	CABS1	CABS1
chr18	24138955	+	CABYR	CABYR
chr9	133459964	+	CACFD1	CACFD1
chr1	64470128	+	CACHD1	CACHD1
chr19	13506479	-	CACNA1A	CACNA1A
chr9	137877781	+	CACNA1B	CACNA1B
chr12	2052986	+	CACNA1C	CACNA1C
chr12	2691157	-	CACNA1C-AS1	CACNA1C-AS1
chr12	2672220	-	CACNA1C-AS2	CACNA1C-AS2
chr12	2223481	-	CACNA1C-AS4	CACNA1C-AS4
chr12	2048351	+	CACNA1C-IT2	CACNA1C-IT2
chr12	2269775	+	CACNA1C-IT3	CACNA1C-IT3
chr3	53494610	+	CACNA1D	CACNA1D
chr1	181483516	+	CACNA1E	CACNA1E
chrX	49233340	-	CACNA1F	CACNA1F
chr17	50560714	+	CACNA1G	CACNA1G
chr17	50562108	-	CACNA1G-AS1	CACNA1G-AS1
chr16	1153105	+	CACNA1H	CACNA1H
chr22	39570752	+	CACNA1I	CACNA1I
chr1	201112426	-	CACNA1S	CACNA1S
chr7	82443777	-	CACNA2D1	CACNA2D1
chr7	82009176	+	CACNA2D1-AS1	CACNA2D1-AS1
chr3	50503634	-	CACNA2D2	CACNA2D2
chr3	54122551	+	CACNA2D3	CACNA2D3
chr3	54901255	-	CACNA2D3-AS1	CACNA2D3-AS1
chr12	1918652	-	CACNA2D4	CACNA2D4
chr17	39197669	-	CACNB1	CACNB1
chr10	18140423	+	CACNB2	CACNB2
chr12	48814479	+	CACNB3	CACNB3
chr2	151972052	-	CACNB4	CACNB4
chr17	67044553	+	CACNG1	CACNG1
chr22	36703752	-	CACNG2	CACNG2
chr16	24256334	+	CACNG3	CACNG3
chr17	66964706	+	CACNG4	CACNG4
chr17	66835116	+	CACNG5	CACNG5
chr19	53991148	+	CACNG6	CACNG6
chr19	53909277	+	CACNG7	CACNG7
chr19	53962936	+	CACNG8	CACNG8
chr19	3626790	-	CACTIN	CACTIN
chr19	3607246	+	CACTIN-AS1	CACTIN-AS1
chr10	118754970	-	CACUL1	CACUL1
chr1	174999434	+	CACYBP	CACYBP
chr2	27217368	+	CAD	CAD
chr11	115504415	-	CADM1	CADM1
chr3	84958988	+	CADM2	CADM2
chr3	85828050	-	CADM2-AS2	CADM2-AS2
chr1	159171614	+	CADM3	CADM3
chr1	159202422	-	CADM3-AS1	CADM3-AS1
chr19	43639850	-	CADM4	CADM4
chr3	62875416	-	CADPS	CADPS
chr7	122886460	-	CADPS2	CADPS2
chr6	7389742	-	CAGE1	CAGE1
chr6	163413950	-	CAHM	CAHM
chr8	90082879	-	CALB1	CALB1
chr16	71358712	+	CALB2	CALB2
chr11	14972351	-	CALCA	CALCA
chr11	15073592	+	CALCB	CALCB
chr12	53727452	-	CALCOCO1	CALCOCO1
chr17	48831034	+	CALCOCO2	CALCOCO2
chr7	93559810	-	CALCR	CALCR
chr2	187448252	-	CALCRL	CALCRL
chr7	134779633	+	CALD1	CALD1
chr10	103458900	-	CALHM1	CALHM1
chr10	103452370	-	CALHM2	CALHM2
chr10	103479240	-	CALHM3	CALHM3
chr6	116529042	+	CALHM4	CALHM4
chr6	116511638	+	CALHM5	CALHM5
chr6	116461374	+	CALHM6	CALHM6
chr14	90396501	+	CALM1	CALM1
chr2	47174207	-	CALM2	CALM2
chr19	46601073	+	CALM3	CALM3
chr10	5524960	+	CALML3	CALML3
chr10	5526246	-	CALML3-AS1	CALML3-AS1
chr15	68205332	-	CALML4	CALML4
chr10	5499570	-	CALML5	CALML5
chr1	1915259	+	CALML6	CALML6
chr7	72337391	-	CALN1	CALN1
chr19	12938608	+	CALR	CALR
chr19	16496167	-	CALR3	CALR3
chr1	51583731	-	CALR4P	CALR4P
chr7	128739358	+	CALU	CALU
chr10	133336896	-	CALY	CALY
chr3	9769947	-	CAMK1	CAMK1
chr10	12349546	+	CAMK1D	CAMK1D
chr1	209583713	+	CAMK1G	CAMK1G
chr5	150289773	-	CAMK2A	CAMK2A
chr7	44325594	-	CAMK2B	CAMK2B
chr4	113761738	-	CAMK2D	CAMK2D
chr10	73874555	-	CAMK2G	CAMK2G
chr1	20486210	-	CAMK2N1	CAMK2N1
chr3	184261553	-	CAMK2N2	CAMK2N2
chr5	111223582	+	CAMK4	CAMK4
chr17	3890743	-	CAMKK1	CAMKK1
chr12	121274585	-	CAMKK2	CAMKK2
chr2	44361946	+	CAMKMT	CAMKMT
chr3	49869906	-	CAMKV	CAMKV
chr5	134738547	+	CAMLG	CAMLG
chr3	48223494	+	CAMP	CAMP
chr9	135907546	-	CAMSAP1	CAMSAP1
chr1	200739571	+	CAMSAP2	CAMSAP2
chr19	7595862	+	CAMSAP3	CAMSAP3
chr1	6785323	+	CAMTA1	CAMTA1
chr1	7389754	-	CAMTA1-AS2	CAMTA1-AS2
chr1	6784980	-	CAMTA1-DT	CAMTA1-DT
chr17	4987461	-	CAMTA2	CAMTA2
chr12	67269357	+	CAND1	CAND1
chr11	10308312	+	CAND1.11	CAND1.11
chr3	12796679	+	CAND2	CAND2
chr17	79009764	-	CANT1	CANT1
chr5	179698426	+	CANX	CANX
chr1	40040239	+	CAP1	CAP1
chr6	17393504	+	CAP2	CAP2
chr2	85409832	-	CAPG	CAPG
chr11	65181372	+	CAPN1	CAPN1
chr2	240586733	+	CAPN10	CAPN10
chr2	240586316	-	CAPN10-DT	CAPN10-DT
chr6	44158819	+	CAPN11	CAPN11
chr19	38744474	-	CAPN12	CAPN12
chr2	30807446	-	CAPN13	CAPN13
chr2	31217515	-	CAPN14	CAPN14
chr16	527711	+	CAPN15	CAPN15
chr1	223701592	+	CAPN2	CAPN2
chr15	42359499	+	CAPN3	CAPN3
chr11	77066970	+	CAPN5	CAPN5
chrX	111270483	-	CAPN6	CAPN6
chr3	15206245	+	CAPN7	CAPN7
chr1	223665701	-	CAPN8	CAPN8
chr1	230747383	+	CAPN9	CAPN9
chr19	36140065	+	CAPNS1	CAPNS1
chr16	55566683	+	CAPNS2	CAPNS2
chr11	34051730	+	CAPRIN1	CAPRIN1
chr12	30754514	-	CAPRIN2	CAPRIN2
chr19	5914253	+	CAPS	CAPS
chr12	75330324	-	CAPS2	CAPS2
chr5	35938622	-	CAPSL	CAPSL
chr1	112619831	+	CAPZA1	CAPZA1
chr7	116862586	+	CAPZA2	CAPZA2
chr12	18738118	+	CAPZA3	CAPZA3
chr1	19484295	-	CAPZB	CAPZB
chr22	37519415	-	CARD10	CARD10
chr7	3043867	-	CARD11	CARD11
chr17	80170029	+	CARD14	CARD14
chr11	105045324	-	CARD16	CARD16
chr11	105101431	-	CARD17	CARD17
chr11	105139769	-	CARD18	CARD18
chr9	93096216	+	CARD19	CARD19
chr5	40841366	+	CARD6	CARD6
chr19	48241063	-	CARD8	CARD8
chr19	48255674	+	CARD8-AS1	CARD8-AS1
chr9	136373669	-	CARD9	CARD9
chr2	202912217	+	CARF	CARF
chr16	8861810	-	CARHSP1	CARHSP1
chr19	10871552	+	CARM1	CARM1
chr6	25279373	+	CARMIL1	CARMIL1
chr16	67645143	+	CARMIL2	CARMIL2
chr14	24052008	+	CARMIL3	CARMIL3
chr5	149406844	+	CARMN	CARMN
chr9	75027151	-	CARNMT1	CARNMT1
chr9	74952964	+	CARNMT1-AS1	CARNMT1-AS1
chr11	67415677	+	CARNS1	CARNS1
chr11	3040984	-	CARS1	CARS1
chr11	3029393	+	CARS1-AS1	CARS1-AS1
chr13	110706116	-	CARS2	CARS2
chr5	71719274	+	CARTPT	CARTPT
chr8	127733967	-	CASC11	CASC11
chr6	21666412	+	CASC15	CASC15
chr16	52606975	-	CASC16	CASC16
chr17	71202179	-	CASC17	CASC17
chr12	105704202	+	CASC18	CASC18
chr8	127197627	-	CASC19	CASC19
chr10	118046820	+	CASC2	CASC2
chr20	6426731	+	CASC20	CASC20
chr8	127244636	+	CASC21	CASC21
chr16	52258563	+	CASC22	CASC22
chr11	8016509	-	CASC23	CASC23
chr17	40140536	+	CASC3	CASC3
chr6	91690428	-	CASC6	CASC6
chr8	127482139	-	CASC8	CASC8
chr8	75278481	-	CASC9	CASC9
chr7	94509808	+	CASD1	CASD1
chrX	41923034	-	CASK	CASK
chr16	2196605	-	CASKIN1	CASKIN1
chr17	75509890	-	CASKIN2	CASKIN2
chr11	105035144	-	CASP1	CASP1
chr2	201182897	+	CASP10	CASP10
chr11	104898670	-	CASP12	CASP12
chr19	15049479	+	CASP14	CASP14
chr16	3144290	+	CASP16P	CASP16P
chr11	105071530	-	CASP1P2	CASP1P2
chr7	143288350	+	CASP2	CASP2
chr4	184649447	-	CASP3	CASP3
chr11	104968574	-	CASP4	CASP4
chr11	104918175	-	CASP4LP	CASP4LP
chr11	105023168	-	CASP5	CASP5
chr4	109703445	-	CASP6	CASP6
chr10	113679161	+	CASP7	CASP7
chr2	201233442	+	CASP8	CASP8
chr6	89829879	+	CASP8AP2	CASP8AP2
chr1	15524215	-	CASP9	CASP9
chr1	160190574	+	CASQ1	CASQ1
chr1	115768714	-	CASQ2	CASQ2
chr3	122183667	+	CASR	CASR
chr20	56412035	+	CASS4	CASS4
chr5	96662036	+	CAST	CAST
chr22	30289505	-	CASTOR1	CASTOR1
chr7	74964704	+	CASTOR2	CASTOR2
chr7	100272205	-	CASTOR3	CASTOR3
chr1	10796646	-	CASZ1	CASZ1
chr11	34438933	+	CAT	CAT
chr2	218356856	+	CATIP	CATIP
chr2	218367902	-	CATIP-AS1	CATIP-AS1
chr2	218357966	-	CATIP-AS2	CATIP-AS2
chr11	66026479	-	CATSPER1	CATSPER1
chr15	43648063	-	CATSPER2	CATSPER2
chr15	43746298	-	CATSPER2P1	CATSPER2P1
chr5	134967906	+	CATSPER3	CATSPER3
chr1	26190601	+	CATSPER4	CATSPER4
chr14	91732086	-	CATSPERB	CATSPERB
chr19	5720636	+	CATSPERD	CATSPERD
chr1	244461272	+	CATSPERE	CATSPERE
chr19	38335829	+	CATSPERG	CATSPERG
chr11	64300357	+	CATSPERZ	CATSPERZ
chr7	116525008	+	CAV1	CAV1
chr7	116499737	+	CAV2	CAV2
chr3	8733801	+	CAV3	CAV3
chr17	42423256	-	CAVIN1	CAVIN1
chr2	191847088	-	CAVIN2	CAVIN2
chr11	6320501	-	CAVIN3	CAVIN3
chr9	100578078	+	CAVIN4	CAVIN4
chr19	1238005	-	CBARP	CBARP
chr20	33490095	+	CBFA2T2	CBFA2T2
chr16	88941350	-	CBFA2T3	CBFA2T3
chr16	67029148	+	CBFB	CBFB
chr11	119206338	+	CBL	CBL
chr3	105867591	-	CBLB	CBLB
chr19	44777868	+	CBLC	CBLC
chr11	59845499	-	CBLIF	CBLIF
chr7	107743696	+	CBLL1	CBLL1
chrX	22272912	+	CBLL2	CBLL2
chr16	49281838	-	CBLN1	CBLN1
chr18	72544342	-	CBLN2	CBLN2
chr14	24429668	-	CBLN3	CBLN3
chr20	56005519	-	CBLN4	CBLN4
chr21	36070023	+	CBR1	CBR1
chr21	36135078	+	CBR3	CBR3
chr21	36156308	-	CBR3-AS1	CBR3-AS1
chr4	169010255	-	CBR4	CBR4
chr21	6460082	-	CBS	CBS
chr21	6467197	-	CBSL	CBSL
chr9	179056	-	CBWD1	CBWD1
chr2	113437690	+	CBWD2	CBWD2
chr9	41189307	-	CBWD3	CBWD3
chr9	41189401	-	CBWD5	CBWD5
chr9	41189364	-	CBWD6	CBWD6
chr17	48101186	-	CBX1	CBX1
chr17	79778147	+	CBX2	CBX2
chr7	26201442	+	CBX3	CBX3
chr18	2655395	-	CBX3P2	CBX3P2
chr17	79839440	-	CBX4	CBX4
chr12	54259545	-	CBX5	CBX5
chr22	38872216	-	CBX6	CBX6
chr22	39152680	-	CBX7	CBX7
chr17	79797077	-	CBX8	CBX8
chr22	38656652	+	CBY1	CBY1
chr13	45702319	+	CBY2	CBY2
chr5	179681034	-	CBY3	CBY3
chr19	13906200	+	CC2D1A	CC2D1A
chr1	52366205	-	CC2D1B	CC2D1B
chr4	15469864	+	CC2D2A	CC2D2A
chr10	95907974	+	CC2D2B	CC2D2B
chr10	68721238	+	CCAR1	CCAR1
chr8	22604756	+	CCAR2	CCAR2
chr8	127219268	-	CCAT1	CCAT1
chr8	127400398	+	CCAT2	CCAT2
chr18	59697423	-	CCBE1	CCBE1
chr16	57536571	-	CCDC102A	CCDC102A
chr18	68715215	+	CCDC102B	CCDC102B
chr17	44899711	+	CCDC103	CCDC103
chr19	15010725	+	CCDC105	CCDC105
chr19	55647399	+	CCDC106	CCDC106
chr9	35658289	+	CCDC107	CCDC107
chr4	185471733	-	CCDC110	CCDC110
chr5	115296290	-	CCDC112	CCDC112
chr16	58249935	+	CCDC113	CCDC113
chr19	48319499	-	CCDC114	CCDC114
chr2	130342164	-	CCDC115	CCDC115
chr22	21632759	+	CCDC116	CCDC116
chr22	28772673	+	CCDC117	CCDC117
chr3	46976501	-	CCDC12	CCDC12
chrX	49053571	+	CCDC120	CCDC120
chr2	27628878	-	CCDC121	CCDC121
chr13	43879361	-	CCDC122	CCDC122
chr19	17933014	+	CCDC124	CCDC124
chr5	69332793	-	CCDC125	CCDC125
chr7	23597381	+	CCDC126	CCDC126
chr5	218153	-	CCDC127	CCDC127
chr3	42773253	-	CCDC13	CCDC13
chr3	42732574	+	CCDC13-AS1	CCDC13-AS1
chr19	13731751	+	CCDC130	CCDC130
chr22	41800678	+	CCDC134	CCDC134
chr7	128791437	+	CCDC136	CCDC136
chr17	81666736	+	CCDC137	CCDC137
chr2	108786749	+	CCDC138	CCDC138
chr3	123961229	-	CCDC14	CCDC14
chr2	222298146	+	CCDC140	CCDC140
chr2	179050137	-	CCDC141	CCDC141
chr2	74482998	-	CCDC142	CCDC142
chr17	16690240	+	CCDC144A	CCDC144A
chr17	18625617	-	CCDC144B	CCDC144B
chr17	20321173	+	CCDC144CP	CCDC144CP
chr17	20896163	-	CCDC144NL	CCDC144NL
chr17	20868526	+	CCDC144NL-AS1	CCDC144NL-AS1
chr7	77122614	+	CCDC146	CCDC146
chr2	158456753	-	CCDC148	CCDC148
chr2	158166649	+	CCDC148-AS1	CCDC148-AS1
chr4	24912978	-	CCDC149	CCDC149
chr11	124954201	+	CCDC15	CCDC15
chr2	196639714	+	CCDC150	CCDC150
chr19	11435121	-	CCDC151	CCDC151
chr5	42756817	+	CCDC152	CCDC152
chr11	119195841	-	CCDC153	CCDC153
chr16	1444489	-	CCDC154	CCDC154
chr22	30356623	+	CCDC157	CCDC157
chr4	76407305	-	CCDC158	CCDC158
chr19	11346518	+	CCDC159	CCDC159
chrX	134237212	+	CCDC160	CCDC160
chr6	109165830	+	CCDC162P	CCDC162P
chr1	45500073	-	CCDC163	CCDC163
chr8	143708109	-	CCDC166	CCDC166
chr6	37499893	-	CCDC167	CCDC167
chr13	102759072	-	CCDC168	CCDC168
chr13	36297814	-	CCDC169	CCDC169
chr13	36297814	-	CCDC169-SOHLH2	CCDC169-SOHLH2
chr1	45624054	-	CCDC17	CCDC17
chr6	151494016	+	CCDC170	CCDC170
chr9	15553042	+	CCDC171	CCDC171
chr10	116324447	+	CCDC172	CCDC172
chr2	169694405	-	CCDC173	CCDC173
chr3	14651745	+	CCDC174	CCDC174
chr14	59576812	-	CCDC175	CCDC175
chr14	69574871	-	CCDC177	CCDC177
chr18	33440571	-	CCDC178	CCDC178
chr11	22860474	-	CCDC179	CCDC179
chr1	93180715	+	CCDC18	CCDC18
chr1	93345811	-	CCDC18-AS1	CCDC18-AS1
chr9	97307336	+	CCDC180	CCDC180
chr1	169427474	-	CCDC181	CCDC181
chr17	57745299	-	CCDC182	CCDC182
chr9	136796337	+	CCDC183	CCDC183
chr9	136808848	-	CCDC183-AS1	CCDC183-AS1
chr12	48183643	+	CCDC184	CCDC184
chr1	223393414	+	CCDC185	CCDC185
chr10	114174203	-	CCDC186	CCDC186
chr9	136304094	-	CCDC187	CCDC187
chr22	20151055	-	CCDC188	CCDC188
chr16	30762062	-	CCDC189	CCDC189
chr1	162868815	-	CCDC190	CCDC190
chr3	114056526	-	CCDC191	CCDC191
chr5	127703390	+	CCDC192	CCDC192
chr14	66486370	+	CCDC196	CCDC196
chr14	93997269	+	CCDC197	CCDC197
chr14	57493857	-	CCDC198	CCDC198
chr17	43228623	-	CCDC200	CCDC200
chrX	49235469	+	CCDC22	CCDC22
chr1	43991595	+	CCDC24	CCDC24
chr8	27772640	-	CCDC25	CCDC25
chr8	129575018	-	CCDC26	CCDC26
chr1	3752449	+	CCDC27	CCDC27
chr6	138773768	+	CCDC28A	CCDC28A
chr6	138773703	-	CCDC28A-AS1	CCDC28A-AS1
chr1	32200594	+	CCDC28B	CCDC28B
chr10	13001713	-	CCDC3	CCDC3
chr1	42456106	+	CCDC30	CCDC30
chr15	40565042	-	CCDC32	CCDC32
chr15	74236325	+	CCDC33	CCDC33
chr11	27363215	-	CCDC34	CCDC34
chr3	126394798	-	CCDC37-DT	CCDC37-DT
chr12	95942614	-	CCDC38	CCDC38
chr3	180679489	-	CCDC39	CCDC39
chr17	80036631	+	CCDC40	CCDC40
chr17	8744836	-	CCDC42	CCDC42
chr17	44689776	-	CCDC43	CCDC43
chr17	63773597	-	CCDC47	CCDC47
chr3	191329393	+	CCDC50	CCDC50
chr3	48440119	-	CCDC51	CCDC51
chr3	107377438	+	CCDC54	CCDC54
chr17	82212842	-	CCDC57	CCDC57
chr3	122383231	-	CCDC58	CCDC58
chr12	82358387	-	CCDC59	CCDC59
chr10	59906556	-	CCDC6	CCDC6
chr12	119334728	+	CCDC60	CCDC60
chr19	45995466	+	CCDC61	CCDC61
chr12	122774571	+	CCDC62	CCDC62
chr12	110846986	+	CCDC63	CCDC63
chr12	48904132	+	CCDC65	CCDC65
chr3	56557155	+	CCDC66	CCDC66
chr18	54958048	-	CCDC68	CCDC68
chr5	151224092	-	CCDC69	CCDC69
chr10	32446139	+	CCDC7	CCDC7
chr13	51861968	+	CCDC70	CCDC70
chr3	49166331	-	CCDC71	CCDC71
chr7	106661158	-	CCDC71L	CCDC71L
chr11	32794658	-	CCDC73	CCDC73
chr2	131527674	+	CCDC74A	CCDC74A
chr2	130145112	-	CCDC74B	CCDC74B
chr12	389346	+	CCDC77	CCDC77
chr16	726443	-	CCDC78	CCDC78
chr19	46413564	-	CCDC8	CCDC8
chr3	112641143	-	CCDC80	CCDC80
chr11	86374735	+	CCDC81	CCDC81
chr11	96389816	-	CCDC82	CCDC82
chr11	85855382	+	CCDC83	CCDC83
chr2	56183989	+	CCDC85A	CCDC85A
chr11	65890672	+	CCDC85B	CCDC85B
chr14	99604207	-	CCDC85C	CCDC85C
chr11	60842112	+	CCDC86	CCDC86
chr11	66593063	-	CCDC87	CCDC87
chr2	55419856	-	CCDC88A	CCDC88A
chr11	64340203	+	CCDC88B	CCDC88B
chr14	91417820	-	CCDC88C	CCDC88C
chr11	85686195	-	CCDC89	CCDC89
chr19	47256524	+	CCDC9	CCDC9
chr11	83286407	-	CCDC90B	CCDC90B
chr12	28190455	+	CCDC91	CCDC91
chr12	123972059	-	CCDC92	CCDC92
chr17	2749652	-	CCDC92B	CCDC92B
chr2	118014070	-	CCDC93	CCDC93
chr4	7043001	-	CCDC96	CCDC96
chr19	41310171	+	CCDC97	CCDC97
chr15	40340967	-	CCDC9B	CCDC9B
chr10	59176464	-	CCEPR	CCEPR
chr12	90955176	-	CCER1	CCER1
chr19	38912158	-	CCER2	CCER2
chr6	31157789	-	CCHCR1	CCHCR1
chr9	36169387	+	CCIN	CCIN
chr3	42263947	-	CCK	CCK
chr4	26490484	-	CCKAR	CCKAR
chr11	6259837	+	CCKBR	CCKBR
chr17	34363233	-	CCL1	CCL1
chr17	34285741	+	CCL11	CCL11
chr17	34356479	+	CCL13	CCL13
chr17	35986728	-	CCL14	CCL14
chr17	36001553	-	CCL15	CCL15
chr17	36002038	-	CCL15-CCL14	CCL15-CCL14
chr17	35981497	-	CCL16	CCL16
chr16	57404766	+	CCL17	CCL17
chr17	36064271	+	CCL18	CCL18
chr9	34691276	-	CCL19	CCL19
chr17	34255284	+	CCL2	CCL2
chr2	227813841	+	CCL20	CCL20
chr9	34710136	-	CCL21	CCL21
chr16	57358782	+	CCL22	CCL22
chr17	36017972	-	CCL23	CCL23
chr7	75813806	-	CCL24	CCL24
chr19	8052761	+	CCL25	CCL25
chr7	75772211	-	CCL26	CCL26
chr9	34662657	-	CCL27	CCL27
chr5	43397137	-	CCL28	CCL28
chr17	36089698	-	CCL3	CCL3
chr17	36090143	-	CCL3L1	CCL3L1
chr17	36196758	-	CCL3L3	CCL3L3
chr17	36103826	+	CCL4	CCL4
chr17	36103672	+	CCL4L1	CCL4L1
chr17	36103826	+	CCL4L2	CCL4L2
chr17	35880360	-	CCL5	CCL5
chr17	34270220	+	CCL7	CCL7
chr17	34319434	+	CCL8	CCL8
chr7	44999745	+	CCM2	CCM2
chr20	32010437	+	CCM2L	CCM2L
chr1	85580760	+	CCN1	CCN1
chr6	131951372	-	CCN2	CCN2
chr8	119416445	+	CCN3	CCN3
chr8	133191038	+	CCN4	CCN4
chr20	44714843	+	CCN5	CCN5
chr6	112054103	+	CCN6	CCN6
chr13	36431829	+	CCNA1	CCNA1
chr4	121823883	-	CCNA2	CCNA2
chr5	69167009	+	CCNB1	CCNB1
chr14	20333279	-	CCNB1IP1	CCNB1IP1
chr15	59105145	+	CCNB2	CCNB2
chrX	50204764	+	CCNB3	CCNB3
chr6	99568660	-	CCNC	CCNC
chr11	69641155	+	CCND1	CCND1
chr12	4273761	+	CCND2	CCND2
chr12	4275477	-	CCND2-AS1	CCND2-AS1
chr6	41941808	-	CCND3	CCND3
chr15	43185402	+	CCNDBP1	CCNDBP1
chr19	29811990	+	CCNE1	CCNE1
chr8	94895254	-	CCNE2	CCNE2
chr16	2429446	+	CCNF	CCNF
chr5	163437570	+	CCNG1	CCNG1
chr4	77157206	+	CCNG2	CCNG2
chr5	87412904	-	CCNH	CCNH
chr4	77074910	-	CCNI	CCNI
chr5	132747425	+	CCNI2	CCNI2
chr10	96043582	+	CCNJ	CCNJ
chr5	160312564	-	CCNJL	CCNJL
chr14	99481408	+	CCNK	CCNK
chr3	157160147	-	CCNL1	CCNL1
chr1	1398342	-	CCNL2	CCNL2
chr5	55232991	-	CCNO	CCNO
chr19	40226689	-	CCNP	CCNP
chrX	153599139	-	CCNQ	CCNQ
chr12	48716707	-	CCNT1	CCNT1
chr2	134918821	+	CCNT2	CCNT2
chr2	134918606	-	CCNT2-AS1	CCNT2-AS1
chr10	35247024	+	CCNY	CCNY
chr2	207711539	+	CCNYL1	CCNYL1
chr10	42472240	-	CCNYL2	CCNYL2
chr16	34381480	-	CCNYL3	CCNYL3
chr10	38175670	+	CCNYL4	CCNYL4
chr19	21750744	+	CCNYL6	CCNYL6
chr16	19523941	+	CCP110	CCP110
chr15	55408359	-	CCPG1	CCPG1
chr3	46208313	-	CCR1	CCR1
chr17	42681843	-	CCR10	CCR10
chr3	46353743	+	CCR2	CCR2
chr3	46242380	+	CCR3	CCR3
chr3	32951643	+	CCR4	CCR4
chr3	46370141	+	CCR5	CCR5
chr3	46407059	-	CCR5AS	CCR5AS
chr6	167111806	+	CCR6	CCR6
chr17	40560394	-	CCR7	CCR7
chr3	39329708	+	CCR8	CCR8
chr3	45886503	+	CCR9	CCR9
chr3	46407258	+	CCRL2	CCRL2
chr11	66593184	+	CCS	CCS
chr1	229343047	-	CCSAP	CCSAP
chr4	90127393	+	CCSER1	CCSER1
chr10	84328588	+	CCSER2	CCSER2
chr12	69585458	+	CCT2	CCT2
chr1	156338292	-	CCT3	CCT3
chr2	61888656	-	CCT4	CCT4
chr5	10249920	+	CCT5	CCT5
chr7	56051764	+	CCT6A	CCT6A
chr17	34961460	-	CCT6B	CCT6B
chr7	65751104	+	CCT6P1	CCT6P1
chr7	65038353	+	CCT6P3	CCT6P3
chr2	73234235	+	CCT7	CCT7
chr21	29073648	-	CCT8	CCT8
chr22	16592810	-	CCT8L2	CCT8L2
chr7	5898732	+	CCZ1	CCZ1
chr7	6826275	-	CCZ1B	CCZ1B
chr7	97972358	-	CCZ1P-OR7E38P	CCZ1P-OR7E38P
chr1	117001749	+	CD101	CD101
chr6	73696084	+	CD109	CD109
chr5	140633175	-	CD14	CD14
chr11	832951	+	CD151	CD151
chr1	145719498	+	CD160	CD160
chr12	7503777	-	CD163	CD163
chr12	7444153	-	CD163L1	CD163L1
chr6	109381739	-	CD164	CD164
chr1	27383333	-	CD164L2	CD164L2
chr19	43353685	+	CD177	CD177
chr5	67196799	-	CD180	CD180
chr16	28931970	+	CD19	CD19
chr1	158248335	+	CD1A	CD1A
chr1	158331531	-	CD1B	CD1B
chr1	158289922	+	CD1C	CD1C
chr1	158178029	+	CD1D	CD1D
chr1	158353695	+	CD1E	CD1E
chr1	116754429	+	CD2	CD2
chr3	112332572	+	CD200	CD200
chr3	112975103	-	CD200R1	CD200R1
chr3	112846856	-	CD200R1L	CD200R1L
chr3	112802477	+	CD200R1L-AS1	CD200R1L-AS1
chr2	70835816	-	CD207	CD207
chr19	7747534	-	CD209	CD209
chr19	35329168	+	CD22	CD22
chr18	69947873	-	CD226	CD226
chr6	106974039	-	CD24	CD24
chr1	160862887	-	CD244	CD244
chr1	167518529	-	CD247	CD247
chr11	66317044	-	CD248	CD248
chr12	6444954	+	CD27	CD27
chr12	6451517	-	CD27-AS1	CD27-AS1
chr9	5450502	+	CD274	CD274
chr15	73684280	+	CD276	CD276
chr2	203706474	+	CD28	CD28
chr6	47477788	+	CD2AP	CD2AP
chr16	30354934	-	CD2BP2	CD2BP2
chr17	74466372	+	CD300A	CD300A
chr17	74546115	-	CD300C	CD300C
chr17	74623738	-	CD300E	CD300E
chr17	74567343	-	CD300H	CD300H
chr17	74531475	-	CD300LB	CD300LB
chr17	74592283	-	CD300LD	CD300LD
chr17	74712923	-	CD300LF	CD300LF
chr17	43847175	+	CD300LG	CD300LG
chr2	159798208	-	CD302	CD302
chr19	8308358	-	CD320	CD320
chr19	51225079	+	CD33	CD33
chr1	207911125	-	CD34	CD34
chr7	80602206	+	CD36	CD36
chr19	49335405	+	CD37	CD37
chr4	15778327	+	CD38	CD38
chr11	118342705	-	CD3D	CD3D
chr11	118304729	+	CD3E	CD3E
chr11	118344343	+	CD3G	CD3G
chr12	6789527	+	CD4	CD4
chr20	46118313	+	CD40	CD40
chrX	136648157	+	CD40LG	CD40LG
chr11	35139170	+	CD44	CD44
chr1	207752037	+	CD46	CD46
chr3	108091031	-	CD47	CD47
chr1	160711822	-	CD48	CD48
chr11	61093962	+	CD5	CD5
chr1	26317957	+	CD52	CD52
chr1	110871198	+	CD53	CD53
chr1	207321677	+	CD55	CD55
chr1	116571026	-	CD58	CD58
chr11	33722727	-	CD59	CD59
chr1	157841808	-	CD5L	CD5L
chr11	60971679	+	CD6	CD6
chr12	55727788	-	CD63	CD63
chr17	7579637	+	CD68	CD68
chr12	9760901	-	CD69	CD69
chr17	82317608	-	CD7	CD7
chr19	6591150	-	CD70	CD70
chr9	35618413	-	CD72	CD72
chr5	150412756	-	CD74	CD74
chr19	41877278	+	CD79A	CD79A
chr17	63932331	-	CD79B	CD79B
chr3	119559614	-	CD80	CD80
chr11	2376176	+	CD81	CD81
chr11	2377992	-	CD81-AS1	CD81-AS1
chr11	44565662	+	CD82	CD82
chr6	14117255	+	CD83	CD83
chr1	160579496	-	CD84	CD84
chr3	122055361	+	CD86	CD86
chr2	86790913	-	CD8A	CD8A
chr2	86861886	-	CD8B	CD8B
chr2	106487363	+	CD8B2	CD8B2
chr12	6199945	+	CD9	CD9
chr20	23086324	-	CD93	CD93
chr3	111542196	+	CD96	CD96
chrX	2691294	+	CD99	CD99
chrX	150898668	-	CD99L2	CD99L2
chrY	2609264	+	CD99P1	CD99P1
chr1	20589096	+	CDA	CDA
chr13	49247924	+	CDADC1	CDADC1
chr15	42737128	-	CDAN1	CDAN1
chr10	12196187	+	CDC123	CDC123
chr1	100345014	+	CDC14A	CDC14A
chr9	96566831	-	CDC14B	CDC14B
chr7	48924546	+	CDC14C	CDC14C
chr13	114234844	+	CDC16	CDC16
chr1	43358980	+	CDC20	CDC20
chr5	55173177	-	CDC20B	CDC20B
chr5	138213323	-	CDC23	CDC23
chr3	48188417	-	CDC25A	CDC25A
chr20	3786771	+	CDC25B	CDC25B
chr5	138331804	-	CDC25C	CDC25C
chr9	113275572	-	CDC26	CDC26
chr17	47189295	-	CDC27	CDC27
chr19	531759	+	CDC34	CDC34
chr19	10403542	-	CDC37	CDC37
chr9	4679568	+	CDC37L1	CDC37L1
chr9	4679480	-	CDC37L1-DT	CDC37L1-DT
chr6	110180426	+	CDC40	CDC40
chr1	22052708	+	CDC42	CDC42
chr1	227318492	-	CDC42BPA	CDC42BPA
chr14	103057549	-	CDC42BPB	CDC42BPB
chr11	64844653	-	CDC42BPG	CDC42BPG
chr22	37560479	+	CDC42EP1	CDC42EP1
chr11	65314865	+	CDC42EP2	CDC42EP2
chr2	37671642	-	CDC42EP3	CDC42EP3
chr17	73312001	-	CDC42EP4	CDC42EP4
chr19	54473296	-	CDC42EP5	CDC42EP5
chr8	142995827	+	CDC42P3	CDC42P3
chr1	151059622	-	CDC42SE1	CDC42SE1
chr5	131264052	+	CDC42SE2	CDC42SE2
chr22	19479465	+	CDC45	CDC45
chr6	44387705	+	CDC5L	CDC5L
chr17	40287878	+	CDC6	CDC6
chr1	91500846	+	CDC7	CDC7
chr1	193122030	+	CDC73	CDC73
chr8	25458930	+	CDCA2	CDCA2
chr12	6851286	-	CDCA3	CDCA3
chr14	105021083	-	CDCA4	CDCA4
chr11	65084040	-	CDCA5	CDCA5
chr2	173354871	+	CDCA7	CDCA7
chr7	21945899	-	CDCA7L	CDCA7L
chr1	37692515	+	CDCA8	CDCA8
chr3	45146378	-	CDCP1	CDCP1
chr1	54153181	-	CDCP2	CDCP2
chr16	68737291	+	CDH1	CDH1
chr5	24644978	-	CDH10	CDH10
chr16	65122063	-	CDH11	CDH11
chr5	21889847	-	CDH12	CDH12
chr16	82626968	+	CDH13	CDH13
chr16	89171747	+	CDH15	CDH15
chr16	66918885	-	CDH16	CDH16
chr8	94208555	-	CDH17	CDH17
chr5	19886272	-	CDH18	CDH18
chr5	20305550	+	CDH18-AS1	CDH18-AS1
chr18	66604090	-	CDH19	CDH19
chr18	28036641	-	CDH2	CDH2
chr18	61333429	+	CDH20	CDH20
chr20	46308498	-	CDH22	CDH22
chr10	71396919	+	CDH23	CDH23
chr10	71511920	-	CDH23-AS1	CDH23-AS1
chr14	23057538	-	CDH24	CDH24
chr20	59958422	+	CDH26	CDH26
chr16	68645309	+	CDH3	CDH3
chr20	61252260	+	CDH4	CDH4
chr16	66366690	+	CDH5	CDH5
chr5	31193685	+	CDH6	CDH6
chr18	65750251	+	CDH7	CDH7
chr16	62036438	-	CDH8	CDH8
chr5	27038586	-	CDH9	CDH9
chr10	84194536	+	CDHR1	CDHR1
chr5	176542510	+	CDHR2	CDHR2
chr7	105963263	+	CDHR3	CDHR3
chr3	49799873	-	CDHR4	CDHR4
chr11	624955	-	CDHR5	CDHR5
chr15	36579625	+	CDIN1	CDIN1
chr16	4538429	-	CDIP1	CDIP1
chr16	29863226	-	CDIPT	CDIPT
chr16	29863682	+	CDIPTOSP	CDIPTOSP
chr10	60778330	+	CDK1	CDK1
chr16	89686688	+	CDK10	CDK10
chr1	1724357	-	CDK11A	CDK11A
chr1	1659004	-	CDK11B	CDK11B
chr17	39461485	+	CDK12	CDK12
chr7	39950255	+	CDK13	CDK13
chr7	90596320	+	CDK14	CDK14
chr2	201806428	+	CDK15	CDK15
chrX	47218302	+	CDK16	CDK16
chr12	96400439	-	CDK17	CDK17
chr1	205504668	+	CDK18	CDK18
chr6	110815469	-	CDK19	CDK19
chr12	55966829	+	CDK2	CDK2
chr9	87974533	-	CDK20	CDK20
chr12	123268254	-	CDK2AP1	CDK2AP1
chr11	67508162	-	CDK2AP2	CDK2AP2
chr17	76000905	+	CDK3	CDK3
chr12	57752310	-	CDK4	CDK4
chr7	151057897	-	CDK5	CDK5
chr17	32486992	+	CDK5R1	CDK5R1
chr2	218959665	+	CDK5R2	CDK5R2
chr20	33401519	-	CDK5RAP1	CDK5RAP1
chr9	120580167	-	CDK5RAP2	CDK5RAP2
chr17	47970527	+	CDK5RAP3	CDK5RAP3
chr7	92833959	-	CDK6	CDK6
chr7	92836482	+	CDK6-AS1	CDK6-AS1
chr5	69234794	+	CDK7	CDK7
chr13	26254128	+	CDK8	CDK8
chr9	127786033	+	CDK9	CDK9
chr6	20534456	+	CDKAL1	CDKAL1
chr14	50396881	-	CDKL1	CDKL1
chr4	75630528	-	CDKL2	CDKL2
chr5	134367074	-	CDKL3	CDKL3
chr2	39229588	-	CDKL4	CDKL4
chrX	18425604	+	CDKL5	CDKL5
chr6	36676462	+	CDKN1A	CDKN1A
chr12	12717367	+	CDKN1B	CDKN1B
chr11	2885765	-	CDKN1C	CDKN1C
chr9	21974857	-	CDKN2A	CDKN2A
chr9	21967138	+	CDKN2A-DT	CDKN2A-DT
chr4	183444635	+	CDKN2AIP	CDKN2AIP
chr5	134411881	-	CDKN2AIPNL	CDKN2AIPNL
chr9	22009305	-	CDKN2B	CDKN2B
chr9	21994790	+	CDKN2B-AS1	CDKN2B-AS1
chr1	50968694	+	CDKN2C	CDKN2C
chr19	10568979	-	CDKN2D	CDKN2D
chr14	54396867	+	CDKN3	CDKN3
chr10	14838037	-	CDNF	CDNF
chr5	115816659	-	CDO1	CDO1
chr11	126062866	-	CDON	CDON
chr22	46250293	-	CDPF1	CDPF1
chrX	140784558	-	CDR1	CDR1
chr16	22374619	-	CDR2	CDR2
chr17	74987631	+	CDR2L	CDR2L
chr17	15619704	-	CDRT1	CDRT1
chr17	14236862	-	CDRT15	CDRT15
chr17	20579723	+	CDRT15L2	CDRT15L2
chr17	14024497	+	CDRT15P1	CDRT15P1
chr17	15764702	+	CDRT15P2	CDRT15P2
chr2	131801661	-	CDRT15P3	CDRT15P3
chr17	15470836	-	CDRT3	CDRT3
chr17	15467621	-	CDRT4	CDRT4
chr17	15030974	+	CDRT7	CDRT7
chr17	15106187	-	CDRT8	CDRT8
chr4	84583126	+	CDS1	CDS1
chr20	5127007	+	CDS2	CDS2
chr6	31120446	-	CDSN	CDSN
chr16	88803788	+	CDT1	CDT1
chr3	133573685	+	CDV3	CDV3
chr5	150166777	+	CDX1	CDX1
chr13	27969315	-	CDX2	CDX2
chrX	73447253	+	CDX4	CDX4
chrY	24048014	-	CDY1	CDY1
chrY	24048014	-	CDY1B	CDY1B
chrY	17880220	-	CDY2A	CDY2A
chrY	17880219	-	CDY2B	CDY2B
chr6	4706137	+	CDYL	CDYL
chr16	80804598	-	CDYL2	CDYL2
chr19	42528481	-	CEACAM1	CEACAM1
chr19	44699150	+	CEACAM16	CEACAM16
chr19	51478642	+	CEACAM18	CEACAM18
chr19	44671451	+	CEACAM19	CEACAM19
chr19	44529675	-	CEACAM20	CEACAM20
chr19	41549517	+	CEACAM21	CEACAM21
chr19	44556917	-	CEACAM22P	CEACAM22P
chr19	41796586	+	CEACAM3	CEACAM3
chr19	41627074	-	CEACAM4	CEACAM4
chr19	41708625	+	CEACAM5	CEACAM5
chr19	41755529	+	CEACAM6	CEACAM6
chr19	41688270	-	CEACAM7	CEACAM7
chr19	42594924	-	CEACAM8	CEACAM8
chr19	33302534	-	CEBPA	CEBPA
chr19	33302820	+	CEBPA-DT	CEBPA-DT
chr20	50190582	+	CEBPB	CEBPB
chr20	50192069	-	CEBPB-AS1	CEBPB-AS1
chr8	47738164	-	CEBPD	CEBPD
chr14	23119255	-	CEBPE	CEBPE
chr19	33373708	+	CEBPG	CEBPG
chr2	37231596	-	CEBPZ	CEBPZ
chr2	37196495	+	CEBPZOS	CEBPZOS
chr22	17359948	+	CECR2	CECR2
chr22	17266733	-	CECR3	CECR3
chr22	17036569	+	CECR7	CECR7
chr9	133061980	+	CEL	CEL
chr12	51346679	-	CELA1	CELA1
chr1	15456731	+	CELA2A	CELA2A
chr1	15476103	+	CELA2B	CELA2B
chr1	22001656	+	CELA3A	CELA3A
chr1	21977021	+	CELA3B	CELA3B
chr11	47494521	-	CELF1	CELF1
chr10	10462549	+	CELF2	CELF2
chr10	11344674	-	CELF2-AS1	CELF2-AS1
chr10	11105488	-	CELF2-AS2	CELF2-AS2
chr10	10462349	-	CELF2-DT	CELF2-DT
chr1	151716803	-	CELF3	CELF3
chr18	37485792	-	CELF4	CELF4
chr19	3224660	+	CELF5	CELF5
chr15	72306315	-	CELF6	CELF6
chr9	133082538	+	CELP	CELP
chr22	46537620	-	CELSR1	CELSR1
chr1	109249538	+	CELSR2	CELSR2
chr3	48662886	-	CELSR3	CELSR3
chr15	80779369	+	CEMIP	CEMIP
chr9	71768513	-	CEMIP2	CEMIP2
chr16	2531408	-	CEMP1	CEMP1
chr11	118998137	+	CENATAC	CENATAC
chr11	790090	-	CEND1	CEND1
chr2	26786014	+	CENPA	CENPA
chr20	3786740	-	CENPB	CENPB
chr16	89972832	-	CENPBD1	CENPBD1
chr19	58575398	+	CENPBD1P1	CENPBD1P1
chr4	67545503	-	CENPC	CENPC
chr4	103198343	-	CENPE	CENPE
chr1	214603194	+	CENPF	CENPF
chr5	69189582	+	CENPH	CENPH
chrX	101098181	+	CENPI	CENPI
chr13	24922861	-	CENPJ	CENPJ
chr5	65563168	-	CENPK	CENPK
chr1	173824132	-	CENPL	CENPL
chr22	41940219	-	CENPM	CENPM
chr16	81006497	+	CENPN	CENPN
chr2	24793114	+	CENPO	CENPO
chr9	92325467	+	CENPP	CENPP
chr6	49463369	+	CENPQ	CENPQ
chr1	10430432	+	CENPS	CENPS
chr1	10430432	+	CENPS-CORT	CENPS-CORT
chr16	67847693	-	CENPT	CENPT
chr4	184734096	-	CENPU	CENPU
chr17	16353469	-	CENPV	CENPV
chrX	51682831	-	CENPVL1	CENPVL1
chrX	51682831	-	CENPVL2	CENPVL2
chrX	51618912	-	CENPVL3	CENPVL3
chr6	126339788	+	CENPW	CENPW
chr17	82022878	-	CENPX	CENPX
chr1	3857211	-	CEP104	CEP104
chr17	65826451	-	CEP112	CEP112
chr5	123423403	-	CEP120	CEP120
chr11	101915009	+	CEP126	CEP126
chr14	80941738	-	CEP128	CEP128
chr17	81222965	-	CEP131	CEP131
chr4	55948944	+	CEP135	CEP135
chr15	48811069	-	CEP152	CEP152
chr6	84227643	-	CEP162	CEP162
chr11	117321777	+	CEP164	CEP164
chr1	243255281	-	CEP170	CEP170
chr14	104865267	+	CEP170B	CEP170B
chr4	118516324	+	CEP170P1	CEP170P1
chr3	196712250	-	CEP19	CEP19
chr18	12991361	+	CEP192	CEP192
chr16	15888603	-	CEP20	CEP20
chr20	35455597	+	CEP250	CEP250
chr12	88142088	-	CEP290	CEP290
chr11	93661681	+	CEP295	CEP295
chr17	78903201	-	CEP295NL	CEP295NL
chr1	179954809	+	CEP350	CEP350
chr7	130441016	-	CEP41	CEP41
chr6	166999316	+	CEP43	CEP43
chr4	174283903	+	CEP44	CEP44
chr10	93496611	+	CEP55	CEP55
chr11	95790460	+	CEP57	CEP57
chr6	109095162	+	CEP57L1	CEP57L1
chr3	134485723	+	CEP63	CEP63
chr2	65056415	+	CEP68	CEP68
chr3	138591956	-	CEP70	CEP70
chr5	612339	+	CEP72	CEP72
chr18	12702723	-	CEP76	CEP76
chr9	78236074	+	CEP78	CEP78
chr12	94459867	-	CEP83	CEP83
chr12	94460002	+	CEP83-DT	CEP83-DT
chr1	26234199	+	CEP85	CEP85
chr6	118651591	-	CEP85L	CEP85L
chr19	32971958	-	CEP89	CEP89
chr17	64506976	+	CEP95	CEP95
chr3	101724613	+	CEP97	CEP97
chr1	111139382	+	CEPT1	CEPT1
chr9	14722733	-	CER1	CER1
chr9	128419159	+	CERCAM	CERCAM
chr22	46738252	-	CERK	CERK
chr2	181657105	-	CERKL	CERKL
chr15	52180025	+	CERNA1	CERNA1
chr10	84172076	-	CERNA2	CERNA2
chr8	56074591	+	CERNA3	CERNA3
chr16	981613	-	CEROX1	CEROX1
chr19	18896158	-	CERS1	CERS1
chr1	150974835	-	CERS2	CERS2
chr15	100528950	-	CERS3	CERS3
chr15	100372938	+	CERS3-AS1	CERS3-AS1
chr19	8209369	+	CERS4	CERS4
chr12	50167369	-	CERS5	CERS5
chr2	168456271	+	CERS6	CERS6
chr2	168786429	-	CERS6-AS1	CERS6-AS1
chr5	75511629	-	CERT1	CERT1
chr16	55833096	-	CES1	CES1
chr16	55760598	+	CES1P1	CES1P1
chr16	55724924	+	CES1P2	CES1P2
chr16	66934470	+	CES2	CES2
chr16	66961265	+	CES3	CES3
chr16	66988588	+	CES4A	CES4A
chr16	55875373	-	CES5A	CES5A
chr22	23382126	-	CES5AP1	CES5AP1
chr18	580379	+	CETN1	CETN1
chrX	152830757	-	CETN2	CETN2
chr5	90409756	-	CETN3	CETN3
chr4	122732458	-	CETN4P	CETN4P
chr16	56961949	+	CETP	CETP
chr3	126394908	+	CFAP100	CFAP100
chr1	161367876	-	CFAP126	CFAP126
chr9	127706987	+	CFAP157	CFAP157
chr15	81134269	+	CFAP161	CFAP161
chr16	58129381	-	CFAP20	CFAP20
chr6	87407971	+	CFAP206	CFAP206
chr3	59050025	-	CFAP20DC	CFAP20DC
chr3	58824470	+	CFAP20DC-AS1	CFAP20DC-AS1
chr2	119544431	+	CFAP221	CFAP221
chr12	121918591	+	CFAP251	CFAP251
chr21	32612377	-	CFAP298	CFAP298
chr21	32612377	-	CFAP298-TCP10L	CFAP298-TCP10L
chr4	80335719	+	CFAP299	CFAP299
chr11	102047436	+	CFAP300	CFAP300
chr2	55519594	+	CFAP36	CFAP36
chr21	44338338	-	CFAP410	CFAP410
chr10	104232364	-	CFAP43	CFAP43
chr3	113441493	-	CFAP44	CFAP44
chr3	113403997	+	CFAP44-AS1	CFAP44-AS1
chr1	159900165	-	CFAP45	CFAP45
chr10	132942570	-	CFAP46	CFAP46
chrX	35919733	+	CFAP47	CFAP47
chr17	9576641	+	CFAP52	CFAP52
chr18	50266495	-	CFAP53	CFAP53
chr12	96489576	+	CFAP54	CFAP54
chr1	43172329	+	CFAP57	CFAP57
chr10	104353832	+	CFAP58	CFAP58
chr10	104353575	-	CFAP58-DT	CFAP58-DT
chr20	20052531	+	CFAP61	CFAP61
chr2	219041516	-	CFAP65	CFAP65
chr7	90245173	+	CFAP69	CFAP69
chr10	73358754	-	CFAP70	CFAP70
chr12	113149857	+	CFAP73	CFAP73
chr1	2003786	-	CFAP74	CFAP74
chr9	132410210	+	CFAP77	CFAP77
chr3	119703021	+	CFAP91	CFAP91
chr3	128991897	-	CFAP92	CFAP92
chr12	25195160	-	CFAP94	CFAP94
chr4	185204000	-	CFAP97	CFAP97
chr17	43780434	+	CFAP97D1	CFAP97D1
chr4	2418954	+	CFAP99	CFAP99
chr6	31946094	+	CFB	CFB
chr2	130599575	-	CFC1	CFC1
chr2	130521221	+	CFC1B	CFC1B
chr19	859663	+	CFD	CFD
chr16	75433503	-	CFDP1	CFDP1
chr1	196651877	+	CFH	CFH
chr1	196819730	+	CFHR1	CFHR1
chr1	196943737	+	CFHR2	CFHR2
chr1	196774799	+	CFHR3	CFHR3
chr1	196888051	+	CFHR4	CFHR4
chr1	196977555	+	CFHR5	CFHR5
chr4	109801999	-	CFI	CFI
chr11	65858180	-	CFL1	CFL1
chr10	87818312	+	CFL1P1	CFL1P1
chr14	34713817	-	CFL2	CFL2
chr2	201116103	+	CFLAR	CFLAR
chr2	201157792	-	CFLAR-AS1	CFLAR-AS1
chrX	47629930	-	CFP	CFP
chr7	117480024	+	CFTR	CFTR
chr7	117564676	-	CFTR-AS1	CFTR-AS1
chr6	87095106	-	CGA	CGA
chr6	73452297	-	CGAS	CGAS
chr19	49036895	-	CGB1	CGB1
chr19	49031889	+	CGB2	CGB2
chr19	49024375	-	CGB3	CGB3
chr19	49043847	+	CGB5	CGB5
chr19	49057749	-	CGB7	CGB7
chr19	49049111	-	CGB8	CGB8
chr3	88058996	-	CGGBP1	CGGBP1
chr1	151511386	+	CGN	CGN
chr15	57376504	+	CGNL1	CGNL1
chr2	27119127	-	CGREF1	CGREF1
chr14	54509905	+	CGRRF1	CGRRF1
chrX	154428479	-	CH17-340M24.3	CH17-340M24.3
chr10	89207317	-	CH25H	CH25H
chr15	40953470	+	CHAC1	CHAC1
chr2	53767782	+	CHAC2	CHAC2
chr17	50468880	-	CHAD	CHAD
chr22	41240931	-	CHADL	CHADL
chr19	4402639	+	CHAF1A	CHAF1A
chr21	36385391	+	CHAF1B	CHAF1B
chr13	114314502	+	CHAMP1	CHAMP1
chr15	92882842	+	CHASERR	CHASERR
chr10	49609094	+	CHAT	CHAT
chr10	73782047	+	CHCHD1	CHCHD1
chr22	23767972	-	CHCHD10	CHCHD10
chr7	56106476	-	CHCHD2	CHCHD2
chr7	133082090	-	CHCHD3	CHCHD3
chr3	14124870	-	CHCHD4	CHCHD4
chr2	112584446	+	CHCHD5	CHCHD5
chr3	126704239	+	CHCHD6	CHCHD6
chr8	56211637	+	CHCHD7	CHCHD7
chr5	98929007	-	CHD1	CHD1
chr1	147172746	+	CHD1L	CHD1L
chr15	92900323	+	CHD2	CHD2
chr17	7884795	+	CHD3	CHD3
chr12	6606451	-	CHD4	CHD4
chr1	6180321	-	CHD5	CHD5
chr20	41618377	-	CHD6	CHD6
chr8	60678739	+	CHD7	CHD7
chr14	21437275	-	CHD8	CHD8
chr16	53054990	+	CHD9	CHD9
chr3	53846419	-	CHDH	CHDH
chr11	125625135	+	CHEK1	CHEK1
chr22	28741820	-	CHEK2	CHEK2
chr15	20282743	+	CHEK2P2	CHEK2P2
chr19	16542437	-	CHERP	CHERP
chr12	132887605	-	CHFR	CHFR
chr14	92923149	+	CHGA	CHGA
chr20	5911509	+	CHGB	CHGB
chr1	203186704	-	CHI3L1	CHI3L1
chr1	111227658	+	CHI3L2	CHI3L2
chr1	111290850	+	CHIA	CHIA
chr1	111280523	+	CHIAP2	CHIAP2
chrX	73563147	+	CHIC1	CHIC1
chr4	54064605	-	CHIC2	CHIC2
chr11	910810	-	CHID1	CHID1
chr1	203229673	-	CHIT1	CHIT1
chr11	68121388	-	CHKA	CHKA
chr22	50582849	-	CHKB	CHKB
chr22	50582999	-	CHKB-CPT1B	CHKB-CPT1B
chr22	50583025	+	CHKB-DT	CHKB-DT
chr3	196595	+	CHL1	CHL1
chr3	385795	-	CHL1-AS1	CHL1-AS1
chr3	197341	-	CHL1-AS2	CHL1-AS2
chrX	86047306	-	CHM	CHM
chr1	241636194	-	CHML	CHML
chr16	89657708	-	CHMP1A	CHMP1A
chr18	11851412	+	CHMP1B	CHMP1B
chrX	80335318	-	CHMP1B2P	CHMP1B2P
chr19	58555105	-	CHMP2A	CHMP2A
chr3	87227308	+	CHMP2B	CHMP2B
chr2	86563443	-	CHMP3	CHMP3
chr14	24213488	-	CHMP4A	CHMP4A
chr20	33811347	+	CHMP4B	CHMP4B
chr8	81732447	+	CHMP4C	CHMP4C
chr9	33264878	+	CHMP5	CHMP5
chr17	80991840	+	CHMP6	CHMP6
chr8	23243636	+	CHMP7	CHMP7
chr2	174847555	-	CHN1	CHN1
chr7	29146546	+	CHN2	CHN2
chr7	29208970	-	CHN2-AS1	CHN2-AS1
chr21	17917339	+	CHODL	CHODL
chr21	17885608	-	CHODL-AS1	CHODL-AS1
chr11	90223049	-	CHORDC1	CHORDC1
chr18	2946623	-	CHORDC1P4	CHORDC1P4
chr15	41231267	+	CHP1	CHP1
chr6	160093081	+	CHP1P2	CHP1P2
chr16	23755025	+	CHP2	CHP2
chr2	219543097	-	CHPF	CHPF
chr7	151232482	+	CHPF2	CHPF2
chr12	101697639	+	CHPT1	CHPT1
chr8	140511321	+	CHRAC1	CHRAC1
chr3	184380072	+	CHRD	CHRD
chrX	110795817	-	CHRDL1	CHRDL1
chr11	74711367	-	CHRDL2	CHRDL2
chr15	30393540	-	CHRFAM7A	CHRFAM7A
chr11	62921363	-	CHRM1	CHRM1
chr7	136868651	+	CHRM2	CHRM2
chr1	239386567	+	CHRM3	CHRM3
chr1	239899872	-	CHRM3-AS1	CHRM3-AS1
chr1	239719119	-	CHRM3-AS2	CHRM3-AS2
chr11	46391668	-	CHRM4	CHRM4
chr15	33968496	+	CHRM5	CHRM5
chr2	174764472	-	CHRNA1	CHRNA1
chr11	3671384	-	CHRNA10	CHRNA10
chr8	27479261	-	CHRNA2	CHRNA2
chr15	78620996	-	CHRNA3	CHRNA3
chr20	63361349	-	CHRNA4	CHRNA4
chr15	78565519	+	CHRNA5	CHRNA5
chr8	42768786	-	CHRNA6	CHRNA6
chr15	30373146	-	CHRNA7	CHRNA7
chr4	40335332	+	CHRNA9	CHRNA9
chr17	7445060	+	CHRNB1	CHRNB1
chr1	154567777	+	CHRNB2	CHRNB2
chr8	42697365	+	CHRNB3	CHRNB3
chr15	78641210	-	CHRNB4	CHRNB4
chr2	232526159	+	CHRND	CHRND
chr17	4903098	-	CHRNE	CHRNE
chr2	232539691	+	CHRNG	CHRNG
chr2	178413658	+	CHROMR	CHROMR
chr11	45665622	-	CHST1	CHST1
chr2	100417668	-	CHST10	CHST10
chr12	104456947	+	CHST11	CHST11
chr7	2403610	+	CHST12	CHST12
chr3	126524154	+	CHST13	CHST13
chr15	40470983	+	CHST14	CHST14
chr10	124092406	-	CHST15	CHST15
chr3	143119770	+	CHST2	CHST2
chr10	71964394	+	CHST3	CHST3
chr16	71526119	+	CHST4	CHST4
chr16	75536108	-	CHST5	CHST5
chr16	75495441	-	CHST6	CHST6
chrX	46573764	+	CHST7	CHST7
chr19	33621952	+	CHST8	CHST8
chr18	27185308	-	CHST9	CHST9
chr15	101252048	-	CHSY1	CHSY1
chr5	129904464	+	CHSY3	CHSY3
chr16	788619	+	CHTF18	CHTF18
chr16	69132159	-	CHTF8	CHTF8
chr1	153633981	+	CHTOP	CHTOP
chr10	100229596	-	CHUK	CHUK
chr14	64914360	+	CHURC1	CHURC1
chr14	64914360	+	CHURC1-FNTB	CHURC1-FNTB
chr2	96266224	+	CIAO1	CIAO1
chr15	64093838	-	CIAO2A	CIAO2A
chr16	66934402	-	CIAO2B	CIAO2B
chr16	740997	-	CIAO3	CIAO3
chr16	57447385	-	CIAPIN1	CIAPIN1
chr1	150282553	+	CIART	CIART
chr15	90233941	-	CIB1	CIB1
chr15	78131445	-	CIB2	CIB2
chr19	16173525	-	CIB3	CIB3
chr2	26641366	-	CIB4	CIB4
chr8	93700549	+	CIBAR1	CIBAR1
chr4	183037664	+	CIBAR1P2	CIBAR1P2
chr16	85112472	-	CIBAR2	CIBAR2
chr19	42268529	+	CIC	CIC
chr18	12254360	+	CIDEA	CIDEA
chr14	24311435	-	CIDEB	CIDEB
chr3	9878812	-	CIDEC	CIDEC
chr3	10026136	-	CIDECP1	CIDECP1
chr16	10877197	+	CIITA	CIITA
chr6	53061824	-	CILK1	CILK1
chr15	65211473	-	CILP	CILP
chr19	19538264	+	CILP2	CILP2
chr14	102362890	-	CINP	CINP
chr3	108589438	-	CIP2A	CIP2A
chr14	77098257	+	CIPC	CIPC
chr2	174395712	-	CIR1	CIR1
chr19	1269267	+	CIRBP	CIRBP
chr19	1270260	-	CIRBP-AS1	CIRBP-AS1
chr10	58269161	+	CISD1	CISD1
chr4	102868991	+	CISD2	CISD2
chr17	38730340	+	CISD3	CISD3
chr3	50611774	-	CISH	CISH
chr12	53751835	-	CISTR	CISTR
chr12	119877320	-	CIT	CIT
chrX	72305914	-	CITED1	CITED1
chr6	139374213	-	CITED2	CITED2
chr1	40862363	-	CITED4	CITED4
chr9	128191572	-	CIZ1	CIZ1
chr13	52455359	+	CKAP2	CKAP2
chr2	112764609	-	CKAP2L	CKAP2L
chr12	106248020	-	CKAP4	CKAP4
chr11	46846280	-	CKAP5	CKAP5
chr14	103522830	-	CKB	CKB
chr16	66552562	+	CKLF	CKLF
chr16	66552575	+	CKLF-CMTM1	CKLF-CMTM1
chr19	45322875	-	CKM	CKM
chr15	43692785	+	CKMT1A	CKMT1A
chr15	43592856	+	CKMT1B	CKMT1B
chr5	81233319	+	CKMT2	CKMT2
chr5	81301569	-	CKMT2-AS1	CKMT2-AS1
chr1	154974641	+	CKS1B	CKS1B
chr9	89311194	+	CKS2	CKS2
chr2	121649462	-	CLASP1	CLASP1
chr3	33645474	-	CLASP2	CLASP2
chr19	45039044	+	CLASRP	CLASRP
chr14	104985787	+	CLBA1	CLBA1
chr19	39738029	-	CLC	CLC
chr1	86468926	+	CLCA1	CLCA1
chr1	86424170	+	CLCA2	CLCA2
chr1	86634275	+	CLCA3P	CLCA3P
chr1	86547077	+	CLCA4	CLCA4
chr1	86704493	-	CLCA4-AS1	CLCA4-AS1
chr1	108950448	-	CLCC1	CLCC1
chr11	67373598	-	CLCF1	CLCF1
chr7	143316110	+	CLCN1	CLCN1
chr3	184361605	-	CLCN2	CLCN2
chr4	169620577	+	CLCN3	CLCN3
chrX	10156944	+	CLCN4	CLCN4
chrX	49922595	+	CLCN5	CLCN5
chr1	11806095	+	CLCN6	CLCN6
chr16	1475028	-	CLCN7	CLCN7
chr1	16022035	+	CLCNKA	CLCNKA
chr1	16043781	+	CLCNKB	CLCNKB
chr3	190322446	-	CLDN1	CLDN1
chr13	95433598	+	CLDN10	CLDN10
chr13	95533910	-	CLDN10-AS1	CLDN10-AS1
chr3	170418867	+	CLDN11	CLDN11
chr7	90403460	+	CLDN12	CLDN12
chr21	36466467	-	CLDN14	CLDN14
chr7	101237802	-	CLDN15	CLDN15
chr3	190290360	+	CLDN16	CLDN16
chr21	30166805	-	CLDN17	CLDN17
chr3	137998815	+	CLDN18	CLDN18
chr1	42740236	-	CLDN19	CLDN19
chrX	106900163	+	CLDN2	CLDN2
chr6	155264012	+	CLDN20	CLDN20
chr4	183320276	-	CLDN22	CLDN22
chr8	8701936	+	CLDN23	CLDN23
chr4	183322426	-	CLDN24	CLDN24
chr11	113779795	+	CLDN25	CLDN25
chr7	73770270	-	CLDN3	CLDN3
chrX	9967357	+	CLDN34	CLDN34
chr7	73830995	+	CLDN4	CLDN4
chr22	19524410	-	CLDN5	CLDN5
chr16	3018183	-	CLDN6	CLDN6
chr17	7262478	-	CLDN7	CLDN7
chr21	30216097	-	CLDN8	CLDN8
chr16	3012922	+	CLDN9	CLDN9
chr3	98522902	-	CLDND1	CLDND1
chr19	51369003	-	CLDND2	CLDND2
chr17	7080251	-	CLEC10A	CLEC10A
chr19	50723363	+	CLEC11A	CLEC11A
chr12	9951267	+	CLEC12A	CLEC12A
chr12	9953337	-	CLEC12A-AS1	CLEC12A-AS1
chr12	10010626	+	CLEC12B	CLEC12B
chr14	38256093	-	CLEC14A	CLEC14A
chr16	10944487	+	CLEC16A	CLEC16A
chr19	14583083	+	CLEC17A	CLEC17A
chr16	69950704	+	CLEC18A	CLEC18A
chr16	74421478	-	CLEC18B	CLEC18B
chr16	70173786	+	CLEC18C	CLEC18C
chr16	19285730	+	CLEC19A	CLEC19A
chr12	10098985	-	CLEC1A	CLEC1A
chr12	9999300	-	CLEC1B	CLEC1B
chr12	9932370	-	CLEC2A	CLEC2A
chr12	9869859	-	CLEC2B	CLEC2B
chr12	9669712	+	CLEC2D	CLEC2D
chr7	139523684	+	CLEC2L	CLEC2L
chr16	78022547	+	CLEC3A	CLEC3A
chr3	45026302	+	CLEC3B	CLEC3B
chr12	8123631	+	CLEC4A	CLEC4A
chr12	7747375	-	CLEC4C	CLEC4C
chr12	8513502	+	CLEC4D	CLEC4D
chr12	8540905	-	CLEC4E	CLEC4E
chr2	70820599	-	CLEC4F	CLEC4F
chr19	7732171	-	CLEC4G	CLEC4G
chr19	7787483	+	CLEC4GP1	CLEC4GP1
chr19	7763242	+	CLEC4M	CLEC4M
chr19	15864924	-	CLEC4O	CLEC4O
chr7	141946974	-	CLEC5A	CLEC5A
chr12	8455961	+	CLEC6A	CLEC6A
chr12	10130199	-	CLEC7A	CLEC7A
chr12	10030681	+	CLEC9A	CLEC9A
chr12	9733299	-	CLECL1	CLECL1
chr4	140427648	-	CLGN	CLGN
chr2	55232293	-	CLHC1	CLHC1
chr6	31736545	-	CLIC1	CLIC1
chrX	155334614	-	CLIC2	CLIC2
chr9	136996568	-	CLIC3	CLIC3
chr1	24745446	+	CLIC4	CLIC4
chr6	45937597	-	CLIC5	CLIC5
chr21	34668993	+	CLIC6	CLIC6
chr5	157859145	-	CLINT1	CLINT1
chr12	122422569	-	CLIP1	CLIP1
chr12	122395541	+	CLIP1-AS1	CLIP1-AS1
chr7	74289406	+	CLIP2	CLIP2
chr19	36032635	-	CLIP3	CLIP3
chr2	29097675	+	CLIP4	CLIP4
chr2	200864561	-	CLK1	CLK1
chr1	155273504	-	CLK2	CLK2
chr7	23586527	-	CLK2P1	CLK2P1
chr15	74608371	+	CLK3	CLK3
chr5	178627050	-	CLK4	CLK4
chr12	92421530	+	CLLU1	CLLU1
chr12	92428148	-	CLLU1-AS1	CLLU1-AS1
chr5	151676944	+	CLMAT3	CLMAT3
chr14	95319908	-	CLMN	CLMN
chr11	123195248	-	CLMP	CLMP
chr16	28492074	-	CLN3	CLN3
chr13	76992080	+	CLN5	CLN5
chr15	68229728	-	CLN6	CLN6
chr8	1763788	+	CLN8	CLN8
chr4	10684768	-	CLNK	CLNK
chr11	77637794	-	CLNS1A	CLNS1A
chr4	55545932	-	CLOCK	CLOCK
chr11	57657743	+	CLP1	CLP1
chr11	72434531	-	CLPB	CLPB
chr19	6361530	+	CLPP	CLPP
chr6	35797323	-	CLPS	CLPS
chr6	35781018	+	CLPSL1	CLPSL1
chr6	35776597	+	CLPSL2	CLPSL2
chr19	44954584	+	CLPTM1	CLPTM1
chr5	1345099	-	CLPTM1L	CLPTM1L
chr15	65185342	-	CLPX	CLPX
chr3	150944236	-	CLRN1	CLRN1
chr3	150972677	+	CLRN1-AS1	CLRN1-AS1
chr4	17515164	+	CLRN2	CLRN2
chr10	127892941	-	CLRN3	CLRN3
chr1	35769978	-	CLSPN	CLSPN
chr1	9823965	-	CLSTN1	CLSTN1
chr3	139935184	+	CLSTN2	CLSTN2
chr3	140508789	-	CLSTN2-AS1	CLSTN2-AS1
chr12	7130370	+	CLSTN3	CLSTN3
chr9	36190855	+	CLTA	CLTA
chr5	176410823	-	CLTB	CLTB
chr17	59619688	+	CLTC	CLTC
chr22	19291719	-	CLTCL1	CLTCL1
chrX	15664805	-	CLTRN	CLTRN
chr8	27611437	-	CLU	CLU
chr16	3501003	+	CLUAP1	CLUAP1
chr17	2711764	-	CLUH	CLUH
chr16	31700612	+	CLUHP3	CLUHP3
chr18	596987	+	CLUL1	CLUL1
chr8	61287969	+	CLVS1	CLVS1
chr6	122996234	+	CLVS2	CLVS2
chr13	99606663	+	CLYBL	CLYBL
chr13	99729001	-	CLYBL-AS1	CLYBL-AS1
chr13	99690971	-	CLYBL-AS2	CLYBL-AS2
chr14	24508265	-	CMA1	CMA1
chr6	25137823	-	CMAHP	CMAHP
chr12	22046173	+	CMAS	CMAS
chr5	10307902	-	CMBL	CMBL
chr3	28241618	+	CMC1	CMC1
chr16	80997676	-	CMC2	CMC2
chrX	155071136	-	CMC4	CMC4
chr16	81445169	+	CMIP	CMIP
chr12	108320662	-	CMKLR1	CMKLR1
chr1	47333789	+	CMPK1	CMPK1
chr2	6865819	-	CMPK2	CMPK2
chr3	99817861	+	CMSS1	CMSS1
chr16	66566438	+	CMTM1	CMTM1
chr16	66579462	+	CMTM2	CMTM2
chr16	66603995	+	CMTM3	CMTM3
chr16	66696743	-	CMTM4	CMTM4
chr14	23377045	+	CMTM5	CMTM5
chr3	32502852	-	CMTM6	CMTM6
chr3	32391852	+	CMTM7	CMTM7
chr3	32238678	+	CMTM8	CMTM8
chr6	37433220	+	CMTR1	CMTR1
chr16	71289402	-	CMTR2	CMTR2
chr5	79689835	+	CMYA5	CMYA5
chr8	86866414	+	CNBD1	CNBD1
chr20	35968589	+	CNBD2	CNBD2
chr3	129183896	-	CNBP	CNBP
chr18	74534499	+	CNDP1	CNDP1
chr18	74496362	+	CNDP2	CNDP2
chr16	50025205	+	CNEP1R1	CNEP1R1
chr19	42390297	-	CNFN	CNFN
chr4	47981535	-	CNGA1	CNGA1
chrX	151734745	+	CNGA2	CNGA2
chr2	98346455	+	CNGA3	CNGA3
chr11	6239088	+	CNGA4	CNGA4
chr16	57971128	-	CNGB1	CNGB1
chr8	86743634	-	CNGB3	CNGB3
chr14	54441374	-	CNIH1	CNIH1
chr11	66278174	+	CNIH2	CNIH2
chr1	224434639	+	CNIH3	CNIH3
chr1	224356878	+	CNIH4	CNIH4
chr1	26177490	+	CNKSR1	CNKSR1
chrX	21374417	+	CNKSR2	CNKSR2
chr6	154434073	-	CNKSR3	CNKSR3
chr13	52739820	-	CNMD	CNMD
chr19	11538850	+	CNN1	CNN1
chr19	1026607	+	CNN2	CNN2
chr1	94925808	-	CNN3	CNN3
chr1	94926359	+	CNN3-DT	CNN3-DT
chr10	99329098	+	CNNM1	CNNM1
chr10	102918293	+	CNNM2	CNNM2
chr2	96816267	+	CNNM3	CNNM3
chr2	96813657	-	CNNM3-DT	CNNM3-DT
chr2	96760901	+	CNNM4	CNNM4
chr16	58629826	-	CNOT1	CNOT1
chr3	32685187	+	CNOT10	CNOT10
chr2	101252885	+	CNOT11	CNOT11
chr12	70243029	+	CNOT2	CNOT2
chr19	54137761	+	CNOT3	CNOT3
chr7	135510102	-	CNOT4	CNOT4
chr5	180494378	+	CNOT6	CNOT6
chr4	77819064	-	CNOT6L	CNOT6L
chr8	17246458	-	CNOT7	CNOT7
chr5	154858248	+	CNOT8	CNOT8
chr2	218568579	+	CNOT9	CNOT9
chr17	41966794	+	CNP	CNP
chr2	219176925	-	CNPPD1	CNPPD1
chr7	155509874	-	CNPY1	CNPY1
chr12	56315988	-	CNPY2	CNPY2
chr6	42928001	+	CNPY3	CNPY3
chr6	42929479	+	CNPY3-GNMT	CNPY3-GNMT
chr7	100119633	+	CNPY4	CNPY4
chr6	88145337	-	CNR1	CNR1
chr1	23913362	-	CNR2	CNR2
chr2	68319949	-	CNRIP1	CNRIP1
chr1	246566336	+	CNST	CNST
chr17	42798860	+	CNTD1	CNTD1
chr11	58622664	+	CNTF	CNTF
chr9	34589724	-	CNTFR	CNTFR
chr9	34568011	+	CNTFR-AS1	CNTFR-AS1
chr9	17135039	+	CNTLN	CNTLN
chr12	40692438	+	CNTN1	CNTN1
chr1	205042948	+	CNTN2	CNTN2
chr3	74521140	-	CNTN3	CNTN3
chr3	2098802	+	CNTN4	CNTN4
chr3	3061145	-	CNTN4-AS1	CNTN4-AS1
chr3	2144241	-	CNTN4-AS2	CNTN4-AS2
chr11	99020948	+	CNTN5	CNTN5
chr3	1093023	+	CNTN6	CNTN6
chr17	42682530	+	CNTNAP1	CNTNAP1
chr7	146774270	+	CNTNAP2	CNTNAP2
chr7	147097609	-	CNTNAP2-AS1	CNTNAP2-AS1
chr9	39288167	-	CNTNAP3	CNTNAP3
chr9	42129426	-	CNTNAP3B	CNTNAP3B
chr9	67059459	+	CNTNAP3P2	CNTNAP3P2
chr16	76277400	+	CNTNAP4	CNTNAP4
chr2	124025286	+	CNTNAP5	CNTNAP5
chr9	121074954	+	CNTRL	CNTRL
chr17	7932080	+	CNTROB	CNTROB
chr7	43729523	-	COA1	COA1
chr17	42798704	-	COA3	COA3
chr11	73876846	-	COA4	COA4
chr2	98608512	-	COA5	COA5
chr1	234373455	+	COA6	COA6
chr1	234373403	-	COA6-AS1	COA6-AS1
chr1	52698347	-	COA7	COA7
chr14	103562959	+	COA8	COA8
chr17	42562147	+	COASY	COASY
chr7	51316809	-	COBL	COBL
chr2	164841432	-	COBLL1	COBLL1
chr14	30874534	+	COCH	COCH
chr17	73193054	+	COG1	COG1
chr1	230642480	+	COG2	COG2
chr13	45464938	+	COG3	COG3
chr16	70523554	-	COG4	COG4
chr7	107563920	-	COG5	COG5
chr13	39655626	+	COG6	COG6
chr16	23453189	-	COG7	COG7
chr16	69339564	-	COG8	COG8
chr17	56961050	-	COIL	COIL
chr6	116126132	-	COL10A1	COL10A1
chr1	103108496	-	COL11A1	COL11A1
chr6	33192467	-	COL11A2	COL11A2
chr6	75206053	-	COL12A1	COL12A1
chr10	69801905	+	COL13A1	COL13A1
chr8	120125101	+	COL14A1	COL14A1
chr9	98943906	+	COL15A1	COL15A1
chr1	31704017	-	COL16A1	COL16A1
chr10	104085880	-	COL17A1	COL17A1
chr21	45405164	+	COL18A1	COL18A1
chr21	45425040	-	COL18A1-AS1	COL18A1-AS1
chr21	45410065	-	COL18A1-AS2	COL18A1-AS2
chr6	69866555	+	COL19A1	COL19A1
chr17	50201631	-	COL1A1	COL1A1
chr7	94394894	+	COL1A2	COL1A2
chr7	94392192	-	COL1A2-AS1	COL1A2-AS1
chr20	63293185	+	COL20A1	COL20A1
chr6	56091662	-	COL21A1	COL21A1
chr8	138914041	-	COL22A1	COL22A1
chr5	178590393	-	COL23A1	COL23A1
chr1	86156471	-	COL24A1	COL24A1
chr4	109302658	-	COL25A1	COL25A1
chr4	109303034	+	COL25A1-DT	COL25A1-DT
chr7	101362819	+	COL26A1	COL26A1
chr9	114155536	+	COL27A1	COL27A1
chr7	7535873	-	COL28A1	COL28A1
chr12	48004476	-	COL2A1	COL2A1
chr2	188974372	+	COL3A1	COL3A1
chr13	110307157	-	COL4A1	COL4A1
chr13	110307283	+	COL4A2	COL4A2
chr13	110508179	-	COL4A2-AS1	COL4A2-AS1
chr13	110463287	-	COL4A2-AS2	COL4A2-AS2
chr2	227164623	+	COL4A3	COL4A3
chr2	227164205	-	COL4A4	COL4A4
chrX	108439837	+	COL4A5	COL4A5
chrX	108438422	-	COL4A6	COL4A6
chr9	134641802	+	COL5A1	COL5A1
chr9	134652843	-	COL5A1-AS1	COL5A1-AS1
chr2	189179761	-	COL5A2	COL5A2
chr19	10010504	-	COL5A3	COL5A3
chr21	45981769	+	COL6A1	COL6A1
chr21	46098111	+	COL6A2	COL6A2
chr2	237414164	-	COL6A3	COL6A3
chr3	15205959	-	COL6A4P1	COL6A4P1
chr3	130212819	+	COL6A4P2	COL6A4P2
chr3	130345515	+	COL6A5	COL6A5
chr3	130560333	+	COL6A6	COL6A6
chr3	48595329	-	COL7A1	COL7A1
chr3	99638593	+	COL8A1	COL8A1
chr1	36125222	-	COL8A2	COL8A2
chr6	70283197	-	COL9A1	COL9A1
chr1	40317286	-	COL9A2	COL9A2
chr20	62817049	+	COL9A3	COL9A3
chr11	111299209	-	COLCA1	COLCA1
chr11	111298545	+	COLCA2	COLCA2
chr8	118952262	+	COLEC10	COLEC10
chr2	3594831	+	COLEC11	COLEC11
chr18	500701	-	COLEC12	COLEC12
chr19	17555648	+	COLGALT1	COLGALT1
chr1	184037728	-	COLGALT2	COLGALT2
chr3	15498872	-	COLQ	COLQ
chr7	116614657	-	COMETT	COMETT
chr2	61888390	+	COMMD1	COMMD1
chr5	116085024	+	COMMD10	COMMD10
chr3	149752489	-	COMMD2	COMMD2
chr10	22316387	+	COMMD3	COMMD3
chr10	22316382	+	COMMD3-BMI1	COMMD3-BMI1
chr15	75336062	+	COMMD4	COMMD4
chr15	77944561	-	COMMD4P1	COMMD4P1
chr15	74100206	-	COMMD4P2	COMMD4P2
chr8	144853048	-	COMMD5	COMMD5
chr13	75537872	-	COMMD6	COMMD6
chr20	32743467	-	COMMD7	COMMD7
chr4	47463702	-	COMMD8	COMMD8
chr11	36289424	-	COMMD9	COMMD9
chr19	18791305	-	COMP	COMP
chr22	19941771	+	COMT	COMT
chr10	75235957	-	COMTD1	COMTD1
chr1	176207244	-	COP1	COP1
chr1	160343250	-	COPA	COPA
chr11	14499811	-	COPB1	COPB1
chr3	139389647	-	COPB2	COPB2
chr19	18919387	-	COPE	COPE
chr3	129249605	+	COPG1	COPG1
chr7	130668748	-	COPG2	COPG2
chr7	130543452	+	COPG2IT1	COPG2IT1
chr17	31858962	-	COPRS	COPRS
chr15	49155599	-	COPS2	COPS2
chr17	17280698	-	COPS3	COPS3
chr4	83035182	+	COPS4	COPS4
chr8	67062133	-	COPS5	COPS5
chr7	100088968	+	COPS6	COPS6
chr12	6724045	+	COPS7A	COPS7A
chr2	231781670	+	COPS7B	COPS7B
chr2	237085440	+	COPS8	COPS8
chr2	240136305	-	COPS9	COPS9
chr12	54325130	+	COPZ1	COPZ1
chr17	48037797	-	COPZ2	COPZ2
chr12	56266941	+	COQ10A	COQ10A
chr2	197453422	+	COQ10B	COQ10B
chr4	83284798	-	COQ2	COQ2
chr6	99394195	-	COQ3	COQ3
chr9	128322838	+	COQ4	COQ4
chr12	120529158	-	COQ5	COQ5
chr14	73949933	+	COQ6	COQ6
chr16	19067613	+	COQ7	COQ7
chr1	226940293	+	COQ8A	COQ8A
chr19	40715119	-	COQ8B	COQ8B
chr16	57447478	+	COQ9	COQ9
chr4	47838067	-	CORIN	CORIN
chr16	30183409	+	CORO1A	CORO1A
chr11	67443476	-	CORO1B	CORO1B
chr12	108702998	-	CORO1C	CORO1C
chr9	98172892	-	CORO2A	CORO2A
chr15	68518372	+	CORO2B	CORO2B
chr17	29618117	-	CORO6	CORO6
chr16	4415897	-	CORO7	CORO7
chr16	4416596	-	CORO7-PAM16	CORO7-PAM16
chr1	10450030	+	CORT	CORT
chr18	36187435	-	COSMOC	COSMOC
chr16	84618078	-	COTL1	COTL1
chr17	14069503	+	COX10	COX10
chr17	14069458	-	COX10-AS1	COX10-AS1
chr17	54968654	-	COX11	COX11
chr12	50112235	+	COX14	COX14
chr10	99732127	-	COX15	COX15
chr14	70359683	-	COX16	COX16
chr3	119677003	-	COX17	COX17
chr4	73069716	-	COX18	COX18
chr7	975549	-	COX19	COX19
chr1	244835305	+	COX20	COX20
chr16	85799694	+	COX4I1	COX4I1
chr20	31637911	+	COX4I2	COX4I2
chr15	74938073	-	COX5A	COX5A
chr2	97646061	+	COX5B	COX5B
chr12	120438112	+	COX6A1	COX6A1
chr16	31428360	-	COX6A2	COX6A2
chr19	35648322	+	COX6B1	COX6B1
chr19	55354719	-	COX6B2	COX6B2
chr8	99893707	-	COX6C	COX6C
chr19	36152447	-	COX7A1	COX7A1
chr6	75243801	-	COX7A2	COX7A2
chr2	42360038	-	COX7A2L	COX7A2L
chrX	77899467	+	COX7B	COX7B
chr4	46909245	-	COX7B2	COX7B2
chr5	86617940	+	COX7C	COX7C
chr11	63974619	+	COX8A	COX8A
chr14	93347181	+	COX8C	COX8C
chr3	149221829	-	CP	CP
chr7	130380493	+	CPA1	CPA1
chr7	130266862	+	CPA2	CPA2
chr3	148865295	+	CPA3	CPA3
chr7	130293133	+	CPA4	CPA4
chr7	130344815	+	CPA5	CPA5
chr8	67746360	-	CPA6	CPA6
chr19	16896947	-	CPAMD8	CPAMD8
chr3	148827810	+	CPB1	CPB1
chr13	46105033	-	CPB2	CPB2
chr13	46052847	+	CPB2-AS1	CPB2-AS1
chr17	30378926	+	CPD	CPD
chr4	165379007	+	CPE	CPE
chr15	82571766	-	CPEB1	CPEB1
chr15	82647769	+	CPEB1-AS1	CPEB1-AS1
chr4	15002480	+	CPEB2	CPEB2
chr4	15002045	-	CPEB2-DT	CPEB2-DT
chr10	92243279	-	CPEB3	CPEB3
chr5	173888348	+	CPEB4	CPEB4
chr7	120988710	+	CPED1	CPED1
chr16	75726490	-	CPHXL	CPHXL
chr5	37249376	-	CPLANE1	CPLANE1
chr1	16237183	-	CPLANE2	CPLANE2
chr4	826129	-	CPLX1	CPLX1
chr5	175796532	+	CPLX2	CPLX2
chr15	74826626	+	CPLX3	CPLX3
chr18	59318649	-	CPLX4	CPLX4
chr12	68933171	-	CPM	CPM
chr10	100081869	-	CPN1	CPN1
chr3	194351328	-	CPN2	CPN2
chr20	35653909	-	CPNE1	CPNE1
chr16	57092582	+	CPNE2	CPNE2
chr8	86514434	+	CPNE3	CPNE3
chr3	132035442	-	CPNE4	CPNE4
chr6	36757400	-	CPNE5	CPNE5
chr14	24070948	+	CPNE6	CPNE6
chr16	89575757	+	CPNE7	CPNE7
chr12	38905591	-	CPNE8	CPNE8
chr3	9703832	+	CPNE9	CPNE9
chr2	206939517	+	CPO	CPO
chr3	98593611	-	CPOX	CPOX
chr16	12803887	-	CPPED1	CPPED1
chr8	96645241	+	CPQ	CPQ
chr2	210477684	+	CPS1	CPS1
chr2	210617570	+	CPS1-IT1	CPS1-IT1
chr8	144409335	-	CPSF1	CPSF1
chr14	92121968	+	CPSF2	CPSF2
chr2	9423536	+	CPSF3	CPSF3
chr7	99438939	+	CPSF4	CPSF4
chr17	73261880	-	CPSF4L	CPSF4L
chr12	69239568	+	CPSF6	CPSF6
chr11	61429975	-	CPSF7	CPSF7
chr11	68841916	-	CPT1A	CPT1A
chr22	50578017	-	CPT1B	CPT1B
chr19	49690847	+	CPT1C	CPT1C
chr1	53196823	+	CPT2	CPT2
chr1	1324801	+	CPTP	CPTP
chr7	29146537	-	CPVL	CPVL
chrX	88747224	+	CPXCR1	CPXCR1
chr20	2800627	-	CPXM1	CPXM1
chr10	123891807	-	CPXM2	CPXM2
chr4	8592659	+	CPZ	CPZ
chr1	207496156	+	CR1	CR1
chr1	207645132	+	CR1L	CR1L
chr1	207454327	+	CR2	CR2
chr15	78340352	+	CRABP1	CRABP1
chr1	156705583	-	CRABP2	CRABP2
chr4	56170194	+	CRACD	CRACD
chr2	98936225	-	CRACDL	CRACDL
chr12	3753109	-	CRACR2A	CRACR2A
chr11	827918	+	CRACR2B	CRACR2B
chr12	93677370	+	CRADD	CRADD
chr16	1612359	+	CRAMP1	CRAMP1
chr9	129110793	-	CRAT	CRAT
chr15	91463338	+	CRAT37	CRAT37
chr1	197201503	+	CRB1	CRB1
chr9	123356196	+	CRB2	CRB2
chr19	6463776	+	CRB3	CRB3
chr3	3179691	-	CRBN	CRBN
chr7	66114817	+	CRCP	CRCP
chr1	152514481	+	CRCT1	CRCT1
chr2	207529961	+	CREB1	CREB1
chr9	35732665	+	CREB3	CREB3
chr11	46277661	+	CREB3L1	CREB3L1
chr7	137932988	-	CREB3L2	CREB3L2
chr7	137953347	+	CREB3L2-AS1	CREB3L2-AS1
chr19	4153630	+	CREB3L3	CREB3L3
chr1	153967901	+	CREB3L4	CREB3L4
chr7	28299320	+	CREB5	CREB5
chr16	3880120	-	CREBBP	CREBBP
chr12	12611875	+	CREBL2	CREBL2
chr5	173056351	+	CREBRF	CREBRF
chr11	85663601	-	CREBZF	CREBZF
chr1	167553762	-	CREG1	CREG1
chr2	101387503	-	CREG2	CREG2
chr3	9933833	+	CRELD1	CRELD1
chr22	49918633	+	CRELD2	CRELD2
chr10	35126840	+	CREM	CREM
chr8	66178464	-	CRH	CRH
chr5	76953044	+	CRHBP	CRHBP
chr17	45784279	+	CRHR1	CRHR1
chr7	30682456	-	CRHR2	CRHR2
chr2	36355777	+	CRIM1	CRIM1
chr2	36355570	-	CRIM1-DT	CRIM1-DT
chr14	105486885	+	CRIP1	CRIP1
chr14	105472944	+	CRIP2	CRIP2
chr6	43308826	-	CRIP3	CRIP3
chr2	46617214	+	CRIPT	CRIPT
chr6	49866535	-	CRISP1	CRISP1
chr6	49713543	-	CRISP2	CRISP2
chr6	49744388	-	CRISP3	CRISP3
chr8	74984504	+	CRISPLD1	CRISPLD1
chr16	84819984	+	CRISPLD2	CRISPLD2
chr17	1456232	-	CRK	CRK
chr22	20917406	+	CRKL	CRKL
chr19	18606799	-	CRLF1	CRLF1
chrY	1212649	-	CRLF2	CRLF2
chr17	30824692	-	CRLF3	CRLF3
chr20	6005937	+	CRLS1	CRLS1
chr4	5887813	-	CRMP1	CRMP1
chr16	54928778	-	CRNDE	CRNDE
chr20	20052466	-	CRNKL1	CRNKL1
chr1	152414263	-	CRNN	CRNN
chr1	16921930	+	CROCC	CROCC
chr2	240906335	+	CROCC2	CROCC2
chr1	16630906	-	CROCCP2	CROCCP2
chr1	16492701	-	CROCCP3	CROCCP3
chr7	87345663	+	CROT	CROT
chr1	159714589	-	CRP	CRP
chr7	16421538	-	CRPPA	CRPPA
chr7	16210485	+	CRPPA-AS1	CRPPA-AS1
chr5	80351966	-	CRSP8P	CRSP8P
chr10	98030621	-	CRTAC1	CRTAC1
chr11	122838499	+	CRTAM	CRTAM
chr3	33114013	+	CRTAP	CRTAP
chr19	18683679	+	CRTC1	CRTC1
chr1	153958612	-	CRTC2	CRTC2
chr15	90529922	+	CRTC3	CRTC3
chr15	90717140	-	CRTC3-AS1	CRTC3-AS1
chr19	47821936	+	CRX	CRX
chr12	107093549	-	CRY1	CRY1
chr11	45847117	+	CRY2	CRY2
chr21	6560690	+	CRYAA	CRYAA
chr21	6560715	+	CRYAA2	CRYAA2
chr11	111910739	-	CRYAB	CRYAB
chr17	29246858	+	CRYBA1	CRYBA1
chr2	218993422	-	CRYBA2	CRYBA2
chr22	26621962	+	CRYBA4	CRYBA4
chr22	26618027	-	CRYBB1	CRYBB1
chr22	25219638	+	CRYBB2	CRYBB2
chr22	25448086	+	CRYBB2P1	CRYBB2P1
chr22	25199857	+	CRYBB3	CRYBB3
chr6	106360716	+	CRYBG1	CRYBG1
chr1	26354130	-	CRYBG2	CRYBG2
chr3	97822010	+	CRYBG3	CRYBG3
chr2	208163589	-	CRYGA	CRYGA
chr2	208146158	-	CRYGB	CRYGB
chr2	208129828	-	CRYGC	CRYGC
chr2	208124524	-	CRYGD	CRYGD
chr7	151440141	-	CRYGN	CRYGN
chr3	186544380	-	CRYGS	CRYGS
chr13	20525857	-	CRYL1	CRYL1
chr16	21278290	-	CRYM	CRYM
chr16	21300848	+	CRYM-AS1	CRYM-AS1
chr1	74733050	-	CRYZ	CRYZ
chr21	33641741	-	CRYZL1	CRYZL1
chr1	178038007	-	CRYZL2P	CRYZL2P
chr1	178037976	-	CRYZL2P-SEC16B	CRYZL2P-SEC16B
chr12	56300330	-	CS	CS
chr12	53164493	-	CSAD	CSAD
chrX	152733721	-	CSAG1	CSAG1
chrX	152709265	-	CSAG3	CSAG3
chrX	152733826	+	CSAG4	CSAG4
chr22	41561009	+	CSDC2	CSDC2
chr1	114757984	-	CSDE1	CSDE1
chr20	49046245	+	CSE1L	CSE1L
chr20	49046056	-	CSE1L-AS1	CSE1L-AS1
chr1	109910848	+	CSF1	CSF1
chr5	150086554	-	CSF1R	CSF1R
chr5	132073788	+	CSF2	CSF2
chrX	1268813	+	CSF2RA	CSF2RA
chr22	36913627	+	CSF2RB	CSF2RB
chr17	40015439	+	CSF3	CSF3
chr1	36482913	-	CSF3R	CSF3R
chr8	19602545	-	CSGALNACT1	CSGALNACT1
chr10	43138444	+	CSGALNACT2	CSGALNACT2
chr17	63896574	-	CSH1	CSH1
chr17	63873677	-	CSH2	CSH2
chr17	63911258	-	CSHL1	CSHL1
chr15	74782079	+	CSK	CSK
chr11	62665311	+	CSKMT	CSKMT
chr8	4994914	-	CSMD1	CSMD1
chr1	34165230	-	CSMD2	CSMD2
chr1	33868955	+	CSMD2-AS1	CSMD2-AS1
chr8	113377152	-	CSMD3	CSMD3
chr4	69931067	+	CSN1S1	CSN1S1
chr4	70067385	+	CSN1S2AP	CSN1S2AP
chr4	70133603	+	CSN1S2BP	CSN1S2BP
chr4	69961011	-	CSN2	CSN2
chr4	70242615	+	CSN3	CSN3
chr5	149550365	-	CSNK1A1	CSNK1A1
chr13	37105664	-	CSNK1A1L	CSNK1A1L
chr15	36818506	-	CSNK1A1P1	CSNK1A1P1
chr17	82273700	-	CSNK1D	CSNK1D
chr22	38317433	-	CSNK1E	CSNK1E
chr15	64356173	-	CSNK1G1	CSNK1G1
chr19	1941171	+	CSNK1G2	CSNK1G2
chr19	1954549	-	CSNK1G2-AS1	CSNK1G2-AS1
chr5	123512098	+	CSNK1G3	CSNK1G3
chr20	543790	-	CSNK2A1	CSNK2A1
chr16	58198106	-	CSNK2A2	CSNK2A2
chr11	11353250	-	CSNK2A3	CSNK2A3
chr6	31665879	+	CSNK2B	CSNK2B
chr3	88338455	+	CSNKA2IP	CSNKA2IP
chr15	75712848	-	CSPG4	CSPG4
chrY	24187231	-	CSPG4P1Y	CSPG4P1Y
chr3	47578865	-	CSPG5	CSPG5
chr8	67064367	+	CSPP1	CSPP1
chr3	39147430	-	CSRNP1	CSRNP1
chr12	51083596	-	CSRNP2	CSRNP2
chr2	165469697	+	CSRNP3	CSRNP3
chr1	201496573	-	CSRP1	CSRP1
chr12	76879019	-	CSRP2	CSRP2
chr11	19201983	-	CSRP3	CSRP3
chr20	23750935	-	CST1	CST1
chr20	23452876	-	CST11	CST11
chr20	23519145	+	CST13P	CST13P
chr20	23826729	-	CST2	CST2
chr20	23637955	-	CST3	CST3
chr20	23689038	-	CST4	CST4
chr20	23879748	-	CST5	CST5
chr11	66012007	+	CST6	CST6
chr20	24949268	+	CST7	CST7
chr20	23491116	+	CST8	CST8
chr20	23605917	-	CST9	CST9
chr20	23568484	-	CST9L	CST9L
chr3	122325247	+	CSTA	CSTA
chr21	43776308	-	CSTB	CSTB
chr20	56392370	+	CSTF1	CSTF1
chrX	100820362	+	CSTF2	CSTF2
chr10	51699595	-	CSTF2T	CSTF2T
chr11	33161480	-	CSTF3	CSTF3
chr11	33161656	+	CSTF3-DT	CSTF3-DT
chr20	23439684	+	CSTL1	CSTL1
chrX	135713452	+	CT45A1	CT45A1
chrX	135888896	-	CT45A10	CT45A10
chrX	135820012	-	CT45A2	CT45A2
chrX	135767993	-	CT45A3	CT45A3
chrX	135785475	-	CT45A5	CT45A5
chrX	135785513	-	CT45A6	CT45A6
chrX	135785274	-	CT45A7	CT45A7
chrX	135820012	-	CT45A8	CT45A8
chrX	135820012	-	CT45A9	CT45A9
chrX	120932297	-	CT47A1	CT47A1
chrX	120932297	-	CT47A10	CT47A10
chrX	120932297	-	CT47A11	CT47A11
chrX	120932297	-	CT47A12	CT47A12
chrX	120932297	-	CT47A2	CT47A2
chrX	120932297	-	CT47A3	CT47A3
chrX	120932297	-	CT47A4	CT47A4
chrX	120932297	-	CT47A5	CT47A5
chrX	120937158	-	CT47A6	CT47A6
chrX	120956600	-	CT47A7	CT47A7
chrX	120932297	-	CT47A8	CT47A8
chrX	120932297	-	CT47A9	CT47A9
chrX	120875925	-	CT47B1	CT47B1
chrX	135171398	-	CT55	CT55
chr15	71115504	-	CT62	CT62
chr7	69597624	-	CT66	CT66
chr6	134478897	-	CT69	CT69
chr2	222318470	+	CT75	CT75
chrX	116462976	-	CT83	CT83
chrX	154585132	+	CTAG1A	CTAG1A
chrX	154585153	+	CTAG1B	CTAG1B
chrX	154653579	-	CTAG2	CTAG2
chr18	22417915	-	CTAGE1	CTAGE1
chr13	49890408	+	CTAGE10P	CTAGE10P
chr13	75240381	-	CTAGE11P	CTAGE11P
chr7	143571800	+	CTAGE15	CTAGE15
chr7	144183454	+	CTAGE4	CTAGE4
chr7	143757696	-	CTAGE6	CTAGE6
chr10	130106008	+	CTAGE7P	CTAGE7P
chr7	144182969	+	CTAGE8	CTAGE8
chr6	131711017	-	CTAGE9	CTAGE9
chr5	168232372	-	CTB-178M22.2	CTB-178M22.2
chr4	1248728	-	CTBP1	CTBP1
chr4	1210119	+	CTBP1-AS	CTBP1-AS
chr4	1249439	+	CTBP1-DT	CTBP1-DT
chr10	125006018	-	CTBP2	CTBP2
chr1	84574440	-	CTBS	CTBS
chr5	181246540	+	CTC-338M12.4	CTC-338M12.4
chr17	8248056	-	CTC1	CTC1
chr16	67562525	+	CTCF	CTCF
chr20	57524867	-	CTCFL	CTCFL
chr5	1887330	+	CTD-2194D22.4	CTD-2194D22.4
chr5	5140054	-	CTD-2297D10.2	CTD-2297D10.2
chr5	15615002	-	CTD-2350J17.1	CTD-2350J17.1
chr5	1178605	-	CTD-3080P12.3	CTD-3080P12.3
chr17	7251734	-	CTDNEP1	CTDNEP1
chr18	79679802	+	CTDP1	CTDP1
chr2	218398232	+	CTDSP1	CTDSP1
chr12	57846729	-	CTDSP2	CTDSP2
chr3	37861879	+	CTDSPL	CTDSPL
chr15	44427628	+	CTDSPL2	CTDSPL2
chr16	30896613	+	CTF1	CTF1
chr1	70411217	+	CTH	CTH
chr8	103371537	+	CTHRC1	CTHRC1
chr18	48539030	+	CTIF	CTIF
chr2	203867770	+	CTLA4	CTLA4
chr5	138753385	+	CTNNA1	CTNNA1
chr2	79512933	+	CTNNA2	CTNNA2
chr2	79500844	-	CTNNA2-AS1	CTNNA2-AS1
chr10	67665660	-	CTNNA3	CTNNA3
chr9	109013499	-	CTNNAL1	CTNNAL1
chr3	41199504	+	CTNNB1	CTNNB1
chr1	9910269	-	CTNNBIP1	CTNNBIP1
chr20	37693954	+	CTNNBL1	CTNNBL1
chr11	57761801	+	CTNND1	CTNND1
chr5	11588917	-	CTNND2	CTNND2
chr17	3636467	+	CTNS	CTNS
chr1	40979695	+	CTPS1	CTPS1
chrX	16712217	-	CTPS2	CTPS2
chr11	10751245	+	CTR9	CTR9
chr16	75218987	+	CTRB1	CTRB1
chr16	75207161	-	CTRB2	CTRB2
chr1	15438442	+	CTRC	CTRC
chr16	67931862	-	CTRL	CTRL
chr20	45890143	+	CTSA	CTSA
chr8	11868087	-	CTSB	CTSB
chr11	88337736	-	CTSC	CTSC
chr11	1763927	-	CTSD	CTSD
chr1	206023895	-	CTSE	CTSE
chr11	66568606	-	CTSF	CTSF
chr14	24576250	-	CTSG	CTSG
chr15	78945046	-	CTSH	CTSH
chr1	150808260	-	CTSK	CTSK
chr9	87726118	+	CTSL	CTSL
chr9	87772914	+	CTSL3P	CTSL3P
chr10	47583419	-	CTSLP2	CTSLP2
chr9	87844744	+	CTSLP8	CTSLP8
chr4	155953866	-	CTSO	CTSO
chr1	150765778	-	CTSS	CTSS
chr9	97039142	-	CTSV	CTSV
chr11	65879836	+	CTSW	CTSW
chr20	59007254	-	CTSZ	CTSZ
chr11	70398505	+	CTTN	CTTN
chr7	117872220	-	CTTNBP2	CTTNBP2
chr1	112396213	+	CTTNBP2NL	CTTNBP2NL
chr19	51108409	-	CTU1	CTU1
chr16	88706502	+	CTU2	CTU2
chr19	7926135	-	CTXN1	CTXN1
chr15	48178437	+	CTXN2	CTXN2
chr5	127649020	+	CTXN3	CTXN3
chr15	80252213	-	CTXND1	CTXND1
chr1	150887252	+	CTXND2	CTXND2
chr10	17129811	-	CUBN	CUBN
chr17	57903389	-	CUEDC1	CUEDC1
chr10	102432574	-	CUEDC2	CUEDC2
chr7	148697755	+	CUL1	CUL1
chr10	35074283	-	CUL2	CUL2
chr2	224569955	-	CUL3	CUL3
chr13	113208192	+	CUL4A	CUL4A
chrX	120559898	-	CUL4B	CUL4B
chr11	108008897	+	CUL5	CUL5
chr6	43053851	-	CUL7	CUL7
chr6	43182195	+	CUL9	CUL9
chr6	33418107	-	CUTA	CUTA
chr9	120843074	+	CUTALP	CUTALP
chr10	99732233	+	CUTC	CUTC
chr7	101816006	+	CUX1	CUX1
chr12	111034164	+	CUX2	CUX2
chr10	122845857	-	CUZD1	CUZD1
chr11	94973556	-	CWC15	CWC15
chr2	179999906	-	CWC22	CWC22
chr17	38825321	-	CWC25	CWC25
chr5	64768917	+	CWC27	CWC27
chr10	100267638	-	CWF19L1	CWF19L1
chr11	107457846	-	CWF19L2	CWF19L2
chr4	48986274	+	CWH43	CWH43
chr16	57372489	+	CX3CL1	CX3CL1
chr3	39280036	-	CX3CR1	CX3CR1
chr21	17512905	+	CXADR	CXADR
chr15	21373968	-	CXADRP2	CXADRP2
chr18	14498706	-	CXADRP3	CXADRP3
chr4	73869392	+	CXCL1	CXCL1
chr4	76023497	-	CXCL10	CXCL10
chr4	76036070	-	CXCL11	CXCL11
chr10	44385097	-	CXCL12	CXCL12
chr4	77511752	+	CXCL13	CXCL13
chr5	135578991	-	CXCL14	CXCL14
chr17	4739928	-	CXCL16	CXCL16
chr19	42442946	-	CXCL17	CXCL17
chr4	74099195	-	CXCL2	CXCL2
chr4	74038689	-	CXCL3	CXCL3
chr4	73998677	-	CXCL5	CXCL5
chr4	73836677	+	CXCL6	CXCL6
chr4	73740568	+	CXCL8	CXCL8
chr4	76007509	-	CXCL9	CXCL9
chr2	218166962	-	CXCR1	CXCR1
chr2	218125293	+	CXCR2	CXCR2
chr2	218061290	-	CXCR2P1	CXCR2P1
chrX	71618511	-	CXCR3	CXCR3
chr2	136116235	-	CXCR4	CXCR4
chr11	118883891	+	CXCR5	CXCR5
chr3	45943463	+	CXCR6	CXCR6
chr18	50288322	-	CXXC1	CXXC1
chrX	47707190	+	CXXC1P1	CXXC1P1
chr4	104494894	-	CXXC4	CXXC4
chr4	104490964	+	CXXC4-AS1	CXXC4-AS1
chr5	139647298	+	CXXC5	CXXC5
chr5	139649728	-	CXXC5-AS1	CXXC5-AS1
chrX	40647561	-	CXorf38	CXorf38
chrX	71718285	-	CXorf49	CXorf49
chrX	71716358	-	CXorf49B	CXorf49B
chrX	146809783	+	CXorf51A	CXorf51A
chrX	146809770	+	CXorf51B	CXorf51B
chrX	119565409	-	CXorf56	CXorf56
chrX	23908005	+	CXorf58	CXorf58
chrX	71106740	-	CXorf65	CXorf65
chrX	139965521	-	CXorf66	CXorf66
chr17	63440267	-	CYB561	CYB561
chr11	61357314	-	CYB561A3	CYB561A3
chr1	109494035	+	CYB561D1	CYB561D1
chr3	50350861	+	CYB561D2	CYB561D2
chr18	74291963	-	CYB5A	CYB5A
chr16	69424618	+	CYB5B	CYB5B
chr17	7858002	+	CYB5D1	CYB5D1
chr17	4143167	+	CYB5D2	CYB5D2
chr1	202967257	-	CYB5R1	CYB5R1
chr11	7672891	-	CYB5R2	CYB5R2
chr22	42644634	-	CYB5R3	CYB5R3
chr6	83859688	+	CYB5R4	CYB5R4
chr1	54200030	-	CYB5RL	CYB5RL
chr16	88651053	-	CYBA	CYBA
chrX	37780058	+	CYBB	CYBB
chr17	82449726	-	CYBC1	CYBC1
chr2	171522232	+	CYBRD1	CYBRD1
chr8	144095075	+	CYC1	CYC1
chr7	25125260	-	CYCS	CYCS
chr1	157128361	+	CYCSP52	CYCSP52
chr15	22917313	-	CYFIP1	CYFIP1
chr5	157266122	+	CYFIP2	CYFIP2
chr17	76537709	-	CYGB	CYGB
chr8	144462871	-	CYHR1	CYHR1
chrX	83861125	+	CYLC1	CYLC1
chr9	102995332	+	CYLC2	CYLC2
chr16	50742085	+	CYLD	CYLD
chr1	110480765	+	CYMP	CYMP
chr1	110490258	-	CYMP-AS1	CYMP-AS1
chr15	74366194	-	CYP11A1	CYP11A1
chr8	142879820	-	CYP11B1	CYP11B1
chr8	142917843	-	CYP11B2	CYP11B2
chr10	102837413	-	CYP17A1	CYP17A1
chr15	51243029	-	CYP19A1	CYP19A1
chr15	74725528	-	CYP1A1	CYP1A1
chr15	74748844	+	CYP1A2	CYP1A2
chr2	38076151	-	CYP1B1	CYP1B1
chr2	38131104	+	CYP1B1-AS1	CYP1B1-AS1
chr2	203239017	+	CYP20A1	CYP20A1
chr6	32005635	+	CYP21A1P	CYP21A1P
chr6	32038414	+	CYP21A2	CYP21A2
chr20	54173986	-	CYP24A1	CYP24A1
chr10	93073474	+	CYP26A1	CYP26A1
chr2	72147862	-	CYP26B1	CYP26B1
chr10	93060797	+	CYP26C1	CYP26C1
chr2	218782146	+	CYP27A1	CYP27A1
chr12	57767078	-	CYP27B1	CYP27B1
chr2	127205767	-	CYP27C1	CYP27C1
chr19	41088450	+	CYP2A13	CYP2A13
chr19	40850447	-	CYP2A6	CYP2A6
chr19	40882752	-	CYP2A7	CYP2A7
chr19	40991281	+	CYP2B6	CYP2B6
chr19	40924264	+	CYP2B7P	CYP2B7P
chr10	94683728	+	CYP2C18	CYP2C18
chr10	94762680	+	CYP2C19	CYP2C19
chr10	95069497	-	CYP2C8	CYP2C8
chr10	94938657	+	CYP2C9	CYP2C9
chr22	42130810	-	CYP2D6	CYP2D6
chr22	42130808	-	CYP2D7	CYP2D7
chr10	133527362	+	CYP2E1	CYP2E1
chr19	41114431	+	CYP2F1	CYP2F1
chr19	40890825	+	CYP2G1P	CYP2G1P
chr1	59926773	-	CYP2J2	CYP2J2
chr11	14891671	-	CYP2R1	CYP2R1
chr19	41193218	+	CYP2S1	CYP2S1
chr19	40811100	-	CYP2T1P	CYP2T1P
chr4	107931548	+	CYP2U1	CYP2U1
chr4	107932119	-	CYP2U1-AS1	CYP2U1-AS1
chr7	983180	+	CYP2W1	CYP2W1
chr6	46652818	-	CYP39A1	CYP39A1
chr7	99784184	-	CYP3A4	CYP3A4
chr7	99828012	+	CYP3A43	CYP3A43
chr7	99679996	-	CYP3A5	CYP3A5
chr7	99735196	-	CYP3A7	CYP3A7
chr7	99735196	-	CYP3A7-CYP3A51P	CYP3A7-CYP3A51P
chr14	99684297	+	CYP46A1	CYP46A1
chr1	46941476	-	CYP4A11	CYP4A11
chr1	47137424	+	CYP4A22	CYP4A22
chr1	46799045	+	CYP4B1	CYP4B1
chr19	15934866	-	CYP4F11	CYP4F11
chr19	15673086	+	CYP4F12	CYP4F12
chr19	15898074	-	CYP4F2	CYP4F2
chr19	15508524	+	CYP4F22	CYP4F22
chr19	15779988	-	CYP4F24P	CYP4F24P
chr21	13848364	-	CYP4F29P	CYP4F29P
chr19	15640896	+	CYP4F3	CYP4F3
chr2	130680049	+	CYP4F30P	CYP4F30P
chr18	14337422	+	CYP4F35P	CYP4F35P
chr2	130441681	-	CYP4F62P	CYP4F62P
chr19	15615217	+	CYP4F8	CYP4F8
chr4	186191566	+	CYP4V2	CYP4V2
chr1	46961363	+	CYP4X1	CYP4X1
chr1	47067230	+	CYP4Z1	CYP4Z1
chr1	46900475	-	CYP4Z2P	CYP4Z2P
chr7	92134477	-	CYP51A1	CYP51A1
chr7	92134562	+	CYP51A1-AS1	CYP51A1-AS1
chr8	58500163	-	CYP7A1	CYP7A1
chr8	64798737	-	CYP7B1	CYP7B1
chr3	42875879	-	CYP8B1	CYP8B1
chr7	135169474	-	CYREN	CYREN
chr2	16665834	-	CYRIA	CYRIA
chr8	129939811	-	CYRIB	CYRIB
chr2	10080411	-	CYS1	CYS1
chrX	78327611	-	CYSLTR1	CYSLTR1
chr13	48653928	+	CYSLTR2	CYSLTR2
chr9	137225173	+	CYSRT1	CYSRT1
chr5	140175187	+	CYSTM1	CYSTM1
chr17	78717032	-	CYTH1	CYTH1
chr19	48469207	+	CYTH2	CYTH2
chr7	6172137	-	CYTH3	CYTH3
chr22	37282507	+	CYTH4	CYTH4
chr2	157444089	-	CYTIP	CYTIP
chr4	5019458	-	CYTL1	CYTL1
chr2	87455426	+	CYTOR	CYTOR
chr21	26573286	-	CYYR1	CYYR1
chr21	26393634	+	CYYR1-AS1	CYYR1-AS1
chr7	97972358	-	CZ1P-ASNS	CZ1P-ASNS
chr1	53220634	-	CZIB	CZIB
chr21	23384835	-	D21S2088E	D21S2088E
chr2	241734629	+	D2HGDH	D2HGDH
chr14	59188666	+	DAAM1	DAAM1
chr6	39792375	+	DAAM2	DAAM2
chr6	39897380	-	DAAM2-AS1	DAAM2-AS1
chr1	57423112	-	DAB1	DAB1
chr1	57860580	+	DAB1-AS1	DAB1-AS1
chr5	39424980	-	DAB2	DAB2
chr9	121567101	+	DAB2IP	DAB2IP
chr13	71867192	-	DACH1	DACH1
chrX	86148450	+	DACH2	DACH2
chr14	58634060	+	DACT1	DACT1
chr6	168319777	-	DACT2	DACT2
chr19	46654718	-	DACT3	DACT3
chr19	46660363	+	DACT3-AS1	DACT3-AS1
chr14	22589224	-	DAD1	DAD1
chr3	49468702	+	DAG1	DAG1
chr11	61680390	+	DAGLA	DAGLA
chr7	6447954	-	DAGLB	DAGLB
chr3	49018580	-	DALRD3	DALRD3
chr4	52712393	+	DANCR	DANCR
chr19	12969617	+	DAND5	DAND5
chrX	115840963	+	DANT1	DANT1
chrX	115969111	-	DANT2	DANT2
chr12	108880091	+	DAO	DAO
chr13	105465866	+	DAOA	DAOA
chr13	105505681	-	DAOA-AS1	DAOA-AS1
chr5	10761234	-	DAP	DAP
chr1	155689090	+	DAP3	DAP3
chr9	87497227	+	DAPK1	DAPK1
chr9	87553453	+	DAPK1-IT1	DAPK1-IT1
chr15	64046485	-	DAPK2	DAPK2
chr19	3971099	-	DAPK3	DAPK3
chr2	158795316	+	DAPL1	DAPL1
chr4	99816826	+	DAPP1	DAPP1
chr2	135985175	+	DARS-AS1	DARS-AS1
chr2	135985626	-	DARS1	DARS1
chr1	173824672	+	DARS2	DARS2
chr2	227871375	+	DAW1	DAW1
chr6	33322959	-	DAXX	DAXX
chrY	23199092	-	DAZ1	DAZ1
chrY	23219456	+	DAZ2	DAZ2
chrY	23219433	+	DAZ3	DAZ3
chrY	23199107	-	DAZ4	DAZ4
chr19	1407585	+	DAZAP1	DAZAP1
chr12	51238723	+	DAZAP2	DAZAP2
chr3	16604790	-	DAZL	DAZL
chr4	190064501	+	DBET	DBET
chr7	87876492	+	DBF4	DBF4
chr17	44708664	+	DBF4B	DBF4B
chr9	133636362	+	DBH	DBH
chr9	133657408	-	DBH-AS1	DBH-AS1
chr2	119366976	+	DBI	DBI
chr17	752332	+	DBIL5P	DBIL5P
chr2	63119542	-	DBIL5P2	DBIL5P2
chr5	177462426	-	DBN1	DBN1
chr16	90009004	-	DBNDD1	DBNDD1
chr20	45405992	+	DBNDD2	DBNDD2
chr7	44044639	+	DBNL	DBNL
chr19	48637379	-	DBP	DBP
chr3	138174921	-	DBR1	DBR1
chr1	100249834	-	DBT	DBT
chr11	20160475	-	DBX1	DBX1
chr12	45051099	-	DBX2	DBX2
chr3	51500002	-	DCAF1	DCAF1
chr9	37800553	+	DCAF10	DCAF10
chr14	24114696	+	DCAF11	DCAF11
chr9	34126698	-	DCAF12	DCAF12
chrX	126552814	-	DCAF12L1	DCAF12L1
chrX	126166289	-	DCAF12L2	DCAF12L2
chr8	103415385	+	DCAF13	DCAF13
chr15	50944128	+	DCAF13P3	DCAF13P3
chr19	13952473	+	DCAF15	DCAF15
chr4	17810757	-	DCAF16	DCAF16
chr2	171434225	+	DCAF17	DCAF17
chr14	72926463	+	DCAF4	DCAF4
chr4	41981755	+	DCAF4L1	DCAF4L1
chr8	87874015	-	DCAF4L2	DCAF4L2
chr14	69152599	-	DCAF5	DCAF5
chr1	167936238	+	DCAF6	DCAF6
chr17	63550476	+	DCAF7	DCAF7
chr1	160262487	-	DCAF8	DCAF8
chrX	27981449	-	DCAF8L1	DCAF8L1
chrX	27590343	+	DCAF8L2	DCAF8L2
chr17	45051632	-	DCAKD	DCAKD
chr5	135447348	-	DCANP1	DCANP1
chr6	117482603	+	DCBLD1	DCBLD1
chr3	98901695	-	DCBLD2	DCBLD2
chr18	52340196	+	DCC	DCC
chr12	54648365	-	DCD	DCD
chr11	30992686	-	DCDC1	DCDC1
chr6	24358059	-	DCDC2	DCDC2
chr1	32209093	+	DCDC2B	DCDC2B
chr2	3703574	+	DCDC2C	DCDC2C
chr11	6655809	-	DCHS1	DCHS1
chr4	154491799	-	DCHS2	DCHS2
chr4	70993648	+	DCK	DCK
chr13	35855667	-	DCLK1	DCLK1
chr4	150078444	+	DCLK2	DCLK2
chr3	36739861	-	DCLK3	DCLK3
chr10	113854082	-	DCLRE1A	DCLRE1A
chr1	113904618	+	DCLRE1B	DCLRE1B
chr10	14954096	-	DCLRE1C	DCLRE1C
chr10	15035425	-	DCLRE1CP1	DCLRE1CP1
chr12	91178646	-	DCN	DCN
chr3	53347543	-	DCP1A	DCP1A
chr12	2004457	-	DCP1B	DCP1B
chr5	112976797	+	DCP2	DCP2
chr11	126304059	+	DCPS	DCPS
chr1	155033805	+	DCST1	DCST1
chr1	155051165	-	DCST1-AS1	DCST1-AS1
chr1	155033781	-	DCST2	DCST2
chr8	104339795	+	DCSTAMP	DCSTAMP
chr13	94479682	-	DCT	DCT
chr4	182917253	-	DCTD	DCTD
chr2	74374667	-	DCTN1	DCTN1
chr2	74385502	+	DCTN1-AS1	DCTN1-AS1
chr12	57546859	-	DCTN2	DCTN2
chr9	34620495	-	DCTN3	DCTN3
chr5	150758520	-	DCTN4	DCTN4
chr16	23641465	+	DCTN5	DCTN5
chr8	30156368	+	DCTN6	DCTN6
chr16	30429800	-	DCTPP1	DCTPP1
chr3	182980538	-	DCUN1D1	DCUN1D1
chr13	113490711	-	DCUN1D2	DCUN1D2
chr16	20900358	-	DCUN1D3	DCUN1D3
chr4	51842999	+	DCUN1D4	DCUN1D4
chr11	103092160	-	DCUN1D5	DCUN1D5
chrX	111411146	-	DCX	DCX
chr17	82037697	-	DCXR	DCXR
chr17	82037917	+	DCXR-DT	DCXR-DT
chr19	17309562	+	DDA1	DDA1
chr1	85404506	-	DDAH1	DDAH1
chr6	31729299	-	DDAH2	DDAH2
chr11	61333105	-	DDB1	DDB1
chr11	47214941	+	DDB2	DDB2
chr7	50561071	-	DDC	DDC
chr7	50531758	+	DDC-AS1	DDC-AS1
chr14	53153323	-	DDHD1	DDHD1
chr8	38231490	+	DDHD2	DDHD2
chr11	104036639	+	DDI1	DDI1
chr1	15617457	+	DDI2	DDI2
chr11	82901735	+	DDIAS	DDIAS
chr12	57520517	-	DDIT3	DDIT3
chr10	72273923	+	DDIT4	DDIT4
chr4	100190468	-	DDIT4L	DDIT4L
chr12	48999375	-	DDN	DDN
chr12	48998346	+	DDN-AS1	DDN-AS1
chr6	110415575	-	DDO	DDO
chr1	20661369	-	DDOST	DDOST
chr6	30882612	+	DDR1	DDR1
chr1	162630862	+	DDR2	DDR2
chr20	3204682	-	DDRGK1	DDRGK1
chr22	23961500	+	DDT	DDT
chr22	23966887	+	DDTL	DDTL
chr2	15591867	+	DDX1	DDX1
chr11	108665068	+	DDX10	DDX10
chr12	31073859	+	DDX11	DDX11
chr12	31073847	-	DDX11-AS1	DDX11-AS1
chr1	11873	+	DDX11L1	DDX11L1
chr16	11554	+	DDX11L10	DDX11L10
chrY	57214703	-	DDX11L16	DDX11L16
chr1	182387	+	DDX11L17	DDX11L17
chr2	113601576	-	DDX11L2	DDX11L2
chr9	11986	+	DDX11L5	DDX11L5
chr15	101979093	-	DDX11L9	DDX11L9
chr12	9448172	-	DDX12P	DDX12P
chr22	38506311	-	DDX17	DDX17
chr2	117814690	+	DDX18	DDX18
chr16	70346828	+	DDX19A	DDX19A
chr16	70289766	+	DDX19B	DDX19B
chr1	111755900	+	DDX20	DDX20
chr10	68956169	+	DDX21	DDX21
chr12	48852163	-	DDX23	DDX23
chr14	94081202	-	DDX24	DDX24
chr11	125903327	+	DDX25	DDX25
chr20	49219415	+	DDX27	DDX27
chr16	68023232	-	DDX28	DDX28
chr9	132663326	-	DDX31	DDX31
chr19	14419341	-	DDX39A	DDX39A
chr6	31542003	-	DDX39B	DDX39B
chr6	31542303	+	DDX39B-AS1	DDX39B-AS1
chrX	41333307	+	DDX3X	DDX3X
chrY	12903998	+	DDX3Y	DDX3Y
chr5	55738016	+	DDX4	DDX4
chr5	177516961	-	DDX41	DDX41
chr17	63774169	+	DDX42	DDX42
chr6	73394827	+	DDX43	DDX43
chr5	134758778	+	DDX46	DDX46
chr12	12813345	+	DDX47	DDX47
chr19	18919714	+	DDX49	DDX49
chr17	64505937	-	DDX5	DDX5
chr10	68901314	+	DDX50	DDX50
chr12	132144319	-	DDX51	DDX51
chr17	37643446	-	DDX52	DDX52
chrX	22999959	+	DDX53	DDX53
chr12	113185478	-	DDX54	DDX54
chr12	123602098	+	DDX55	DDX55
chr7	44574538	-	DDX56	DDX56
chr9	32526196	-	DDX58	DDX58
chr1	200666751	-	DDX59	DDX59
chr1	200669506	+	DDX59-AS1	DDX59-AS1
chr11	118790948	-	DDX6	DDX6
chr4	168318752	-	DDX60	DDX60
chr4	168480492	-	DDX60L	DDX60L
chr11	695222	-	DEAF1	DEAF1
chr8	90001351	+	DECR1	DECR1
chr16	401884	+	DECR2	DECR2
chr1	161132466	-	DEDD	DEDD
chr19	42217677	-	DEDD2	DEDD2
chr6	35297817	+	DEF6	DEF6
chr16	89948730	+	DEF8	DEF8
chr8	6980092	-	DEFA1	DEFA1
chr8	6969113	-	DEFA10P	DEFA10P
chr8	7029489	-	DEFA11P	DEFA11P
chr8	6980092	-	DEFA1B	DEFA1B
chr8	7018297	-	DEFA3	DEFA3
chr8	6938306	-	DEFA4	DEFA4
chr8	7056739	-	DEFA5	DEFA5
chr8	6926076	-	DEFA6	DEFA6
chr8	6951599	-	DEFA8P	DEFA8P
chr8	6960161	-	DEFA9P	DEFA9P
chr8	6877936	-	DEFB1	DEFB1
chr8	7430160	-	DEFB103A	DEFB103A
chr8	7430348	-	DEFB103B	DEFB103B
chr8	7475117	-	DEFB104A	DEFB104A
chr8	7475082	-	DEFB104B	DEFB104B
chr8	7487668	+	DEFB105A	DEFB105A
chr8	7487678	+	DEFB105B	DEFB105B
chr8	7486420	-	DEFB106A	DEFB106A
chr8	7486387	-	DEFB106B	DEFB106B
chr8	7495845	+	DEFB107A	DEFB107A
chr8	7495910	+	DEFB107B	DEFB107B
chr11	71833199	+	DEFB108B	DEFB108B
chr8	12400365	-	DEFB109A	DEFB109A
chr8	7312845	+	DEFB109B	DEFB109B
chr6	50021981	-	DEFB110	DEFB110
chr6	50049929	-	DEFB112	DEFB112
chr6	49969625	-	DEFB113	DEFB113
chr6	49964164	-	DEFB114	DEFB114
chr20	31257663	+	DEFB115	DEFB115
chr20	31308585	-	DEFB116	DEFB116
chr20	31368600	+	DEFB118	DEFB118
chr20	31390590	-	DEFB119	DEFB119
chr20	31406215	-	DEFB121	DEFB121
chr20	31429180	-	DEFB122	DEFB122
chr20	31440631	+	DEFB123	DEFB123
chr20	31473013	-	DEFB124	DEFB124
chr20	87671	+	DEFB125	DEFB125
chr20	142589	+	DEFB126	DEFB126
chr20	157453	+	DEFB127	DEFB127
chr20	189711	-	DEFB128	DEFB128
chr20	227257	+	DEFB129	DEFB129
chr8	12071747	-	DEFB130A	DEFB130A
chr8	12071747	-	DEFB130B	DEFB130B
chr4	9444533	+	DEFB131A	DEFB131A
chr11	71878452	+	DEFB131B	DEFB131B
chr20	257723	+	DEFB132	DEFB132
chr6	49949444	-	DEFB133	DEFB133
chr8	12000752	-	DEFB134	DEFB134
chr8	11982320	+	DEFB135	DEFB135
chr8	11974599	-	DEFB136	DEFB136
chr8	7894676	+	DEFB4A	DEFB4A
chr8	7416832	-	DEFB4B	DEFB4B
chr8	6989721	-	DEFT1P	DEFT1P
chr8	6989721	-	DEFT1P2	DEFT1P2
chr1	224183239	+	DEGS1	DEGS1
chr14	100159645	-	DEGS2	DEGS2
chr6	18264530	-	DEK	DEK
chr5	141923870	+	DELE1	DELE1
chr9	115141817	+	DELEC1	DELEC1
chr10	119104112	+	DENND10	DENND10
chrX	130494940	+	DENND10P1	DENND10P1
chr7	141702166	-	DENND11	DENND11
chr9	123930126	-	DENND1A	DENND1A
chr1	197775480	-	DENND1B	DENND1B
chr19	6481787	-	DENND1C	DENND1C
chr7	140602542	-	DENND2A	DENND2A
chr11	8794844	-	DENND2B	DENND2B
chr1	114670049	-	DENND2C	DENND2C
chr1	111200646	-	DENND2D	DENND2D
chr8	141128588	+	DENND3	DENND3
chr15	65792293	-	DENND4A	DENND4A
chr1	153945256	-	DENND4B	DENND4B
chr9	19230692	+	DENND4C	DENND4C
chr11	9265326	-	DENND5A	DENND5A
chr12	31590442	-	DENND5B	DENND5B
chr12	31589922	+	DENND5B-AS1	DENND5B-AS1
chr3	57693077	-	DENND6A	DENND6A
chr3	57693204	+	DENND6A-DT	DENND6A-DT
chr22	50327012	-	DENND6B	DENND6B
chr12	122752823	+	DENR	DENR
chr1	68497082	-	DEPDC1	DEPDC1
chr1	68496675	+	DEPDC1-AS1	DEPDC1-AS1
chr5	60700166	-	DEPDC1B	DEPDC1B
chr12	100267079	-	DEPDC4	DEPDC4
chr22	31753967	+	DEPDC5	DEPDC5
chr11	33015877	+	DEPDC7	DEPDC7
chr10	44978809	-	DEPP1	DEPP1
chr8	119873654	+	DEPTOR	DEPTOR
chr12	15911331	+	DERA	DERA
chr8	123025772	-	DERL1	DERL1
chr17	5486178	-	DERL2	DERL2
chr22	23839006	-	DERL3	DERL3
chr16	69132159	-	DERPC	DERPC
chr2	219418376	+	DES	DES
chr22	41621043	-	DESI1	DESI1
chr1	244653125	+	DESI2	DESI2
chr15	88546375	-	DET1	DET1
chr11	93330716	+	DEUP1	DEUP1
chr16	10942468	-	DEXI	DEXI
chr1	10472529	-	DFFA	DFFA
chr1	3857266	+	DFFB	DFFB
chr8	144326852	-	DGAT1	DGAT1
chr11	75768732	+	DGAT2	DGAT2
chrX	70177482	+	DGAT2L6	DGAT2L6
chr22	19048375	-	DGCR11	DGCR11
chr22	19122412	-	DGCR2	DGCR2
chr22	18970497	+	DGCR5	DGCR5
chr22	18906319	+	DGCR6	DGCR6
chr22	20320060	-	DGCR6L	DGCR6L
chr22	20080231	+	DGCR8	DGCR8
chr12	55931161	+	DGKA	DGKA
chr7	14841450	-	DGKB	DGKB
chr2	233354493	+	DGKD	DGKD
chr17	56834150	+	DGKE	DGKE
chr3	186362234	-	DGKG	DGKG
chr13	42040035	+	DGKH	DGKH
chr7	137846332	-	DGKI	DGKI
chrX	50470825	-	DGKK	DGKK
chr4	973569	-	DGKQ	DGKQ
chr11	46332925	+	DGKZ	DGKZ
chr14	91060282	+	DGLUCY	DGLUCY
chr2	73926879	+	DGUOK	DGUOK
chr2	73981439	-	DGUOK-AS1	DGUOK-AS1
chr1	54887195	-	DHCR24	DHCR24
chr11	71448393	-	DHCR7	DHCR7
chr1	26432281	+	DHDDS	DHDDS
chr1	26467537	-	DHDDS-AS1	DHDDS-AS1
chr19	48933698	+	DHDH	DHDH
chr5	80654983	-	DHFR	DHFR
chr3	94062916	-	DHFR2	DHFR2
chr2	82856802	+	DHFRP3	DHFRP3
chr12	49094801	-	DHH	DHH
chr16	72008743	+	DHODH	DHODH
chr19	12681211	-	DHPS	DHPS
chr14	24299460	-	DHRS1	DHRS1
chr17	36591878	+	DHRS11	DHRS11
chr13	51803735	-	DHRS12	DHRS12
chr17	28903079	-	DHRS13	DHRS13
chr14	23630114	+	DHRS2	DHRS2
chr1	12596613	-	DHRS3	DHRS3
chr14	23953769	+	DHRS4	DHRS4
chr14	23954197	-	DHRS4-AS1	DHRS4-AS1
chr14	24007083	+	DHRS4L1	DHRS4L1
chr14	23969873	+	DHRS4L2	DHRS4L2
chr14	60165398	-	DHRS7	DHRS7
chr17	21126927	+	DHRS7B	DHRS7B
chr17	9791592	-	DHRS7C	DHRS7C
chr2	169067076	+	DHRS9	DHRS9
chrX	2500976	-	DHRSX	DHRSX
chr10	12068953	+	DHTKD1	DHTKD1
chr4	24584554	-	DHX15	DHX15
chr6	30673006	-	DHX16	DHX16
chr5	55307694	-	DHX29	DHX29
chr3	47802908	+	DHX30	DHX30
chr10	125881292	-	DHX32	DHX32
chr17	5468982	-	DHX33	DHX33
chr17	5469091	+	DHX33-DT	DHX33-DT
chr19	47349314	+	DHX34	DHX34
chr20	38962343	+	DHX35	DHX35
chr3	154324487	-	DHX36	DHX36
chr12	124989131	-	DHX37	DHX37
chr16	72093846	+	DHX38	DHX38
chr17	59565609	+	DHX40	DHX40
chr2	38875934	-	DHX57	DHX57
chr17	42112714	-	DHX58	DHX58
chr17	43483864	+	DHX8	DHX8
chr1	182839346	+	DHX9	DHX9
chr12	122225771	-	DIABLO	DIABLO
chr5	141619000	-	DIAPH1	DIAPH1
chr5	141558310	+	DIAPH1-AS1	DIAPH1-AS1
chrX	96684662	+	DIAPH2	DIAPH2
chrX	97564535	-	DIAPH2-AS1	DIAPH2-AS1
chr13	60013189	-	DIAPH3	DIAPH3
chr13	60012717	+	DIAPH3-AS1	DIAPH3-AS1
chr13	60144697	+	DIAPH3-AS2	DIAPH3-AS2
chr14	95133503	-	DICER1	DICER1
chr14	95157687	+	DICER1-AS1	DICER1-AS1
chr20	62926505	-	DIDO1	DIDO1
chr5	62403905	-	DIMT1	DIMT1
chr6	36678559	-	DINOL	DINOL
chr1	53894186	+	DIO1	DIO1
chr14	80211504	-	DIO2	DIO2
chr14	80211418	+	DIO2-AS1	DIO2-AS1
chr14	101561350	+	DIO3	DIO3
chr14	101560422	-	DIO3OS	DIO3OS
chr21	46458890	+	DIP2A	DIP2A
chr21	46462470	+	DIP2A-IT1	DIP2A-IT1
chr12	50504984	+	DIP2B	DIP2B
chr10	689668	-	DIP2C	DIP2C
chr10	650034	+	DIP2C-AS1	DIP2C-AS1
chr1	92877150	-	DIPK1A	DIPK1A
chr9	136712571	+	DIPK1B	DIPK1B
chr18	74457308	-	DIPK1C	DIPK1C
chr3	143971797	+	DIPK2A	DIPK2A
chrX	45200876	-	DIPK2B	DIPK2B
chr19	2721372	-	DIRAS1	DIRAS1
chr9	90642824	-	DIRAS2	DIRAS2
chr1	68051631	-	DIRAS3	DIRAS3
chr2	188790123	-	DIRC1	DIRC1
chr2	217756593	-	DIRC3	DIRC3
chr2	217282732	+	DIRC3-AS1	DIRC3-AS1
chr13	72781900	-	DIS3	DIS3
chr15	66293308	+	DIS3L	DIS3L
chr2	231961582	+	DIS3L2	DIS3L2
chr1	231626789	+	DISC1	DISC1
chr1	231925833	+	DISC1-IT1	DISC1-IT1
chr11	90251231	+	DISC1FP1	DISC1FP1
chr1	231818517	-	DISC2	DISC2
chr1	222815038	+	DISP1	DISP1
chr15	40358218	+	DISP2	DISP2
chr1	11479154	+	DISP3	DISP3
chr11	111927143	+	DIXDC1	DIXDC1
chrX	154762741	+	DKC1	DKC1
chr9	136327323	-	DKFZP434A062	DKFZP434A062
chr16	56194525	-	DKFZP434H168	DKFZP434H168
chr7	30370049	+	DKFZP586I1420	DKFZP586I1420
chr7	56496222	+	DKFZp434L192	DKFZp434L192
chr6	163347033	-	DKFZp451B082	DKFZp451B082
chr10	52314280	+	DKK1	DKK1
chr4	107036313	-	DKK2	DKK2
chr11	12008639	-	DKK3	DKK3
chr8	42377229	-	DKK4	DKK4
chr19	49363876	+	DKKL1	DKKL1
chr11	112025407	+	DLAT	DLAT
chr8	13116244	-	DLC1	DLC1
chr7	107891106	+	DLD	DLD
chr3	38039204	+	DLEC1	DLEC1
chr13	50082168	+	DLEU1	DLEU1
chr13	50527449	-	DLEU1-AS1	DLEU1-AS1
chr13	50082041	-	DLEU2	DLEU2
chr1	63548979	+	DLEU2L	DLEU2L
chr13	50843692	-	DLEU7	DLEU7
chr13	50807854	+	DLEU7-AS1	DLEU7-AS1
chr3	197183872	-	DLG1	DLG1
chr3	197298246	+	DLG1-AS1	DLG1-AS1
chr11	83682288	-	DLG2	DLG2
chrX	70444834	+	DLG3	DLG3
chrX	70455826	-	DLG3-AS1	DLG3-AS1
chr17	7205187	-	DLG4	DLG4
chr10	77926755	-	DLG5	DLG5
chr10	77926811	+	DLG5-AS1	DLG5-AS1
chr18	3845358	-	DLGAP1	DLGAP1
chr18	3594113	+	DLGAP1-AS1	DLGAP1-AS1
chr18	3603736	+	DLGAP1-AS2	DLGAP1-AS2
chr18	3878179	+	DLGAP1-AS3	DLGAP1-AS3
chr18	3962352	+	DLGAP1-AS4	DLGAP1-AS4
chr18	4264601	+	DLGAP1-AS5	DLGAP1-AS5
chr8	737627	+	DLGAP2	DLGAP2
chr8	1621664	-	DLGAP2-AS1	DLGAP2-AS1
chr1	34929650	-	DLGAP3	DLGAP3
chr20	36306338	+	DLGAP4	DLGAP4
chr20	36573275	-	DLGAP4-AS1	DLGAP4-AS1
chr14	55191585	-	DLGAP5	DLGAP5
chr14	100726891	+	DLK1	DLK1
chr6	43455548	-	DLK2	DLK2
chr6	170291078	-	DLL1	DLL1
chr19	39498946	+	DLL3	DLL3
chr15	40929339	+	DLL4	DLL4
chr14	74881915	+	DLST	DLST
chr1	75745013	-	DLSTP1	DLSTP1
chr2	172085506	+	DLX1	DLX1
chr2	172102900	-	DLX2	DLX2
chr2	172103005	+	DLX2-DT	DLX2-DT
chr17	49995224	-	DLX3	DLX3
chr17	49969189	+	DLX4	DLX4
chr7	97024831	-	DLX5	DLX5
chr7	97005552	+	DLX6	DLX6
chr7	97014065	-	DLX6-AS1	DLX6-AS1
chr19	45767795	+	DM1-AS	DM1-AS
chr9	7799778	-	DMAC1	DMAC1
chr19	41439537	-	DMAC2	DMAC2
chr14	50311515	+	DMAC2L	DMAC2L
chr1	44213470	+	DMAP1	DMAP1
chr10	122560753	+	DMBT1	DMBT1
chr10	122756693	+	DMBT1L1	DMBT1L1
chr1	46489835	+	DMBX1	DMBX1
chr22	38568409	-	DMC1	DMC1
chrX	31266954	-	DMD	DMD
chr5	79069674	-	DMGDH	DMGDH
chr19	35501911	-	DMKN	DMKN
chr4	87650279	+	DMP1	DMP1
chr19	45779619	-	DMPK	DMPK
chr9	841696	+	DMRT1	DMRT1
chr9	1050353	+	DMRT2	DMRT2
chr9	976654	+	DMRT3	DMRT3
chr9	22446823	+	DMRTA1	DMRTA1
chr1	50423443	-	DMRTA2	DMRTA2
chr1	53459398	+	DMRTB1	DMRTB1
chrX	72845041	+	DMRTC1	DMRTC1
chrX	72842785	+	DMRTC1B	DMRTC1B
chr19	41845041	+	DMRTC2	DMRTC2
chr7	87152360	+	DMTF1	DMTF1
chr8	22048930	+	DMTN	DMTN
chr19	45792845	-	DMWD	DMWD
chr5	119071054	+	DMXL1	DMXL1
chr15	51622771	-	DMXL2	DMXL2
chr10	68471973	-	DNA2	DNA2
chr16	84145307	+	DNAAF1	DNAAF1
chr14	49633986	-	DNAAF2	DNAAF2
chr19	55166613	-	DNAAF3	DNAAF3
chr15	55508234	-	DNAAF4	DNAAF4
chr15	55498584	-	DNAAF4-CCPG1	DNAAF4-CCPG1
chr7	726698	+	DNAAF5	DNAAF5
chrX	107206610	+	DNAAF6	DNAAF6
chr3	52316318	+	DNAH1	DNAH1
chr12	123762300	+	DNAH10	DNAH10
chr7	21543038	+	DNAH11	DNAH11
chr3	57544344	-	DNAH12	DNAH12
chr1	224929653	+	DNAH14	DNAH14
chr17	78577396	-	DNAH17	DNAH17
chr17	78484909	+	DNAH17-AS1	DNAH17-AS1
chr17	7717743	+	DNAH2	DNAH2
chr16	21150846	-	DNAH3	DNAH3
chr5	13944688	-	DNAH5	DNAH5
chr2	84516497	+	DNAH6	DNAH6
chr2	196068837	-	DNAH7	DNAH7
chr6	38715310	+	DNAH8	DNAH8
chr6	38953107	-	DNAH8-AS1	DNAH8-AS1
chr17	11598469	+	DNAH9	DNAH9
chr9	34458751	+	DNAI1	DNAI1
chr17	74274233	+	DNAI2	DNAI2
chr1	85062297	+	DNAI3	DNAI3
chr1	66924856	-	DNAI4	DNAI4
chr9	33025202	+	DNAJA1	DNAJA1
chr1	101872011	+	DNAJA1P5	DNAJA1P5
chr16	46973674	-	DNAJA2	DNAJA2
chr16	4425804	+	DNAJA3	DNAJA3
chr15	78264144	+	DNAJA4	DNAJA4
chr19	14517862	-	DNAJB1	DNAJB1
chr3	186570719	+	DNAJB11	DNAJB11
chr10	72354919	-	DNAJB12	DNAJB12
chr11	73951025	+	DNAJB13	DNAJB13
chr4	99946618	-	DNAJB14	DNAJB14
chr2	219279365	+	DNAJB2	DNAJB2
chr2	233743998	-	DNAJB3	DNAJB3
chr1	77979157	+	DNAJB4	DNAJB4
chr9	34989744	+	DNAJB5	DNAJB5
chr9	34989379	-	DNAJB5-DT	DNAJB5-DT
chr7	157337003	+	DNAJB6	DNAJB6
chr22	40862113	-	DNAJB7	DNAJB7
chr3	128467248	-	DNAJB8	DNAJB8
chr3	128463593	+	DNAJB8-AS1	DNAJB8-AS1
chr7	108569873	+	DNAJB9	DNAJB9
chr10	22003730	-	DNAJC1	DNAJC1
chr2	182716256	+	DNAJC10	DNAJC10
chr1	6701816	-	DNAJC11	DNAJC11
chr10	67838179	-	DNAJC12	DNAJC12
chr3	132417501	+	DNAJC13	DNAJC13
chr12	55829636	-	DNAJC14	DNAJC14
chr13	43023585	+	DNAJC15	DNAJC15
chr1	15526812	+	DNAJC16	DNAJC16
chr15	40807473	-	DNAJC17	DNAJC17
chr5	139439525	-	DNAJC18	DNAJC18
chr3	180989518	-	DNAJC19	DNAJC19
chr7	103344767	-	DNAJC2	DNAJC2
chr5	34929558	+	DNAJC21	DNAJC21
chr12	49346887	+	DNAJC22	DNAJC22
chr11	31369859	+	DNAJC24	DNAJC24
chr9	111631333	+	DNAJC25	DNAJC25
chr9	111631333	+	DNAJC25-GNG10	DNAJC25-GNG10
chr2	24971955	-	DNAJC27	DNAJC27
chr2	24972111	+	DNAJC27-AS1	DNAJC27-AS1
chr21	33491483	-	DNAJC28	DNAJC28
chr13	95677138	+	DNAJC3	DNAJC3
chr13	95676925	-	DNAJC3-DT	DNAJC3-DT
chr7	73683453	-	DNAJC30	DNAJC30
chr11	64230280	+	DNAJC4	DNAJC4
chr20	63895125	+	DNAJC5	DNAJC5
chr8	66014977	+	DNAJC5B	DNAJC5B
chr2	27275432	+	DNAJC5G	DNAJC5G
chr1	65264693	+	DNAJC6	DNAJC6
chr17	42017165	-	DNAJC7	DNAJC7
chr1	28233029	-	DNAJC8	DNAJC8
chr10	73247255	-	DNAJC9	DNAJC9
chr10	73247366	+	DNAJC9-AS1	DNAJC9-AS1
chr14	73644985	+	DNAL1	DNAL1
chr22	38794143	-	DNAL4	DNAL4
chr1	37556939	+	DNALI1	DNALI1
chr16	3652938	+	DNASE1	DNASE1
chrX	154409254	-	DNASE1L1	DNASE1L1
chr16	2236443	+	DNASE1L2	DNASE1L2
chr3	58210972	-	DNASE1L3	DNASE1L3
chr19	12881449	-	DNASE2	DNASE2
chr1	84398483	+	DNASE2B	DNASE2B
chr5	140673576	-	DND1	DND1
chr2	229714555	-	DNER	DNER
chr11	6497279	+	DNHD1	DNHD1
chr9	136363744	-	DNLZ	DNLZ
chr9	128203378	+	DNM1	DNM1
chr12	32679199	+	DNM1L	DNM1L
chr15	75740077	-	DNM1P35	DNM1P35
chr15	84170984	-	DNM1P41	DNM1P41
chr15	99806927	-	DNM1P46	DNM1P46
chr15	30394521	+	DNM1P50	DNM1P50
chr19	10718052	+	DNM2	DNM2
chr1	171841497	+	DNM3	DNM3
chr1	171864191	+	DNM3-IT1	DNM3-IT1
chr1	172144835	-	DNM3OS	DNM3OS
chr10	99914092	-	DNMBP	DNMBP
chr10	99927204	+	DNMBP-AS1	DNMBP-AS1
chr19	10194953	-	DNMT1	DNMT1
chr2	25252131	-	DNMT3A	DNMT3A
chr20	32762384	+	DNMT3B	DNMT3B
chr21	44261897	-	DNMT3L	DNMT3L
chr21	5012684	-	DNMT3L-AS1	DNMT3L-AS1
chr2	219387362	-	DNPEP	DNPEP
chr6	43229481	-	DNPH1	DNPH1
chr10	96304433	+	DNTT	DNTT
chr20	45791953	+	DNTTIP1	DNTTIP1
chr1	93879206	-	DNTTIP2	DNTTIP2
chr16	30011027	-	DOC2A	DOC2A
chr17	181650	-	DOC2B	DOC2B
chr11	67615664	-	DOC2GP	DOC2GP
chr10	126905427	+	DOCK1	DOCK1
chr2	224947049	-	DOCK10	DOCK10
chrX	118495908	+	DOCK11	DOCK11
chr5	169637274	+	DOCK2	DOCK2
chr3	50674926	+	DOCK3	DOCK3
chr7	112206399	-	DOCK4	DOCK4
chr7	111808504	+	DOCK4-AS1	DOCK4-AS1
chr8	25184688	+	DOCK5	DOCK5
chr19	11262524	-	DOCK6	DOCK6
chr1	62688368	-	DOCK7	DOCK7
chr9	214864	+	DOCK8	DOCK8
chr9	215750	-	DOCK8-AS1	DOCK8-AS1
chr13	98978064	-	DOCK9	DOCK9
chr13	98832083	+	DOCK9-AS1	DOCK9-AS1
chr13	99086722	+	DOCK9-DT	DOCK9-DT
chr19	3500674	-	DOHH	DOHH
chr2	74549019	+	DOK1	DOK1
chr8	21913690	-	DOK2	DOK2
chr5	177509826	-	DOK3	DOK3
chr16	57479757	-	DOK4	DOK4
chr20	54475592	+	DOK5	DOK5
chr18	69400887	+	DOK6	DOK6
chr4	3463305	+	DOK7	DOK7
chr9	128947603	-	DOLK	DOLK
chr9	129081110	+	DOLPP1	DOLPP1
chr21	33588684	-	DONSON	DONSON
chr6	83067665	+	DOP1A	DOP1A
chr21	36156781	+	DOP1B	DOP1B
chr19	2163932	+	DOT1L	DOT1L
chr11	119101853	-	DPAGT1	DPAGT1
chr10	101588320	+	DPCD	DPCD
chr16	89613307	+	DPEP1	DPEP1
chr16	67993394	-	DPEP2	DPEP2
chr16	68015911	-	DPEP2NB	DPEP2NB
chr16	67980499	-	DPEP3	DPEP3
chr19	38224222	-	DPF1	DPF1
chr11	65333851	+	DPF2	DPF2
chr14	72892649	-	DPF3	DPF3
chr17	2030111	+	DPH1	DPH1
chr1	43970009	+	DPH2	DPH2
chr3	16264943	-	DPH3	DPH3
chr20	62844565	+	DPH3P1	DPH3P1
chr1	101025784	-	DPH5	DPH5
chr15	35546165	-	DPH6	DPH6
chr15	35546194	+	DPH6-DT	DPH6-DT
chr9	137578592	-	DPH7	DPH7
chr20	50958532	-	DPM1	DPM1
chr9	127937854	-	DPM2	DPM2
chr1	155140407	-	DPM3	DPM3
chr2	114442640	+	DPP10	DPP10
chr2	115161343	-	DPP10-AS1	DPP10-AS1
chr2	114833548	-	DPP10-AS3	DPP10-AS3
chr11	66480433	+	DPP3	DPP3
chr2	162074215	-	DPP4	DPP4
chr2	162074856	+	DPP4-DT	DPP4-DT
chr7	153748132	+	DPP6	DPP6
chr9	137114733	-	DPP7	DPP7
chr15	65517274	-	DPP8	DPP8
chr19	4720352	-	DPP9	DPP9
chr19	4679281	+	DPP9-AS1	DPP9-AS1
chr3	109316517	-	DPPA2	DPPA2
chr3	193994238	-	DPPA2P3	DPPA2P3
chr12	7711432	+	DPPA3	DPPA3
chr3	109337517	-	DPPA4	DPPA4
chr6	73354276	-	DPPA5	DPPA5
chr19	53632055	+	DPRX	DPRX
chr17	30975334	+	DPRXP4	DPRXP4
chr1	168729206	-	DPT	DPT
chr7	35037485	-	DPY19L1	DPY19L1
chr7	32719168	-	DPY19L1P1	DPY19L1P1
chr7	32826301	+	DPY19L1P2	DPY19L1P2
chr12	63668493	-	DPY19L2	DPY19L2
chr7	35186162	-	DPY19L2P1	DPY19L2P1
chr7	103280312	-	DPY19L2P2	DPY19L2P2
chr7	29685153	+	DPY19L2P3	DPY19L2P3
chr7	90119399	+	DPY19L2P4	DPY19L2P4
chr19	32405769	+	DPY19L3	DPY19L3
chr8	94719899	+	DPY19L4	DPY19L4
chr2	32039805	-	DPY30	DPY30
chr1	97921034	-	DPYD	DPYD
chr1	97095922	+	DPYD-AS1	DPYD-AS1
chr1	97796920	+	DPYD-AS2	DPYD-AS2
chr8	104467055	-	DPYS	DPYS
chr8	26514030	+	DPYSL2	DPYSL2
chr5	147453692	-	DPYSL3	DPYSL3
chr10	132186947	+	DPYSL4	DPYSL4
chr2	26848131	+	DPYSL5	DPYSL5
chr2	74526231	-	DQX1	DQX1
chr1	93345906	+	DR1	DR1
chr15	69561719	+	DRAIC	DRAIC
chr12	101877579	+	DRAM1	DRAM1
chr1	111140093	-	DRAM2	DRAM2
chr11	65919425	+	DRAP1	DRAP1
chr1	11691709	+	DRAXIN	DRAXIN
chr2	26401919	+	DRC1	DRC1
chr17	17972812	+	DRC3	DRC3
chr16	57694805	+	DRC7	DRC7
chr5	175444182	-	DRD1	DRD1
chr11	113475279	-	DRD2	DRD2
chr3	114178776	-	DRD3	DRD3
chr11	637268	+	DRD4	DRD4
chr4	9781633	+	DRD5	DRD5
chr1	144276762	-	DRD5P2	DRD5P2
chr22	31399603	+	DRG1	DRG1
chr17	18087947	+	DRG2	DRG2
chr10	49396089	-	DRGX	DRGX
chr22	23632321	-	DRICH1	DRICH1
chr5	31532093	-	DROSHA	DROSHA
chrX	101219943	+	DRP2	DRP2
chr18	31162856	-	DSC1	DSC1
chr18	31102421	-	DSC2	DSC2
chr18	31042742	-	DSC3	DSC3
chr21	40847158	-	DSCAM	DSCAM
chr21	40383082	+	DSCAM-AS1	DSCAM-AS1
chr21	40630767	-	DSCAM-IT1	DSCAM-IT1
chr11	117797216	-	DSCAML1	DSCAML1
chr18	31101587	+	DSCAS	DSCAS
chr8	119855894	-	DSCC1	DSCC1
chr21	38206155	+	DSCR10	DSCR10
chr21	38121360	-	DSCR4	DSCR4
chr21	38121450	+	DSCR8	DSCR8
chr21	37208502	+	DSCR9	DSCR9
chr6	116254170	+	DSE	DSE
chr18	67516720	-	DSEL	DSEL
chr18	31318159	+	DSG1	DSG1
chr18	31353936	-	DSG1-AS1	DSG1-AS1
chr18	31498176	+	DSG2	DSG2
chr18	31556911	-	DSG2-AS1	DSG2-AS1
chr18	31447740	+	DSG3	DSG3
chr18	31376776	+	DSG4	DSG4
chr20	36773751	-	DSN1	DSN1
chr6	7541670	+	DSP	DSP
chr4	87608528	+	DSPP	DSPP
chr6	56642889	-	DST	DST
chr6	56843985	+	DST-AS1	DST-AS1
chr20	17570074	+	DSTN	DSTN
chr12	6884681	+	DSTNP2	DSTNP2
chr1	205211702	-	DSTYK	DSTYK
chr20	18588053	+	DTD1	DTD1
chr20	18698708	-	DTD1-AS1	DTD1-AS1
chr14	31457506	-	DTD2	DTD2
chr4	36281615	+	DTHD1	DTHD1
chr1	212035552	+	DTL	DTL
chr18	34493289	+	DTNA	DTNA
chr2	25650222	-	DTNB	DTNB
chr6	15663028	-	DTNBP1	DTNBP1
chr15	49621047	+	DTWD1	DTWD1
chr5	118988220	-	DTWD2	DTWD2
chr12	113056729	+	DTX1	DTX1
chr7	76461654	+	DTX2	DTX2
chr7	76980821	+	DTX2P1-UPK3BP1-PMS2P11	DTX2P1-UPK3BP1-PMS2P11
chr12	57604823	+	DTX3	DTX3
chr3	122564337	+	DTX3L	DTX3L
chr11	59171429	+	DTX4	DTX4
chr2	241686815	-	DTYMK	DTYMK
chr3	107240691	+	DUBR	DUBR
chr15	45129993	+	DUOX1	DUOX1
chr15	45114161	-	DUOX2	DUOX2
chr15	45123043	-	DUOXA1	DUOXA1
chr15	45114325	+	DUOXA2	DUOXA2
chr17	82065804	-	DUS1L	DUS1L
chr16	68023283	+	DUS2	DUS2
chr19	5791163	-	DUS3L	DUS3L
chr7	107563956	+	DUS4L	DUS4L
chr7	107563970	+	DUS4L-BCAP29	DUS4L-BCAP29
chr5	172771195	-	DUSP1	DUSP1
chr1	221736900	-	DUSP10	DUSP10
chr2	73780157	-	DUSP11	DUSP11
chr1	161749785	+	DUSP12	DUSP12
chr10	75099486	-	DUSP13	DUSP13
chr17	37489890	+	DUSP14	DUSP14
chr20	31870231	-	DUSP15	DUSP15
chr12	12562863	-	DUSP16	DUSP16
chr22	30667875	-	DUSP18	DUSP18
chr2	183078746	+	DUSP19	DUSP19
chr2	96145440	-	DUSP2	DUSP2
chrX	44844020	+	DUSP21	DUSP21
chr6	292056	+	DUSP22	DUSP22
chr1	159780961	+	DUSP23	DUSP23
chr8	33597797	-	DUSP26	DUSP26
chr2	240560053	+	DUSP28	DUSP28
chr10	75073642	-	DUSP29	DUSP29
chr17	43778977	-	DUSP3	DUSP3
chr8	29348805	-	DUSP4	DUSP4
chr10	110497906	+	DUSP5	DUSP5
chr1	228644909	+	DUSP5P1	DUSP5P1
chr12	89352501	-	DUSP6	DUSP6
chr3	52056571	-	DUSP7	DUSP7
chr11	1572271	-	DUSP8	DUSP8
chrX	153642440	+	DUSP9	DUSP9
chr15	48331094	+	DUT	DUT
chr4	190065228	+	DUX4	DUX4
chr19	57167485	-	DUXA	DUXA
chr14	19062371	+	DUXAP10	DUXAP10
chr22	15784953	+	DUXAP8	DUXAP8
chr14	19062376	+	DUXAP9	DUXAP9
chr16	75701461	-	DUXB	DUXB
chr1	1349418	-	DVL1	DVL1
chr17	7234517	-	DVL2	DVL2
chr3	184155376	+	DVL3	DVL3
chr6	31972138	-	DXO	DXO
chr10	80356755	-	DYDC1	DYDC1
chr10	80344744	+	DYDC2	DYDC2
chr18	49460645	-	DYM	DYM
chr18	54587758	+	DYNAP	DYNAP
chr14	101964572	+	DYNC1H1	DYNC1H1
chr7	95772505	+	DYNC1I1	DYNC1I1
chr2	171687468	+	DYNC1I2	DYNC1I2
chr3	32570858	-	DYNC1LI1	DYNC1LI1
chr16	66751609	-	DYNC1LI2	DYNC1LI2
chr11	103109425	+	DYNC2H1	DYNC2H1
chr7	158839244	+	DYNC2I1	DYNC2I1
chr9	128656850	-	DYNC2I2	DYNC2I2
chr2	43774038	+	DYNC2LI1	DYNC2LI1
chr12	120469841	+	DYNLL1	DYNLL1
chr17	58083418	+	DYNLL2	DYNLL2
chr20	34515601	+	DYNLRB1	DYNLRB1
chr16	80540733	+	DYNLRB2	DYNLRB2
chr6	158644743	-	DYNLT1	DYNLT1
chrX	37847571	-	DYNLT3	DYNLT3
chr21	37365572	+	DYRK1A	DYRK1A
chr19	39834162	-	DYRK1B	DYRK1B
chr12	67648744	+	DYRK2	DYRK2
chr1	206635535	+	DYRK3	DYRK3
chr12	4562207	+	DYRK4	DYRK4
chr2	71453560	+	DYSF	DYSF
chr2	206718396	-	DYTN	DYTN
chr20	18467030	-	DZANK1	DZANK1
chr13	95644706	-	DZIP1	DZIP1
chr3	138113480	-	DZIP1L	DZIP1L
chr3	108589721	+	DZIP3	DZIP3
chr20	33686385	-	E2F1	E2F1
chr1	23531233	-	E2F2	E2F2
chr6	20401878	+	E2F3	E2F3
chr16	67192154	+	E2F4	E2F4
chr8	85177153	+	E2F5	E2F5
chr2	11466161	-	E2F6	E2F6
chr12	77065569	-	E2F7	E2F7
chr11	19240945	-	E2F8	E2F8
chr16	2223487	+	E4F1	E4F1
chr3	15427597	+	EAF1	EAF1
chr3	121835179	+	EAF2	EAF2
chr14	34539701	-	EAPP	EAPP
chr16	23557350	-	EARS2	EARS2
chr8	109539699	+	EBAG9	EBAG9
chr5	159097956	-	EBF1	EBF1
chr8	26045413	-	EBF2	EBF2
chr10	129964274	-	EBF3	EBF3
chr20	2692779	+	EBF4	EBF4
chr19	4229522	+	EBI3	EBI3
chr10	22209983	-	EBLN1	EBLN1
chr3	73061658	+	EBLN2	EBLN2
chr9	37079895	+	EBLN3P	EBLN3P
chr1	43172290	-	EBNA1BP2	EBNA1BP2
chrX	48521807	+	EBP	EBP
chr13	49691486	-	EBPL	EBPL
chr10	73168008	-	ECD	ECD
chr1	21279615	-	ECE1	ECE1
chr1	21293289	+	ECE1-AS1	ECE1-AS1
chr3	184276021	+	ECE2	ECE2
chr2	232487834	-	ECEL1	ECEL1
chr2	232387044	-	ECEL1P2	ECEL1P2
chr19	38831794	-	ECH1	ECH1
chr6	127342407	-	ECHDC1	ECHDC1
chr1	52921740	-	ECHDC2	ECHDC2
chr10	11742381	+	ECHDC3	ECHDC3
chr10	133373354	-	ECHS1	ECHS1
chr16	2251587	-	ECI1	ECI1
chr6	4135468	-	ECI2	ECI2
chr6	4136071	+	ECI2-DT	ECI2-DT
chr1	150508108	+	ECM1	ECM1
chr9	92536092	-	ECM2	ECM2
chrX	153479265	+	ECMXP	ECMXP
chr9	111483562	-	ECPAS	ECPAS
chr2	106065687	+	ECRG4	ECRG4
chr14	20919340	+	ECRP	ECRP
chr5	139462743	-	ECSCR	ECSCR
chr19	11528865	-	ECSIT	ECSIT
chr3	172750684	+	ECT2	ECT2
chr6	138796110	+	ECT2L	ECT2L
chrX	69616112	+	EDA	EDA
chrX	66616030	-	EDA2R	EDA2R
chr2	108989220	-	EDAR	EDAR
chr1	236394285	+	EDARADD	EDARADD
chr15	74696024	-	EDC3	EDC3
chr16	67873051	+	EDC4	EDC4
chr19	56272747	+	EDDM13	EDDM13
chr14	20745886	+	EDDM3A	EDDM3A
chr14	20768403	+	EDDM3B	EDDM3B
chr3	5187706	+	EDEM1	EDEM1
chr20	35147336	-	EDEM2	EDEM2
chr1	184754858	-	EDEM3	EDEM3
chr9	136866308	-	EDF1	EDF1
chr5	84384867	-	EDIL3	EDIL3
chr6	12290360	+	EDN1	EDN1
chr1	41484683	-	EDN2	EDN2
chr20	59300610	+	EDN3	EDN3
chr4	147480916	+	EDNRA	EDNRA
chr13	77918831	-	EDNRB	EDNRB
chr13	77818936	+	EDNRB-AS1	EDNRB-AS1
chr10	125719514	+	EDRF1	EDRF1
chr10	125752060	-	EDRF1-AS1	EDRF1-AS1
chr10	125719493	-	EDRF1-DT	EDRF1-DT
chr12	92929295	-	EEA1	EEA1
chr11	86244383	+	EED	EED
chr6	73521032	-	EEF1A1	EEF1A1
chr20	63499083	-	EEF1A2	EEF1A2
chr13	20773958	-	EEF1AKMT1	EEF1AKMT1
chr10	124791887	-	EEF1AKMT2	EEF1AKMT2
chr12	57772613	+	EEF1AKMT3	EEF1AKMT3
chr3	184249671	+	EEF1AKMT4	EEF1AKMT4
chr3	184249671	+	EEF1AKMT4-ECE2	EEF1AKMT4-ECE2
chr1	171781659	+	EEF1AKNMT	EEF1AKNMT
chr2	206159593	+	EEF1B2	EEF1B2
chr8	143597413	-	EEF1D	EEF1D
chr13	31846782	+	EEF1DP3	EEF1DP3
chr6	8102548	-	EEF1E1	EEF1E1
chr6	8102595	-	EEF1E1-BLOC1S5	EEF1E1-BLOC1S5
chr11	62573891	-	EEF1G	EEF1G
chr19	3985463	-	EEF2	EEF2
chr16	22206277	+	EEF2K	EEF2K
chr16	5097795	-	EEF2KMT	EEF2KMT
chr3	128153480	+	EEFSEC	EEFSEC
chr7	36153253	+	EEPD1	EEPD1
chr8	48735268	-	EFCAB1	EFCAB1
chr7	105581493	-	EFCAB10	EFCAB10
chr14	89954536	-	EFCAB11	EFCAB11
chr3	129428636	-	EFCAB12	EFCAB12
chr17	47323954	+	EFCAB13	EFCAB13
chr1	46719114	-	EFCAB14	EFCAB14
chr1	46674035	+	EFCAB14-AS1	EFCAB14-AS1
chr1	244969868	+	EFCAB2	EFCAB2
chr17	62370217	+	EFCAB3	EFCAB3
chr17	29929902	+	EFCAB5	EFCAB5
chr22	43812305	-	EFCAB6	EFCAB6
chr22	43516253	+	EFCAB6-AS1	EFCAB6-AS1
chr1	63523524	+	EFCAB7	EFCAB7
chr20	32858922	+	EFCAB8	EFCAB8
chr5	172194171	+	EFCAB9	EFCAB9
chr3	129001303	+	EFCC1	EFCC1
chr2	55923782	-	EFEMP1	EFEMP1
chr11	65872800	-	EFEMP2	EFEMP2
chr3	19934217	-	EFHB	EFHB
chr6	52420341	+	EFHC1	EFHC1
chrX	44343672	-	EFHC2	EFHC2
chr2	232606056	+	EFHD1	EFHD1
chr1	15409887	+	EFHD2	EFHD2
chr15	82262528	-	EFL1	EFL1
chr15	84080186	+	EFL1P1	EFL1P1
chr1	155127875	+	EFNA1	EFNA1
chr19	1285872	+	EFNA2	EFNA2
chr1	155078836	+	EFNA3	EFNA3
chr1	155063739	+	EFNA4	EFNA4
chr5	107670937	-	EFNA5	EFNA5
chrX	68829020	+	EFNB1	EFNB1
chr13	106535662	-	EFNB2	EFNB2
chr17	7705201	+	EFNB3	EFNB3
chr8	131904092	+	EFR3A	EFR3A
chr2	25042075	+	EFR3B	EFR3B
chr14	23365172	-	EFS	EFS
chr17	44899368	-	EFTUD2	EFTUD2
chr4	109912882	+	EGF	EGF
chr3	168249521	+	EGFEM1P	EGFEM1P
chrX	13569600	+	EGFL6	EGFL6
chr9	136658855	+	EGFL7	EGFL7
chr6	32164594	+	EGFL8	EGFL8
chr5	38258558	+	EGFLAM	EGFLAM
chr5	38403471	-	EGFLAM-AS2	EGFLAM-AS2
chr5	38290986	-	EGFLAM-AS4	EGFLAM-AS4
chr7	55019016	+	EGFR	EGFR
chr7	55188949	-	EGFR-AS1	EGFR-AS1
chr1	231422287	-	EGLN1	EGLN1
chr19	40799190	+	EGLN2	EGLN2
chr14	33951074	-	EGLN3	EGLN3
chr3	4751590	-	EGOT	EGOT
chr5	138465478	+	EGR1	EGR1
chr10	62816366	-	EGR2	EGR2
chr8	22692364	-	EGR3	EGR3
chr2	73293548	-	EGR4	EGR4
chr2	62673877	+	EHBP1	EHBP1
chr11	65576037	+	EHBP1L1	EHBP1L1
chr11	64878621	-	EHD1	EHD1
chr19	47713421	+	EHD2	EHD2
chr2	31234151	+	EHD3	EHD3
chr15	41972557	-	EHD4	EHD4
chr15	41921416	+	EHD4-AS1	EHD4-AS1
chr11	34621092	+	EHF	EHF
chr3	185254049	-	EHHADH	EHHADH
chr3	185162900	+	EHHADH-AS1	EHHADH-AS1
chr9	137619004	+	EHMT1	EHMT1
chr6	31896989	-	EHMT2	EHMT2
chr11	125569476	+	EI24	EI24
chr15	48878133	+	EID1	EID1
chr19	39540161	-	EID2	EID2
chr19	39532852	-	EID2B	EID2B
chr12	104303738	+	EID3	EID3
chr17	41688884	+	EIF1	EIF1
chr11	66002157	-	EIF1AD	EIF1AD
chrX	20141838	-	EIF1AX	EIF1AX
chrX	20139967	+	EIF1AX-AS1	EIF1AX-AS1
chrY	20575710	+	EIF1AY	EIF1AY
chr3	40309706	+	EIF1B	EIF1B
chr3	40309698	-	EIF1B-AS1	EIF1B-AS1
chr3	150546677	+	EIF2A	EIF2A
chr7	6059175	-	EIF2AK1	EIF2AK1
chr2	37147822	-	EIF2AK2	EIF2AK2
chr2	88624929	-	EIF2AK3	EIF2AK3
chr2	88627828	+	EIF2AK3-DT	EIF2AK3-DT
chr15	39934114	+	EIF2AK4	EIF2AK4
chr12	123633686	-	EIF2B1	EIF2B1
chr14	75002920	+	EIF2B2	EIF2B2
chr1	44986595	-	EIF2B3	EIF2B3
chr2	27370052	-	EIF2B4	EIF2B4
chr3	184135357	+	EIF2B5	EIF2B5
chr1	206612465	-	EIF2D	EIF2D
chr14	67360327	+	EIF2S1	EIF2S1
chr20	34112243	-	EIF2S2	EIF2S2
chrX	24054955	+	EIF2S3	EIF2S3
chr12	10505892	+	EIF2S3B	EIF2S3B
chr10	119080817	-	EIF3A	EIF3A
chr7	2354085	+	EIF3B	EIF3B
chr16	28403841	-	EIF3C	EIF3C
chr16	28403841	-	EIF3CL	EIF3CL
chr22	36529166	-	EIF3D	EIF3D
chr8	108248717	-	EIF3E	EIF3E
chr11	7987336	+	EIF3F	EIF3F
chr19	10119899	-	EIF3G	EIF3G
chr8	116755823	-	EIF3H	EIF3H
chr1	32221583	+	EIF3I	EIF3I
chr7	109960213	-	EIF3IP1	EIF3IP1
chr15	44537067	+	EIF3J	EIF3J
chr15	44536900	-	EIF3J-DT	EIF3J-DT
chr19	38619187	+	EIF3K	EIF3K
chr22	37849418	+	EIF3L	EIF3L
chr11	32583830	+	EIF3M	EIF3M
chr17	7572824	+	EIF4A1	EIF4A1
chr3	186783576	+	EIF4A2	EIF4A2
chr17	80147128	-	EIF4A3	EIF4A3
chr12	53006455	+	EIF4B	EIF4B
chr4	98929133	-	EIF4E	EIF4E
chr5	176630674	+	EIF4E1B	EIF4E1B
chr2	232550586	+	EIF4E2	EIF4E2
chr3	71725402	-	EIF4E3	EIF4E3
chr8	38030533	+	EIF4EBP1	EIF4EBP1
chr10	70404144	+	EIF4EBP2	EIF4EBP2
chr5	140547661	+	EIF4EBP3	EIF4EBP3
chr22	31489556	-	EIF4ENIF1	EIF4ENIF1
chr3	184314494	+	EIF4G1	EIF4G1
chr11	10807996	-	EIF4G2	EIF4G2
chr1	21111383	-	EIF4G3	EIF4G3
chr7	74174355	+	EIF4H	EIF4H
chr14	103334236	+	EIF5	EIF5
chr17	7306998	+	EIF5A	EIF5A
chr3	170908637	-	EIF5A2	EIF5A2
chr10	79512532	+	EIF5AL1	EIF5AL1
chr2	99337388	+	EIF5B	EIF5B
chr20	35284717	-	EIF6	EIF6
chr2	3377818	-	EIPR1	EIPR1
chr18	50968039	+	ELAC1	ELAC1
chr17	13018027	-	ELAC2	ELAC2
chr19	852302	+	ELANE	ELANE
chr1	109114114	+	ELAPOR1	ELAPOR1
chr7	86965899	-	ELAPOR2	ELAPOR2
chr19	8005641	-	ELAVL1	ELAVL1
chr9	23821156	-	ELAVL2	ELAVL2
chr19	11481046	-	ELAVL3	ELAVL3
chr1	50048054	+	ELAVL4	ELAVL4
chr7	55255635	-	ELDR	ELDR
chr13	40982282	-	ELF1	ELF1
chr4	139084224	-	ELF2	ELF2
chr1	202010586	+	ELF3	ELF3
chr1	202010353	-	ELF3-AS1	ELF3-AS1
chrX	130110497	-	ELF4	ELF4
chr11	34511724	-	ELF5	ELF5
chr7	1688118	+	ELFN1	ELFN1
chr7	1742310	-	ELFN1-AS1	ELFN1-AS1
chr22	37427470	-	ELFN2	ELFN2
chrX	47650604	-	ELK1	ELK1
chr14	105672807	-	ELK2AP	ELK2AP
chr12	96194374	+	ELK3	ELK3
chr1	205632011	-	ELK4	ELK4
chr19	18522070	-	ELL	ELL
chr5	95961851	-	ELL2	ELL2
chr15	43776966	-	ELL3	ELL3
chr7	36985112	-	ELMO1	ELMO1
chr7	36997795	+	ELMO1-AS1	ELMO1-AS1
chr20	46406615	-	ELMO2	ELMO2
chr16	67199130	+	ELMO3	ELMO3
chr11	107591090	+	ELMOD1	ELMOD1
chr4	140524167	+	ELMOD2	ELMOD2
chr2	85354768	+	ELMOD3	ELMOD3
chr7	74027788	+	ELN	ELN
chr1	23743365	+	ELOA	ELOA
chr1	23778297	-	ELOA-AS1	ELOA-AS1
chr18	47035617	-	ELOA2	ELOA2
chr16	2777280	-	ELOB	ELOB
chr8	73971908	-	ELOC	ELOC
chr19	11555467	-	ELOF1	ELOF1
chr1	43367738	-	ELOVL1	ELOVL1
chr6	11044305	-	ELOVL2	ELOVL2
chr6	11043757	+	ELOVL2-AS1	ELOVL2-AS1
chr10	102226298	+	ELOVL3	ELOVL3
chr6	79947553	-	ELOVL4	ELOVL4
chr6	53348950	-	ELOVL5	ELOVL5
chr4	110198615	-	ELOVL6	ELOVL6
chr5	60844269	-	ELOVL7	ELOVL7
chr9	108934124	-	ELP1	ELP1
chr18	36129898	+	ELP2	ELP2
chr8	28090231	+	ELP3	ELP3
chr11	31509766	+	ELP4	ELP4
chr17	7251736	+	ELP5	ELP5
chr3	47513345	-	ELP6	ELP6
chr19	47994631	+	ELSPBP1	ELSPBP1
chr5	50441288	-	EMB	EMB
chr1	121519111	+	EMBP1	EMBP1
chr1	19251524	-	EMC1	EMC1
chr1	19210385	+	EMC1-AS1	EMC1-AS1
chr19	50476506	+	EMC10	EMC10
chr8	108443582	+	EMC2	EMC2
chr3	10011118	-	EMC3	EMC3
chr3	9986892	+	EMC3-AS1	EMC3-AS1
chr15	34225015	+	EMC4	EMC4
chr17	3668722	+	EMC6	EMC6
chr15	34101862	-	EMC7	EMC7
chr16	85799544	-	EMC8	EMC8
chr14	24141591	-	EMC9	EMC9
chr4	100518022	-	EMCN	EMCN
chrX	154379294	+	EMD	EMD
chr17	50373219	+	EME1	EME1
chr16	1773227	+	EME2	EME2
chr12	6970912	+	EMG1	EMG1
chr22	29205895	+	EMID1	EMID1
chr2	27078614	+	EMILIN1	EMILIN1
chr18	2847005	+	EMILIN2	EMILIN2
chr20	41366818	-	EMILIN3	EMILIN3
chr14	99737721	+	EML1	EML1
chr19	45639397	-	EML2	EML2
chr19	45641493	+	EML2-AS1	EML2-AS1
chr11	62612775	-	EML3	EML3
chr2	42169352	+	EML4	EML4
chr2	42170231	-	EML4-AS1	EML4-AS1
chr14	88792953	-	EML5	EML5
chr2	54725011	+	EML6	EML6
chr12	13196725	+	EMP1	EMP1
chr16	10580598	-	EMP2	EMP2
chr19	48325551	+	EMP3	EMP3
chr7	101308306	+	EMSLR	EMSLR
chr11	76445017	+	EMSY	EMSY
chr2	72917518	+	EMX1	EMX1
chr10	117542444	+	EMX2	EMX2
chr10	117542589	-	EMX2OS	EMX2OS
chr2	118847648	-	EN1	EN1
chr7	155458128	+	EN2	EN2
chr1	225653123	-	ENAH	ENAH
chr4	70628743	+	ENAM	ENAM
chr5	74641424	-	ENC1	ENC1
chr11	95089845	+	ENDOD1	ENDOD1
chr9	128818499	+	ENDOG	ENDOG
chr12	47725490	-	ENDOU	ENDOU
chr17	80415166	+	ENDOV	ENDOV
chr9	127847167	-	ENG	ENG
chr17	79074823	+	ENGASE	ENGASE
chr9	34522990	-	ENHO	ENHO
chr16	67666750	-	ENKD1	ENKD1
chr10	25016158	-	ENKUR	ENKUR
chr1	8878686	-	ENO1	ENO1
chr1	8878834	+	ENO1-AS1	ENO1-AS1
chr12	6914579	+	ENO2	ENO2
chr17	4950551	+	ENO3	ENO3
chr10	116849498	+	ENO4	ENO4
chr4	82430589	+	ENOPH1	ENOPH1
chr18	712630	-	ENOSF1	ENOSF1
chr13	43629477	-	ENOX1	ENOX1
chr13	43448851	+	ENOX1-AS2	ENOX1-AS2
chrX	130903209	-	ENOX2	ENOX2
chr4	110476154	+	ENPEP	ENPEP
chr6	131808019	+	ENPP1	ENPP1
chr8	119592979	-	ENPP2	ENPP2
chr6	131637301	+	ENPP3	ENPP3
chr6	46129988	+	ENPP4	ENPP4
chr6	46170980	-	ENPP5	ENPP5
chr4	184217873	-	ENPP6	ENPP6
chr17	79730942	+	ENPP7	ENPP7
chr16	33769376	+	ENPP7P13	ENPP7P13
chr1	150629133	-	ENSA	ENSA
chr22	39893760	-	ENTHD1	ENTHD1
chr10	95711763	+	ENTPD1	ENTPD1
chr10	96090235	-	ENTPD1-AS1	ENTPD1-AS1
chr9	137054061	-	ENTPD2	ENTPD2
chr3	40387183	+	ENTPD3	ENTPD3
chr3	40453308	-	ENTPD3-AS1	ENTPD3-AS1
chr8	23457647	-	ENTPD4	ENTPD4
chr14	74019288	-	ENTPD5	ENTPD5
chr20	25195669	+	ENTPD6	ENTPD6
chr10	99659508	+	ENTPD7	ENTPD7
chr9	137441357	-	ENTPD8	ENTPD8
chr9	136410614	-	ENTR1	ENTR1
chr8	109334346	+	ENY2	ENY2
chr3	69013684	-	EOGT	EOGT
chrX	149540600	+	EOLA1	EOLA1
chrX	149938491	-	EOLA2	EOLA2
chr3	27722323	-	EOMES	EOMES
chr22	41092591	+	EP300	EP300
chr22	41197501	-	EP300-AS1	EP300-AS1
chr12	131949941	+	EP400	EP400
chr12	132084282	+	EP400P1	EP400P1
chr2	46297406	+	EPAS1	EPAS1
chr1	28887090	+	EPB41	EPB41
chr20	36091413	+	EPB41L1	EPB41L1
chr6	130970483	-	EPB41L2	EPB41L2
chr18	5521379	-	EPB41L3	EPB41L3
chr5	112419277	-	EPB41L4A	EPB41L4A
chr5	112160525	+	EPB41L4A-AS1	EPB41L4A-AS1
chr5	112419582	+	EPB41L4A-DT	EPB41L4A-DT
chr9	109320964	-	EPB41L4B	EPB41L4B
chr2	120013076	+	EPB41L5	EPB41L5
chr15	43221018	-	EPB42	EPB42
chr10	32347158	-	EPC1	EPC1
chr2	148644750	+	EPC2	EPC2
chr2	47369310	+	EPCAM	EPCAM
chr2	47345074	-	EPCAM-DT	EPCAM-DT
chr7	37920560	+	EPDR1	EPDR1
chr18	45967329	-	EPG5	EPG5
chr4	74308469	+	EPGN	EPGN
chr7	143408856	-	EPHA1	EPHA1
chr7	143407812	+	EPHA1-AS1	EPHA1-AS1
chr1	37765120	-	EPHA10	EPHA10
chr1	16156069	-	EPHA2	EPHA2
chr3	89107620	+	EPHA3	EPHA3
chr2	221572304	-	EPHA4	EPHA4
chr4	65669488	-	EPHA5	EPHA5
chr4	65669960	+	EPHA5-AS1	EPHA5-AS1
chr3	96814593	+	EPHA6	EPHA6
chr6	93417160	-	EPHA7	EPHA7
chr1	22563488	+	EPHA8	EPHA8
chr3	134795259	+	EPHB1	EPHB1
chr1	22710837	+	EPHB2	EPHB2
chr3	184561784	+	EPHB3	EPHB3
chr7	100827523	-	EPHB4	EPHB4
chr7	142855013	+	EPHB6	EPHB6
chr1	225810123	+	EPHX1	EPHX1
chr8	27491142	+	EPHX2	EPHX2
chr19	15232448	-	EPHX3	EPHX3
chr1	92029984	+	EPHX4	EPHX4
chr6	145686877	-	EPM2A	EPM2A
chr3	36993131	-	EPM2AIP1	EPM2AIP1
chr19	55675194	+	EPN1	EPN1
chr17	19237376	+	EPN2	EPN2
chr17	19306261	-	EPN2-AS1	EPN2-AS1
chr17	19271392	+	EPN2-IT1	EPN2-IT1
chr17	50532734	+	EPN3	EPN3
chr7	100720467	+	EPO	EPO
chr17	38674957	-	EPOP	EPOP
chr19	11384314	-	EPOR	EPOR
chr20	45547401	-	EPPIN	EPPIN
chr20	45547401	-	EPPIN-WFDC6	EPPIN-WFDC6
chr8	143878467	-	EPPK1	EPPK1
chr1	220046505	-	EPRS1	EPRS1
chr1	51422095	-	EPS15	EPS15
chr19	16471970	-	EPS15L1	EPS15L1
chr12	15789388	-	EPS8	EPS8
chr19	55075868	+	EPS8L1	EPS8L1
chr11	706230	+	EPS8L2	EPS8L2
chr1	109763923	-	EPS8L3	EPS8L3
chr13	42992241	-	EPSTI1	EPSTI1
chr17	58192725	+	EPX	EPX
chr12	91004972	-	EPYC	EPYC
chr9	27297139	-	EQTN	EQTN
chr17	28855015	+	ERAL1	ERAL1
chr5	96807945	-	ERAP1	ERAP1
chr5	96875938	+	ERAP2	ERAP2
chrX	48826512	+	ERAS	ERAS
chr17	39688093	+	ERBB2	ERBB2
chr12	56080107	+	ERBB3	ERBB3
chr2	212538628	-	ERBB4	ERBB4
chr5	65926553	+	ERBIN	ERBIN
chr12	991222	+	ERC1	ERC1
chr3	56468467	-	ERC2	ERC2
chr3	55659469	-	ERC2-IT1	ERC2-IT1
chr19	45423528	-	ERCC1	ERCC1
chr19	45370573	-	ERCC2	ERCC2
chr2	127294144	-	ERCC3	ERCC3
chr16	13920153	+	ERCC4	ERCC4
chr13	102846031	+	ERCC5	ERCC5
chr10	49539121	-	ERCC6	ERCC6
chrX	72239027	-	ERCC6L	ERCC6L
chr9	95875690	+	ERCC6L2	ERCC6L2
chr5	60945070	-	ERCC8	ERCC8
chr4	74365144	+	EREG	EREG
chr19	42253899	-	ERF	ERF
chr2	238158969	+	ERFE	ERFE
chr19	41928449	-	ERFL	ERFL
chr21	38498477	-	ERG	ERG
chr14	75660876	-	ERG28	ERG28
chr5	172834250	+	ERGIC1	ERGIC1
chr12	29381172	-	ERGIC2	ERGIC2
chr20	35542077	+	ERGIC3	ERGIC3
chr14	69398299	-	ERH	ERH
chr8	9002896	+	ERI1	ERI1
chr16	20806472	-	ERI2	ERI2
chr1	44355257	-	ERI3	ERI3
chr1	44244283	-	ERI3-IT1	ERI3-IT1
chr8	731224	-	ERICH1	ERICH1
chr2	170770681	+	ERICH2	ERICH2
chr1	74673792	-	ERICH3	ERICH3
chr1	74577429	+	ERICH3-AS1	ERICH3-AS1
chr19	41443155	+	ERICH4	ERICH4
chr8	98064521	+	ERICH5	ERICH5
chr3	150703920	-	ERICH6	ERICH6
chr3	150703563	+	ERICH6-AS1	ERICH6-AS1
chr13	45615739	-	ERICH6B	ERICH6B
chr2	53786930	+	ERLEC1	ERLEC1
chr10	100186029	-	ERLIN1	ERLIN1
chr8	37736633	+	ERLIN2	ERLIN2
chr1	204141407	+	ERLNC1	ERLNC1
chr1	42817121	+	ERMAP	ERMAP
chr6	169751621	+	ERMARD	ERMARD
chr2	157325824	-	ERMN	ERMN
chr9	5833117	-	ERMP1	ERMP1
chr17	64130144	-	ERN1	ERN1
chr16	23713222	-	ERN2	ERN2
chr14	52695558	-	ERO1A	ERO1A
chr1	236281958	-	ERO1B	ERO1B
chr12	14929125	-	ERP27	ERP27
chr12	112013347	+	ERP29	ERP29
chr9	100099000	-	ERP44	ERP44
chr1	8026309	-	ERRFI1	ERRFI1
chr7	65006687	-	ERV3-1	ERV3-1
chr7	65006746	-	ERV3-1-ZNF117	ERV3-1-ZNF117
chr6	11111725	-	ERVFRD-1	ERVFRD-1
chr21	42925598	-	ERVH48-1	ERVH48-1
chr16	2673439	-	ERVK13-1	ERVK13-1
chr19	58305373	+	ERVK3-1	ERVK3-1
chr4	52751425	-	ERVMER34-1	ERVMER34-1
chr19	53014090	+	ERVV-1	ERVV-1
chr19	53044739	+	ERVV-2	ERVV-2
chr7	92471424	-	ERVW-1	ERVW-1
chr11	124762290	-	ESAM	ESAM
chr18	21600704	-	ESCO1	ESCO1
chr8	27774553	+	ESCO2	ESCO2
chr13	46797161	-	ESD	ESD
chr20	13784886	-	ESF1	ESF1
chr5	54985593	-	ESM1	ESM1
chr12	53268298	+	ESPL1	ESPL1
chr1	6424775	+	ESPN	ESPN
chr2	238100339	+	ESPNL	ESPNL
chr1	16720157	-	ESPNP	ESPNP
chr6	151656671	+	ESR1	ESR1
chr14	64283075	-	ESR2	ESR2
chr3	54639857	-	ESRG	ESRG
chr8	94641173	+	ESRP1	ESRP1
chr16	68236127	-	ESRP2	ESRP2
chr11	64305523	+	ESRRA	ESRRA
chr14	76371270	+	ESRRB	ESRRB
chr1	216723429	-	ESRRG	ESRRG
chr22	19144651	-	ESS2	ESS2
chrX	104254933	-	ESX1	ESX1
chr12	56128201	+	ESYT1	ESYT1
chr7	158829509	-	ESYT2	ESYT2
chr3	138434572	+	ESYT3	ESYT3
chr2	67397332	+	ETAA1	ETAA1
chrX	135252060	+	ETDA	ETDA
chrX	135120526	-	ETDB	ETDB
chrX	135309479	+	ETDC	ETDC
chr5	138541711	-	ETF1	ETF1
chr15	76311469	-	ETFA	ETFA
chr19	51354842	-	ETFB	ETFB
chr12	31647159	+	ETFBKMT	ETFBKMT
chr4	158672100	+	ETFDH	ETFDH
chr12	25195236	+	ETFRF1	ETFRF1
chr19	43527201	-	ETHE1	ETHE1
chr12	22625170	+	ETNK1	ETNK1
chr1	204152044	-	ETNK2	ETNK2
chr4	108763053	-	ETNPPL	ETNPPL
chr11	128522310	-	ETS1	ETS1
chr11	128526141	+	ETS1-AS1	ETS1-AS1
chr21	38805182	+	ETS2	ETS2
chr7	13986514	-	ETV1	ETV1
chr19	35641744	+	ETV2	ETV2
chr1	157138395	-	ETV3	ETV3
chr1	157099808	-	ETV3L	ETV3L
chr17	43530435	-	ETV4	ETV4
chr3	186109089	-	ETV5	ETV5
chr12	11649673	+	ETV6	ETV6
chr6	36387669	-	ETV7	ETV7
chr2	75560939	-	EVA1A	EVA1A
chr1	36323645	-	EVA1B	EVA1B
chr21	32411722	+	EVA1C	EVA1C
chr6	70394201	+	EVADR	EVADR
chr4	5711200	+	EVC	EVC
chr4	5708559	-	EVC2	EVC2
chr17	31321622	-	EVI2A	EVI2A
chr17	31314054	-	EVI2B	EVI2B
chr1	92785108	-	EVI5	EVI5
chr19	7830217	+	EVI5L	EVI5L
chr14	99971421	+	EVL	EVL
chr17	76027306	-	EVPL	EVPL
chr17	18377777	+	EVPLL	EVPLL
chr7	27242801	+	EVX1	EVX1
chr7	27247229	-	EVX1-AS	EVX1-AS
chr2	176083962	-	EVX2	EVX2
chr15	69080849	+	EWSAT1	EWSAT1
chr22	29268267	+	EWSR1	EWSR1
chr15	41230757	-	EXD1	EXD1
chr14	69191476	+	EXD2	EXD2
chr9	137423162	-	EXD3	EXD3
chr1	241848190	+	EXO1	EXO1
chr1	40508718	+	EXO5	EXO5
chr4	55853647	+	EXOC1	EXOC1
chr4	55819789	+	EXOC1L	EXOC1L
chr6	693139	-	EXOC2	EXOC2
chr5	443175	+	EXOC3	EXOC3
chr5	443160	-	EXOC3-AS1	EXOC3-AS1
chr16	67190136	-	EXOC3L1	EXOC3L1
chr19	45245407	-	EXOC3L2	EXOC3L2
chr14	103100143	+	EXOC3L4	EXOC3L4
chr7	133253066	+	EXOC4	EXOC4
chr14	57268905	-	EXOC5	EXOC5
chr10	92826830	+	EXOC6	EXOC6
chr2	72826033	-	EXOC6B	EXOC6B
chr17	76103571	-	EXOC7	EXOC7
chr1	231337852	-	EXOC8	EXOC8
chr3	38496271	+	EXOG	EXOG
chr10	97446006	-	EXOSC1	EXOSC1
chr1	11099869	-	EXOSC10	EXOSC10
chr1	11099674	+	EXOSC10-AS1	EXOSC10-AS1
chr9	130693759	+	EXOSC2	EXOSC2
chr9	37785064	-	EXOSC3	EXOSC3
chr8	144078671	+	EXOSC4	EXOSC4
chr19	41397359	-	EXOSC5	EXOSC5
chr16	70251940	-	EXOSC6	EXOSC6
chr3	44976243	+	EXOSC7	EXOSC7
chr13	37000785	+	EXOSC8	EXOSC8
chr4	121801322	+	EXOSC9	EXOSC9
chr11	108538177	-	EXPH5	EXPH5
chr8	118111826	-	EXT1	EXT1
chr11	44095677	+	EXT2	EXT2
chr1	26021774	+	EXTL1	EXTL1
chr1	100894842	-	EXTL2	EXTL2
chr8	28701500	+	EXTL3	EXTL3
chr8	28701464	-	EXTL3-AS1	EXTL3-AS1
chr8	71356706	-	EYA1	EYA1
chr20	46894623	+	EYA2	EYA2
chr1	28088610	-	EYA3	EYA3
chr6	133241356	+	EYA4	EYA4
chr6	65579804	-	EYS	EYS
chr17	42745040	-	EZH1	EZH1
chr7	148883485	-	EZH2	EZH2
chrX	51406947	+	EZHIP	EZHIP
chr6	158818235	-	EZR	EZR
chr6	158817978	+	EZR-AS1	EZR-AS1
chr13	113122798	+	F10	F10
chr13	113130046	-	F10-AS1	F10-AS1
chr4	186266188	+	F11	F11
chr4	186501058	-	F11-AS1	F11-AS1
chr1	161021152	-	F11R	F11R
chr5	177409564	-	F12	F12
chr6	6320662	-	F13A1	F13A1
chr1	197067260	-	F13B	F13B
chr11	46719212	+	F2	F2
chr5	76716125	+	F2R	F2R
chr5	76819029	+	F2RL1	F2RL1
chr5	76623403	-	F2RL2	F2RL2
chr19	16888998	+	F2RL3	F2RL3
chr1	94541759	-	F3	F3
chr1	169586481	-	F5	F5
chr13	113105787	+	F7	F7
chrX	154886302	-	F8	F8
chrX	154886359	+	F8A1	F8A1
chrX	154886374	+	F8A2	F8A2
chrX	154886354	+	F8A3	F8A3
chrX	139530735	+	F9	F9
chr16	74774820	-	FA2H	FA2H
chr1	46394316	+	FAAH	FAAH
chrX	57286676	+	FAAH2	FAAH2
chr1	46433826	+	FAAHP1	FAAHP1
chr17	81552353	-	FAAP100	FAAP100
chr1	2194772	-	FAAP20	FAAP20
chr19	32972241	+	FAAP24	FAAP24
chr2	88128062	-	FABP1	FABP1
chr8	81531390	-	FABP12	FABP12
chr4	119322138	-	FABP2	FABP2
chr1	31373076	-	FABP3	FABP3
chr8	81483233	-	FABP4	FABP4
chr8	81280535	+	FABP5	FABP5
chr7	152436894	+	FABP5P3	FABP5P3
chr5	160187380	+	FABP6	FABP6
chr6	122749200	+	FABP7	FABP7
chr8	81461579	-	FABP9	FABP9
chr11	70203295	+	FADD	FADD
chr11	61817003	-	FADS1	FADS1
chr11	61816202	+	FADS2	FADS2
chr11	61891545	-	FADS3	FADS3
chr17	74893633	-	FADS6	FADS6
chr1	50960267	-	FAF1	FAF1
chr5	176448384	+	FAF2	FAF2
chr15	80152788	+	FAH	FAH
chr16	1827223	+	FAHD1	FAHD1
chr2	95402707	+	FAHD2A	FAHD2A
chr2	97094882	-	FAHD2B	FAHD2B
chr2	96010550	+	FAHD2CP	FAHD2CP
chr3	138608770	+	FAIM	FAIM
chr12	49903900	-	FAIM2	FAIM2
chr1	150515756	+	FALEC	FALEC
chr9	127950714	-	FAM102A	FAM102A
chr1	108560099	+	FAM102B	FAM102B
chr17	73227717	-	FAM104A	FAM104A
chrX	55161102	-	FAM104B	FAM104B
chr17	18526846	-	FAM106A	FAM106A
chr17	20417019	+	FAM106B	FAM106B
chr17	16788742	+	FAM106C	FAM106C
chr3	58577391	-	FAM107A	FAM107A
chr10	14532714	-	FAM107B	FAM107B
chr20	833714	+	FAM110A	FAM110A
chr8	57994522	+	FAM110B	FAM110B
chr2	46505	-	FAM110C	FAM110C
chr1	26159078	+	FAM110D	FAM110D
chr11	59142855	+	FAM111A	FAM111A
chr11	59142808	-	FAM111A-DT	FAM111A-DT
chr11	59107184	+	FAM111B	FAM111B
chr4	38867805	+	FAM114A1	FAM114A1
chr5	154038910	-	FAM114A2	FAM114A2
chr17	49764131	-	FAM117A	FAM117A
chr2	202634968	+	FAM117B	FAM117B
chr22	45308959	+	FAM118A	FAM118A
chr11	126211723	+	FAM118B	FAM118B
chr9	93451684	+	FAM120A	FAM120A
chr9	93451608	-	FAM120AOS	FAM120AOS
chr6	170290702	+	FAM120B	FAM120B
chrX	54183254	-	FAM120C	FAM120C
chr9	68780064	+	FAM122A	FAM122A
chrX	134796355	-	FAM122B	FAM122B
chrX	134796394	+	FAM122C	FAM122C
chr13	51222333	+	FAM124A	FAM124A
chr2	224401994	-	FAM124B	FAM124B
chr7	23014130	-	FAM126A	FAM126A
chr2	201071671	-	FAM126B	FAM126B
chr3	184335925	+	FAM131A	FAM131A
chr7	143362080	-	FAM131B	FAM131B
chr1	16073651	-	FAM131C	FAM131C
chrX	93674012	+	FAM133A	FAM133A
chr7	92590049	-	FAM133B	FAM133B
chr10	58715014	+	FAM133CP	FAM133CP
chr2	157380509	-	FAM133DP	FAM133DP
chr6	70413403	+	FAM135A	FAM135A
chr6	70413958	-	FAM135A-AS1	FAM135A-AS1
chr8	138497261	-	FAM135B	FAM135B
chr2	70302067	-	FAM136A	FAM136A
chr9	35864	-	FAM138A	FAM138A
chr2	113577381	+	FAM138B	FAM138B
chr9	35864	-	FAM138C	FAM138C
chr12	38133	-	FAM138D	FAM138D
chr15	101954884	+	FAM138E	FAM138E
chr9	35864	-	FAM138F	FAM138F
chr4	88823361	-	FAM13A	FAM13A
chr4	88709788	+	FAM13A-AS1	FAM13A-AS1
chr5	138033113	-	FAM13B	FAM13B
chr10	59362549	-	FAM13C	FAM13C
chr4	186104703	+	FAM149A	FAM149A
chr10	73168118	+	FAM149B1	FAM149B1
chr1	54623525	-	FAM151A	FAM151A
chr5	80488099	+	FAM151B	FAM151B
chr5	177782920	-	FAM153A	FAM153A
chr5	176063054	+	FAM153B	FAM153B
chr5	178007691	+	FAM153CP	FAM153CP
chr13	107867496	-	FAM155A	FAM155A
chr13	107835458	-	FAM155A-IT1	FAM155A-IT1
chrX	69504325	+	FAM155B	FAM155B
chrX	52897242	+	FAM156A	FAM156A
chrX	52891591	+	FAM156B	FAM156B
chr3	198153205	+	FAM157A	FAM157A
chr9	138216855	+	FAM157B	FAM157B
chr16	90102263	+	FAM157C	FAM157C
chr4	151409175	+	FAM160A1	FAM160A1
chr11	6234636	-	FAM160A2	FAM160A2
chr10	114821779	+	FAM160B1	FAM160B1
chr8	22089149	+	FAM160B2	FAM160B2
chr2	61854060	-	FAM161A	FAM161A
chr14	73950094	-	FAM161B	FAM161B
chr3	122384181	+	FAM162A	FAM162A
chr6	116765719	-	FAM162B	FAM162B
chr1	179727775	+	FAM163A	FAM163A
chr9	133586119	-	FAM163B	FAM163B
chr9	137247751	-	FAM166A	FAM166A
chr9	35563878	-	FAM166B	FAM166B
chr2	26562586	+	FAM166C	FAM166C
chr8	11466753	-	FAM167A	FAM167A
chr8	11368401	+	FAM167A-AS1	FAM167A-AS1
chr1	32247221	+	FAM167B	FAM167B
chr11	73598112	-	FAM168A	FAM168A
chr2	131093162	-	FAM168B	FAM168B
chr5	74866387	-	FAM169A	FAM169A
chr15	98514336	-	FAM169B	FAM169B
chr5	119629557	+	FAM170A	FAM170A
chr10	49134021	-	FAM170B	FAM170B
chr10	49121838	+	FAM170B-AS1	FAM170B-AS1
chr10	15371289	-	FAM171A1	FAM171A1
chr17	44363853	-	FAM171A2	FAM171A2
chr2	186694059	+	FAM171B	FAM171B
chr5	94111663	-	FAM172A	FAM172A
chr3	101518866	+	FAM172BP	FAM172BP
chr5	100535373	+	FAM174A	FAM174A
chr15	92655775	-	FAM174B	FAM174B
chr19	1275529	+	FAM174C	FAM174C
chr14	35044906	+	FAM177A1	FAM177A1
chr1	222737215	+	FAM177B	FAM177B
chr2	96895162	-	FAM178B	FAM178B
chr7	135748813	-	FAM180A	FAM180A
chr11	47586650	+	FAM180B	FAM180B
chr14	93918893	+	FAM181A	FAM181A
chr14	93926372	-	FAM181A-AS1	FAM181A-AS1
chr11	82733864	-	FAM181B	FAM181B
chr20	26054613	+	FAM182A	FAM182A
chr20	25796108	-	FAM182B	FAM182B
chr1	43147903	+	FAM183A	FAM183A
chr7	38687089	-	FAM183BP	FAM183BP
chr6	119078664	-	FAM184A	FAM184A
chr4	17781621	-	FAM184B	FAM184B
chr7	102748951	+	FAM185A	FAM185A
chr7	77122289	-	FAM185BP	FAM185BP
chr12	50396609	-	FAM186A	FAM186A
chr12	49605639	-	FAM186B	FAM186B
chr17	44903829	+	FAM187A	FAM187A
chr19	35228725	-	FAM187B	FAM187B
chr15	29570723	-	FAM189A1	FAM189A1
chr9	69324571	+	FAM189A2	FAM189A2
chr1	155255483	-	FAM189B	FAM189B
chr4	2535374	+	FAM193A	FAM193A
chr5	177554095	-	FAM193B	FAM193B
chrY	9355271	-	FAM197Y2	FAM197Y2
chrY	9504941	-	FAM197Y3	FAM197Y3
chrY	9355182	-	FAM197Y4	FAM197Y4
chrY	9355182	-	FAM197Y5	FAM197Y5
chrY	9395808	-	FAM197Y6	FAM197Y6
chrY	9355182	-	FAM197Y7	FAM197Y7
chrY	9355182	-	FAM197Y8	FAM197Y8
chrY	6263935	-	FAM197Y9	FAM197Y9
chr4	158170751	+	FAM198B-AS1	FAM198B-AS1
chrX	104166452	+	FAM199X	FAM199X
chr7	99552114	-	FAM200A	FAM200A
chr4	15681826	+	FAM200B	FAM200B
chr9	38621087	+	FAM201A	FAM201A
chr2	132352666	+	FAM201B	FAM201B
chr10	118342324	-	FAM204A	FAM204A
chr9	34729488	-	FAM205A	FAM205A
chr9	34838586	-	FAM205BP	FAM205BP
chr9	34895764	-	FAM205C	FAM205C
chr21	44939696	+	FAM207A	FAM207A
chr20	56524743	+	FAM209A	FAM209A
chr20	56533245	+	FAM209B	FAM209B
chr17	68558427	-	FAM20A	FAM20A
chr1	179025803	+	FAM20B	FAM20B
chr7	192570	+	FAM20C	FAM20C
chr18	13726558	-	FAM210A	FAM210A
chr20	56358973	+	FAM210B	FAM210B
chr15	52652040	-	FAM214A	FAM214A
chr9	35111452	-	FAM214B	FAM214B
chr17	43917207	+	FAM215A	FAM215A
chr12	110468844	+	FAM216A	FAM216A
chr13	42781549	+	FAM216B	FAM216B
chr6	4079137	-	FAM217A	FAM217A
chr20	59933778	+	FAM217B	FAM217B
chr4	164956947	+	FAM218A	FAM218A
chr9	34458570	-	FAM219A	FAM219A
chr15	74906851	-	FAM219B	FAM219B
chr10	50067803	-	FAM21EP	FAM21EP
chr7	6348967	-	FAM220A	FAM220A
chr7	23680198	+	FAM221A	FAM221A
chr9	35828732	-	FAM221B	FAM221B
chr12	109713824	+	FAM222A	FAM222A
chr12	109773487	-	FAM222A-AS1	FAM222A-AS1
chr17	28812471	-	FAM222B	FAM222B
chrX	154571247	+	FAM223A	FAM223A
chrX	154571247	+	FAM223B	FAM223B
chrY	17579473	-	FAM224A	FAM224A
chrY	17579452	-	FAM224B	FAM224B
chr9	113112895	+	FAM225A	FAM225A
chr9	113111677	-	FAM225B	FAM225B
chrX	72777072	+	FAM226A	FAM226A
chrX	72777072	+	FAM226B	FAM226B
chr22	38656392	-	FAM227A	FAM227A
chr15	49620818	-	FAM227B	FAM227B
chr2	24175052	+	FAM228A	FAM228A
chr2	24076832	+	FAM228B	FAM228B
chr1	32362243	-	FAM229A	FAM229A
chr6	112087590	+	FAM229B	FAM229B
chr22	18421383	+	FAM230A	FAM230A
chr22	21167864	+	FAM230B	FAM230B
chr13	18195296	+	FAM230C	FAM230C
chr22	18205909	-	FAM230D	FAM230D
chr22	18733934	+	FAM230E	FAM230E
chr22	18894431	-	FAM230F	FAM230F
chr22	20338029	+	FAM230G	FAM230G
chr22	21326636	-	FAM230H	FAM230H
chr22	23486980	-	FAM230I	FAM230I
chr22	18386556	-	FAM230J	FAM230J
chr16	234545	+	FAM234A	FAM234A
chr12	13044380	+	FAM234B	FAM234B
chrX	72782617	-	FAM236A	FAM236A
chrX	72782660	-	FAM236B	FAM236B
chrX	72808210	-	FAM236C	FAM236C
chrX	72808210	-	FAM236D	FAM236D
chr2	206642486	+	FAM237A	FAM237A
chr7	90320983	-	FAM237B	FAM237B
chr10	26589864	+	FAM238A	FAM238A
chr10	26643107	+	FAM238B	FAM238B
chr10	26942001	-	FAM238C	FAM238C
chrX	3882351	-	FAM239A	FAM239A
chrX	3882313	-	FAM239B	FAM239B
chr3	46612524	+	FAM240A	FAM240A
chr2	241899140	-	FAM240C	FAM240C
chr4	112145453	+	FAM241A	FAM241A
chr10	69630246	+	FAM241B	FAM241B
chr20	29548718	+	FAM242B	FAM242B
chr9	41699001	-	FAM242F	FAM242F
chr21	7770548	-	FAM243A	FAM243A
chr21	7770548	-	FAM243B	FAM243B
chr10	87407700	-	FAM245A	FAM245A
chr10	122910609	+	FAM24A	FAM24A
chr10	122879581	-	FAM24B	FAM24B
chr10	122879641	-	FAM24B-CUZD1	FAM24B-CUZD1
chr10	87020293	+	FAM25A	FAM25A
chr10	46369086	+	FAM25BP	FAM25BP
chr10	47491700	-	FAM25C	FAM25C
chr10	45817324	-	FAM25E	FAM25E
chr10	47491700	-	FAM25G	FAM25G
chr9	67726743	-	FAM27B	FAM27B
chr9	61854083	+	FAM27C	FAM27C
chr9	41647673	+	FAM27E2	FAM27E2
chr9	67719179	-	FAM27E3	FAM27E3
chr17	22298763	+	FAM27E5	FAM27E5
chr14	105917978	+	FAM30A	FAM30A
chr15	21003276	+	FAM30C	FAM30C
chr19	16185409	+	FAM32A	FAM32A
chrX	154516232	-	FAM3A	FAM3A
chr21	41316800	+	FAM3B	FAM3B
chr7	121396308	-	FAM3C	FAM3C
chr3	58666774	-	FAM3D	FAM3D
chr3	58607079	+	FAM3D-AS1	FAM3D-AS1
chrY	17500957	+	FAM41AY1	FAM41AY1
chrY	17500957	+	FAM41AY2	FAM41AY2
chr1	876802	-	FAM41C	FAM41C
chr3	194685882	+	FAM43A	FAM43A
chr1	20552572	+	FAM43B	FAM43B
chrX	34132330	-	FAM47A	FAM47A
chrX	34942795	+	FAM47B	FAM47B
chrX	37008365	+	FAM47C	FAM47C
chr4	76214039	+	FAM47E	FAM47E
chr4	76251699	+	FAM47E-STBD1	FAM47E-STBD1
chrX	154444140	+	FAM50A	FAM50A
chr6	3849372	+	FAM50B	FAM50B
chr4	1683991	-	FAM53A	FAM53A
chr10	124744378	-	FAM53B	FAM53B
chr10	124704027	+	FAM53B-AS1	FAM53B-AS1
chr5	138337556	+	FAM53C	FAM53C
chr8	12362018	+	FAM66A	FAM66A
chr8	7355363	-	FAM66B	FAM66B
chr12	8180208	+	FAM66C	FAM66C
chr8	12115781	+	FAM66D	FAM66D
chr8	7955012	+	FAM66E	FAM66E
chr1	212624473	+	FAM71A	FAM71A
chr5	157166264	-	FAM71B	FAM71B
chr12	99647752	+	FAM71C	FAM71C
chr14	67189439	+	FAM71D	FAM71D
chr19	50476848	-	FAM71E1	FAM71E1
chr19	55363260	-	FAM71E2	FAM71E2
chr7	128709060	+	FAM71F1	FAM71F1
chr7	128672265	+	FAM71F2	FAM71F2
chr1	206202839	-	FAM72A	FAM72A
chr1	121183911	-	FAM72B	FAM72B
chr1	143972006	-	FAM72C	FAM72C
chr1	145094295	+	FAM72D	FAM72D
chr9	39371064	+	FAM74A1	FAM74A1
chr9	66977317	-	FAM74A3	FAM74A3
chr9	61205259	+	FAM74A4	FAM74A4
chr9	60929781	+	FAM74A6	FAM74A6
chr9	42198861	+	FAM74A7	FAM74A7
chr1	27725960	+	FAM76A	FAM76A
chr11	95789782	-	FAM76B	FAM76B
chr9	131276510	-	FAM78A	FAM78A
chr1	166166755	-	FAM78B	FAM78B
chr15	59438185	+	FAM81A	FAM81A
chr5	95391365	+	FAM81B	FAM81B
chr8	123179046	+	FAM83A	FAM83A
chr8	123202743	-	FAM83A-AS1	FAM83A-AS1
chr6	54846770	+	FAM83B	FAM83B
chr20	35292425	-	FAM83C	FAM83C
chr20	35285250	+	FAM83C-AS1	FAM83C-AS1
chr20	38926416	+	FAM83D	FAM83D
chr19	48615076	-	FAM83E	FAM83E
chr22	39994953	+	FAM83F	FAM83F
chr17	19004764	-	FAM83G	FAM83G
chr8	143733779	-	FAM83H	FAM83H
chr8	12185735	+	FAM85A	FAM85A
chr8	8227503	-	FAM85B	FAM85B
chr8	12194129	-	FAM86B1	FAM86B1
chr8	12194133	-	FAM86B2	FAM86B2
chr8	8228569	+	FAM86B3P	FAM86B3P
chr11	67805336	-	FAM86C2P	FAM86C2P
chr3	75435115	-	FAM86DP	FAM86DP
chr4	3955428	-	FAM86EP	FAM86EP
chr12	8242946	-	FAM86FP	FAM86FP
chr3	130111433	-	FAM86HP	FAM86HP
chr3	125916600	+	FAM86JP	FAM86JP
chr8	383174	-	FAM87A	FAM87A
chr1	817370	+	FAM87B	FAM87B
chr1	231040254	-	FAM89A	FAM89A
chr11	65572537	+	FAM89B	FAM89B
chr6	17600301	+	FAM8A1	FAM8A1
chr12	8227618	-	FAM90A1	FAM90A1
chr8	7769583	+	FAM90A10P	FAM90A10P
chr8	12418032	-	FAM90A25P	FAM90A25P
chr4	9173172	+	FAM90A26	FAM90A26
chr19	53282289	+	FAM90A27P	FAM90A27P
chr8	12177267	-	FAM90A2P	FAM90A2P
chr8	7281816	+	FAM90A7P	FAM90A7P
chr8	123768438	+	FAM91A1	FAM91A1
chr2	94761184	-	FAM95A	FAM95A
chr9	40323570	+	FAM95B1	FAM95B1
chr9	38545372	-	FAM95C	FAM95C
chr2	33599299	-	FAM98A	FAM98A
chr15	38454126	+	FAM98B	FAM98B
chr19	38403134	+	FAM98C	FAM98C
chr11	1665598	+	FAM99A	FAM99A
chr11	1665596	+	FAM99B	FAM99B
chrX	8801337	-	FAM9A	FAM9A
chrX	9034127	-	FAM9B	FAM9B
chrX	13044620	-	FAM9C	FAM9C
chr15	30903851	+	FAN1	FAN1
chr16	89816647	-	FANCA	FANCA
chrX	14873069	-	FANCB	FANCB
chr9	95317254	-	FANCC	FANCC
chr3	10026436	+	FANCD2	FANCD2
chr3	10108255	-	FANCD2OS	FANCD2OS
chr6	35452337	+	FANCE	FANCE
chr11	22625823	-	FANCF	FANCF
chr9	35079942	-	FANCG	FANCG
chr15	89243978	+	FANCI	FANCI
chr2	58241307	-	FANCL	FANCL
chr14	45135929	+	FANCM	FANCM
chr10	125896534	+	FANK1	FANK1
chr10	125973273	-	FANK1-AS1	FANK1-AS1
chr2	162243445	-	FAP	FAP
chr11	13668667	+	FAR1	FAR1
chr12	29149277	+	FAR2	FAR2
chr2	130051131	-	FAR2P1	FAR2P1
chr2	130428546	-	FAR2P2	FAR2P2
chr13	98142588	+	FARP1	FARP1
chr2	241356284	+	FARP2	FARP2
chr6	5261006	+	FARS2	FARS2
chr19	12933711	-	FARSA	FARSA
chr19	12930521	+	FARSA-AS1	FARSA-AS1
chr2	222656092	-	FARSB	FARSB
chr10	88990797	+	FAS	FAS
chr10	88992975	-	FAS-AS1	FAS-AS1
chr1	172659007	+	FASLG	FASLG
chr17	82098236	-	FASN	FASN
chr7	151080809	-	FASTK	FASTK
chr2	169573865	-	FASTKD1	FASTKD1
chr2	206765387	+	FASTKD2	FASTKD2
chr5	7869031	-	FASTKD3	FASTKD3
chr20	3159865	-	FASTKD5	FASTKD5
chr4	186723856	-	FAT1	FAT1
chr5	151591331	-	FAT2	FAT2
chr11	92224817	+	FAT3	FAT3
chr4	125314954	+	FAT4	FAT4
chrX	151716034	+	FATE1	FATE1
chr11	65122134	-	FAU	FAU
chr6	99349674	-	FAXC	FAXC
chr5	154850603	-	FAXDC2	FAXDC2
chr17	75938232	-	FBF1	FBF1
chr10	5889571	+	FBH1	FBH1
chr19	39846379	-	FBL	FBL
chr1	15756637	+	FBLIM1	FBLIM1
chr5	168529304	+	FBLL1	FBLL1
chr22	45502882	+	FBLN1	FBLN1
chr3	13549124	+	FBLN2	FBLN2
chr14	91947032	-	FBLN5	FBLN5
chr2	112138384	+	FBLN7	FBLN7
chr15	48645709	-	FBN1	FBN1
chr5	128538245	-	FBN2	FBN2
chr19	8148869	-	FBN3	FBN3
chr9	94639518	-	FBP1	FBP1
chr9	94593824	-	FBP2	FBP2
chr16	30658430	+	FBRS	FBRS
chr12	132490150	+	FBRSL1	FBRSL1
chr19	9819079	-	FBXL12	FBXL12
chr7	103074568	-	FBXL13	FBXL13
chr12	1594581	-	FBXL14	FBXL14
chr10	102419813	+	FBXL15	FBXL15
chr16	705801	-	FBXL16	FBXL16
chr5	108382098	-	FBXL17	FBXL17
chr7	5513809	-	FBXL18	FBXL18
chr16	30922850	+	FBXL19	FBXL19
chr16	30923269	-	FBXL19-AS1	FBXL19-AS1
chr3	33277024	+	FBXL2	FBXL2
chr17	39401626	-	FBXL20	FBXL20
chr5	135930296	+	FBXL21P	FBXL21P
chr15	63597386	+	FBXL22	FBXL22
chr13	77027159	-	FBXL3	FBXL3
chr6	98947946	-	FBXL4	FBXL4
chr4	15655357	-	FBXL5	FBXL5
chr8	144358472	-	FBXL6	FBXL6
chr5	15500179	+	FBXL7	FBXL7
chr16	67159956	+	FBXL8	FBXL8
chr9	37576380	-	FBXO10	FBXO10
chr2	47888719	-	FBXO11	FBXO11
chr18	74147834	-	FBXO15	FBXO15
chr8	28490229	-	FBXO16	FBXO16
chr19	38952687	-	FBXO17	FBXO17
chr1	11654429	-	FBXO2	FBXO2
chr12	117190470	-	FBXO21	FBXO21
chr15	75903858	+	FBXO22	FBXO22
chr7	100586327	+	FBXO24	FBXO24
chr8	406807	+	FBXO25	FBXO25
chr19	39032549	-	FBXO27	FBXO27
chr1	224114110	+	FBXO28	FBXO28
chr11	33774520	-	FBXO3	FBXO3
chr11	33774698	+	FBXO3-DT	FBXO3-DT
chr6	145814795	-	FBXO30	FBXO30
chr6	145734868	+	FBXO30-DT	FBXO30-DT
chr16	87383776	-	FBXO31	FBXO31
chr8	123532143	-	FBXO32	FBXO32
chr14	39432500	-	FBXO33	FBXO33
chr14	55271420	+	FBXO34	FBXO34
chr2	229922502	+	FBXO36	FBXO36
chr5	148383934	+	FBXO38	FBXO38
chr17	6776214	+	FBXO39	FBXO39
chr5	41925251	+	FBXO4	FBXO4
chr3	121593378	+	FBXO40	FBXO40
chr2	73284478	-	FBXO41	FBXO41
chr1	16352480	-	FBXO42	FBXO42
chr8	100145817	-	FBXO43	FBXO43
chr1	11654406	+	FBXO44	FBXO44
chr3	196568659	+	FBXO45	FBXO45
chr19	45715278	-	FBXO46	FBXO46
chr17	38967403	-	FBXO47	FBXO47
chr2	68467294	-	FBXO48	FBXO48
chr6	152983041	-	FBXO5	FBXO5
chr1	11664199	+	FBXO6	FBXO6
chr22	32474810	+	FBXO7	FBXO7
chr4	174283667	-	FBXO8	FBXO8
chr6	53064997	+	FBXO9	FBXO9
chr17	18744053	+	FBXW10	FBXW10
chr5	172006638	-	FBXW11	FBXW11
chr3	48372218	+	FBXW12	FBXW12
chr9	120793416	-	FBXW2	FBXW2
chr10	101695170	-	FBXW4	FBXW4
chr22	23262766	+	FBXW4P1	FBXW4P1
chr9	136944738	-	FBXW5	FBXW5
chr4	152352826	-	FBXW7	FBXW7
chr4	152337673	+	FBXW7-AS1	FBXW7-AS1
chr12	116910949	+	FBXW8	FBXW8
chr19	12696631	-	FBXW9	FBXW9
chr1	206970460	-	FCAMR	FCAMR
chr19	54874234	+	FCAR	FCAR
chr1	159289713	+	FCER1A	FCER1A
chr1	161215294	+	FCER1G	FCER1G
chr19	7699479	-	FCER2	FCER2
chr14	74713143	+	FCF1	FCF1
chr3	48291678	-	FCF1P2	FCF1P2
chr19	39934626	-	FCGBP	FCGBP
chr1	149782693	+	FCGR1A	FCGR1A
chr1	121087344	+	FCGR1B	FCGR1B
chr1	143874742	+	FCGR1CP	FCGR1CP
chr1	161505456	+	FCGR2A	FCGR2A
chr1	161663114	+	FCGR2B	FCGR2B
chr1	161581338	+	FCGR2C	FCGR2C
chr1	161549818	-	FCGR3A	FCGR3A
chr1	161631047	-	FCGR3B	FCGR3B
chr19	49512660	+	FCGRT	FCGRT
chr19	17747743	+	FCHO1	FCHO1
chr5	72956040	+	FCHO2	FCHO2
chr5	141651418	-	FCHSD1	FCHSD1
chr11	73142318	-	FCHSD2	FCHSD2
chr1	206921941	-	FCMR	FCMR
chr9	134917912	-	FCN1	FCN1
chr9	134880809	+	FCN2	FCN2
chr1	27374824	-	FCN3	FCN3
chr1	157820120	-	FCRL1	FCRL1
chr1	157777132	-	FCRL2	FCRL2
chr1	157700769	-	FCRL3	FCRL3
chr1	157598085	-	FCRL4	FCRL4
chr1	157552515	-	FCRL5	FCRL5
chr1	159800511	+	FCRL6	FCRL6
chr1	161707228	+	FCRLA	FCRLA
chr1	161721543	+	FCRLB	FCRLB
chr16	70454594	+	FCSK	FCSK
chr4	70226123	+	FDCSP	FDCSP
chr8	11795572	+	FDFT1	FDFT1
chr1	155308747	+	FDPS	FDPS
chr7	76475000	-	FDPSP2	FDPSP2
chr11	110429947	+	FDX1	FDX1
chr19	10316015	-	FDX2	FDX2
chr11	111879165	-	FDXACB1	FDXACB1
chr17	74868753	-	FDXR	FDXR
chr18	57586702	-	FECH	FECH
chr19	4791733	+	FEM1A	FEM1A
chr15	68277744	+	FEM1B	FEM1B
chr5	115544775	-	FEM1C	FEM1C
chr11	61792910	+	FEN1	FEN1
chr16	86508860	-	FENDRR	FENDRR
chr5	108747896	+	FER	FER
chr20	35607562	-	FER1L4	FER1L4
chr2	96642763	+	FER1L5	FER1L5
chr8	123851986	+	FER1L6	FER1L6
chr8	124040782	-	FER1L6-AS1	FER1L6-AS1
chr8	124171522	-	FER1L6-AS2	FER1L6-AS2
chr7	19145421	-	FERD3L	FERD3L
chr20	6123030	-	FERMT1	FERMT1
chr14	52951050	-	FERMT2	FERMT2
chr11	64205919	+	FERMT3	FERMT3
chr15	90884503	+	FES	FES
chr3	186635968	+	FETUB	FETUB
chr2	218985184	-	FEV	FEV
chr11	125496265	-	FEZ1	FEZ1
chr2	36598168	-	FEZ2	FEZ2
chr7	122304511	-	FEZF1	FEZF1
chr7	122303657	+	FEZF1-AS1	FEZF1-AS1
chr3	62373550	-	FEZF2	FEZF2
chr19	35351541	+	FFAR1	FFAR1
chr19	35448256	+	FFAR2	FFAR2
chr19	35358459	+	FFAR3	FFAR3
chr10	93566664	+	FFAR4	FFAR4
chr4	154590742	-	FGA	FGA
chr4	154562979	+	FGB	FGB
chrX	54496234	-	FGD1	FGD1
chr6	37005654	+	FGD2	FGD2
chr9	92947522	+	FGD3	FGD3
chr12	32399557	+	FGD4	FGD4
chr3	14818961	+	FGD5	FGD5
chr3	14947505	-	FGD5-AS1	FGD5-AS1
chr3	13933055	+	FGD5P1	FGD5P1
chr12	95217467	-	FGD6	FGD6
chr5	142621334	-	FGF1	FGF1
chr5	44389420	-	FGF10	FGF10
chr5	44388731	+	FGF10-AS1	FGF10-AS1
chr17	7438297	+	FGF11	FGF11
chr3	192409597	-	FGF12	FGF12
chr3	192238629	+	FGF12-AS1	FGF12-AS1
chr3	192515021	+	FGF12-AS2	FGF12-AS2
chrX	138711717	-	FGF13	FGF13
chrX	138712106	+	FGF13-AS1	FGF13-AS1
chr13	101916945	-	FGF14	FGF14
chr13	102367529	+	FGF14-AS1	FGF14-AS1
chr13	102394577	+	FGF14-AS2	FGF14-AS2
chr13	102394519	-	FGF14-IT1	FGF14-IT1
chrX	77447388	+	FGF16	FGF16
chr8	22042752	+	FGF17	FGF17
chr5	171419646	+	FGF18	FGF18
chr11	69704022	-	FGF19	FGF19
chr4	122826707	+	FGF2	FGF2
chr8	17002345	-	FGF20	FGF20
chr19	48755523	+	FGF21	FGF21
chr19	639878	+	FGF22	FGF22
chr12	4379712	-	FGF23	FGF23
chr11	69819416	-	FGF3	FGF3
chr11	69775341	-	FGF4	FGF4
chr4	80266587	+	FGF5	FGF5
chr12	4445614	-	FGF6	FGF6
chr15	49423241	+	FGF7	FGF7
chr9	39874566	-	FGF7P3	FGF7P3
chr9	62376255	+	FGF7P6	FGF7P6
chr10	101776114	-	FGF8	FGF8
chr13	21671072	+	FGF9	FGF9
chr4	15938740	-	FGFBP1	FGFBP1
chr4	15963175	-	FGFBP2	FGFBP2
chr10	91909486	-	FGFBP3	FGFBP3
chr8	38467724	-	FGFR1	FGFR1
chr12	26938371	+	FGFR1OP2	FGFR1OP2
chr10	121531314	-	FGFR2	FGFR2
chr4	1793292	+	FGFR3	FGFR3
chr5	177086914	+	FGFR4	FGFR4
chr4	1011625	+	FGFRL1	FGFRL1
chr4	154612656	-	FGG	FGG
chr1	59296812	+	FGGY	FGGY
chr8	17895404	-	FGL1	FGL1
chr7	77199819	-	FGL2	FGL2
chr1	27626240	-	FGR	FGR
chr1	241519755	-	FH	FH
chr1	15247224	+	FHAD1	FHAD1
chr1	15343883	-	FHAD1-AS1	FHAD1-AS1
chr4	152936322	+	FHDC1	FHDC1
chr3	60080909	-	FHIT	FHIT
chrX	136146701	+	FHL1	FHL1
chr2	105399051	-	FHL2	FHL2
chr1	38005514	-	FHL3	FHL3
chr6	96562524	+	FHL5	FHL5
chr16	67247481	-	FHOD1	FHOD1
chr18	36297712	+	FHOD3	FHOD3
chr9	130939068	-	FIBCD1	FIBCD1
chr11	26994111	+	FIBIN	FIBIN
chr11	65888471	-	FIBP	FIBP
chr12	108515276	+	FICD	FICD
chr6	109691295	+	FIG4	FIG4
chr2	70790643	-	FIGLA	FIGLA
chr2	163736008	-	FIGN	FIGN
chr7	50450350	-	FIGNL1	FIGNL1
chr12	51831917	-	FIGNL2	FIGNL2
chr12	51848222	+	FIGNL2-DT	FIGNL2-DT
chr6	75493800	-	FILIP1	FILIP1
chr3	99876173	-	FILIP1L	FILIP1L
chr6	139771072	+	FILNC1	FILNC1
chr4	53377640	+	FIP1L1	FIP1L1
chrX	131830643	-	FIRRE	FIRRE
chr7	101245081	-	FIS1	FIS1
chr14	24131465	+	FITM1	FITM1
chr20	44311202	-	FITM2	FITM2
chr19	55599517	-	FIZ1	FIZ1
chr11	35618459	+	FJX1	FJX1
chr17	41813003	+	FKBP10	FKBP10
chr12	48924988	-	FKBP11	FKBP11
chr7	30026702	-	FKBP14	FKBP14
chr9	113221277	-	FKBP15	FKBP15
chr20	1393054	-	FKBP1A	FKBP1A
chr20	1393172	-	FKBP1A-SDCBP2	FKBP1A-SDCBP2
chr19	57827462	-	FKBP1AP1	FKBP1AP1
chr2	24049740	+	FKBP1B	FKBP1B
chr11	64241094	+	FKBP2	FKBP2
chr14	45134481	-	FKBP3	FKBP3
chr12	2794969	+	FKBP4	FKBP4
chr6	35688915	-	FKBP5	FKBP5
chr7	73328160	+	FKBP6	FKBP6
chr2	178478600	-	FKBP7	FKBP7
chr19	18543573	-	FKBP8	FKBP8
chr7	32957403	+	FKBP9	FKBP9
chr7	55688032	-	FKBP9P1	FKBP9P1
chr6	32130288	-	FKBPL	FKBPL
chr19	46746056	+	FKRP	FKRP
chr13	99351419	+	FKSG29	FKSG29
chr9	105558129	+	FKTN	FKTN
chr2	201357345	-	FLACC1	FLACC1
chr1	154983343	+	FLAD1	FLAD1
chr17	17237168	-	FLCN	FLCN
chr1	152325239	-	FLG	FLG
chr1	152313458	+	FLG-AS1	FLG-AS1
chr1	152360006	-	FLG2	FLG2
chr11	128686534	+	FLI1	FLI1
chrX	49266475	-	FLICR	FLICR
chr17	18258738	-	FLII	FLII
chr12	54058253	+	FLJ12825	FLJ12825
chr12	31324315	+	FLJ13224	FLJ13224
chr20	63253977	+	FLJ16779	FLJ16779
chr4	101347776	+	FLJ20021	FLJ20021
chr7	33725980	+	FLJ20712	FLJ20712
chr14	61570539	+	FLJ22447	FLJ22447
chr19	7006415	-	FLJ25758	FLJ25758
chr16	86555319	+	FLJ30679	FLJ30679
chr5	55995166	+	FLJ31104	FLJ31104
chr2	28394672	-	FLJ31356	FLJ31356
chr5	42993333	-	FLJ32255	FLJ32255
chr2	11132176	-	FLJ33534	FLJ33534
chr17	22406018	+	FLJ36000	FLJ36000
chr10	89697928	-	FLJ37201	FLJ37201
chr1	15848147	-	FLJ37453	FLJ37453
chr4	186191490	-	FLJ38576	FLJ38576
chr1	247104510	+	FLJ39095	FLJ39095
chr17	49248242	+	FLJ40194	FLJ40194
chr7	132648793	+	FLJ40288	FLJ40288
chr2	112644180	-	FLJ42351	FLJ42351
chr3	188178542	+	FLJ42393	FLJ42393
chr16	2638981	+	FLJ42627	FLJ42627
chr8	101052053	+	FLJ42969	FLJ42969
chr9	64016949	+	FLJ43315	FLJ43315
chrX	72144183	+	FLJ44635	FLJ44635
chr17	49845885	+	FLJ45513	FLJ45513
chr8	92786060	-	FLJ46284	FLJ46284
chr2	156342120	-	FLJ46875	FLJ46875
chr6	138691667	+	FLJ46906	FLJ46906
chrX	154374634	-	FLNA	FLNA
chr3	58008421	+	FLNB	FLNB
chr3	58170635	-	FLNB-AS1	FLNB-AS1
chr7	128830405	+	FLNC	FLNC
chr7	128862626	-	FLNC-AS1	FLNC-AS1
chr6	30742687	-	FLOT1	FLOT1
chr17	28897733	-	FLOT2	FLOT2
chr11	64035930	+	FLRT1	FLRT1
chr14	85530024	+	FLRT2	FLRT2
chr20	14337612	-	FLRT3	FLRT3
chr13	28495128	-	FLT1	FLT1
chr13	28100576	-	FLT3	FLT3
chr19	49474214	+	FLT3LG	FLT3LG
chr5	180649600	-	FLT4	FLT4
chr1	212858274	+	FLVCR1	FLVCR1
chr1	212858138	-	FLVCR1-DT	FLVCR1-DT
chr14	75578619	+	FLVCR2	FLVCR2
chr16	2911930	+	FLYWCH1	FLYWCH1
chr16	2883194	+	FLYWCH2	FLYWCH2
chr7	139340449	+	FMC1	FMC1
chr7	139341131	+	FMC1-LUC7L2	FMC1-LUC7L2
chr15	33068174	-	FMN1	FMN1
chr1	240091882	+	FMN2	FMN2
chr17	45221884	+	FMNL1	FMNL1
chr2	152335173	+	FMNL2	FMNL2
chr12	49707405	-	FMNL3	FMNL3
chr1	171248470	+	FMO1	FMO1
chr1	171185207	+	FMO2	FMO2
chr1	171090904	+	FMO3	FMO3
chr1	171314182	+	FMO4	FMO4
chr1	147225339	-	FMO5	FMO5
chr1	171137739	+	FMO6P	FMO6P
chr1	166603915	+	FMO9P	FMO9P
chr1	203351122	-	FMOD	FMOD
chrX	147911918	+	FMR1	FMR1
chrX	147911817	-	FMR1-AS1	FMR1-AS1
chrX	147981336	+	FMR1NB	FMR1NB
chr2	215436068	-	FN1	FN1
chr17	82735614	+	FN3K	FN3K
chr17	82716705	+	FN3KRP	FN3KRP
chr9	130043189	-	FNBP1	FNBP1
chr1	93448117	+	FNBP1L	FNBP1L
chr11	47767341	-	FNBP4	FNBP4
chr6	159169399	+	FNDC1	FNDC1
chr1	1600135	-	FNDC10	FNDC10
chr20	63553019	+	FNDC11	FNDC11
chr13	48975911	+	FNDC3A	FNDC3A
chr3	172039577	+	FNDC3B	FNDC3B
chr2	27495200	-	FNDC4	FNDC4
chr1	32870912	-	FNDC5	FNDC5
chr1	108712907	+	FNDC7	FNDC7
chr17	35121614	+	FNDC8	FNDC8
chr5	157345677	-	FNDC9	FNDC9
chr5	131797017	-	FNIP1	FNIP1
chr4	158769025	+	FNIP2	FNIP2
chr8	43056298	+	FNTA	FNTA
chr14	64986894	+	FNTB	FNTB
chr9	20658308	+	FOCAD	FOCAD
chr9	20684750	-	FOCAD-AS1	FOCAD-AS1
chr11	49208602	-	FOLH1	FOLH1
chr11	89659296	+	FOLH1B	FOLH1B
chr11	72189708	+	FOLR1	FOLR1
chr11	72216793	+	FOLR2	FOLR2
chr11	72135724	+	FOLR3	FOLR3
chr14	75278827	+	FOS	FOS
chr19	45467995	+	FOSB	FOSB
chr11	65900388	-	FOSL1	FOSL1
chr2	28392857	+	FOSL2	FOSL2
chr14	37595249	-	FOXA1	FOXA1
chr20	22584572	-	FOXA2	FOXA2
chr19	45864325	+	FOXA3	FOXA3
chr15	60004310	+	FOXB1	FOXB1
chr9	77019654	+	FOXB2	FOXB2
chr6	1609914	+	FOXC1	FOXC1
chr16	86566828	+	FOXC2	FOXC2
chr16	86567761	-	FOXC2-AS1	FOXC2-AS1
chr6	1605530	+	FOXCUT	FOXCUT
chr5	73448777	-	FOXD1	FOXD1
chr1	47438043	+	FOXD2	FOXD2
chr1	47434641	-	FOXD2-AS1	FOXD2-AS1
chr1	63322566	+	FOXD3	FOXD3
chr1	63322458	-	FOXD3-AS1	FOXD3-AS1
chr9	118417	-	FOXD4	FOXD4
chr2	113499083	+	FOXD4L1	FOXD4L1
chr9	68302866	+	FOXD4L3	FOXD4L3
chr9	65737145	+	FOXD4L4	FOXD4L4
chr9	65285209	-	FOXD4L5	FOXD4L5
chr9	41128445	-	FOXD4L6	FOXD4L6
chr9	97853225	+	FOXE1	FOXE1
chr1	47416284	+	FOXE3	FOXE3
chr16	86510526	+	FOXF1	FOXF1
chr6	1389575	+	FOXF2	FOXF2
chr14	28766786	+	FOXG1	FOXG1
chr14	28765319	-	FOXG1-AS1	FOXG1-AS1
chr8	144475849	-	FOXH1	FOXH1
chr5	170105896	+	FOXI1	FOXI1
chr10	127737184	+	FOXI2	FOXI2
chr2	88452693	-	FOXI3	FOXI3
chr17	76141245	-	FOXJ1	FOXJ1
chr12	8032715	+	FOXJ2	FOXJ2
chr1	42334955	-	FOXJ3	FOXJ3
chr7	4682294	+	FOXK1	FOXK1
chr17	82519731	+	FOXK2	FOXK2
chr16	86578548	+	FOXL1	FOXL1
chr3	138947137	-	FOXL2	FOXL2
chr3	138947216	+	FOXL2NB	FOXL2NB
chr7	290169	+	FOXL3	FOXL3
chr7	291228	+	FOXL3-OT1	FOXL3-OT1
chr12	2877155	-	FOXM1	FOXM1
chr17	28506347	+	FOXN1	FOXN1
chr2	48314298	+	FOXN2	FOXN2
chr14	89417233	-	FOXN3	FOXN3
chr14	89417353	+	FOXN3-AS1	FOXN3-AS1
chr14	89576215	+	FOXN3-AS2	FOXN3-AS2
chr12	109309284	-	FOXN4	FOXN4
chr13	40666641	-	FOXO1	FOXO1
chr6	108559824	+	FOXO3	FOXO3
chr17	18682314	-	FOXO3B	FOXO3B
chrX	71095850	+	FOXO4	FOXO4
chr1	41361433	+	FOXO6	FOXO6
chr1	41375669	-	FOXO6-AS1	FOXO6-AS1
chr3	71064924	-	FOXP1	FOXP1
chr3	71289757	+	FOXP1-AS1	FOXP1-AS1
chr7	114086326	+	FOXP2	FOXP2
chrX	49264710	-	FOXP3	FOXP3
chr6	41546380	+	FOXP4	FOXP4
chr6	41546243	-	FOXP4-AS1	FOXP4-AS1
chr6	1312097	+	FOXQ1	FOXQ1
chr11	118971760	+	FOXR1	FOXR1
chrX	55623399	+	FOXR2	FOXR2
chr11	126269153	+	FOXRED1	FOXRED1
chr22	36507040	-	FOXRED2	FOXRED2
chr20	31845604	-	FOXS1	FOXS1
chr9	127802857	+	FPGS	FPGS
chr1	74198241	+	FPGT	FPGT
chr1	74198241	+	FPGT-TNNI3K	FPGT-TNNI3K
chr19	51751878	-	FPR1	FPR1
chr19	51761179	+	FPR2	FPR2
chr19	51795156	+	FPR3	FPR3
chr10	93702572	-	FRA10AC1	FRA10AC1
chr4	78057322	+	FRAS1	FRAS1
chr10	97319270	+	FRAT1	FRAT1
chr10	97334729	-	FRAT2	FRAT2
chr9	14780431	-	FREM1	FREM1
chr13	38687076	+	FREM2	FREM2
chr13	38827591	-	FREM2-AS1	FREM2-AS1
chr4	143700675	-	FREM3	FREM3
chr4	189940871	+	FRG1	FRG1
chr4	189940733	-	FRG1-DT	FRG1-DT
chr20	30377163	+	FRG1BP	FRG1BP
chr20	28602665	-	FRG1CP	FRG1CP
chr20	29080389	+	FRG1DP	FRG1DP
chr20	29497334	-	FRG1EP	FRG1EP
chr22	10961529	-	FRG1FP	FRG1FP
chr9	40992260	+	FRG1HP	FRG1HP
chr9	63859634	-	FRG1JP	FRG1JP
chr4	190027256	-	FRG2	FRG2
chr10	133626795	-	FRG2B	FRG2B
chr3	75664190	+	FRG2C	FRG2C
chr16	35480596	-	FRG2DP	FRG2DP
chr20	29416961	-	FRG2EP	FRG2EP
chr16	31567715	-	FRG2KP	FRG2KP
chr21	6532776	-	FRGCA	FRGCA
chr6	116060891	-	FRK	FRK
chr6	168075835	-	FRMD1	FRMD1
chr9	83267268	-	FRMD3	FRMD3
chr10	13707567	-	FRMD4A	FRMD4A
chr3	69386088	-	FRMD4B	FRMD4B
chr15	44194446	-	FRMD5	FRMD5
chr14	51489127	+	FRMD6	FRMD6
chr14	51651744	-	FRMD6-AS1	FRMD6-AS1
chr14	51599952	-	FRMD6-AS2	FRMD6-AS2
chrX	132128020	-	FRMD7	FRMD7
chr11	65386636	+	FRMD8	FRMD8
chrX	65552421	-	FRMD8P1	FRMD8P1
chr9	37603228	+	FRMPD1	FRMPD1
chr10	48175143	-	FRMPD2	FRMPD2
chr10	46876673	+	FRMPD2B	FRMPD2B
chrX	107522449	+	FRMPD3	FRMPD3
chrX	107545821	-	FRMPD3-AS1	FRMPD3-AS1
chrX	11822438	+	FRMPD4	FRMPD4
chr1	99765793	-	FRRS1	FRRS1
chr9	109167249	-	FRRS1L	FRRS1L
chr12	69470387	+	FRS2	FRS2
chr6	41779900	-	FRS3	FRS3
chr13	32031773	+	FRY	FRY
chr13	32031639	-	FRY-AS1	FRY-AS1
chr4	48780279	-	FRYL	FRYL
chr2	182866637	-	FRZB	FRZB
chr8	94436944	-	FSBP	FSBP
chr14	44507283	-	FSCB	FSCB
chr7	5592815	+	FSCN1	FSCN1
chr17	81528376	+	FSCN2	FSCN2
chr7	127593735	+	FSCN3	FSCN3
chr19	4304593	+	FSD1	FSD1
chr9	105448033	+	FSD1L	FSD1L
chr15	82806069	-	FSD2	FSD2
chr11	30231013	+	FSHB	FSHB
chr2	49154515	-	FSHR	FSHR
chr15	39782841	-	FSIP1	FSIP1
chr2	185738803	+	FSIP2	FSIP2
chr2	185800150	-	FSIP2-AS1	FSIP2-AS1
chr2	185738719	-	FSIP2-AS2	FSIP2-AS2
chr5	53480628	+	FST	FST
chr3	120450992	-	FSTL1	FSTL1
chr19	676391	+	FSTL3	FSTL3
chr5	133612541	-	FSTL4	FSTL4
chr4	162164000	-	FSTL5	FSTL5
chr21	46155579	-	FTCD	FTCD
chr21	46151374	+	FTCD-AS1	FTCD-AS1
chr2	199851173	-	FTCDNL1	FTCDNL1
chr11	61967634	-	FTH1	FTH1
chr2	27393576	-	FTH1P3	FTH1P3
chrX	31072041	-	FTHL17	FTHL17
chrX	37043792	-	FTHL18	FTHL18
chr19	48965308	+	FTL	FTL
chr4	68182291	+	FTLP10	FTLP10
chr5	121851881	+	FTMT	FTMT
chr16	53703962	+	FTO	FTO
chr16	54039392	+	FTO-IT1	FTO-IT1
chrX	48476020	+	FTSJ1	FTSJ1
chr17	63827663	-	FTSJ3	FTSJ3
chrX	74293574	-	FTX	FTX
chr1	77979072	-	FUBP1	FUBP1
chr9	130579576	+	FUBP3	FUBP3
chr1	23868290	-	FUCA1	FUCA1
chr6	143511720	-	FUCA2	FUCA2
chrX	44542859	-	FUNDC1	FUNDC1
chrX	155026843	+	FUNDC2	FUNDC2
chr2	84290681	+	FUNDC2P2	FUNDC2P2
chr10	133358019	-	FUOM	FUOM
chr15	90868587	+	FURIN	FURIN
chr16	31180109	+	FUS	FUS
chr19	48752641	-	FUT1	FUT1
chr8	33473146	-	FUT10	FUT10
chr10	73772275	+	FUT11	FUT11
chr19	48695970	+	FUT2	FUT2
chr19	5848909	-	FUT3	FUT3
chr11	94543850	+	FUT4	FUT4
chr19	5870540	-	FUT5	FUT5
chr19	5838792	-	FUT6	FUT6
chr9	137032088	-	FUT7	FUT7
chr14	65410591	+	FUT8	FUT8
chr14	65412617	-	FUT8-AS1	FUT8-AS1
chr6	96015973	+	FUT9	FUT9
chr19	49813292	-	FUZ	FUZ
chr9	69035751	+	FXN	FXN
chr3	180912669	+	FXR1	FXR1
chr17	7614897	-	FXR2	FXR2
chr19	35138823	+	FXYD1	FXYD1
chr11	117824744	-	FXYD2	FXYD2
chr19	35115822	+	FXYD3	FXYD3
chr10	43371635	+	FXYD4	FXYD4
chr19	35154734	+	FXYD5	FXYD5
chr11	117876658	-	FXYD6	FXYD6
chr11	117876658	-	FXYD6-FXYD2	FXYD6-FXYD2
chr19	35143254	+	FXYD7	FXYD7
chr5	39219563	-	FYB1	FYB1
chr1	56819404	-	FYB2	FYB2
chr3	45995824	-	FYCO1	FYCO1
chr6	111759131	-	FYN	FYN
chr3	197749552	+	FYTTD1	FYTTD1
chr7	91264432	+	FZD1	FZD1
chr12	130162458	+	FZD10	FZD10
chr12	130161678	-	FZD10-AS1	FZD10-AS1
chr17	44557483	+	FZD2	FZD2
chr8	28494204	+	FZD3	FZD3
chr11	86955395	-	FZD4	FZD4
chr11	86955620	+	FZD4-DT	FZD4-DT
chr2	207769906	-	FZD5	FZD5
chr8	103298493	+	FZD6	FZD6
chr2	202034586	+	FZD7	FZD7
chr10	35641434	-	FZD8	FZD8
chr7	73433777	+	FZD9	FZD9
chr19	3506310	+	FZR1	FZR1
chr1	209675411	+	G0S2	G0S2
chr14	30559122	+	G2E3	G2E3
chr14	30577357	-	G2E3-AS1	G2E3-AS1
chr5	151771953	+	G3BP1	G3BP1
chr4	75673159	-	G3BP2	G3BP2
chr17	42900798	+	G6PC	G6PC
chr2	168901290	+	G6PC2	G6PC2
chr17	44070672	+	G6PC3	G6PC3
chrX	154546846	-	G6PD	G6PD
chr17	80101580	+	GAA	GAA
chr4	143336875	+	GAB1	GAB1
chr11	78341880	-	GAB2	GAB2
chrX	154751077	-	GAB3	GAB3
chr22	17008222	-	GAB4	GAB4
chr17	7242449	-	GABARAP	GABARAP
chr12	10212876	+	GABARAPL1	GABARAPL1
chr16	75566378	+	GABARAPL2	GABARAPL2
chr15	90349447	-	GABARAPL3	GABARAPL3
chr6	29628228	-	GABBR1	GABBR1
chr9	98708935	-	GABBR2	GABBR2
chr21	25734971	+	GABPA	GABPA
chr15	50355198	-	GABPB1	GABPB1
chr15	50354173	+	GABPB1-AS1	GABPB1-AS1
chr15	50354879	-	GABPB1-IT1	GABPB1-IT1
chr1	151070760	+	GABPB2	GABPB2
chr5	161847190	+	GABRA1	GABRA1
chr4	46389035	-	GABRA2	GABRA2
chrX	152451315	-	GABRA3	GABRA3
chr4	46993581	-	GABRA4	GABRA4
chr15	26867061	+	GABRA5	GABRA5
chr5	161685720	+	GABRA6	GABRA6
chr4	47031566	+	GABRB1	GABRB1
chr5	161546725	-	GABRB2	GABRB2
chr15	26629090	-	GABRB3	GABRB3
chr1	2019344	+	GABRD	GABRD
chrX	151974676	-	GABRE	GABRE
chr4	46124054	-	GABRG1	GABRG1
chr5	162067464	+	GABRG2	GABRG2
chr15	26971180	+	GABRG3	GABRG3
chr15	27161319	-	GABRG3-AS1	GABRG3-AS1
chr5	170783718	+	GABRP	GABRP
chrX	152637894	+	GABRQ	GABRQ
chr6	89217358	-	GABRR1	GABRR1
chr6	89315299	-	GABRR2	GABRR2
chr3	98035304	-	GABRR3	GABRR3
chr2	107754111	+	GACAT1	GACAT1
chr18	8707621	-	GACAT2	GACAT2
chr2	16050426	+	GACAT3	GACAT3
chr2	170816689	+	GAD1	GAD1
chr10	26216306	+	GAD2	GAD2
chr1	67685200	+	GADD45A	GADD45A
chr19	2476126	+	GADD45B	GADD45B
chr9	89605011	+	GADD45G	GADD45G
chr19	12957223	-	GADD45GIP1	GADD45GIP1
chr3	30894661	-	GADL1	GADL1
chrX	49599012	+	GAGE1	GAGE1
chrX	49303645	+	GAGE10	GAGE10
chrX	49341182	+	GAGE12B	GAGE12B
chrX	49532176	+	GAGE12C	GAGE12C
chrX	49322025	+	GAGE12D	GAGE12D
chrX	49532176	+	GAGE12E	GAGE12E
chrX	49341113	+	GAGE12F	GAGE12F
chrX	49322033	+	GAGE12G	GAGE12G
chrX	49532176	+	GAGE12H	GAGE12H
chrX	49341209	+	GAGE12I	GAGE12I
chrX	49322029	+	GAGE12J	GAGE12J
chrX	49331602	+	GAGE13	GAGE13
chrX	49589514	+	GAGE2A	GAGE2A
chrX	49589528	+	GAGE2B	GAGE2B
chrX	49589528	+	GAGE2C	GAGE2C
chrX	49331581	+	GAGE2D	GAGE2D
chrX	49331604	+	GAGE2E	GAGE2E
chrX	49341181	+	GAGE4	GAGE4
chrX	49341189	+	GAGE5	GAGE5
chrX	49341182	+	GAGE6	GAGE6
chrX	49341184	+	GAGE7	GAGE7
chrX	49331625	+	GAGE8	GAGE8
chr4	932316	-	GAK	GAK
chr11	68684543	+	GAL	GAL
chr22	30560776	-	GAL3ST1	GAL3ST1
chr2	241776821	+	GAL3ST2	GAL3ST2
chr11	66049161	-	GAL3ST3	GAL3ST3
chr7	100168617	-	GAL3ST4	GAL3ST4
chr14	87993182	-	GALC	GALC
chr1	23799547	-	GALE	GALE
chr17	75765192	-	GALK1	GALK1
chr15	49155758	+	GALK2	GALK2
chr2	38666113	+	GALM	GALM
chr16	88856947	-	GALNS	GALNS
chr18	35580921	+	GALNT1	GALNT1
chr5	154190732	+	GALNT10	GALNT10
chr7	152025673	+	GALNT11	GALNT11
chr9	98807669	+	GALNT12	GALNT12
chr2	153871921	+	GALNT13	GALNT13
chr2	31129640	-	GALNT14	GALNT14
chr3	16174679	+	GALNT15	GALNT15
chr14	69260157	+	GALNT16	GALNT16
chr7	71132143	+	GALNT17	GALNT17
chr11	11622005	-	GALNT18	GALNT18
chr1	230057788	+	GALNT2	GALNT2
chr2	165794247	-	GALNT3	GALNT3
chr12	89524796	-	GALNT4	GALNT4
chr2	157257704	+	GALNT5	GALNT5
chr12	51391406	-	GALNT6	GALNT6
chr4	173168810	+	GALNT7	GALNT7
chr12	4720399	+	GALNT8	GALNT8
chr12	132206028	-	GALNT9	GALNT9
chr7	151956445	+	GALNTL5	GALNTL5
chr4	171813403	+	GALNTL6	GALNTL6
chr4	172688917	-	GALNTL6-AS1	GALNTL6-AS1
chr19	56176007	+	GALP	GALP
chr18	77249847	+	GALR1	GALR1
chr17	76074780	+	GALR2	GALR2
chr22	37823381	+	GALR3	GALR3
chr9	34646588	+	GALT	GALT
chr19	1401542	-	GAMT	GAMT
chr16	81314961	+	GAN	GAN
chr11	62640218	-	GANAB	GANAB
chr15	42273657	+	GANC	GANC
chr3	115623509	+	GAP43	GAP43
chr12	6534516	+	GAPDH	GAPDH
chr19	35533455	+	GAPDHS	GAPDHS
chr18	3466249	+	GAPLINC	GAPLINC
chr5	58491434	+	GAPT	GAPT
chr9	125261825	+	GAPVD1	GAPVD1
chr4	109815509	+	GAR1	GAR1
chr18	32470882	-	GAREM1	GAREM1
chr2	26173087	+	GAREM2	GAREM2
chr9	127263661	+	GARNL3	GARNL3
chr19	34254553	+	GARRE1	GARRE1
chr7	30594734	+	GARS1	GARS1
chr7	30577779	-	GARS1-DT	GARS1-DT
chr21	33542117	-	GART	GART
chr9	86947506	-	GAS1	GAS1
chr9	86948697	+	GAS1RR	GAS1RR
chr11	22666610	+	GAS2	GAS2
chr22	29307022	+	GAS2L1	GAS2L1
chr9	97081945	-	GAS2L1P2	GAS2L1P2
chr17	35753239	-	GAS2L2	GAS2L2
chr12	100573683	+	GAS2L3	GAS2L3
chr1	173867991	-	GAS5	GAS5
chr1	173863247	+	GAS5-AS1	GAS5-AS1
chr13	113864076	-	GAS6	GAS6
chr13	113815609	+	GAS6-AS1	GAS6-AS1
chr13	113864176	+	GAS6-DT	GAS6-DT
chr17	9959495	-	GAS7	GAS7
chr16	90019628	+	GAS8	GAS8
chr16	90029901	-	GAS8-AS1	GAS8-AS1
chr8	102806821	+	GASAL1	GASAL1
chr3	42979310	+	GASK1A	GASK1A
chr4	158172373	-	GASK1B	GASK1B
chr17	41712330	+	GAST	GAST
chrX	48786589	+	GATA1	GATA1
chr3	128487921	-	GATA2	GATA2
chr3	128489202	+	GATA2-AS1	GATA2-AS1
chr10	8054687	+	GATA3	GATA3
chr10	8052491	-	GATA3-AS1	GATA3-AS1
chr8	11676934	+	GATA4	GATA4
chr20	62475995	-	GATA5	GATA5
chr18	22169588	+	GATA6	GATA6
chr18	22168968	-	GATA6-AS1	GATA6-AS1
chr7	92447481	+	GATAD1	GATAD1
chr19	19385842	+	GATAD2A	GATAD2A
chr1	153922972	-	GATAD2B	GATAD2B
chr4	151761007	-	GATB	GATB
chr12	120446443	+	GATC	GATC
chr11	777487	-	GATD1	GATD1
chr21	5128369	-	GATD3A	GATD3A
chr21	5128369	-	GATD3B	GATD3B
chr15	45378544	-	GATM	GATM
chr12	4720102	-	GAU1	GAU1
chr1	155241249	-	GBA	GBA
chr9	35749228	-	GBA2	GBA2
chr4	22692913	+	GBA3	GBA3
chr1	155227534	-	GBAP1	GBAP1
chr3	81761645	-	GBE1	GBE1
chr10	102245531	+	GBF1	GBF1
chr9	133163914	-	GBGT1	GBGT1
chr1	89065208	-	GBP1	GBP1
chr1	89407678	+	GBP1P1	GBP1P1
chr1	89126114	-	GBP2	GBP2
chr1	89022866	-	GBP3	GBP3
chr1	89198942	-	GBP4	GBP4
chr1	89272860	-	GBP5	GBP5
chr1	89363876	+	GBP6	GBP6
chr1	89176003	-	GBP7	GBP7
chr7	151167548	-	GBX1	GBX1
chr2	236168386	-	GBX2	GBX2
chr4	71784079	-	GC	GC
chr2	162318762	+	GCA	GCA
chr22	37807904	+	GCAT	GCAT
chr7	127585596	-	GCC1	GCC1
chr2	108449205	+	GCC2	GCC2
chr2	108534219	-	GCC2-AS1	GCC2-AS1
chr19	12891128	+	GCDH	GCDH
chr2	75710915	-	GCFC2	GCFC2
chr2	162152247	-	GCG	GCG
chr17	81804149	+	GCGR	GCGR
chr14	54902824	-	GCH1	GCH1
chr15	40764067	+	GCHFR	GCHFR
chr7	44146144	-	GCK	GCK
chr2	27496838	+	GCKR	GCKR
chr6	53545101	-	GCLC	GCLC
chr1	93909430	-	GCLM	GCLM
chr6	53148841	-	GCM1	GCM1
chr6	10882041	-	GCM2	GCM2
chr12	120194715	-	GCN1	GCN1
chrX	71578023	+	GCNA	GCNA
chr9	76441665	+	GCNT1	GCNT1
chr6	10521350	+	GCNT2	GCNT2
chr15	59611782	+	GCNT3	GCNT3
chr5	75052558	-	GCNT4	GCNT4
chr20	56525925	-	GCNT7	GCNT7
chr15	57591903	+	GCOM1	GCOM1
chr3	112133248	-	GCSAM	GCSAM
chr1	247507057	+	GCSAML	GCSAML
chr1	247530804	-	GCSAML-AS1	GCSAML-AS1
chr16	81096395	-	GCSH	GCSH
chr2	206116572	-	GCSHP3	GCSHP3
chr2	230886545	+	GCSIR	GCSIR
chr9	72114594	+	GDA	GDA
chr8	74350382	+	GDAP1	GDAP1
chr20	44247098	+	GDAP1L1	GDAP1L1
chr1	117929621	-	GDAP2	GDAP2
chr16	19522098	-	GDE1	GDE1
chr19	18896158	-	GDF1	GDF1
chr10	47300196	+	GDF10	GDF10
chr12	55743121	+	GDF11	GDF11
chr19	18386157	+	GDF15	GDF15
chr10	47322453	+	GDF2	GDF2
chr12	7695775	-	GDF3	GDF3
chr20	35438228	-	GDF5	GDF5
chr20	35433028	+	GDF5-AS1	GDF5-AS1
chr8	96160806	-	GDF6	GDF6
chr2	20667143	+	GDF7	GDF7
chr5	132865361	-	GDF9	GDF9
chrX	154437153	+	GDI1	GDI1
chr10	5813434	-	GDI2	GDI2
chr5	37834822	-	GDNF	GDNF
chr5	37839883	+	GDNF-AS1	GDNF-AS1
chr17	59220510	+	GDPD1	GDPD1
chrX	70423030	+	GDPD2	GDPD2
chr16	30113537	-	GDPD3	GDPD3
chr11	77301686	-	GDPD4	GDPD4
chr11	75452327	-	GDPD5	GDPD5
chr15	90234208	+	GDPGP1	GDPGP1
chr8	94262319	-	GEM	GEM
chr14	39114322	+	GEMIN2	GEMIN2
chr17	752264	-	GEMIN4	GEMIN4
chr5	154938211	-	GEMIN5	GEMIN5
chr2	38778209	+	GEMIN6	GEMIN6
chr19	45075626	+	GEMIN7	GEMIN7
chr19	45090391	-	GEMIN7-AS1	GEMIN7-AS1
chrX	14029892	-	GEMIN8	GEMIN8
chr1	89994966	-	GEMIN8P4	GEMIN8P4
chr2	17753868	+	GEN1	GEN1
chr21	39380243	+	GET1	GET1
chr21	39380325	+	GET1-SH3BGR	GET1-SH3BGR
chr19	12737105	+	GET3	GET3
chr7	876553	+	GET4	GET4
chr17	44915500	-	GFAP	GFAP
chr16	1984192	+	GFER	GFER
chr1	92483954	-	GFI1	GFI1
chr9	132945530	+	GFI1B	GFI1B
chr3	158644526	+	GFM1	GFM1
chr5	74767117	-	GFM2	GFM2
chr6	13408137	-	GFOD1	GFOD1
chr16	67719316	-	GFOD2	GFOD2
chr2	69387227	-	GFPT1	GFPT1
chr5	180353336	-	GFPT2	GFPT2
chr10	116255795	-	GFRA1	GFRA1
chr8	21788875	-	GFRA2	GFRA2
chr5	138274621	-	GFRA3	GFRA3
chr20	3663399	-	GFRA4	GFRA4
chr6	55327468	+	GFRAL	GFRAL
chr8	143617549	-	GFUS	GFUS
chr19	49423746	+	GFY	GFY
chr22	37608473	+	GGA1	GGA1
chr16	23510494	-	GGA2	GGA2
chr17	75261606	-	GGA3	GGA3
chr13	100533802	-	GGACT	GGACT
chr7	30504829	-	GGCT	GGCT
chr2	85561493	-	GGCX	GGCX
chr8	63038806	-	GGH	GGH
chr19	38388034	-	GGN	GGN
chr6	33583698	+	GGNBP1	GGNBP1
chr17	36544918	+	GGNBP2	GGNBP2
chr1	235327215	+	GGPS1	GGPS1
chr22	24583749	+	GGT1	GGT1
chr22	21277862	-	GGT2	GGT2
chr22	18791961	-	GGT3P	GGT3P
chr22	24245142	-	GGT5	GGT5
chr17	4560577	-	GGT6	GGT6
chr20	34872856	-	GGT7	GGT7
chr2	91775341	+	GGT8P	GGT8P
chr9	121498710	-	GGTA1	GGTA1
chr20	23986875	-	GGTLC1	GGTLC1
chr22	22644619	+	GGTLC2	GGTLC2
chr22	18518161	-	GGTLC3	GGTLC3
chr17	63918839	-	GH1	GH1
chr17	63881944	-	GH2	GH2
chr17	42194494	-	GHDC	GHDC
chr7	148987526	+	GHET1	GHET1
chr10	84139508	+	GHITM	GHITM
chr5	42423438	+	GHR	GHR
chr20	37261814	-	GHRH	GHRH
chr7	30963952	+	GHRHR	GHRHR
chr3	10292947	-	GHRL	GHRL
chr3	10280951	+	GHRLOS	GHRLOS
chr3	172448456	-	GHSR	GHSR
chr17	18039407	+	GID4	GID4
chr20	62938146	+	GID8	GID8
chr7	100694250	-	GIGYF1	GIGYF1
chr2	232697330	+	GIGYF2	GIGYF2
chr12	57936164	-	GIHCG	GIHCG
chr7	150716612	+	GIMAP1	GIMAP1
chr7	150716556	+	GIMAP1-GIMAP5	GIMAP1-GIMAP5
chr7	150685705	+	GIMAP2	GIMAP2
chr7	150567369	+	GIMAP4	GIMAP4
chr7	150737347	+	GIMAP5	GIMAP5
chr7	150632385	-	GIMAP6	GIMAP6
chr7	150514871	+	GIMAP7	GIMAP7
chr7	150450629	+	GIMAP8	GIMAP8
chr4	106368778	-	GIMD1	GIMD1
chr5	103120138	-	GIN1	GIN1
chr6	149566374	+	GINM1	GINM1
chr20	25407672	+	GINS1	GINS1
chr16	85688954	-	GINS2	GINS2
chr16	58392470	+	GINS3	GINS3
chr8	41529260	+	GINS4	GINS4
chr17	48968596	-	GIP	GIP
chr19	14496127	-	GIPC1	GIPC1
chr1	78044969	+	GIPC2	GIPC2
chr19	3585477	+	GIPC3	GIPC3
chr19	45668220	+	GIPR	GIPR
chr17	29589648	-	GIT1	GIT1
chr12	109996368	-	GIT2	GIT2
chr6	121435645	+	GJA1	GJA1
chr6	89894468	+	GJA10	GJA10
chr13	20161052	-	GJA3	GJA3
chr1	34792998	+	GJA4	GJA4
chr1	147760602	-	GJA5	GJA5
chr1	147902794	+	GJA8	GJA8
chr1	38881587	-	GJA9	GJA9
chr1	38881626	-	GJA9-MYCBP	GJA9-MYCBP
chrX	71215211	+	GJB1	GJB1
chr13	20192938	-	GJB2	GJB2
chr1	34781213	+	GJB3	GJB3
chr1	34759739	+	GJB4	GJB4
chr1	34755046	+	GJB5	GJB5
chr13	20231233	-	GJB6	GJB6
chr6	87329278	-	GJB7	GJB7
chr17	44830287	-	GJC1	GJC1
chr1	228149929	+	GJC2	GJC2
chr7	99929620	-	GJC3	GJC3
chr15	34754998	-	GJD2	GJD2
chr17	40364737	-	GJD3	GJD3
chr10	35605340	+	GJD4	GJD4
chr6	142133158	+	GJE1	GJE1
chrX	30653358	+	GK	GK
chr4	79408228	-	GK2	GK2
chr4	165280023	-	GK3P	GK3P
chr3	142225585	-	GK5	GK5
chr9	83817769	-	GKAP1	GKAP1
chr2	68974635	+	GKN1	GKN1
chr2	68952893	-	GKN2	GKN2
chrX	101407925	-	GLA	GLA
chr3	33096832	-	GLB1	GLB1
chr2	219243631	-	GLB1L	GLB1L
chr11	134331873	+	GLB1L2	GLB1L2
chr11	134276378	+	GLB1L3	GLB1L3
chr7	7968795	+	GLCCI1	GLCCI1
chr7	7968752	-	GLCCI1-DT	GLCCI1-DT
chr15	69160596	+	GLCE	GLCE
chr9	6645729	-	GLDC	GLDC
chr15	51341654	+	GLDN	GLDN
chr9	128504691	+	GLE1	GLE1
chr16	74607114	-	GLG1	GLG1
chr12	57459784	+	GLI1	GLI1
chr2	120735867	+	GLI2	GLI2
chr7	42237209	-	GLI3	GLI3
chr8	143267444	+	GLI4	GLI4
chr9	39810159	-	GLIDR	GLIDR
chr12	75480754	+	GLIPR1	GLIPR1
chr12	75334669	+	GLIPR1L1	GLIPR1L1
chr12	75391069	+	GLIPR1L2	GLIPR1L2
chr9	36136535	+	GLIPR2	GLIPR2
chr1	53734204	-	GLIS1	GLIS1
chr16	4314760	+	GLIS2	GLIS2
chr16	4328340	-	GLIS2-AS1	GLIS2-AS1
chr9	4152183	-	GLIS3	GLIS3
chr9	3898645	+	GLIS3-AS1	GLIS3-AS1
chr1	92298987	-	GLMN	GLMN
chr1	156295679	-	GLMP	GLMP
chr6	38703145	-	GLO1	GLO1
chr17	782280	-	GLOD4	GLOD4
chrX	48761746	+	GLOD5	GLOD5
chr6	39048780	+	GLP1R	GLP1R
chr17	9825923	+	GLP2R	GLP2R
chr5	151924851	-	GLRA1	GLRA1
chrX	14529297	+	GLRA2	GLRA2
chr4	174829247	-	GLRA3	GLRA3
chrX	103728495	-	GLRA4	GLRA4
chr4	157076124	+	GLRB	GLRB
chr5	95822726	-	GLRX	GLRX
chr1	193105414	-	GLRX2	GLRX2
chr10	130136374	+	GLRX3	GLRX3
chr14	95535049	+	GLRX5	GLRX5
chr2	190880820	+	GLS	GLS
chr12	56488161	-	GLS2	GLS2
chr12	128853477	+	GLT1D1	GLT1D1
chr9	135639540	-	GLT6D1	GLT6D1
chr3	52703698	-	GLT8D1	GLT8D1
chr12	104050187	-	GLT8D2	GLT8D2
chr12	109880541	-	GLTP	GLTP
chr17	4788963	+	GLTPD2	GLTPD2
chr10	87094087	-	GLUD1	GLUD1
chr10	46786770	-	GLUD1P2	GLUD1P2
chr10	73730561	+	GLUD1P3	GLUD1P3
chrX	121047609	+	GLUD2	GLUD2
chr1	182391404	-	GLUL	GLUL
chr11	58731943	-	GLYAT	GLYAT
chr11	58905397	+	GLYATL1	GLYATL1
chr11	59086306	+	GLYATL1B	GLYATL1B
chr11	58844704	-	GLYATL2	GLYATL2
chr6	49499922	+	GLYATL3	GLYATL3
chr12	54610462	-	GLYCAM1	GLYCAM1
chr3	52287819	+	GLYCTK	GLYCTK
chr3	52289733	-	GLYCTK-AS1	GLYCTK-AS1
chr16	4847288	-	GLYR1	GLYR1
chr5	151253184	+	GM2A	GM2A
chr2	69829659	+	GMCL1	GMCL1
chr5	178187371	-	GMCL2	GMCL2
chr6	2175991	-	GMDS	GMDS
chr6	2245752	+	GMDS-DT	GMDS-DT
chr1	28668783	+	GMEB1	GMEB1
chr20	63627101	-	GMEB2	GMEB2
chr14	54488980	-	GMFB	GMFB
chr19	39336043	-	GMFG	GMFG
chr19	19643657	-	GMIP	GMIP
chr8	142834800	+	GML	GML
chr3	190862694	-	GMNC	GMNC
chr6	24774936	+	GMNN	GMNN
chr2	219498890	+	GMPPA	GMPPA
chr3	49723951	-	GMPPB	GMPPB
chr6	16238586	+	GMPR	GMPR
chr14	24232621	+	GMPR2	GMPR2
chr3	155870649	+	GMPS	GMPS
chr19	3094361	+	GNA11	GNA11
chr7	2763140	-	GNA12	GNA12
chr17	65055774	-	GNA13	GNA13
chr9	77648322	-	GNA14	GNA14
chr9	77447648	+	GNA14-AS1	GNA14-AS1
chr19	3136032	+	GNA15	GNA15
chr7	80134830	+	GNAI1	GNAI1
chr3	50227067	+	GNAI2	GNAI2
chr1	109548614	+	GNAI3	GNAI3
chr18	11689263	+	GNAL	GNAL
chr16	56191488	+	GNAO1	GNAO1
chr9	78031811	-	GNAQ	GNAQ
chr20	58839747	+	GNAS	GNAS
chr20	58850903	-	GNAS-AS1	GNAS-AS1
chr3	50191609	+	GNAT1	GNAT1
chr1	109613084	-	GNAT2	GNAT2
chr7	80512064	-	GNAT3	GNAT3
chr22	23070518	+	GNAZ	GNAZ
chr1	1891087	-	GNB1	GNB1
chr22	19854874	-	GNB1L	GNB1L
chr7	100673739	+	GNB2	GNB2
chr12	6840924	+	GNB3	GNB3
chr3	179451470	-	GNB4	GNB4
chr15	52179691	-	GNB5	GNB5
chr9	36258448	-	GNE	GNE
chr9	111661604	+	GNG10	GNG10
chr7	93921734	+	GNG11	GNG11
chr1	67833467	-	GNG12	GNG12
chr1	67832287	+	GNG12-AS1	GNG12-AS1
chr16	800734	-	GNG13	GNG13
chr19	12687997	+	GNG14	GNG14
chr14	51860611	+	GNG2	GNG2
chr11	62707675	+	GNG3	GNG3
chr1	235649784	-	GNG4	GNG4
chr1	84506581	-	GNG5	GNG5
chr19	2702694	-	GNG7	GNG7
chr19	46634682	-	GNG8	GNG8
chr7	93906566	+	GNGT1	GNGT1
chr17	49209381	-	GNGT2	GNGT2
chr6	30557594	-	GNL1	GNL1
chr1	37595937	-	GNL2	GNL2
chr3	52685919	+	GNL3	GNL3
chrX	54530218	+	GNL3L	GNL3L
chr2	85694357	+	GNLY	GNLY
chr6	42960753	+	GNMT	GNMT
chr1	231241211	+	GNPAT	GNPAT
chr5	142013027	-	GNPDA1	GNPDA1
chr4	44726556	-	GNPDA2	GNPDA2
chr14	52791607	-	GNPNAT1	GNPNAT1
chr12	101830959	-	GNPTAB	GNPTAB
chr16	1351930	+	GNPTG	GNPTG
chr8	25424261	-	GNRH1	GNRH1
chr20	3043621	+	GNRH2	GNRH2
chr4	67754388	-	GNRHR	GNRHR
chr1	145919012	+	GNRHR2	GNRHR2
chr12	64759406	-	GNS	GNS
chr9	124941083	-	GOLGA1	GOLGA1
chr9	128275952	-	GOLGA2	GOLGA2
chr15	82513999	-	GOLGA2P10	GOLGA2P10
chr15	62248795	-	GOLGA2P11	GOLGA2P11
chrY	24214831	-	GOLGA2P2Y	GOLGA2P2Y
chrY	24214831	-	GOLGA2P3Y	GOLGA2P3Y
chr12	100173343	-	GOLGA2P5	GOLGA2P5
chr10	30371907	-	GOLGA2P6	GOLGA2P6
chr15	84230168	-	GOLGA2P7	GOLGA2P7
chr19	22596256	+	GOLGA2P9	GOLGA2P9
chr12	132828389	-	GOLGA3	GOLGA3
chr3	37243270	+	GOLGA4	GOLGA4
chr14	92794304	+	GOLGA5	GOLGA5
chr15	74082550	-	GOLGA6A	GOLGA6A
chr15	72654696	+	GOLGA6B	GOLGA6B
chr15	75258557	+	GOLGA6C	GOLGA6C
chr15	75282840	+	GOLGA6D	GOLGA6D
chr15	23136822	-	GOLGA6L1	GOLGA6L1
chr15	82349475	-	GOLGA6L10	GOLGA6L10
chr15	82519589	+	GOLGA6L17P	GOLGA6L17P
chr15	23447243	-	GOLGA6L2	GOLGA6L2
chr15	23334210	-	GOLGA6L22	GOLGA6L22
chr15	85240350	+	GOLGA6L3	GOLGA6L3
chr15	84235772	+	GOLGA6L4	GOLGA6L4
chr15	84516847	-	GOLGA6L5P	GOLGA6L5P
chr15	20541800	-	GOLGA6L6	GOLGA6L6
chr15	22776132	-	GOLGA6L7	GOLGA6L7
chr15	82429979	+	GOLGA6L9	GOLGA6L9
chr8	41490395	+	GOLGA7	GOLGA7
chr10	97849842	+	GOLGA7B	GOLGA7B
chr15	34389768	-	GOLGA8A	GOLGA8A
chr15	34583570	-	GOLGA8B	GOLGA8B
chr15	20562348	+	GOLGA8CP	GOLGA8CP
chr15	23157339	+	GOLGA8DP	GOLGA8DP
chr15	22438026	-	GOLGA8EP	GOLGA8EP
chr15	28378637	+	GOLGA8F	GOLGA8F
chr15	28378643	+	GOLGA8G	GOLGA8G
chr15	23354752	+	GOLGA8H	GOLGA8H
chr15	22617854	-	GOLGA8IP	GOLGA8IP
chr15	22617854	-	GOLGA8J	GOLGA8J
chr15	32403292	-	GOLGA8K	GOLGA8K
chr15	28712421	-	GOLGA8M	GOLGA8M
chr15	30604029	+	GOLGA8N	GOLGA8N
chr15	32455634	-	GOLGA8O	GOLGA8O
chr15	30552077	+	GOLGA8Q	GOLGA8Q
chr15	30414260	-	GOLGA8R	GOLGA8R
chr15	23354747	+	GOLGA8S	GOLGA8S
chr15	30135050	+	GOLGA8T	GOLGA8T
chr3	121749741	-	GOLGB1	GOLGB1
chr3	168095924	-	GOLIM4	GOLIM4
chr9	86099558	-	GOLM1	GOLM1
chr15	44288718	+	GOLM2	GOLM2
chr5	32174319	-	GOLPH3	GOLPH3
chr1	150697154	-	GOLPH3L	GOLPH3L
chr1	204213988	-	GOLT1A	GOLT1A
chr12	21501788	+	GOLT1B	GOLT1B
chr1	155857214	-	GON4L	GON4L
chr14	93207065	-	GON7	GON7
chr6	117602511	-	GOPC	GOPC
chr1	170532165	+	GORAB	GORAB
chr1	170532609	-	GORAB-AS1	GORAB-AS1
chr3	39107627	-	GORASP1	GORASP1
chr2	170928476	+	GORASP2	GORASP2
chr17	30477407	+	GOSR1	GOSR1
chr17	46923116	+	GOSR2	GOSR2
chr10	99430624	-	GOT1	GOT1
chr8	37940124	-	GOT1L1	GOT1L1
chr16	58734316	-	GOT2	GOT2
chr17	4932276	+	GP1BA	GP1BA
chr22	19723538	+	GP1BB	GP1BB
chr16	20327513	-	GP2	GP2
chr3	194399266	-	GP5	GP5
chr19	55038264	-	GP6	GP6
chr3	129060778	+	GP9	GP9
chr1	167090377	-	GPA33	GPA33
chr8	144082633	+	GPAA1	GPAA1
chr13	44989529	+	GPALPP1	GPALPP1
chr10	112183765	-	GPAM	GPAM
chr6	31664997	-	GPANK1	GPANK1
chr2	96035245	-	GPAT2	GPAT2
chr4	83535913	+	GPAT3	GPAT3
chr8	41578199	+	GPAT4	GPAT4
chr19	33080879	+	GPATCH1	GPATCH1
chr2	37084517	+	GPATCH11	GPATCH11
chr1	217631090	-	GPATCH2	GPATCH2
chr14	76151884	+	GPATCH2L	GPATCH2L
chr1	26900467	-	GPATCH3	GPATCH3
chr1	156601479	-	GPATCH4	GPATCH4
chr17	44436851	-	GPATCH8	GPATCH8
chr2	218259495	+	GPBAR1	GPBAR1
chr5	57173947	+	GPBP1	GPBP1
chr1	45686533	-	GPBP1L1	GPBP1L1
chr2	240435662	+	GPC1	GPC1
chr7	100177381	-	GPC2	GPC2
chrX	133985594	-	GPC3	GPC3
chrX	133897442	+	GPC3-AS1	GPC3-AS1
chrX	133415489	-	GPC4	GPC4
chr13	91398620	+	GPC5	GPC5
chr13	92719955	-	GPC5-AS1	GPC5-AS1
chr13	92352207	-	GPC5-AS2	GPC5-AS2
chr13	93226806	+	GPC6	GPC6
chr13	94187991	-	GPC6-AS1	GPC6-AS1
chr13	93858473	-	GPC6-AS2	GPC6-AS2
chr20	5611006	-	GPCPD1	GPCPD1
chr12	50104007	+	GPD1	GPD1
chr3	32106619	+	GPD1L	GPD1L
chr2	156435551	+	GPD2	GPD2
chr7	1086806	+	GPER1	GPER1
chr11	64935893	-	GPHA2	GPHA2
chr14	63318935	-	GPHB5	GPHB5
chr14	66508146	+	GPHN	GPHN
chr19	34364739	+	GPI	GPI
chr8	143213217	+	GPIHBP1	GPIHBP1
chrX	49123735	-	GPKOW	GPKOW
chr6	24489578	-	GPLD1	GPLD1
chr4	175787676	-	GPM6A	GPM6A
chrX	13817093	-	GPM6B	GPM6B
chr2	27628647	+	GPN1	GPN1
chr1	26890283	-	GPN2	GPN2
chr12	110468257	-	GPN3	GPN3
chr7	23246774	+	GPNMB	GPNMB
chr2	206213628	-	GPR1	GPR1
chr2	206203375	+	GPR1-AS	GPR1-AS
chrX	137033995	-	GPR101	GPR101
chr9	130053705	+	GPR107	GPR107
chr19	6737302	-	GPR108	GPR108
chrX	130385537	-	GPR119	GPR119
chr13	26760786	-	GPR12	GPR12
chr14	105065430	-	GPR132	GPR132
chr14	59465380	-	GPR135	GPR135
chr11	64270530	+	GPR137	GPR137
chr1	236142538	+	GPR137B	GPR137B
chr14	52552835	+	GPR137C	GPR137C
chr16	20073778	-	GPR139	GPR139
chr7	37683765	+	GPR141	GPR141
chr17	74367505	+	GPR142	GPR142
chrX	9765847	-	GPR143	GPR143
chr7	1044545	+	GPR146	GPR146
chr2	130729069	+	GPR148	GPR148
chr3	154430190	-	GPR149	GPR149
chr3	98531977	+	GPR15	GPR15
chr5	95620086	+	GPR150	GPR150
chr5	146516190	-	GPR151	GPR151
chr11	67452729	-	GPR152	GPR152
chr1	6261098	-	GPR153	GPR153
chr2	174487029	-	GPR155	GPR155
chr3	120285222	-	GPR156	GPR156
chr1	9129102	-	GPR157	GPR157
chr10	25175000	+	GPR158	GPR158
chr10	25176276	-	GPR158-AS1	GPR158-AS1
chr3	170037994	+	GPR160	GPR160
chr1	168136707	-	GPR161	GPR161
chr12	6821820	+	GPR162	GPR162
chr2	127645863	+	GPR17	GPR17
chr3	151203216	-	GPR171	GPR171
chrX	53048788	+	GPR173	GPR173
chrX	79144687	+	GPR174	GPR174
chr15	39829276	-	GPR176	GPR176
chr17	38343956	-	GPR179	GPR179
chr13	99258428	-	GPR18	GPR18
chr13	94601856	+	GPR180	GPR180
chr12	56994491	+	GPR182	GPR182
chr13	99307399	-	GPR183	GPR183
chr12	12696183	-	GPR19	GPR19
chr8	141367286	-	GPR20	GPR20
chr9	123033666	+	GPR21	GPR21
chr7	107470056	+	GPR22	GPR22
chr1	200872980	+	GPR25	GPR25
chr10	123666354	+	GPR26	GPR26
chr3	71753854	+	GPR27	GPR27
chr1	27392621	+	GPR3	GPR3
chr6	167157980	-	GPR31	GPR31
chr19	50770463	+	GPR32	GPR32
chr14	31487945	-	GPR33	GPR33
chrX	41688972	+	GPR34	GPR34
chr2	240605429	+	GPR35	GPR35
chr7	124765792	-	GPR37	GPR37
chr1	202122916	+	GPR37L1	GPR37L1
chr2	132416804	+	GPR39	GPR39
chr19	45602212	-	GPR4	GPR4
chr19	35371094	+	GPR42	GPR42
chr2	105241742	+	GPR45	GPR45
chrX	151176583	+	GPR50	GPR50
chrX	151177836	-	GPR50-AS1	GPR50-AS1
chr1	174447963	+	GPR52	GPR52
chr2	230925242	-	GPR55	GPR55
chr6	109978255	+	GPR6	GPR6
chr1	109539871	+	GPR61	GPR61
chr3	51955380	+	GPR62	GPR62
chr6	96837477	-	GPR63	GPR63
chr14	88005134	+	GPR65	GPR65
chr14	91244704	-	GPR68	GPR68
chr2	53859967	-	GPR75	GPR75
chr2	53860033	-	GPR75-ASB3	GPR75-ASB3
chr4	8580391	+	GPR78	GPR78
chrX	41724180	+	GPR82	GPR82
chr11	94401419	-	GPR83	GPR83
chr12	54364486	-	GPR84	GPR84
chr7	113086167	-	GPR85	GPR85
chr3	151316820	-	GPR87	GPR87
chr1	100538138	+	GPR88	GPR88
chr1	145607959	+	GPR89A	GPR89A
chr1	147928373	+	GPR89B	GPR89B
chr9	130144219	-	GPRACR	GPRACR
chrX	102651365	+	GPRASP1	GPRASP1
chrX	102712175	+	GPRASP2	GPRASP2
chr12	12891561	+	GPRC5A	GPRC5A
chr16	19884848	-	GPRC5B	GPRC5B
chr17	74432087	+	GPRC5C	GPRC5C
chr12	12950384	-	GPRC5D	GPRC5D
chr12	12927725	+	GPRC5D-AS1	GPRC5D-AS1
chr6	116829057	-	GPRC6A	GPRC6A
chr5	176610156	-	GPRIN1	GPRIN1
chr10	46556416	-	GPRIN2	GPRIN2
chr4	89307800	-	GPRIN3	GPRIN3
chr17	82051897	+	GPS1	GPS1
chr17	7315360	-	GPS2	GPS2
chr9	136327538	+	GPSM1	GPSM1
chr1	108876984	+	GPSM2	GPSM2
chr6	32192643	-	GPSM3	GPSM3
chr8	144503067	+	GPT	GPT
chr16	46884361	+	GPT2	GPT2
chr3	49358353	-	GPX1	GPX1
chr14	64942745	-	GPX2	GPX2
chr5	151020590	+	GPX3	GPX3
chr19	1103993	+	GPX4	GPX4
chr6	28525880	+	GPX5	GPX5
chr6	28515793	-	GPX6	GPX6
chr1	52602370	+	GPX7	GPX7
chr5	55160170	+	GPX8	GPX8
chr19	34994726	+	GRAMD1A	GRAMD1A
chr11	123358421	+	GRAMD1B	GRAMD1B
chr3	113838787	+	GRAMD1C	GRAMD1C
chr15	72197787	-	GRAMD2A	GRAMD2A
chr5	126360119	+	GRAMD2B	GRAMD2B
chr22	46577087	+	GRAMD4	GRAMD4
chr17	19046957	-	GRAP	GRAP
chr22	39901083	+	GRAP2	GRAP2
chr17	19127588	+	GRAPL	GRAPL
chr2	6918682	-	GRASLND	GRASLND
chr7	50705301	-	GRB10	GRB10
chr2	164568495	-	GRB14	GRB14
chr17	75405678	-	GRB2	GRB2
chr17	39737937	+	GRB7	GRB7
chr2	11534044	+	GREB1	GREB1
chr18	21242241	+	GREB1L	GREB1L
chr15	32718003	+	GREM1	GREM1
chr1	240612155	-	GREM2	GREM2
chr2	9951692	+	GRHL1	GRHL1
chr8	101492438	+	GRHL2	GRHL2
chr1	24319356	+	GRHL3	GRHL3
chr9	37422695	+	GRHPR	GRHPR
chr5	153490523	+	GRIA1	GRIA1
chr4	157220119	+	GRIA2	GRIA2
chrX	123184242	+	GRIA3	GRIA3
chr11	105610072	+	GRIA4	GRIA4
chr10	86366795	-	GRID1	GRID1
chr10	85577730	+	GRID1-AS1	GRID1-AS1
chr4	92303965	+	GRID2	GRID2
chr7	6551436	-	GRID2IP	GRID2IP
chr7	2476383	-	GRIFIN	GRIFIN
chr21	29939996	-	GRIK1	GRIK1
chr21	29748174	+	GRIK1-AS1	GRIK1-AS1
chr21	29596039	+	GRIK1-AS2	GRIK1-AS2
chr6	101393707	+	GRIK2	GRIK2
chr1	37034515	-	GRIK3	GRIK3
chr11	120511747	+	GRIK4	GRIK4
chr19	42065805	-	GRIK5	GRIK5
chr9	137139153	+	GRIN1	GRIN1
chr16	10182067	-	GRIN2A	GRIN2A
chr12	13981602	-	GRIN2B	GRIN2B
chr17	74859884	-	GRIN2C	GRIN2C
chr19	48393667	+	GRIN2D	GRIN2D
chr9	101738647	-	GRIN3A	GRIN3A
chr19	1000418	+	GRIN3B	GRIN3B
chr8	143990055	+	GRINA	GRINA
chr12	66679076	-	GRIP1	GRIP1
chr3	14540342	-	GRIP2	GRIP2
chrX	49002264	-	GRIPAP1	GRIPAP1
chr13	113667218	+	GRK1	GRK1
chr11	67266472	+	GRK2	GRK2
chr22	25564674	+	GRK3	GRK3
chr4	2963570	+	GRK4	GRK4
chr10	119207570	+	GRK5	GRK5
chr5	177426675	+	GRK6	GRK6
chr13	21319035	+	GRK6P1	GRK6P1
chr3	141763407	+	GRK7	GRK7
chr6	146027706	+	GRM1	GRM1
chr3	51707067	+	GRM2	GRM2
chr7	86643908	+	GRM3	GRM3
chr6	34105967	-	GRM4	GRM4
chr11	89063659	-	GRM5	GRM5
chr11	88504575	+	GRM5-AS1	GRM5-AS1
chr5	178995320	-	GRM6	GRM6
chr3	6861114	+	GRM7	GRM7
chr3	7535284	-	GRM7-AS1	GRM7-AS1
chr3	6894017	-	GRM7-AS2	GRM7-AS2
chr3	6805449	-	GRM7-AS3	GRM7-AS3
chr7	127243515	-	GRM8	GRM8
chr7	127215126	+	GRM8-AS1	GRM8-AS1
chr17	44345301	+	GRN	GRN
chr18	59220157	+	GRP	GRP
chr4	7068064	-	GRPEL1	GRPEL1
chr5	149345498	+	GRPEL2	GRPEL2
chr5	149357642	-	GRPEL2-AS1	GRPEL2-AS1
chrX	16123564	+	GRPR	GRPR
chr4	70839261	-	GRSF1	GRSF1
chr13	113364130	-	GRTP1	GRTP1
chr13	113351672	+	GRTP1-AS1	GRTP1-AS1
chr19	48445982	+	GRWD1	GRWD1
chr4	42892712	+	GRXCR1	GRXCR1
chr5	145872968	-	GRXCR2	GRXCR2
chr7	66592407	-	GS1-124K5.11	GS1-124K5.11
chr7	66493631	+	GS1-124K5.4	GS1-124K5.4
chr8	6835553	+	GS1-24F4.2	GS1-24F4.2
chr1	185335039	-	GS1-279B7.1	GS1-279B7.1
chrX	15602880	+	GS1-594A7.3	GS1-594A7.3
chrX	13310651	+	GS1-600G8.3	GS1-600G8.3
chr7	77416349	-	GSAP	GSAP
chr14	94770113	-	GSC	GSC
chr14	94770641	+	GSC-DT	GSC-DT
chr22	19150292	-	GSC2	GSC2
chr17	39963003	+	GSDMA	GSDMA
chr17	39917540	-	GSDMB	GSDMB
chr8	129786624	-	GSDMC	GSDMC
chr8	143553386	+	GSDMD	GSDMD
chr7	24757464	-	GSDME	GSDME
chr16	85611408	+	GSE1	GSE1
chr11	126355587	-	GSEC	GSEC
chr12	13095675	-	GSG1	GSG1
chr16	27888157	-	GSG1L	GSG1L
chr17	9822071	-	GSG1L2	GSG1L2
chr19	42242602	-	GSK3A	GSK3A
chr3	120094447	-	GSK3B	GSK3B
chr14	96363451	+	GSKIP	GSKIP
chr9	121201482	+	GSN	GSN
chr9	121285530	-	GSN-AS1	GSN-AS1
chr16	11915956	-	GSPT1	GSPT1
chrX	51743441	+	GSPT2	GSPT2
chr8	30727846	-	GSR	GSR
chr20	34955635	-	GSS	GSS
chr6	52803816	-	GSTA1	GSTA1
chr6	52763475	-	GSTA2	GSTA2
chr6	52909698	-	GSTA3	GSTA3
chr6	52995284	-	GSTA4	GSTA4
chr6	52846095	-	GSTA5	GSTA5
chr6	52745159	-	GSTA7P	GSTA7P
chr4	105708783	+	GSTCD	GSTCD
chr4	105827172	-	GSTCD-AS1	GSTCD-AS1
chr7	143263428	+	GSTK1	GSTK1
chr1	109687816	+	GSTM1	GSTM1
chr1	109668021	+	GSTM2	GSTM2
chr6	111047554	-	GSTM2P1	GSTM2P1
chr1	109741038	-	GSTM3	GSTM3
chr1	109656075	+	GSTM4	GSTM4
chr1	109712250	+	GSTM5	GSTM5
chr10	104254193	+	GSTO1	GSTO1
chr10	104268872	+	GSTO2	GSTO2
chr11	67583811	+	GSTP1	GSTP1
chr22	23961195	-	GSTT2	GSTT2
chr22	23961195	-	GSTT2B	GSTT2B
chr22	24005453	-	GSTT4	GSTT4
chr22	24005453	-	GSTTP2	GSTTP2
chr14	77321035	+	GSTZ1	GSTZ1
chr13	27792482	+	GSX1	GSX1
chr4	54100162	+	GSX2	GSX2
chr2	144237339	-	GTDC1	GTDC1
chr14	81220959	-	GTF2A1	GTF2A1
chr2	48617779	+	GTF2A1L	GTF2A1L
chr15	59657305	-	GTF2A2	GTF2A2
chr1	88891567	-	GTF2B	GTF2B
chr3	120742743	+	GTF2E1	GTF2E1
chr8	30657618	-	GTF2E2	GTF2E2
chr19	6393164	-	GTF2F1	GTF2F1
chr13	45120509	+	GTF2F2	GTF2F2
chr11	18322268	+	GTF2H1	GTF2H1
chr5	70415304	+	GTF2H2	GTF2H2
chr5	69560222	+	GTF2H2B	GTF2H2B
chr5	69560190	+	GTF2H2C	GTF2H2C
chr5	69560204	+	GTF2H2C_2	GTF2H2C_2
chr12	123633738	+	GTF2H3	GTF2H3
chr6	30908206	+	GTF2H4	GTF2H4
chr6	158168349	+	GTF2H5	GTF2H5
chr7	74657664	+	GTF2I	GTF2I
chr7	73154928	+	GTF2IP1	GTF2IP1
chr4	119454628	-	GTF2IP12	GTF2IP12
chr1	223992644	-	GTF2IP20	GTF2IP20
chr7	66847449	+	GTF2IP23	GTF2IP23
chr7	73154923	+	GTF2IP4	GTF2IP4
chr7	76108762	-	GTF2IP7	GTF2IP7
chr7	74453905	+	GTF2IRD1	GTF2IRD1
chr7	66844826	-	GTF2IRD1P1	GTF2IRD1P1
chr7	74850125	-	GTF2IRD2	GTF2IRD2
chr7	75092555	+	GTF2IRD2B	GTF2IRD2B
chr13	27424618	+	GTF3A	GTF3A
chr16	27549913	-	GTF3C1	GTF3C1
chr2	27356492	-	GTF3C2	GTF3C2
chr2	27335541	+	GTF3C2-AS1	GTF3C2-AS1
chr2	196799683	-	GTF3C3	GTF3C3
chr9	132670034	+	GTF3C4	GTF3C4
chr9	133030674	+	GTF3C5	GTF3C5
chr6	110958705	+	GTF3C6	GTF3C6
chr22	38705943	+	GTPBP1	GTPBP1
chr7	90346715	+	GTPBP10	GTPBP10
chr6	43627353	-	GTPBP2	GTPBP2
chr19	17334981	+	GTPBP3	GTPBP3
chr10	988433	+	GTPBP4	GTPBP4
chrX	318819	-	GTPBP6	GTPBP6
chr3	112990952	+	GTPBP8	GTPBP8
chr18	70650954	-	GTSCR1	GTSCR1
chr22	46296869	+	GTSE1	GTSE1
chr22	46296660	-	GTSE1-DT	GTSE1-DT
chr12	54473602	-	GTSF1	GTSF1
chr20	43727002	-	GTSF1L	GTSF1L
chr6	42155405	+	GUCA1A	GUCA1A
chr6	42155405	+	GUCA1ANB	GUCA1ANB
chr6	42194956	-	GUCA1B	GUCA1B
chr3	108953846	-	GUCA1C	GUCA1C
chr1	42164745	-	GUCA2A	GUCA2A
chr1	42153409	+	GUCA2B	GUCA2B
chr22	24555138	-	GUCD1	GUCD1
chr4	155666847	+	GUCY1A1	GUCY1A1
chr11	107018476	-	GUCY1A2	GUCY1A2
chr4	155759020	+	GUCY1B1	GUCY1B1
chr13	51066157	-	GUCY1B2	GUCY1B2
chr12	14696599	-	GUCY2C	GUCY2C
chr17	8002614	+	GUCY2D	GUCY2D
chr11	76721789	-	GUCY2EP	GUCY2EP
chrX	109482086	-	GUCY2F	GUCY2F
chr10	112356595	-	GUCY2GP	GUCY2GP
chr4	44678394	+	GUF1	GUF1
chr1	228140083	+	GUK1	GUK1
chr2	188291873	+	GULP1	GULP1
chr7	65982213	-	GUSB	GUSB
chr5	21459479	+	GUSBP1	GUSBP1
chr7	57180156	-	GUSBP10	GUSBP10
chr22	23717423	-	GUSBP11	GUSBP11
chr5	69844811	+	GUSBP14	GUSBP14
chr5	70585722	-	GUSBP15	GUSBP15
chr5	69844668	+	GUSBP16	GUSBP16
chr5	70500903	-	GUSBP17	GUSBP17
chr6	26956554	-	GUSBP2	GUSBP2
chr5	69710527	-	GUSBP3	GUSBP3
chr6	57936929	-	GUSBP4	GUSBP4
chr4	143559471	+	GUSBP5	GUSBP5
chr11	6721879	-	GVINP1	GVINP1
chr11	76381322	+	GVQW3	GVQW3
chr12	42144874	-	GXYLT1	GXYLT1
chr9	40348498	+	GXYLT1P3	GXYLT1P3
chr3	72888045	+	GXYLT2	GXYLT2
chr3	148991407	+	GYG1	GYG1
chrX	2828821	+	GYG2	GYG2
chrY	12421590	-	GYG2P1	GYG2P1
chr4	144140718	-	GYPA	GYPA
chr4	144019345	-	GYPB	GYPB
chr2	126655934	+	GYPC	GYPC
chr4	143905559	-	GYPE	GYPE
chr19	48993309	-	GYS1	GYS1
chr12	21604847	-	GYS2	GYS2
chr20	23362181	+	GZF1	GZF1
chr5	55102645	+	GZMA	GZMA
chr14	24634190	-	GZMB	GZMB
chr14	24609685	-	GZMH	GZMH
chr5	55024255	+	GZMK	GZMK
chr19	544052	+	GZMM	GZMM
chr22	37805228	+	H1-0	H1-0
chr6	26017787	-	H1-1	H1-1
chr3	129316286	-	H1-10	H1-10
chr3	129316270	+	H1-10-AS1	H1-10-AS1
chr6	26056470	-	H1-2	H1-2
chr6	26234987	-	H1-3	H1-3
chr6	26156328	+	H1-4	H1-4
chr6	27867588	-	H1-5	H1-5
chr6	26108135	-	H1-6	H1-6
chr12	48328979	+	H1-7	H1-7
chr3	129543174	+	H1-8	H1-8
chr17	50172476	-	H1-9P	H1-9P
chr11	1997875	-	H19	H19
chrX	154884971	+	H2AB1	H2AB1
chrX	154884971	+	H2AB2	H2AB2
chrX	154884971	+	H2AB3	H2AB3
chr6	25726562	-	H2AC1	H2AC1
chr6	27133042	+	H2AC11	H2AC11
chr6	27147105	+	H2AC12	H2AC12
chr6	27808172	+	H2AC13	H2AC13
chr6	27814777	-	H2AC14	H2AC14
chr6	27838375	-	H2AC15	H2AC15
chr6	27865316	+	H2AC16	H2AC16
chr6	27893185	-	H2AC17	H2AC17
chr1	149842750	-	H2AC18	H2AC18
chr1	149842751	-	H2AC19	H2AC19
chr1	149886917	+	H2AC20	H2AC20
chr1	149887965	-	H2AC21	H2AC21
chr6	25732380	+	H2AC2P	H2AC2P
chr6	26033618	-	H2AC4	H2AC4
chr6	26124171	+	H2AC6	H2AC6
chr6	26199293	-	H2AC7	H2AC7
chr6	26216920	+	H2AC8	H2AC8
chr12	14774335	+	H2AJ	H2AJ
chrX	37990778	+	H2AP	H2AP
chr1	228457873	-	H2AW	H2AW
chr11	119095465	-	H2AX	H2AX
chr4	99950275	-	H2AZ1	H2AZ1
chr4	99950493	+	H2AZ1-DT	H2AZ1-DT
chr7	44848087	-	H2AZ2	H2AZ2
chr6	25726776	+	H2BC1	H2BC1
chr6	26272930	+	H2BC10	H2BC10
chr6	27132795	-	H2BC11	H2BC11
chr6	27146855	-	H2BC12	H2BC12
chr6	27807929	-	H2BC13	H2BC13
chr6	27815021	+	H2BC14	H2BC14
chr6	27838568	+	H2BC15	H2BC15
chr6	27893424	+	H2BC17	H2BC17
chr1	149812370	-	H2BC18	H2BC18
chr1	149850773	-	H2BC20P	H2BC20P
chr1	149886682	-	H2BC21	H2BC21
chr6	26043713	-	H2BC3	H2BC3
chr6	26123926	-	H2BC4	H2BC4
chr6	26158120	+	H2BC5	H2BC5
chr6	26183760	+	H2BC6	H2BC6
chr6	26199515	+	H2BC7	H2BC7
chr6	26216688	-	H2BC8	H2BC8
chr6	26251613	+	H2BC9	H2BC9
chr7	151210488	-	H2BE1	H2BE1
chr1	121117292	-	H2BP1	H2BP1
chr1	143904650	-	H2BP2	H2BP2
chr21	5973390	-	H2BS1	H2BS1
chr1	228458102	+	H2BU1	H2BU1
chrX	104013687	-	H2BW1	H2BW1
chrX	104039948	+	H2BW2	H2BW2
chrX	103975923	+	H2BW3P	H2BW3P
chrX	103975923	+	H2BW4P	H2BW4P
chr1	143905977	-	H3-2	H3-2
chr1	226061830	+	H3-3A	H3-3A
chr17	75779779	-	H3-3B	H3-3B
chr1	228425360	-	H3-4	H3-4
chr12	31792298	-	H3-5	H3-5
chr6	26020450	+	H3C1	H3C1
chr6	27810050	+	H3C10	H3C10
chr6	27872346	-	H3C11	H3C11
chr6	27890826	-	H3C12	H3C12
chr1	149813693	-	H3C13	H3C13
chr1	149841208	-	H3C14	H3C14
chr1	149841204	-	H3C15	H3C15
chr6	26032099	-	H3C2	H3C2
chr6	26045383	+	H3C3	H3C3
chr6	26197286	-	H3C4	H3C4
chr6	26224177	+	H3C6	H3C6
chr6	26250635	-	H3C7	H3C7
chr6	26271413	-	H3C8	H3C8
chr1	121118626	-	H3P4	H3P4
chr2	174719799	+	H3P6	H3P6
chr5	17655849	-	H3Y1	H3Y1
chr5	17492076	-	H3Y2	H3Y2
chr12	14771131	-	H4-16	H4-16
chr6	26021648	+	H4C1	H4C1
chr6	27824091	+	H4C11	H4C11
chr6	27831560	-	H4C12	H4C12
chr6	27873534	-	H4C13	H4C13
chr1	149832656	+	H4C14	H4C14
chr1	149832656	+	H4C15	H4C15
chr6	26027283	-	H4C2	H4C2
chr6	26103932	+	H4C3	H4C3
chr6	26189112	-	H4C4	H4C4
chr6	26204609	+	H4C5	H4C5
chr6	26240392	+	H4C6	H4C6
chr6	26246996	-	H4C7	H4C7
chr6	26285534	-	H4C8	H4C8
chr6	27139281	+	H4C9	H4C9
chr1	9234773	+	H6PD	H6PD
chr2	42792583	-	HAAO	HAAO
chr10	113550830	+	HABP2	HABP2
chr9	96450168	+	HABP4	HABP4
chr10	17617374	-	HACD1	HACD1
chr3	123584617	-	HACD2	HACD2
chr15	65530462	+	HACD3	HACD3
chr9	21031640	-	HACD4	HACD4
chr6	104859546	-	HACE1	HACE1
chr3	15601569	-	HACL1	HACL1
chr4	107989888	+	HADH	HADH
chr2	26244632	-	HADHA	HADHA
chr2	26244747	+	HADHB	HADHB
chr16	1826825	-	HAGH	HAGH
chr16	727105	+	HAGHL	HAGHL
chr2	176178129	-	HAGLR	HAGLR
chr2	176178165	+	HAGLROS	HAGLROS
chr12	95996344	-	HAL	HAL
chr19	35282527	+	HAMP	HAMP
chr5	154478227	-	HAND1	HAND1
chr4	173530229	-	HAND2	HAND2
chr4	173528599	+	HAND2-AS1	HAND2-AS1
chr20	7940458	-	HAO1	HAO1
chr1	119368784	+	HAO2	HAO2
chr1	119368945	+	HAO2-IT1	HAO2-IT1
chr17	41734643	-	HAP1	HAP1
chr5	83720855	-	HAPLN1	HAPLN1
chr1	156619414	+	HAPLN2	HAPLN2
chr15	88895544	-	HAPLN3	HAPLN3
chr19	19262804	-	HAPLN4	HAPLN4
chr20	63101291	+	HAR1A	HAR1A
chr20	63102319	-	HAR1B	HAR1B
chr11	46617227	-	HARBI1	HARBI1
chr5	140691370	-	HARS1	HARS1
chr5	140691454	+	HARS2	HARS2
chr19	51723991	-	HAS1	HAS1
chr8	121641440	-	HAS2	HAS2
chr8	121639345	+	HAS2-AS1	HAS2-AS1
chr16	69105652	+	HAS3	HAS3
chr17	3723902	+	HASPIN	HASPIN
chr2	171922424	+	HAT1	HAT1
chr18	46104384	+	HAUS1	HAUS1
chr15	42548812	+	HAUS2	HAUS2
chr4	2242121	-	HAUS3	HAUS3
chr14	22957090	-	HAUS4	HAUS4
chr19	35612734	+	HAUS5	HAUS5
chr9	19102904	-	HAUS6	HAUS6
chrX	153470576	-	HAUS7	HAUS7
chr19	17075452	-	HAUS8	HAUS8
chr5	157058241	-	HAVCR1	HAVCR1
chr19	24163447	-	HAVCR1P1	HAVCR1P1
chr5	157109044	-	HAVCR2	HAVCR2
chr1	154272628	+	HAX1	HAX1
chr16	176679	+	HBA1	HBA1
chr16	172875	+	HBA2	HBA2
chr11	5227071	-	HBB	HBB
chr11	5243592	-	HBBP1	HBBP1
chr11	5234483	-	HBD	HBD
chr11	5269945	-	HBE1	HBE1
chr5	140346603	-	HBEGF	HBEGF
chr11	5249857	-	HBG1	HBG1
chr11	5254781	-	HBG2	HBG2
chr16	165977	+	HBM	HBM
chr7	107168960	+	HBP1	HBP1
chr16	180458	+	HBQ1	HBQ1
chr6	135054822	-	HBS1L	HBS1L
chr16	152643	+	HBZ	HBZ
chr12	122730844	-	HCAR1	HCAR1
chr12	122703357	-	HCAR2	HCAR2
chr12	122716811	-	HCAR3	HCAR3
chr16	73092348	+	HCCAT5	HCCAT5
chrX	11111331	+	HCCS	HCCS
chrX	153971818	-	HCFC1	HCFC1
chrX	153968764	+	HCFC1-AS1	HCFC1-AS1
chr16	3023942	-	HCFC1R1	HCFC1R1
chr12	104064530	+	HCFC2	HCFC2
chr6	26521705	+	HCG11	HCG11
chr6	28896529	+	HCG14	HCG14
chr6	28984748	+	HCG15	HCG15
chr6	30326134	-	HCG17	HCG17
chr6	30327156	-	HCG18	HCG18
chr6	30766824	+	HCG20	HCG20
chr6	30954862	-	HCG21	HCG21
chr6	31053449	+	HCG22	HCG22
chr6	32390509	+	HCG23	HCG23
chr6	33143323	+	HCG24	HCG24
chr6	33249535	+	HCG25	HCG25
chr6	31471228	+	HCG26	HCG26
chr6	31197759	+	HCG27	HCG27
chr6	29793073	-	HCG4	HCG4
chr6	29927215	-	HCG4B	HCG4B
chr6	29975114	+	HCG9	HCG9
chr20	32052241	+	HCK	HCK
chr3	121660903	-	HCLS1	HCLS1
chr5	45696380	-	HCN1	HCN1
chr19	589880	+	HCN2	HCN2
chr1	155277462	+	HCN3	HCN3
chr15	73368958	-	HCN4	HCN4
chr6	31463179	+	HCP5	HCP5
chr6	29873783	-	HCP5B	HCP5B
chr17	42185452	-	HCRT	HCRT
chr1	31617688	+	HCRTR1	HCRTR1
chr6	55106468	+	HCRTR2	HCRTR2
chr19	35902528	+	HCST	HCST
chr1	32292082	+	HDAC1	HDAC1
chr22	50251265	-	HDAC10	HDAC10
chr3	13480305	+	HDAC11	HDAC11
chr3	13480053	-	HDAC11-AS1	HDAC11-AS1
chr6	113970724	-	HDAC2	HDAC2
chr6	113969700	+	HDAC2-AS2	HDAC2-AS2
chr5	141636849	-	HDAC3	HDAC3
chr2	239401020	-	HDAC4	HDAC4
chr2	239401435	+	HDAC4-AS1	HDAC4-AS1
chr17	44123641	-	HDAC5	HDAC5
chrX	48801397	+	HDAC6	HDAC6
chr12	47819903	-	HDAC7	HDAC7
chrX	72572843	-	HDAC8	HDAC8
chr7	18086824	+	HDAC9	HDAC9
chr15	50265726	-	HDC	HDC
chr6	125301967	-	HDDC2	HDDC2
chr15	90932549	-	HDDC3	HDDC3
chr1	156751293	-	HDGF	HDGF
chr6	22569565	+	HDGFL1	HDGFL1
chr19	4472296	+	HDGFL2	HDGFL2
chr15	83207823	-	HDGFL3	HDGFL3
chr18	47150500	-	HDHD2	HDHD2
chr9	113376600	-	HDHD3	HDHD3
chr22	17159277	-	HDHD5	HDHD5
chr22	17159388	+	HDHD5-AS1	HDHD5-AS1
chr2	241271965	-	HDLBP	HDLBP
chrX	84502453	-	HDX	HDX
chr10	111114290	+	HEAT2	HEAT2
chr1	236604516	-	HEATR1	HEATR1
chr16	50065969	+	HEATR3	HEATR3
chr14	73558947	-	HEATR4	HEATR4
chr14	31420550	-	HEATR5A	HEATR5A
chr2	37084372	-	HEATR5B	HEATR5B
chr17	60078921	-	HEATR6	HEATR6
chr17	35868891	-	HEATR9	HEATR9
chr12	13000265	-	HEBP1	HEBP1
chr6	138403530	+	HEBP2	HEBP2
chr6	139135079	+	HECA	HECA
chr14	31207793	-	HECTD1	HECTD1
chr10	91409234	+	HECTD2	HECTD2
chr10	91611460	-	HECTD2-AS1	HECTD2-AS1
chr1	45011324	-	HECTD3	HECTD3
chr12	112382431	-	HECTD4	HECTD4
chr7	43112646	+	HECW1	HECW1
chr7	43117895	+	HECW1-IT1	HECW1-IT1
chr2	196362177	-	HECW2	HECW2
chr2	196260023	+	HECW2-AS1	HECW2-AS1
chr3	125055997	-	HEG1	HEG1
chr5	180831618	-	HEIH	HEIH
chr12	66302492	+	HELB	HELB
chr10	94545766	+	HELLS	HELLS
chr4	83455823	-	HELQ	HELQ
chr4	185018840	+	HELT	HELT
chr17	67245196	-	HELZ	HELZ
chr20	63567754	-	HELZ2	HELZ2
chr9	97938172	-	HEMGN	HEMGN
chr3	50569151	+	HEMK1	HEMK1
chr1	108661093	-	HENMT1	HENMT1
chr11	124936047	-	HEPACAM	HEPACAM
chr7	93219571	-	HEPACAM2	HEPACAM2
chrX	66162670	+	HEPH	HEPH
chr11	94021353	+	HEPHL1	HEPHL1
chr11	124919249	+	HEPN1	HEPN1
chr15	63833948	-	HERC1	HERC1
chr15	22494850	+	HERC2	HERC2
chr15	30818035	+	HERC2P10	HERC2P10
chr15	23311344	+	HERC2P11	HERC2P11
chr15	22494836	+	HERC2P2	HERC2P2
chr15	20506180	-	HERC2P3	HERC2P3
chr16	32188113	-	HERC2P4	HERC2P4
chr15	22482374	-	HERC2P7	HERC2P7
chr15	20440487	-	HERC2P9	HERC2P9
chr4	88523842	+	HERC3	HERC3
chr10	68075283	-	HERC4	HERC4
chr4	88457118	+	HERC5	HERC5
chr4	88378851	+	HERC6	HERC6
chr16	56932141	+	HERPUD1	HERPUD1
chr7	35695135	-	HERPUD2	HERPUD2
chr3	194136147	+	HES1	HES1
chr1	6419919	-	HES2	HES2
chr1	6244178	+	HES3	HES3
chr1	1000097	-	HES4	HES4
chr1	2530263	-	HES5	HES5
chr2	238240038	-	HES6	HES6
chr17	8124106	-	HES7	HES7
chr3	57199978	-	HESX1	HESX1
chr15	72376014	-	HEXA	HEXA
chr15	72376112	+	HEXA-AS1	HEXA-AS1
chr5	74640022	+	HEXB	HEXB
chr17	82418346	+	HEXD	HEXD
chr17	45148474	+	HEXIM1	HEXIM1
chr17	45160173	+	HEXIM2	HEXIM2
chr8	79766475	-	HEY1	HEY1
chr6	125749631	+	HEY2	HEY2
chr1	39639643	-	HEYL	HEYL
chr6	26087428	+	HFE	HFE
chr1	91404735	-	HFM1	HFM1
chr6	167976939	-	HGC6.3	HGC6.3
chr3	120682239	-	HGD	HGD
chr7	81770047	-	HGF	HGF
chr4	3441967	+	HGFAC	HGFAC
chr8	144137773	+	HGH1	HGH1
chr17	81684010	+	HGS	HGS
chr8	43140463	+	HGSNAT	HGSNAT
chr1	210328251	+	HHAT	HHAT
chr3	42701521	-	HHATL	HHATL
chr3	42702540	+	HHATL-AS1	HHATL-AS1
chr10	92689954	+	HHEX	HHEX
chr4	144646155	+	HHIP	HHIP
chr4	144646019	-	HHIP-AS1	HHIP-AS1
chr14	99604537	+	HHIPL1	HHIPL1
chr1	222548104	-	HHIPL2	HHIPL2
chr8	132105265	-	HHLA1	HHLA1
chr3	108296489	+	HHLA2	HHLA2
chr1	70354810	+	HHLA3	HHLA3
chr7	27662883	-	HIBADH	HIBADH
chr2	190319826	-	HIBCH	HIBCH
chr17	2055102	+	HIC1	HIC1
chr22	21417370	+	HIC2	HIC2
chr17	74972759	-	HID1	HID1
chr17	74970688	+	HID1-AS1	HID1-AS1
chr14	61695512	+	HIF1A	HIF1A
chr14	61695823	-	HIF1A-AS1	HIF1A-AS1
chr14	61749089	-	HIF1A-AS2	HIF1A-AS2
chr14	61751097	-	HIF1A-AS3	HIF1A-AS3
chr10	100535942	+	HIF1AN	HIF1AN
chr19	46297041	+	HIF3A	HIF3A
chr3	42804442	-	HIGD1A	HIGD1A
chr17	44846328	+	HIGD1B	HIGD1B
chr12	50952543	+	HIGD1C	HIGD1C
chr5	176388750	+	HIGD2A	HIGD2A
chr15	72686182	-	HIGD2B	HIGD2B
chr11	86302239	+	HIKESHI	HIKESHI
chr7	128455829	+	HILPDA	HILPDA
chr11	119121522	+	HINFP	HINFP
chr5	131165256	-	HINT1	HINT1
chr9	35815042	-	HINT2	HINT2
chr6	125956769	+	HINT3	HINT3
chr7	75611816	-	HIP1	HIP1
chr12	122834747	+	HIP1R	HIP1R
chr1	113929323	+	HIPK1	HIPK1
chr1	113929258	-	HIPK1-AS1	HIPK1-AS1
chr7	139777998	-	HIPK2	HIPK2
chr11	33256671	+	HIPK3	HIPK3
chr19	40390181	-	HIPK4	HIPK4
chr22	19431733	-	HIRA	HIRA
chr16	29995617	-	HIRIP3	HIRIP3
chr6	12012311	+	HIVEP1	HIVEP1
chr6	142945176	-	HIVEP2	HIVEP2
chr1	41918922	-	HIVEP3	HIVEP3
chr2	233854535	-	HJURP	HJURP
chr1	146021735	-	HJV	HJV
chr10	69269999	+	HK1	HK1
chr2	74834126	+	HK2	HK2
chr5	176899346	-	HK3	HK3
chr10	69220331	+	HKDC1	HKDC1
chr6	29942469	+	HLA-A	HLA-A
chr6	31357179	-	HLA-B	HLA-B
chr6	31272092	-	HLA-C	HLA-C
chr6	32953097	-	HLA-DMA	HLA-DMA
chr6	32941028	-	HLA-DMB	HLA-DMB
chr6	33009591	-	HLA-DOA	HLA-DOA
chr6	32817002	-	HLA-DOB	HLA-DOB
chr6	33073677	-	HLA-DPA1	HLA-DPA1
chr6	33075989	+	HLA-DPB1	HLA-DPB1
chr6	33112515	+	HLA-DPB2	HLA-DPB2
chr6	32637405	+	HLA-DQA1	HLA-DQA1
chr6	32741390	+	HLA-DQA2	HLA-DQA2
chr6	32666657	-	HLA-DQB1	HLA-DQB1
chr6	32659879	+	HLA-DQB1-AS1	HLA-DQB1-AS1
chr6	32763532	-	HLA-DQB2	HLA-DQB2
chr6	32439886	+	HLA-DRA	HLA-DRA
chr6	32589836	-	HLA-DRB1	HLA-DRB1
chr6	32530287	-	HLA-DRB5	HLA-DRB5
chr6	32560002	-	HLA-DRB6	HLA-DRB6
chr6	30489508	+	HLA-E	HLA-E
chr6	29723339	+	HLA-F	HLA-F
chr6	29749049	-	HLA-F-AS1	HLA-F-AS1
chr6	29826473	+	HLA-G	HLA-G
chr6	29887572	+	HLA-H	HLA-H
chr6	30005970	+	HLA-J	HLA-J
chr6	30259561	+	HLA-L	HLA-L
chr6	29791905	+	HLA-V	HLA-V
chr21	36962358	-	HLCS	HLCS
chr17	55264959	+	HLF	HLF
chr3	149086533	-	HLTF	HLTF
chr3	149086331	+	HLTF-AS1	HLTF-AS1
chr1	220879442	+	HLX	HLX
chr1	220880140	-	HLX-AS1	HLX-AS1
chr20	31514409	+	HM13	HM13
chr20	31573263	-	HM13-AS1	HM13-AS1
chr8	28890394	+	HMBOX1	HMBOX1
chr11	119084876	+	HMBS	HMBS
chr3	129278831	+	HMCES	HMCES
chr1	185734390	+	HMCN1	HMCN1
chr9	130265759	+	HMCN2	HMCN2
chr15	77420650	+	HMG20A	HMG20A
chr19	3572943	+	HMG20B	HMG20B
chr6	34236872	+	HMGA1	HMGA1
chr6	134117680	-	HMGA1P7	HMGA1P7
chr12	65824459	+	HMGA2	HMGA2
chr12	65881578	-	HMGA2-AS1	HMGA2-AS1
chr13	30464327	-	HMGB1	HMGB1
chr4	173333769	-	HMGB2	HMGB2
chrX	150980506	+	HMGB3	HMGB3
chr20	34834462	-	HMGB3P1	HMGB3P1
chr1	33860474	+	HMGB4	HMGB4
chr1	23825429	-	HMGCL	HMGCL
chr6	55579192	-	HMGCLL1	HMGCLL1
chr5	75337167	+	HMGCR	HMGCR
chr5	43313181	-	HMGCS1	HMGCS1
chr1	119768905	-	HMGCS2	HMGCS2
chr21	39349088	-	HMGN1	HMGN1
chr1	26472439	+	HMGN2	HMGN2
chr15	45511135	+	HMGN2P46	HMGN2P46
chr6	79234682	-	HMGN3	HMGN3
chr6	79233673	+	HMGN3-AS1	HMGN3-AS1
chr6	26538365	+	HMGN4	HMGN4
chrX	81201913	-	HMGN5	HMGN5
chr5	150000738	+	HMGXB3	HMGXB3
chr22	35257492	+	HMGXB4	HMGXB4
chr5	143812160	+	HMHB1	HMHB1
chr5	163460631	+	HMMR	HMMR
chr5	163494058	-	HMMR-AS1	HMMR-AS1
chr22	35381095	+	HMOX1	HMOX1
chr16	4474702	+	HMOX2	HMOX2
chr18	63949300	+	HMSD	HMSD
chr4	8871839	-	HMX1	HMX1
chr10	123148121	+	HMX2	HMX2
chr10	123135969	+	HMX3	HMX3
chr12	120978542	+	HNF1A	HNF1A
chr12	120972292	-	HNF1A-AS1	HNF1A-AS1
chr17	37745059	-	HNF1B	HNF1B
chr20	44355698	+	HNF4A	HNF4A
chr20	44395706	-	HNF4A-AS1	HNF4A-AS1
chr8	75407648	+	HNF4G	HNF4G
chr2	137964472	+	HNMT	HNMT
chr5	137754363	-	HNRNPA0	HNRNPA0
chr12	54280725	+	HNRNPA1	HNRNPA1
chr13	52617524	+	HNRNPA1L2	HNRNPA1L2
chr19	11667089	-	HNRNPA1P10	HNRNPA1P10
chr10	46415914	+	HNRNPA1P33	HNRNPA1P33
chr7	26200746	-	HNRNPA2B1	HNRNPA2B1
chr2	177212693	+	HNRNPA3	HNRNPA3
chr10	43790417	-	HNRNPA3P1	HNRNPA3P1
chr5	178204532	+	HNRNPAB	HNRNPAB
chr14	21269442	-	HNRNPC	HNRNPC
chr1	12848720	-	HNRNPCL1	HNRNPCL1
chr1	13116854	-	HNRNPCL2	HNRNPCL2
chr1	13060768	+	HNRNPCL3	HNRNPCL3
chr1	13061160	+	HNRNPCL4	HNRNPCL4
chr4	82373991	-	HNRNPD	HNRNPD
chr4	82430225	-	HNRNPDL	HNRNPDL
chr10	43396831	-	HNRNPF	HNRNPF
chr5	179623401	-	HNRNPH1	HNRNPH1
chrX	101408132	+	HNRNPH2	HNRNPH2
chr10	68331692	+	HNRNPH3	HNRNPH3
chr9	83980215	-	HNRNPK	HNRNPK
chr11	43269369	-	HNRNPKP3	HNRNPKP3
chr19	38849986	-	HNRNPL	HNRNPL
chr2	38602928	-	HNRNPLL	HNRNPLL
chr19	8444974	+	HNRNPM	HNRNPM
chr1	23344284	-	HNRNPR	HNRNPR
chr1	244864525	-	HNRNPU	HNRNPU
chr19	41262556	+	HNRNPUL1	HNRNPUL1
chr11	62727457	-	HNRNPUL2	HNRNPUL2
chr11	62727384	-	HNRNPUL2-BSCL2	HNRNPUL2-BSCL2
chr11	111514784	+	HOATZ	HOATZ
chr10	97584344	+	HOGA1	HOGA1
chr5	79513836	-	HOMER1	HOMER1
chr15	82952720	-	HOMER2	HOMER2
chr19	18939049	-	HOMER3	HOMER3
chr19	18940253	+	HOMER3-AS1	HOMER3-AS1
chr14	23286132	-	HOMEZ	HOMEZ
chr1	59814948	+	HOOK1	HOOK1
chr19	12775552	-	HOOK2	HOOK2
chr8	42896977	+	HOOK3	HOOK3
chr4	56656522	-	HOPX	HOPX
chr1	150720895	-	HORMAD1	HORMAD1
chr22	30080463	+	HORMAD2	HORMAD2
chr22	30080257	-	HORMAD2-AS1	HORMAD2-AS1
chr12	53968756	-	HOTAIR	HOTAIR
chr7	27096093	+	HOTAIRM1	HOTAIRM1
chr7	27200420	+	HOTTIP	HOTTIP
chr7	27121918	+	HOXA-AS2	HOXA-AS2
chr7	27140363	+	HOXA-AS3	HOXA-AS3
chr7	27096000	-	HOXA1	HOXA1
chr7	27174320	-	HOXA10	HOXA10
chr7	27168898	+	HOXA10-AS	HOXA10-AS
chr7	27180261	-	HOXA10-HOXA9	HOXA10-HOXA9
chr7	27185232	-	HOXA11	HOXA11
chr7	27185407	+	HOXA11-AS	HOXA11-AS
chr7	27200091	-	HOXA13	HOXA13
chr7	27102683	-	HOXA2	HOXA2
chr7	27113842	-	HOXA3	HOXA3
chr7	27130757	-	HOXA4	HOXA4
chr7	27143681	-	HOXA5	HOXA5
chr7	27147774	-	HOXA6	HOXA6
chr7	27156675	-	HOXA7	HOXA7
chr7	27165537	-	HOXA9	HOXA9
chr17	48544350	+	HOXB-AS1	HOXB-AS1
chr17	48590419	+	HOXB-AS3	HOXB-AS3
chr17	48531011	-	HOXB1	HOXB1
chr17	48728750	-	HOXB13	HOXB13
chr17	48545031	-	HOXB2	HOXB2
chr17	48574448	-	HOXB3	HOXB3
chr17	48578350	-	HOXB4	HOXB4
chr17	48593741	-	HOXB5	HOXB5
chr17	48604986	-	HOXB6	HOXB6
chr17	48611017	-	HOXB7	HOXB7
chr17	48615292	-	HOXB8	HOXB8
chr17	48626358	-	HOXB9	HOXB9
chr12	54000010	-	HOXC-AS1	HOXC-AS1
chr12	53996785	-	HOXC-AS2	HOXC-AS2
chr12	53985519	-	HOXC-AS3	HOXC-AS3
chr12	53985145	+	HOXC10	HOXC10
chr12	53973125	+	HOXC11	HOXC11
chr12	53954902	+	HOXC12	HOXC12
chr12	53938830	+	HOXC13	HOXC13
chr12	53939643	-	HOXC13-AS	HOXC13-AS
chr12	54016887	+	HOXC4	HOXC4
chr12	54016887	+	HOXC5	HOXC5
chr12	54016887	+	HOXC6	HOXC6
chr12	54008984	+	HOXC8	HOXC8
chr12	54000160	+	HOXC9	HOXC9
chr2	176137098	-	HOXD-AS2	HOXD-AS2
chr2	176188667	+	HOXD1	HOXD1
chr2	176116777	+	HOXD10	HOXD10
chr2	176107279	+	HOXD11	HOXD11
chr2	176099794	+	HOXD12	HOXD12
chr2	176092720	+	HOXD13	HOXD13
chr2	176157306	+	HOXD3	HOXD3
chr2	176151549	+	HOXD4	HOXD4
chr2	176129704	+	HOXD8	HOXD8
chr2	176122718	+	HOXD9	HOXD9
chr16	72054504	+	HP	HP
chr3	99823865	-	HP09053	HP09053
chr1	20786652	-	HP1BP3	HP1BP3
chr6	167228299	+	HPAT5	HPAT5
chr1	32886490	+	HPCA	HPCA
chr2	10302903	+	HPCAL1	HPCAL1
chr1	39691433	-	HPCAL4	HPCAL4
chr12	121858859	-	HPD	HPD
chr1	45326894	+	HPDL	HPDL
chr4	169757944	-	HPF1	HPF1
chr4	174522488	-	HPGD	HPGD
chr4	94342836	-	HPGDS	HPGDS
chr19	35040505	+	HPN	HPN
chr19	35106271	-	HPN-AS1	HPN-AS1
chr16	72063225	+	HPR	HPR
chrX	134460164	+	HPRT1	HPRT1
chr10	98446935	-	HPS1	HPS1
chr3	149129637	+	HPS3	HPS3
chr22	26479488	-	HPS4	HPS4
chr11	18322140	-	HPS5	HPS5
chr10	102065348	+	HPS6	HPS6
chr4	83334813	-	HPSE	HPSE
chr10	99235852	-	HPSE2	HPSE2
chr11	6440987	-	HPX	HPX
chr8	132561479	-	HPYR1	HPYR1
chr8	22131010	-	HR	HR
chr11	535567	-	HRAS	HRAS
chr7	112995643	-	HRAT17	HRAT17
chr5	271524	-	HRAT5	HRAT5
chr7	520390	+	HRAT92	HRAT92
chr19	49155396	-	HRC	HRC
chr9	35906201	+	HRCT1	HRCT1
chr3	186666013	+	HRG	HRG
chr3	11137237	+	HRH1	HRH1
chr5	175658070	+	HRH2	HRH2
chr20	62220278	-	HRH3	HRH3
chr18	24460636	+	HRH4	HRH4
chr12	116881441	-	HRK	HRK
chr1	152224193	-	HRNR	HRNR
chr17	44141929	+	HROB	HROB
chr2	20651098	-	HS1BP3	HS1BP3
chr2	20592548	-	HS1BP3-IT1	HS1BP3-IT1
chr1	86914634	+	HS2ST1	HS2ST1
chr4	11428894	-	HS3ST1	HS3ST1
chr16	22814161	+	HS3ST2	HS3ST2
chr17	13601929	-	HS3ST3A1	HS3ST3A1
chr17	14301080	+	HS3ST3B1	HS3ST3B1
chr16	25691958	+	HS3ST4	HS3ST4
chr6	114062877	-	HS3ST5	HS3ST5
chr16	1918415	-	HS3ST6	HS3ST6
chr2	128318868	-	HS6ST1	HS6ST1
chrX	132961370	-	HS6ST2	HS6ST2
chrX	132667641	+	HS6ST2-AS1	HS6ST2-AS1
chr13	96090106	+	HS6ST3	HS6ST3
chr16	83807977	+	HSBP1	HSBP1
chr18	79964642	+	HSBP1L1	HSBP1L1
chr22	28742031	+	HSCB	HSCB
chr1	209686179	+	HSD11B1	HSD11B1
chr1	209675249	-	HSD11B1-AS1	HSD11B1-AS1
chr19	5681026	+	HSD11B1L	HSD11B1L
chr16	67431120	+	HSD11B2	HSD11B2
chr17	42552922	+	HSD17B1	HSD17B1
chrX	53434370	-	HSD17B10	HSD17B10
chr4	87391188	-	HSD17B11	HSD17B11
chr11	43680737	+	HSD17B12	HSD17B12
chr4	87322882	-	HSD17B13	HSD17B13
chr19	48836491	-	HSD17B14	HSD17B14
chr16	82035252	+	HSD17B2	HSD17B2
chr9	96302176	-	HSD17B3	HSD17B3
chr9	96246462	+	HSD17B3-AS1	HSD17B3-AS1
chr5	119452496	+	HSD17B4	HSD17B4
chr12	56763323	+	HSD17B6	HSD17B6
chr1	162790701	+	HSD17B7	HSD17B7
chr10	38356379	+	HSD17B7P2	HSD17B7P2
chr6	33204654	+	HSD17B8	HSD17B8
chr1	119507202	+	HSD3B1	HSD3B1
chr1	119414930	+	HSD3B2	HSD3B2
chr16	30985206	+	HSD3B7	HSD3B7
chr1	119563879	+	HSD3BP4	HSD3BP4
chr1	59146807	-	HSD52	HSD52
chr16	84145177	-	HSDL1	HSDL1
chr9	112379908	+	HSDL2	HSDL2
chr8	144291603	+	HSF1	HSF1
chr6	122399550	+	HSF2	HSF2
chr21	43659488	-	HSF2BP	HSF2BP
chr16	67163760	+	HSF4	HSF4
chr17	58488408	-	HSF5	HSF5
chrX	149595314	-	HSFX1	HSFX1
chrX	149595310	-	HSFX2	HSFX2
chrX	149549924	-	HSFX3	HSFX3
chrX	149929572	+	HSFX4	HSFX4
chrY	18546690	+	HSFY1	HSFY1
chr22	16827473	+	HSFY1P1	HSFY1P1
chrY	18546670	+	HSFY2	HSFY2
chr19	16134027	+	HSH2D	HSH2D
chr14	102087044	-	HSP90AA1	HSP90AA1
chr6	44246165	+	HSP90AB1	HSP90AB1
chr15	58693607	-	HSP90AB4P	HSP90AB4P
chr12	103930409	+	HSP90B1	HSP90B1
chr15	99257524	+	HSP90B2P	HSP90B2P
chr10	116742566	-	HSPA12A	HSPA12A
chr20	3732684	+	HSPA12B	HSPA12B
chr21	14383146	-	HSPA13	HSPA13
chr10	14838305	+	HSPA14	HSPA14
chr6	31815542	+	HSPA1A	HSPA1A
chr6	31827737	+	HSPA1B	HSPA1B
chr6	31815283	-	HSPA1L	HSPA1L
chr14	64540467	+	HSPA2	HSPA2
chr5	133052012	+	HSPA4	HSPA4
chr4	127781795	+	HSPA4L	HSPA4L
chr9	125241343	-	HSPA5	HSPA5
chr1	161524539	+	HSPA6	HSPA6
chr1	161606058	+	HSPA7	HSPA7
chr11	123062136	-	HSPA8	HSPA8
chr5	138575401	-	HSPA9	HSPA9
chr7	76302672	+	HSPB1	HSPB1
chr1	53945699	-	HSPB11	HSPB11
chr11	111912733	+	HSPB2	HSPB2
chr11	111912735	+	HSPB2-C11orf52	HSPB2-C11orf52
chr5	54455698	+	HSPB3	HSPB3
chr19	35757029	-	HSPB6	HSPB6
chr1	16018043	-	HSPB7	HSPB7
chr12	119178930	+	HSPB8	HSPB8
chr17	42122803	+	HSPB9	HSPB9
chr3	122793831	-	HSPBAP1	HSPBAP1
chr19	55279856	-	HSPBP1	HSPBP1
chr9	136660421	-	HSPC324	HSPC324
chr2	197499840	-	HSPD1	HSPD1
chr2	197500378	+	HSPE1	HSPE1
chr2	197500378	+	HSPE1-MOB4	HSPE1-MOB4
chr1	21937310	-	HSPG2	HSPG2
chr13	31161904	-	HSPH1	HSPH1
chr11	20363684	+	HTATIP2	HTATIP2
chrX	136497078	+	HTATSF1	HTATSF1
chr6	3023890	-	HTATSF1P2	HTATSF1P2
chr3	58306244	+	HTD2	HTD2
chr4	70050437	+	HTN1	HTN1
chr4	70028458	+	HTN3	HTN3
chr5	63962445	-	HTR1A	HTR1A
chr6	77463491	-	HTR1B	HTR1B
chr1	23217502	-	HTR1D	HTR1D
chr6	86937527	+	HTR1E	HTR1E
chr3	87792705	+	HTR1F	HTR1F
chr13	46897053	-	HTR2A	HTR2A
chr13	46852139	+	HTR2A-AS1	HTR2A-AS1
chr2	231125042	-	HTR2B	HTR2B
chrX	114584077	+	HTR2C	HTR2C
chr11	113975074	+	HTR3A	HTR3A
chr11	113904795	+	HTR3B	HTR3B
chr3	184053046	+	HTR3C	HTR3C
chr3	184031543	+	HTR3D	HTR3D
chr3	184097063	+	HTR3E	HTR3E
chr3	184105178	-	HTR3E-AS1	HTR3E-AS1
chr5	148637061	-	HTR4	HTR4
chr7	155070323	+	HTR5A	HTR5A
chr7	155071557	-	HTR5A-AS1	HTR5A-AS1
chr1	19664874	+	HTR6	HTR6
chr10	90858039	-	HTR7	HTR7
chr12	13000441	+	HTR7P1	HTR7P1
chr10	122461552	+	HTRA1	HTRA1
chr2	74529404	+	HTRA2	HTRA2
chr4	8269753	+	HTRA3	HTRA3
chr8	38974227	+	HTRA4	HTRA4
chr4	3074680	+	HTT	HTT
chr4	3074514	-	HTT-AS	HTT-AS
chr6	8652208	+	HULC	HULC
chr21	31873019	+	HUNK	HUNK
chr7	47979615	-	HUS1	HUS1
chr6	656964	-	HUS1B	HUS1B
chrX	53686719	-	HUWE1	HUWE1
chr12	110689115	-	HVCN1	HVCN1
chr3	50303574	-	HYAL1	HYAL1
chr3	50322745	-	HYAL2	HYAL2
chr3	50298860	-	HYAL3	HYAL3
chr7	123845168	+	HYAL4	HYAL4
chr7	123814138	+	HYAL6P	HYAL6P
chr16	71230722	-	HYDIN	HYDIN
chr1	146486331	+	HYDIN2	HYDIN2
chr1	43453931	-	HYI	HYI
chr15	78507563	+	HYKK	HYKK
chr11	125883613	+	HYLS1	HYLS1
chr6	144008730	-	HYMAI	HYMAI
chr11	119057205	-	HYOU1	HYOU1
chr15	43800420	+	HYPK	HYPK
chr2	9474550	+	IAH1	IAH1
chr12	21354959	+	IAPP	IAPP
chr9	92293697	-	IARS1	IARS1
chr1	220094131	+	IARS2	IARS2
chr10	33116807	-	IATPR	IATPR
chr1	228165803	+	IBA57	IBA57
chr1	228164848	-	IBA57-DT	IBA57-DT
chr4	87799553	+	IBSP	IBSP
chr6	82247744	-	IBTK	IBTK
chr7	8262167	-	ICA1	ICA1
chr2	202829234	-	ICA1L	ICA1L
chr19	10271119	+	ICAM1	ICAM1
chr17	64006923	-	ICAM2	ICAM2
chr19	10339624	-	ICAM3	ICAM3
chr19	10286954	+	ICAM4	ICAM4
chr19	10289951	+	ICAM5	ICAM5
chr5	5422676	+	ICE1	ICE1
chr15	60479142	-	ICE2	ICE2
chr1	6235964	-	ICMT	ICMT
chr2	203936762	+	ICOS	ICOS
chr21	5022553	+	ICOSLG	ICOSLG
chr20	31605288	+	ID1	ID1
chr2	8682055	+	ID2	ID2
chr2	8681861	-	ID2-AS1	ID2-AS1
chr1	23559501	-	ID3	ID3
chr6	19837369	+	ID4	ID4
chr10	92497761	-	IDE	IDE
chr2	208254303	-	IDH1	IDH1
chr2	208255232	+	IDH1-AS1	IDH1-AS1
chr15	90100621	-	IDH2	IDH2
chr15	90102131	+	IDH2-DT	IDH2-DT
chr15	78149361	+	IDH3A	IDH3A
chr20	2664216	-	IDH3B	IDH3B
chrX	153794375	-	IDH3G	IDH3G
chr10	1048886	-	IDI1	IDI1
chr10	1025859	-	IDI2	IDI2
chr10	1022636	+	IDI2-AS1	IDI2-AS1
chr9	83623048	+	IDNK	IDNK
chr8	39913890	+	IDO1	IDO1
chr8	39934954	+	IDO2	IDO2
chrX	149505306	-	IDS	IDS
chr4	986996	+	IDUA	IDUA
chr19	13150410	+	IER2	IER2
chr6	30744547	-	IER3	IER3
chr6	30742962	+	IER3-AS1	IER3-AS1
chr18	47176364	-	IER3IP1	IER3IP1
chr1	181088699	+	IER5	IER5
chr9	129178261	-	IER5L	IER5L
chr12	6556042	-	IFFO1	IFFO1
chr1	18956676	-	IFFO2	IFFO2
chr1	158999975	+	IFI16	IFI16
chr14	94110735	+	IFI27	IFI27
chr14	94081309	+	IFI27L1	IFI27L1
chr14	94129604	-	IFI27L2	IFI27L2
chr19	18173812	+	IFI30	IFI30
chr17	43006783	+	IFI35	IFI35
chr1	78649788	+	IFI44	IFI44
chr1	78620447	+	IFI44L	IFI44L
chr1	27672192	-	IFI6	IFI6
chr2	162318684	-	IFIH1	IFIH1
chr10	89392545	+	IFIT1	IFIT1
chr10	89378055	+	IFIT1B	IFIT1B
chr10	89302045	+	IFIT2	IFIT2
chr10	89327996	+	IFIT3	IFIT3
chr10	89414567	+	IFIT5	IFIT5
chr11	314039	+	IFITM1	IFITM1
chr11	1750595	-	IFITM10	IFITM10
chr11	308106	+	IFITM2	IFITM2
chr11	320860	-	IFITM3	IFITM3
chr6	29751148	-	IFITM4P	IFITM4P
chr11	299526	-	IFITM5	IFITM5
chr9	21440438	+	IFNA1	IFNA1
chr9	21207143	-	IFNA10	IFNA10
chr9	21368057	-	IFNA13	IFNA13
chr9	21240005	-	IFNA14	IFNA14
chr9	21217311	-	IFNA16	IFNA16
chr9	21228222	-	IFNA17	IFNA17
chr9	21385398	-	IFNA2	IFNA2
chr9	21166660	-	IFNA21	IFNA21
chr9	21278563	-	IFNA22P	IFNA22P
chr9	21187682	-	IFNA4	IFNA4
chr9	21305313	-	IFNA5	IFNA5
chr9	21350887	-	IFNA6	IFNA6
chr9	21202205	-	IFNA7	IFNA7
chr9	21409116	+	IFNA8	IFNA8
chr21	33324394	+	IFNAR1	IFNAR1
chr21	33229894	+	IFNAR2	IFNAR2
chr9	21077942	-	IFNB1	IFNB1
chr9	21482313	-	IFNE	IFNE
chr12	68159740	-	IFNG	IFNG
chr12	67989444	+	IFNG-AS1	IFNG-AS1
chr6	137219196	-	IFNGR1	IFNGR1
chr21	33402895	+	IFNGR2	IFNGR2
chr9	27524289	+	IFNK	IFNK
chr19	39296406	+	IFNL1	IFNL1
chr19	39268395	+	IFNL2	IFNL2
chr19	39245006	-	IFNL3	IFNL3
chr19	39248856	-	IFNL4	IFNL4
chr1	24187289	-	IFNLR1	IFNLR1
chr9	21141901	-	IFNW1	IFNW1
chr7	112423143	+	IFRD1	IFRD1
chr3	50292429	-	IFRD2	IFRD2
chr3	129440035	+	IFT122	IFT122
chr16	1612072	-	IFT140	IFT140
chr2	27489743	-	IFT172	IFT172
chr17	28335472	-	IFT20	IFT20
chr7	101321812	-	IFT22	IFT22
chr22	36776119	-	IFT27	IFT27
chr14	75985752	+	IFT43	IFT43
chr11	118565931	-	IFT46	IFT46
chr20	43590936	+	IFT52	IFT52
chr3	108222424	-	IFT57	IFT57
chr9	26946989	+	IFT74	IFT74
chr9	26956307	-	IFT74-AS1	IFT74-AS1
chr3	160383766	-	IFT80	IFT80
chr12	110124356	+	IFT81	IFT81
chr13	20567156	+	IFT88	IFT88
chr11	36594492	+	IFTAP	IFTAP
chrX	70133446	+	IGBP1	IGBP1
chr14	34939921	+	IGBP1P1	IGBP1P1
chr15	65378002	-	IGDCC3	IGDCC3
chr15	65422947	-	IGDCC4	IGDCC4
chr12	102478550	-	IGF1	IGF1
chr15	98648538	+	IGF1R	IGF1R
chr11	2137288	-	IGF2	IGF2
chr11	2140511	+	IGF2-AS	IGF2-AS
chr17	48997384	+	IGF2BP1	IGF2BP1
chr3	185821131	-	IGF2BP2	IGF2BP2
chr3	185713251	+	IGF2BP2-AS1	IGF2BP2-AS1
chr7	23470491	-	IGF2BP3	IGF2BP3
chr6	159969081	+	IGF2R	IGF2R
chr16	1793705	-	IGFALS	IGFALS
chr7	45888487	+	IGFBP1	IGFBP1
chr2	216632827	+	IGFBP2	IGFBP2
chr7	45921272	-	IGFBP3	IGFBP3
chr17	40443449	+	IGFBP4	IGFBP4
chr2	216695549	-	IGFBP5	IGFBP5
chr12	53097666	+	IGFBP6	IGFBP6
chr4	57110385	-	IGFBP7	IGFBP7
chr4	57109761	+	IGFBP7-AS1	IGFBP7-AS1
chr9	38424454	-	IGFBPL1	IGFBPL1
chr19	46229741	+	IGFL1	IGFL1
chr19	46147781	+	IGFL2	IGFL2
chr19	46203062	-	IGFL2-AS1	IGFL2-AS1
chr19	46124688	-	IGFL3	IGFL3
chr19	46041016	-	IGFL4	IGFL4
chr19	35742452	-	IGFLR1	IGFLR1
chr1	201190823	+	IGFN1	IGFN1
chr11	68903890	+	IGHMBP2	IGHMBP2
chr15	21718307	-	IGHV1OR15-1	IGHV1OR15-1
chr15	21735999	-	IGHV1OR15-3	IGHV1OR15-3
chr5	140125936	+	IGIP	IGIP
chr22	23580290	-	IGLL1	IGLL1
chr22	25318256	+	IGLL3P	IGLL3P
chr22	22887815	+	IGLL5	IGLL5
chr19	51311847	+	IGLON5	IGLON5
chrX	131289061	-	IGSF1	IGSF1
chr3	151440780	-	IGSF10	IGSF10
chr3	119034846	-	IGSF11	IGSF11
chr3	118943075	+	IGSF11-AS1	IGSF11-AS1
chr1	18107797	+	IGSF21	IGSF21
chr11	18726188	-	IGSF22	IGSF22
chr19	44613562	+	IGSF23	IGSF23
chr1	116667733	-	IGSF3	IGSF3
chr21	39745406	+	IGSF5	IGSF5
chr16	21652608	-	IGSF6	IGSF6
chr1	160098619	-	IGSF8	IGSF8
chr1	159945613	-	IGSF9	IGSF9
chr11	133956968	-	IGSF9B	IGSF9B
chr2	219060921	-	IHH	IHH
chr3	49198427	+	IHO1	IHO1
chr5	140647828	+	IK	IK
chr12	98644788	-	IKBIP	IKBIP
chr8	42271301	+	IKBKB	IKBKB
chr1	206470475	+	IKBKE	IKBKE
chrX	154541237	+	IKBKG	IKBKG
chr7	50304063	+	IKZF1	IKZF1
chr2	213150437	-	IKZF2	IKZF2
chr17	39778225	-	IKZF3	IKZF3
chr12	56007503	+	IKZF4	IKZF4
chr10	123008687	-	IKZF5	IKZF5
chr1	206770603	-	IL10	IL10
chr11	117986393	+	IL10RA	IL10RA
chr21	33266366	+	IL10RB	IL10RB
chr21	33266260	-	IL10RB-DT	IL10RB-DT
chr19	55370463	-	IL11	IL11
chr9	34652184	+	IL11RA	IL11RA
chr3	159988834	+	IL12A	IL12A
chr3	160207092	-	IL12A-AS1	IL12A-AS1
chr5	159330487	-	IL12B	IL12B
chr19	18086934	-	IL12RB1	IL12RB1
chr1	67307363	+	IL12RB2	IL12RB2
chr5	132656521	+	IL13	IL13
chrX	118727605	+	IL13RA1	IL13RA1
chrX	115017616	-	IL13RA2	IL13RA2
chr4	141636582	+	IL15	IL15
chr10	5968928	-	IL15RA	IL15RA
chr15	81196878	+	IL16	IL16
chr6	52186374	+	IL17A	IL17A
chr5	149379292	-	IL17B	IL17B
chr16	88638571	+	IL17C	IL17C
chr13	20701512	+	IL17D	IL17D
chr6	52244500	-	IL17F	IL17F
chr22	17084958	+	IL17RA	IL17RA
chr3	53846567	+	IL17RB	IL17RB
chr3	9917073	+	IL17RC	IL17RC
chr3	57165353	-	IL17RD	IL17RD
chr3	9902611	+	IL17RE	IL17RE
chr22	50012765	-	IL17REL	IL17REL
chr11	112164094	-	IL18	IL18
chr11	71998908	+	IL18BP	IL18BP
chr2	102355795	+	IL18R1	IL18R1
chr2	102418789	+	IL18RAP	IL18RAP
chr1	206770772	+	IL19	IL19
chr2	112784400	-	IL1A	IL1A
chr2	112836779	-	IL1B	IL1B
chr2	113067969	+	IL1F10	IL1F10
chr2	102070389	+	IL1R1	IL1R1
chr2	101991959	+	IL1R2	IL1R2
chr3	190514084	+	IL1RAP	IL1RAP
chrX	28587445	+	IL1RAPL1	IL1RAPL1
chrX	104566198	+	IL1RAPL2	IL1RAPL2
chr2	102311501	+	IL1RL1	IL1RL1
chr2	102186972	+	IL1RL2	IL1RL2
chr2	113117970	+	IL1RN	IL1RN
chr4	122456725	-	IL2	IL2
chr1	206863564	+	IL20	IL20
chr6	137044312	-	IL20RA	IL20RA
chr3	136957982	+	IL20RB	IL20RB
chr4	122621057	-	IL21	IL21
chr4	122618982	+	IL21-AS1	IL21-AS1
chr16	27402173	+	IL21R	IL21R
chr16	27453393	-	IL21R-AS1	IL21R-AS1
chr12	68253604	-	IL22	IL22
chr1	24143140	-	IL22RA1	IL22RA1
chr6	137173644	-	IL22RA2	IL22RA2
chr12	56338883	+	IL23A	IL23A
chr1	67166453	+	IL23R	IL23R
chr1	206897442	+	IL24	IL24
chr14	23372808	+	IL25	IL25
chr12	68225810	-	IL26	IL26
chr16	28506834	-	IL27	IL27
chr19	14031761	+	IL27RA	IL27RA
chr10	6062367	-	IL2RA	IL2RA
chr22	37149916	-	IL2RB	IL2RB
chrX	71111577	-	IL2RG	IL2RG
chr5	132060654	+	IL3	IL3
chr12	122174221	-	IL31	IL31
chr5	55851356	+	IL31RA	IL31RA
chr16	3065402	+	IL32	IL32
chr9	6215148	+	IL33	IL33
chr16	70579894	+	IL34	IL34
chr2	113005458	+	IL36A	IL36A
chr2	113052867	-	IL36B	IL36B
chr2	112978005	+	IL36G	IL36G
chr2	113058637	+	IL36RN	IL36RN
chr2	112911164	+	IL37	IL37
chrY	1336615	+	IL3RA	IL3RA
chr5	132673985	+	IL4	IL4
chr19	49896887	-	IL4I1	IL4I1
chr16	27313973	+	IL4R	IL4R
chr5	132543522	-	IL5	IL5
chr3	3110374	-	IL5RA	IL5RA
chr7	22727199	+	IL6	IL6
chr7	22727620	-	IL6-AS1	IL6-AS1
chr1	154405342	+	IL6R	IL6R
chr1	154406564	-	IL6R-AS1	IL6R-AS1
chr5	55994963	-	IL6ST	IL6ST
chr8	78805463	-	IL7	IL7
chr5	35856890	+	IL7R	IL7R
chr5	135895841	-	IL9	IL9
chrY	57184215	+	IL9R	IL9R
chr3	122022247	-	ILDR1	ILDR1
chr1	166975540	-	ILDR2	ILDR2
chr1	153670993	-	ILF2	ILF2
chr19	10654260	+	ILF3	ILF3
chr19	10653872	-	ILF3-DT	ILF3-DT
chr11	6603707	+	ILK	ILK
chr2	238203695	-	ILKAP	ILKAP
chr6	34696767	-	ILRUN	ILRUN
chr19	15125786	-	ILVBL	ILVBL
chr11	31509622	-	IMMP1L	IMMP1L
chr7	111562492	-	IMMP2L	IMMP2L
chr2	86195462	-	IMMT	IMMT
chr15	75640224	-	IMP3	IMP3
chr2	130342896	+	IMP4	IMP4
chr8	81686325	-	IMPA1	IMPA1
chr8	81631277	-	IMPA1P1	IMPA1P1
chr18	11981506	+	IMPA2	IMPA2
chr18	24426669	+	IMPACT	IMPACT
chr7	128405995	-	IMPDH1	IMPDH1
chr3	49029398	-	IMPDH2	IMPDH2
chr6	76072662	-	IMPG1	IMPG1
chr3	101320575	-	IMPG2	IMPG2
chr10	103277137	+	INA	INA
chr19	47274422	+	INAFM1	INAFM1
chr15	40323691	+	INAFM2	INAFM2
chr1	200891530	+	INAVA	INAVA
chr17	4997610	-	INCA1	INCA1
chr11	62124010	+	INCENP	INCENP
chrX	47204847	+	INE1	INE1
chrX	15787589	-	INE2	INE2
chr14	104689605	+	INF2	INF2
chr13	110712622	+	ING1	ING1
chr4	183505057	+	ING2	ING2
chr7	120950776	+	ING3	ING3
chr12	6663119	-	ING4	ING4
chr2	241687019	+	ING5	ING5
chrX	71492449	-	INGX	INGX
chr2	219572309	+	INHA	INHA
chr7	41703090	-	INHBA	INHBA
chr7	41693918	+	INHBA-AS1	INHBA-AS1
chr2	120346135	+	INHBB	INHBB
chr12	57434783	+	INHBC	INHBC
chr12	57455306	+	INHBE	INHBE
chr9	112718117	-	INIP	INIP
chr3	49803260	+	INKA1	INKA1
chr1	111739395	-	INKA2	INKA2
chr1	111739840	+	INKA2-AS1	INKA2-AS1
chr7	30752134	+	INMT	INMT
chr7	30752134	+	INMT-MINDY4	INMT-MINDY4
chr15	41116246	-	INO80	INO80
chr2	74455086	+	INO80B	INO80B
chr2	74455022	+	INO80B-WBP1	INO80B-WBP1
chr18	35497608	-	INO80C	INO80C
chr2	206086174	-	INO80D	INO80D
chr16	29996240	+	INO80E	INO80E
chr2	190343588	+	INPP1	INPP1
chr2	98444586	+	INPP4A	INPP4A
chr4	142305832	-	INPP4B	INPP4B
chr10	132537786	+	INPP5A	INPP5A
chr1	37931739	-	INPP5B	INPP5B
chr2	233060341	+	INPP5D	INPP5D
chr9	136439845	-	INPP5E	INPP5E
chr10	119726046	+	INPP5F	INPP5F
chr22	31122922	+	INPP5J	INPP5J
chr17	1516612	-	INPP5K	INPP5K
chr11	72224766	+	INPPL1	INPPL1
chr11	2161209	-	INS	INS
chr11	2161209	-	INS-IGF2	INS-IGF2
chr11	15112423	+	INSC	INSC
chr7	155297771	+	INSIG1	INSIG1
chr2	118088417	+	INSIG2	INSIG2
chr19	17821519	-	INSL3	INSL3
chr9	5231418	+	INSL4	INSL4
chr1	66801276	-	INSL5	INSL5
chr9	5185639	-	INSL6	INSL6
chr20	20368103	+	INSM1	INSM1
chr14	35534163	+	INSM2	INSM2
chr19	7294414	-	INSR	INSR
chr1	156859117	-	INSRR	INSRR
chr15	73752370	-	INSYN1	INSYN1
chr15	73768085	+	INSYN1-AS1	INSYN1-AS1
chr10	127196591	-	INSYN2A	INSYN2A
chr5	169980495	-	INSYN2B	INSYN2B
chr7	1504389	-	INTS1	INTS1
chr8	19817148	+	INTS10	INTS10
chr1	1324660	-	INTS11	INTS11
chr4	105708689	-	INTS12	INTS12
chr12	26937981	-	INTS13	INTS13
chr15	65611131	-	INTS14	INTS14
chr17	61927982	-	INTS2	INTS2
chr1	153728049	+	INTS3	INTS3
chr11	77994668	-	INTS4	INTS4
chr7	65141029	+	INTS4P1	INTS4P1
chr7	65647853	+	INTS4P2	INTS4P2
chr11	62653302	-	INTS5	INTS5
chr13	51453036	-	INTS6	INTS6
chr13	51453344	+	INTS6-AS1	INTS6-AS1
chrX	135520659	+	INTS6L	INTS6L
chrX	135520674	-	INTS6L-AS1	INTS6L-AS1
chr1	212035557	-	INTS7	INTS7
chr8	94823286	+	INTS8	INTS8
chr8	28889915	-	INTS9	INTS9
chr4	127632956	+	INTU	INTU
chr9	100099184	+	INVS	INVS
chr3	49786194	-	IP6K1	IP6K1
chr3	48717221	-	IP6K2	IP6K2
chr6	33746905	-	IP6K3	IP6K3
chr6	154330081	-	IPCEF1	IPCEF1
chr10	58267894	-	IPMK	IPMK
chr5	62412762	+	IPO11	IPO11
chr5	62578734	+	IPO11-LRRC70	IPO11-LRRC70
chr1	43946949	+	IPO13	IPO13
chr14	24188816	-	IPO4	IPO4
chr13	97953674	+	IPO5	IPO5
chr19	23274251	-	IPO5P1	IPO5P1
chr11	9384651	+	IPO7	IPO7
chr12	30677244	-	IPO8	IPO8
chr1	201829156	+	IPO9	IPO9
chr1	201829559	-	IPO9-AS1	IPO9-AS1
chr1	45750653	-	IPP	IPP
chr9	92670131	-	IPPK	IPPK
chr15	25116544	+	IPW	IPW
chr8	143734138	+	IQANK1	IQANK1
chr2	236503697	-	IQCA1	IQCA1
chr7	151205496	-	IQCA1L	IQCA1L
chr3	121835060	-	IQCB1	IQCB1
chr1	32205670	+	IQCC	IQCC
chr12	113221094	-	IQCD	IQCD
chr7	2558971	+	IQCE	IQCE
chr3	51903353	-	IQCF1	IQCF1
chr3	51861614	+	IQCF2	IQCF2
chr3	51826882	+	IQCF3	IQCF3
chr3	51817602	+	IQCF4P	IQCF4P
chr3	51875601	-	IQCF5	IQCF5
chr3	51873595	+	IQCF5-AS1	IQCF5-AS1
chr3	51779237	-	IQCF6	IQCF6
chr3	197949925	-	IQCG	IQCG
chr15	67254785	+	IQCH	IQCH
chr15	67520973	-	IQCH-AS1	IQCH-AS1
chr3	159069251	+	IQCJ	IQCJ
chr3	159069251	+	IQCJ-SCHIP1	IQCJ-SCHIP1
chr3	159768612	-	IQCJ-SCHIP1-AS1	IQCJ-SCHIP1-AS1
chr16	19716455	+	IQCK	IQCK
chr4	149815843	-	IQCM	IQCM
chr19	18274452	-	IQCN	IQCN
chr15	90388241	+	IQGAP1	IQGAP1
chr5	76403284	+	IQGAP2	IQGAP2
chr1	156572565	-	IQGAP3	IQGAP3
chr3	12967730	-	IQSEC1	IQSEC1
chrX	53281584	-	IQSEC2	IQSEC2
chr12	66766	+	IQSEC3	IQSEC3
chr7	123532948	-	IQUB	IQUB
chr11	10652278	-	IRAG1	IRAG1
chr11	10541235	+	IRAG1-AS1	IRAG1-AS1
chr12	25052227	+	IRAG2	IRAG2
chr15	98651221	-	IRAIN	IRAIN
chrX	154019902	-	IRAK1	IRAK1
chr6	78867550	+	IRAK1BP1	IRAK1BP1
chr3	10164918	+	IRAK2	IRAK2
chr12	66189213	+	IRAK3	IRAK3
chr12	43758943	+	IRAK4	IRAK4
chr15	78437430	+	IREB2	IREB2
chr5	132490773	-	IRF1	IRF1
chr5	132410928	+	IRF1-AS1	IRF1-AS1
chr4	184474550	-	IRF2	IRF2
chr19	45886141	-	IRF2BP1	IRF2BP1
chr1	234609525	-	IRF2BP2	IRF2BP2
chr14	77028708	-	IRF2BPL	IRF2BPL
chr19	49665857	-	IRF3	IRF3
chr6	391751	+	IRF4	IRF4
chr7	128937031	+	IRF5	IRF5
chr1	209806142	-	IRF6	IRF6
chr11	615950	-	IRF7	IRF7
chr16	85899161	+	IRF8	IRF8
chr14	24161264	+	IRF9	IRF9
chr19	43716075	+	IRGC	IRGC
chr5	150846520	+	IRGM	IRGM
chr19	43596135	-	IRGQ	IRGQ
chr2	226799820	-	IRS1	IRS1
chr13	109786583	-	IRS2	IRS2
chrX	108736377	-	IRS4	IRS4
chr5	3595831	+	IRX1	IRX1
chr5	2751677	-	IRX2	IRX2
chr16	54286787	-	IRX3	IRX3
chr5	1882925	-	IRX4	IRX4
chr16	54930864	+	IRX5	IRX5
chr16	55324202	+	IRX6	IRX6
chr9	86282538	-	ISCA1	ISCA1
chr14	74493719	+	ISCA2	ISCA2
chr12	108561462	+	ISCU	ISCU
chr1	1013496	+	ISG15	ISG15
chr15	88635631	+	ISG20	ISG20
chr1	156728439	-	ISG20L2	ISG20L2
chr5	51383447	+	ISL1	ISL1
chr15	76336772	+	ISL2	ISL2
chr15	74173709	+	ISLR	ISLR
chr15	74129373	+	ISLR2	ISLR2
chr20	13221273	+	ISM1	ISM1
chr20	13239687	-	ISM1-AS1	ISM1-AS1
chr14	77498816	-	ISM2	ISM2
chr5	129094748	+	ISOC1	ISOC1
chr19	55461642	-	ISOC2	ISOC2
chr16	71894407	+	IST1	IST1
chr22	35066157	+	ISX	ISX
chr3	129161063	-	ISY1	ISY1
chr3	129161230	-	ISY1-RAB43	ISY1-RAB43
chr19	18437309	-	ISYNA1	ISYNA1
chr20	34363272	+	ITCH	ITCH
chr16	47461063	-	ITFG1	ITFG1
chr16	47144067	+	ITFG1-AS1	ITFG1-AS1
chr12	2812667	+	ITFG2	ITFG2
chr12	2812924	-	ITFG2-AS1	ITFG2-AS1
chr5	52787915	+	ITGA1	ITGA1
chr1	145910050	-	ITGA10	ITGA10
chr15	68432163	-	ITGA11	ITGA11
chr5	52989351	+	ITGA2	ITGA2
chr17	44389649	-	ITGA2B	ITGA2B
chr17	50056109	+	ITGA3	ITGA3
chr2	181456891	+	ITGA4	ITGA4
chr12	54419266	-	ITGA5	ITGA5
chr2	172427335	+	ITGA6	ITGA6
chr2	172466022	-	ITGA6-AS1	ITGA6-AS1
chr12	55707904	-	ITGA7	ITGA7
chr10	15719922	-	ITGA8	ITGA8
chr3	37452140	+	ITGA9	ITGA9
chr3	37861780	-	ITGA9-AS1	ITGA9-AS1
chr16	31393334	+	ITGAD	ITGAD
chr17	3801188	-	ITGAE	ITGAE
chr16	30472741	+	ITGAL	ITGAL
chr16	31259974	+	ITGAM	ITGAM
chr2	186590055	+	ITGAV	ITGAV
chr16	31355175	+	ITGAX	ITGAX
chr10	32935558	-	ITGB1	ITGB1
chr2	9422591	-	ITGB1BP1	ITGB1BP1
chrX	71301749	+	ITGB1BP2	ITGB1BP2
chr21	44920899	-	ITGB2	ITGB2
chr21	44921034	+	ITGB2-AS1	ITGB2-AS1
chr17	47253826	+	ITGB3	ITGB3
chr1	63523225	-	ITGB3BP	ITGB3BP
chr17	75721458	+	ITGB4	ITGB4
chr3	124887365	-	ITGB5	ITGB5
chr2	160200272	-	ITGB6	ITGB6
chr12	53207251	-	ITGB7	ITGB7
chr7	20330899	+	ITGB8	ITGB8
chr13	101452592	+	ITGBL1	ITGBL1
chr3	52777598	+	ITIH1	ITIH1
chr10	7703315	+	ITIH2	ITIH2
chr3	52794767	+	ITIH3	ITIH3
chr3	52830672	-	ITIH4	ITIH4
chr3	52823934	+	ITIH4-AS1	ITIH4-AS1
chr10	7619673	-	ITIH5	ITIH5
chrX	54798255	-	ITIH6	ITIH6
chr5	157180839	+	ITK	ITK
chr1	160885180	-	ITLN1	ITLN1
chr1	160954809	-	ITLN2	ITLN2
chrX	79367334	-	ITM2A	ITM2A
chr13	48233205	+	ITM2B	ITM2B
chr2	230864184	+	ITM2C	ITM2C
chr20	3208675	+	ITPA	ITPA
chr14	93036974	-	ITPK1	ITPK1
chr14	93067451	+	ITPK1-AS1	ITPK1-AS1
chr15	41493873	+	ITPKA	ITPKA
chr1	226739175	-	ITPKB	ITPKB
chr1	226675068	-	ITPKB-IT1	ITPKB-IT1
chr19	40717111	+	ITPKC	ITPKC
chr3	4493347	+	ITPR1	ITPR1
chr3	4493163	-	ITPR1-DT	ITPR1-DT
chr12	26833194	-	ITPR2	ITPR2
chr6	33621321	+	ITPR3	ITPR3
chr7	31514089	+	ITPRID1	ITPRID1
chr2	181891729	+	ITPRID2	ITPRID2
chr10	104328992	-	ITPRIP	ITPRIP
chr10	104323363	+	ITPRIP-AS1	ITPRIP-AS1
chr2	96325316	+	ITPRIPL1	ITPRIPL1
chr16	19113963	+	ITPRIPL2	ITPRIPL2
chr21	33642500	+	ITSN1	ITSN1
chr2	24360536	-	ITSN2	ITSN2
chr15	40405794	+	IVD	IVD
chr1	152908544	+	IVL	IVL
chr1	185317243	-	IVNS1ABP	IVNS1ABP
chr2	127526489	-	IWS1	IWS1
chr6	150369011	+	IYD	IYD
chr19	48745932	-	IZUMO1	IZUMO1
chr11	94304738	+	IZUMO1R	IZUMO1R
chr19	50163281	-	IZUMO2	IZUMO2
chr9	24545676	-	IZUMO3	IZUMO3
chr19	2096914	+	IZUMO4	IZUMO4
chr4	128809699	+	JADE1	JADE1
chr5	134524314	+	JADE2	JADE2
chrX	46912275	+	JADE3	JADE3
chr20	10673999	-	JAG1	JAG1
chr14	105168776	-	JAG2	JAG2
chr3	9890609	+	JAGN1	JAGN1
chr1	64966549	-	JAK1	JAK1
chr9	4985085	+	JAK2	JAK2
chr19	17847982	-	JAK3	JAK3
chr4	6194619	-	JAKMIP1	JAKMIP1
chr5	147782728	-	JAKMIP2	JAKMIP2
chr5	147559993	+	JAKMIP2-AS1	JAKMIP2-AS1
chr10	132065945	+	JAKMIP3	JAKMIP3
chr21	25639257	+	JAM2	JAM2
chr11	134068924	+	JAM3	JAM3
chr11	118212946	-	JAML	JAML
chr6	15246068	+	JARID2	JARID2
chr6	15248696	-	JARID2-AS1	JARID2-AS1
chr7	28180795	-	JAZF1	JAZF1
chr7	28180456	+	JAZF1-AS1	JAZF1-AS1
chr10	30059586	-	JCAD	JCAD
chr4	70666508	-	JCHAIN	JCHAIN
chr14	75427723	+	JDP2	JDP2
chr11	122882527	+	JHY	JHY
chr14	59484442	+	JKAMP	JKAMP
chr10	63269223	-	JMJD1C	JMJD1C
chr10	63465228	+	JMJD1C-AS1	JMJD1C-AS1
chr1	227735411	-	JMJD4	JMJD4
chr17	76726606	-	JMJD6	JMJD6
chr15	41828091	+	JMJD7	JMJD7
chr15	41828084	+	JMJD7-PLA2G4B	JMJD7-PLA2G4B
chr16	684334	-	JMJD8	JMJD8
chr5	79236130	+	JMY	JMY
chr22	38700943	-	JOSD1	JOSD1
chr19	50511191	-	JOSD2	JOSD2
chr8	74321361	-	JPH1	JPH1
chr20	44187188	-	JPH2	JPH2
chr16	87601834	+	JPH3	JPH3
chr14	23578790	-	JPH4	JPH4
chr17	75153293	-	JPT1	JPT1
chr16	1678278	+	JPT2	JPT2
chrX	73944323	+	JPX	JPX
chr8	142669967	-	JRK	JRK
chr11	96390012	+	JRKL	JRKL
chr11	96506877	-	JRKL-AS1	JRKL-AS1
chr19	2256417	-	JSRP1	JSRP1
chr1	153977674	-	JTB	JTB
chr1	58784047	-	JUN	JUN
chr19	12791485	+	JUNB	JUNB
chr19	18281622	-	JUND	JUND
chr17	41786095	-	JUP	JUP
chr6	24356902	+	KAAG1	KAAG1
chr3	124094680	+	KALRN	KALRN
chr9	470290	+	KANK1	KANK1
chr19	11197545	-	KANK2	KANK2
chr19	8343262	-	KANK3	KANK3
chr1	62319434	-	KANK4	KANK4
chr17	46192782	-	KANSL1	KANSL1
chr17	46193572	+	KANSL1-AS1	KANSL1-AS1
chr2	210171409	-	KANSL1L	KANSL1L
chr2	210029921	+	KANSL1L-AS1	KANSL1L-AS1
chr12	48682238	-	KANSL2	KANSL2
chr2	96637991	-	KANSL3	KANSL3
chrX	53094156	+	KANTR	KANTR
chr16	75647665	-	KARS1	KARS1
chr19	49388248	+	KASH5	KASH5
chr20	18137862	+	KAT14	KAT14
chr17	42121367	-	KAT2A	KAT2A
chr3	20040445	+	KAT2B	KAT2B
chr11	65712251	+	KAT5	KAT5
chr8	42051987	-	KAT6A	KAT6A
chr10	74825254	+	KAT6B	KAT6B
chr17	49788680	+	KAT7	KAT7
chr16	31117663	+	KAT8	KAT8
chr6	149648714	-	KATNA1	KATNA1
chr13	30307011	-	KATNAL1	KATNAL1
chr18	46917593	+	KATNAL2	KATNAL2
chr16	57735769	+	KATNB1	KATNB1
chr15	34210096	-	KATNBL1	KATNBL1
chr6	146803824	-	KATNBL1P6	KATNBL1P6
chr16	27550143	+	KATNIP	KATNIP
chr10	101061988	+	KAZALD1	KAZALD1
chr1	14598684	+	KAZN	KAZN
chr1	14419973	-	KAZN-AS1	KAZN-AS1
chr8	1973676	+	KBTBD11	KBTBD11
chr8	1971396	+	KBTBD11-OT1	KBTBD11-OT1
chr3	127915231	+	KBTBD12	KBTBD12
chr15	65076745	+	KBTBD13	KBTBD13
chr7	32891760	-	KBTBD2	KBTBD2
chr11	106077347	-	KBTBD3	KBTBD3
chr11	47578771	-	KBTBD4	KBTBD4
chr13	41132802	-	KBTBD6	KBTBD6
chr13	41194569	-	KBTBD7	KBTBD7
chr3	66998306	+	KBTBD8	KBTBD8
chr18	41520677	-	KC6	KC6
chr12	105327017	-	KCCAT198	KCCAT198
chr2	84971160	+	KCMF1	KCMF1
chr12	4909904	+	KCNA1	KCNA1
chr1	110519175	-	KCNA10	KCNA10
chr1	110606358	-	KCNA2	KCNA2
chr1	110671775	-	KCNA3	KCNA3
chr11	30017030	-	KCNA4	KCNA4
chr12	5043878	+	KCNA5	KCNA5
chr12	4809175	+	KCNA6	KCNA6
chr19	49072941	-	KCNA7	KCNA7
chr3	156120547	+	KCNAB1	KCNAB1
chr3	156446936	-	KCNAB1-AS1	KCNAB1-AS1
chr3	156227883	-	KCNAB1-AS2	KCNAB1-AS2
chr1	5992675	+	KCNAB2	KCNAB2
chr17	7929435	-	KCNAB3	KCNAB3
chr20	49482668	-	KCNB1	KCNB1
chr8	72537224	+	KCNB2	KCNB2
chr11	17734780	+	KCNC1	KCNC1
chr12	75209748	-	KCNC2	KCNC2
chr19	50329071	-	KCNC3	KCNC3
chr1	110210313	+	KCNC4	KCNC4
chrX	48971844	-	KCND1	KCND1
chr7	120273174	+	KCND2	KCND2
chr1	111989174	-	KCND3	KCND3
chr1	111909656	+	KCND3-AS1	KCND3-AS1
chr1	111856905	-	KCND3-IT1	KCND3-IT1
chr21	34455809	-	KCNE1	KCNE1
chr21	7829632	-	KCNE1B	KCNE1B
chr21	34364005	+	KCNE2	KCNE2
chr11	74467549	-	KCNE3	KCNE3
chr2	223052189	+	KCNE4	KCNE4
chrX	109625172	-	KCNE5	KCNE5
chr2	10911933	+	KCNF1	KCNF1
chr20	51023107	-	KCNG1	KCNG1
chr18	79863667	+	KCNG2	KCNG2
chr2	42493982	-	KCNG3	KCNG3
chr16	84239750	-	KCNG4	KCNG4
chr1	211134148	-	KCNH1	KCNH1
chr1	211133374	-	KCNH1-IT1	KCNH1-IT1
chr7	150955804	-	KCNH2	KCNH2
chr12	49539029	+	KCNH3	KCNH3
chr17	42181142	-	KCNH4	KCNH4
chr14	63045458	-	KCNH5	KCNH5
chr17	63523357	+	KCNH6	KCNH6
chr2	162838767	-	KCNH7	KCNH7
chr2	162768935	+	KCNH7-AS1	KCNH7-AS1
chr3	19148509	+	KCNH8	KCNH8
chr5	170353486	+	KCNIP1	KCNIP1
chr5	170681470	-	KCNIP1-AS1	KCNIP1-AS1
chr5	170389492	+	KCNIP1-OT1	KCNIP1-OT1
chr10	101839871	-	KCNIP2	KCNIP2
chr10	101819067	+	KCNIP2-AS1	KCNIP2-AS1
chr2	95297346	+	KCNIP3	KCNIP3
chr4	20850668	-	KCNIP4	KCNIP4
chr4	21853188	-	KCNIP4-IT1	KCNIP4-IT1
chr11	128842469	-	KCNJ1	KCNJ1
chr1	160070160	-	KCNJ10	KCNJ10
chr11	17388659	-	KCNJ11	KCNJ11
chr17	21376356	+	KCNJ12	KCNJ12
chr2	232776565	-	KCNJ13	KCNJ13
chr19	48455573	+	KCNJ14	KCNJ14
chr21	38229925	+	KCNJ15	KCNJ15
chr17	70075224	+	KCNJ16	KCNJ16
chr17	21692522	+	KCNJ18	KCNJ18
chr17	70169531	+	KCNJ2	KCNJ2
chr17	70169402	-	KCNJ2-AS1	KCNJ2-AS1
chr2	154698580	+	KCNJ3	KCNJ3
chr22	38444028	-	KCNJ4	KCNJ4
chr11	128891355	+	KCNJ5	KCNJ5
chr21	37916457	-	KCNJ6	KCNJ6
chr12	21774706	-	KCNJ8	KCNJ8
chr1	160081537	+	KCNJ9	KCNJ9
chr1	233614105	+	KCNK1	KCNK1
chr14	88270911	-	KCNK10	KCNK10
chr2	47570985	-	KCNK12	KCNK12
chr14	90061993	+	KCNK13	KCNK13
chr20	44745864	+	KCNK15	KCNK15
chr20	44746227	-	KCNK15-AS1	KCNK15-AS1
chr6	39322702	-	KCNK16	KCNK16
chr6	39314419	-	KCNK17	KCNK17
chr10	117197488	+	KCNK18	KCNK18
chr1	215005541	+	KCNK2	KCNK2
chr2	26692721	+	KCNK3	KCNK3
chr11	64291301	+	KCNK4	KCNK4
chr11	64291721	+	KCNK4-TEX40	KCNK4-TEX40
chr6	39229475	-	KCNK5	KCNK5
chr19	38319844	+	KCNK6	KCNK6
chr11	65595800	-	KCNK7	KCNK7
chr8	139703123	-	KCNK9	KCNK9
chr10	77350761	-	KCNMA1	KCNMA1
chr10	76888043	+	KCNMA1-AS1	KCNMA1-AS1
chr10	77140830	+	KCNMA1-AS2	KCNMA1-AS2
chr10	77350871	+	KCNMA1-AS3	KCNMA1-AS3
chr5	170389367	-	KCNMB1	KCNMB1
chr3	178536435	+	KCNMB2	KCNMB2
chr3	178860405	-	KCNMB2-AS1	KCNMB2-AS1
chr3	179251615	-	KCNMB3	KCNMB3
chr12	70366289	+	KCNMB4	KCNMB4
chr19	17951301	+	KCNN1	KCNN1
chr5	114055977	+	KCNN2	KCNN2
chr1	154859876	-	KCNN3	KCNN3
chr19	43780973	-	KCNN4	KCNN4
chr11	2445007	+	KCNQ1	KCNQ1
chr11	2861569	-	KCNQ1-AS1	KCNQ1-AS1
chr11	2870032	+	KCNQ1DN	KCNQ1DN
chr11	2699998	-	KCNQ1OT1	KCNQ1OT1
chr20	63472655	-	KCNQ2	KCNQ2
chr8	132447262	-	KCNQ3	KCNQ3
chr1	40783786	+	KCNQ4	KCNQ4
chr6	72622063	+	KCNQ5	KCNQ5
chr6	73143514	-	KCNQ5-AS1	KCNQ5-AS1
chr6	72630494	+	KCNQ5-IT1	KCNQ5-IT1
chr13	50015443	+	KCNRG	KCNRG
chr20	45101127	-	KCNS1	KCNS1
chr8	98426957	+	KCNS2	KCNS2
chr2	17877846	+	KCNS3	KCNS3
chr9	135702184	+	KCNT1	KCNT1
chr1	196608440	-	KCNT2	KCNT2
chr8	36784373	+	KCNU1	KCNU1
chr8	109975771	-	KCNV1	KCNV1
chr9	2717509	+	KCNV2	KCNV2
chr7	128910709	-	KCP	KCP
chr18	26548553	-	KCTD1	KCTD1
chr12	109477300	-	KCTD10	KCTD10
chr17	7351888	+	KCTD11	KCTD11
chr13	76886405	-	KCTD12	KCTD12
chr16	29926226	-	KCTD13	KCTD13
chr11	78023276	-	KCTD14	KCTD14
chr19	33796869	+	KCTD15	KCTD15
chr5	144170872	+	KCTD16	KCTD16
chr22	37051735	+	KCTD17	KCTD17
chr2	200510068	-	KCTD18	KCTD18
chr16	67326741	-	KCTD19	KCTD19
chr17	75032570	+	KCTD2	KCTD2
chr6	36442766	+	KCTD20	KCTD20
chr11	78188626	-	KCTD21	KCTD21
chr11	78139792	+	KCTD21-AS1	KCTD21-AS1
chr1	215567303	+	KCTD3	KCTD3
chr13	45201045	-	KCTD4	KCTD4
chr16	2682522	+	KCTD5	KCTD5
chr3	58492095	+	KCTD6	KCTD6
chr7	66628880	+	KCTD7	KCTD7
chr4	44448809	-	KCTD8	KCTD8
chr8	25458433	-	KCTD9	KCTD9
chr19	48391551	-	KDELR1	KDELR1
chr7	6484152	-	KDELR2	KDELR2
chr22	38468061	+	KDELR3	KDELR3
chr1	26960468	-	KDF1	KDF1
chr1	23019467	+	KDM1A	KDM1A
chr6	18155421	+	KDM1B	KDM1B
chr11	67119262	+	KDM2A	KDM2A
chr12	121580246	-	KDM2B	KDM2B
chr2	86441370	+	KDM3A	KDM3A
chr5	138352684	+	KDM3B	KDM3B
chr1	43650148	+	KDM4A	KDM4A
chr1	43707341	-	KDM4A-AS1	KDM4A-AS1
chr19	4969112	+	KDM4B	KDM4B
chr9	6720862	+	KDM4C	KDM4C
chr11	94973708	+	KDM4D	KDM4D
chr11	95025257	+	KDM4E	KDM4E
chr12	389320	-	KDM5A	KDM5A
chr1	202808421	-	KDM5B	KDM5B
chrX	53225207	-	KDM5C	KDM5C
chrY	19744726	-	KDM5D	KDM5D
chrX	44873174	+	KDM6A	KDM6A
chr17	7839905	+	KDM6B	KDM6B
chr7	140176983	-	KDM7A	KDM7A
chr7	140177260	+	KDM7A-DT	KDM7A-DT
chr16	27203525	+	KDM8	KDM8
chr4	55125595	-	KDR	KDR
chr18	63367206	-	KDSR	KDSR
chr19	10502771	-	KEAP1	KEAP1
chr7	142962363	-	KEL	KEL
chr12	91058024	-	KERA	KERA
chr6	73263196	-	KHDC1	KHDC1
chr6	73225496	-	KHDC1L	KHDC1L
chr6	73362657	+	KHDC3L	KHDC3L
chr1	155934413	-	KHDC4	KHDC4
chr1	32013867	+	KHDRBS1	KHDRBS1
chr6	62286225	-	KHDRBS2	KHDRBS2
chr8	135457455	+	KHDRBS3	KHDRBS3
chr2	27086771	+	KHK	KHK
chr14	24429285	+	KHNYN	KHNYN
chr19	6424811	-	KHSRP	KHSRP
chr1	175192776	-	KIAA0040	KIAA0040
chr7	26538825	-	KIAA0087	KIAA0087
chr17	28645158	-	KIAA0100	KIAA0100
chr4	6782726	+	KIAA0232	KIAA0232
chr6	24583227	-	KIAA0319	KIAA0319
chr1	35557403	-	KIAA0319L	KIAA0319L
chr6	127459389	-	KIAA0408	KIAA0408
chr16	85027750	+	KIAA0513	KIAA0513
chr14	58427384	+	KIAA0586	KIAA0586
chr17	6640711	-	KIAA0753	KIAA0753
chr1	39409072	+	KIAA0754	KIAA0754
chr5	94618125	-	KIAA0825	KIAA0825
chr7	36367240	-	KIAA0895	KIAA0895
chr16	67183963	-	KIAA0895L	KIAA0895L
chr22	45212384	-	KIAA0930	KIAA0930
chr4	122152330	+	KIAA1109	KIAA1109
chr3	44761619	-	KIAA1143	KIAA1143
chr5	176361764	-	KIAA1191	KIAA1191
chrX	119150579	-	KIAA1210	KIAA1210
chr10	23694726	+	KIAA1217	KIAA1217
chr18	36829126	+	KIAA1328	KIAA1328
chr1	32741829	+	KIAA1522	KIAA1522
chr7	138981389	-	KIAA1549	KIAA1549
chr11	33376107	+	KIAA1549L	KIAA1549L
chr6	57046531	+	KIAA1586	KIAA1586
chr1	180912896	+	KIAA1614	KIAA1614
chr1	180954887	-	KIAA1614-AS1	KIAA1614-AS1
chr22	30377905	-	KIAA1656	KIAA1656
chr22	25027973	+	KIAA1671	KIAA1671
chr22	25112692	-	KIAA1671-AS1	KIAA1671-AS1
chr20	38260735	-	KIAA1755	KIAA1755
chr2	61065869	+	KIAA1841	KIAA1841
chr9	112486826	+	KIAA1958	KIAA1958
chr2	202073254	+	KIAA2012	KIAA2012
chr2	202117058	-	KIAA2012-AS1	KIAA2012-AS1
chr1	11926427	-	KIAA2013	KIAA2013
chr9	6008482	-	KIAA2026	KIAA2026
chr2	8837613	-	KIDINS220	KIDINS220
chr10	92593129	+	KIF11	KIF11
chr9	114099057	-	KIF12	KIF12
chr6	17987635	-	KIF13A	KIF13A
chr8	29263070	-	KIF13B	KIF13B
chr1	200618838	-	KIF14	KIF14
chr3	44761793	+	KIF15	KIF15
chr20	16573448	-	KIF16B	KIF16B
chr1	20718007	-	KIF17	KIF17
chr11	28108156	-	KIF18A	KIF18A
chr17	44947773	-	KIF18B	KIF18B
chr17	74326225	+	KIF19	KIF19
chr2	240819277	-	KIF1A	KIF1A
chr1	10210569	+	KIF1B	KIF1B
chr17	4997949	+	KIF1C	KIF1C
chr17	5020093	-	KIF1C-AS1	KIF1C-AS1
chr5	138179111	+	KIF20A	KIF20A
chr10	89701589	+	KIF20B	KIF20B
chr12	39443120	-	KIF21A	KIF21A
chr1	201023714	-	KIF21B	KIF21B
chr16	29790750	+	KIF22	KIF22
chr15	69414348	+	KIF23	KIF23
chr9	34329268	-	KIF24	KIF24
chr6	168017872	+	KIF25	KIF25
chr6	167997077	-	KIF25-AS1	KIF25-AS1
chr14	104138722	+	KIF26A	KIF26A
chr1	245154984	+	KIF26B	KIF26B
chr1	245234517	-	KIF26B-AS1	KIF26B-AS1
chr9	83921432	-	KIF27	KIF27
chr5	62306161	+	KIF2A	KIF2A
chr17	53822926	+	KIF2B	KIF2B
chr1	44739836	+	KIF2C	KIF2C
chr5	132737546	-	KIF3A	KIF3A
chr20	32277650	+	KIF3B	KIF3B
chr2	25982497	-	KIF3C	KIF3C
chrX	70290103	+	KIF4A	KIF4A
chr5	155013754	+	KIF4B	KIF4B
chr12	57550043	+	KIF5A	KIF5A
chr10	32056425	-	KIF5B	KIF5B
chr2	148875226	+	KIF5C	KIF5C
chr6	39431390	-	KIF6	KIF6
chr15	89655467	-	KIF7	KIF7
chr3	47282598	-	KIF9	KIF9
chr3	47164369	+	KIF9-AS1	KIF9-AS1
chr1	170068915	-	KIFAP3	KIFAP3
chr10	68988802	+	KIFBP	KIFBP
chr6	33391822	+	KIFC1	KIFC1
chr8	144466336	+	KIFC2	KIFC2
chr16	57775078	-	KIFC3	KIFC3
chr10	7787993	-	KIN	KIN
chr19	54738487	+	KIR2DL1	KIR2DL1
chr19	54738516	+	KIR2DL2	KIR2DL2
chr19	54738512	+	KIR2DL3	KIR2DL3
chr19	54803609	+	KIR2DL4	KIR2DL4
chr19	54755009	+	KIR2DS1	KIR2DS1
chr19	54738510	+	KIR2DS2	KIR2DS2
chr19	54724485	+	KIR2DS3	KIR2DS3
chr19	54735819	+	KIR2DS4	KIR2DS4
chr19	54724463	+	KIR2DS5	KIR2DS5
chr19	54816437	+	KIR3DL1	KIR3DL1
chr19	54850442	+	KIR3DL2	KIR3DL2
chr19	54724446	+	KIR3DL3	KIR3DL3
chr19	54816463	+	KIR3DS1	KIR3DS1
chr19	54532691	+	KIR3DX1	KIR3DX1
chr1	157993272	+	KIRREL1	KIRREL1
chr1	158025549	+	KIRREL1-IT1	KIRREL1-IT1
chr19	35856910	+	KIRREL2	KIRREL2
chr11	127000770	-	KIRREL3	KIRREL3
chr11	126940745	+	KIRREL3-AS2	KIRREL3-AS2
chr11	127002909	+	KIRREL3-AS3	KIRREL3-AS3
chr1	204196491	-	KISS1	KISS1
chr19	917332	+	KISS1R	KISS1R
chr4	54657956	+	KIT	KIT
chr12	88580471	-	KITLG	KITLG
chr20	21125974	+	KIZ	KIZ
chr20	21218289	-	KIZ-AS1	KIZ-AS1
chr13	33016422	+	KL	KL
chr4	39406929	+	KLB	KLB
chr14	103629187	+	KLC1	KLC1
chr11	66257293	+	KLC2	KLC2
chr19	45340749	+	KLC3	KLC3
chr6	43059593	+	KLC4	KLC4
chr19	12887201	-	KLF1	KLF1
chr8	102653964	-	KLF10	KLF10
chr2	10043549	+	KLF11	KLF11
chr13	74133929	-	KLF12	KLF12
chr15	31326834	+	KLF13	KLF13
chr7	130734207	-	KLF14	KLF14
chr3	126357408	-	KLF15	KLF15
chr19	1863579	-	KLF16	KLF16
chr1	44118820	+	KLF17	KLF17
chr1	44141631	-	KLF18	KLF18
chr19	16324825	+	KLF2	KLF2
chr4	38664198	+	KLF3	KLF3
chr4	38664628	-	KLF3-AS1	KLF3-AS1
chr9	107489769	-	KLF4	KLF4
chr13	73054975	+	KLF5	KLF5
chr10	3785209	-	KLF6	KLF6
chr2	207134137	-	KLF7	KLF7
chrX	55908122	+	KLF8	KLF8
chr9	70414657	-	KLF9	KLF9
chr14	49693119	+	KLHDC1	KLHDC1
chr7	130070533	+	KLHDC10	KLHDC10
chr14	49768152	+	KLHDC2	KLHDC2
chr6	43014248	+	KLHDC3	KLHDC3
chr16	87765986	-	KLHDC4	KLHDC4
chr1	18480929	+	KLHDC7A	KLHDC7A
chr22	50545898	+	KLHDC7B	KLHDC7B
chr1	205356922	-	KLHDC8A	KLHDC8A
chr3	49171597	+	KLHDC8B	KLHDC8B
chr1	161098360	+	KLHDC9	KLHDC9
chr13	70108452	-	KLHL1	KLHL1
chr17	41835684	+	KLHL10	KLHL10
chr17	41865423	-	KLHL11	KLHL11
chr1	202927234	-	KLHL12	KLHL12
chrX	117973738	-	KLHL13	KLHL13
chr18	32773023	-	KLHL14	KLHL14
chrX	24027186	-	KLHL15	KLHL15
chr1	960583	+	KLHL17	KLHL17
chr3	47282943	+	KLHL18	KLHL18
chr4	165207560	+	KLHL2	KLHL2
chr1	173714980	+	KLHL20	KLHL20
chr1	6602869	-	KLHL21	KLHL21
chr22	20495795	-	KLHL22	KLHL22
chr2	169733831	+	KLHL23	KLHL23
chr3	183635622	+	KLHL24	KLHL24
chr15	85794925	-	KLHL25	KLHL25
chr19	18637027	+	KLHL26	KLHL26
chr14	44961485	-	KLHL28	KLHL28
chr2	23385178	+	KLHL29	KLHL29
chr5	137706427	-	KLHL3	KLHL3
chr2	238138667	+	KLHL30	KLHL30
chr6	53665756	-	KLHL31	KLHL31
chr6	96898082	+	KLHL32	KLHL32
chr14	20435830	-	KLHL33	KLHL33
chrX	21658330	-	KLHL34	KLHL34
chr11	75430629	-	KLHL35	KLHL35
chr16	84648510	+	KLHL36	KLHL36
chr8	123653801	-	KLHL38	KLHL38
chrX	87517801	+	KLHL4	KLHL4
chr3	42685536	+	KLHL40	KLHL40
chr2	169509701	+	KLHL41	KLHL41
chr12	27780232	+	KLHL42	KLHL42
chr4	39044830	+	KLHL5	KLHL5
chr3	183555706	-	KLHL6	KLHL6
chr3	183548734	+	KLHL6-AS1	KLHL6-AS1
chr7	23105733	+	KLHL7	KLHL7
chr7	23105703	-	KLHL7-DT	KLHL7-DT
chr4	87220268	-	KLHL8	KLHL8
chr9	21335404	-	KLHL9	KLHL9
chr19	50823787	-	KLK1	KLK1
chr19	51019709	-	KLK10	KLK10
chr19	51026616	-	KLK11	KLK11
chr19	51035002	-	KLK12	KLK12
chr19	51064919	-	KLK13	KLK13
chr19	51082856	-	KLK14	KLK14
chr19	50831523	-	KLK15	KLK15
chr19	50873432	+	KLK2	KLK2
chr19	50854914	+	KLK3	KLK3
chr19	50910738	-	KLK4	KLK4
chr19	50953038	-	KLK5	KLK5
chr19	50968972	-	KLK6	KLK6
chr19	50983815	-	KLK7	KLK7
chr19	51001604	-	KLK8	KLK8
chr19	51009592	-	KLK9	KLK9
chr4	186227506	+	KLKB1	KLKB1
chr19	50896398	-	KLKP1	KLKP1
chr10	87863533	-	KLLN	KLLN
chr12	10599835	-	KLRA1P	KLRA1P
chr12	9607916	-	KLRB1	KLRB1
chr12	10453377	-	KLRC1	KLRC1
chr12	10435993	-	KLRC2	KLRC2
chr12	10420595	-	KLRC3	KLRC3
chr12	10409757	-	KLRC4	KLRC4
chr12	10410146	-	KLRC4-KLRK1	KLRC4-KLRK1
chr12	10238960	+	KLRD1	KLRD1
chr12	9800051	+	KLRF1	KLRF1
chr12	9881488	+	KLRF2	KLRF2
chr12	8950043	+	KLRG1	KLRG1
chr7	139483673	-	KLRG2	KLRG2
chr12	10390041	-	KLRK1	KLRK1
chr12	10363768	+	KLRK1-AS1	KLRK1-AS1
chr1	241532377	+	KMO	KMO
chr11	118436491	+	KMT2A	KMT2A
chr19	35718002	+	KMT2B	KMT2B
chr7	152436003	-	KMT2C	KMT2C
chr12	49060794	-	KMT2D	KMT2D
chr7	105014189	+	KMT2E	KMT2E
chr7	105014141	-	KMT2E-AS1	KMT2E-AS1
chr12	123384131	+	KMT5A	KMT5A
chr11	68213296	-	KMT5B	KMT5B
chr19	55339875	+	KMT5C	KMT5C
chr1	46551215	-	KNCN	KNCN
chr10	133160218	+	KNDC1	KNDC1
chr3	186717358	+	KNG1	KNG1
chr15	40594248	+	KNL1	KNL1
chr16	19718227	-	KNOP1	KNOP1
chr15	40382720	+	KNSTRN	KNSTRN
chr12	122527248	+	KNTC1	KNTC1
chr3	122514939	-	KPNA1	KPNA1
chr17	68035734	+	KPNA2	KPNA2
chr13	49792682	-	KPNA3	KPNA3
chr3	160565571	-	KPNA4	KPNA4
chr6	116681210	+	KPNA5	KPNA5
chr1	32108055	+	KPNA6	KPNA6
chr7	99208115	-	KPNA7	KPNA7
chr17	47649918	+	KPNB1	KPNB1
chr1	152758024	+	KPRP	KPRP
chr19	47484219	-	KPTN	KPTN
chr12	25250929	-	KRAS	KRAS
chr7	149715010	+	KRBA1	KRBA1
chr17	8371540	-	KRBA2	KRBA2
chr3	42936385	+	KRBOX1	KRBOX1
chr3	42936785	-	KRBOX1-AS1	KRBOX1-AS1
chrX	46447188	+	KRBOX4	KRBOX4
chr2	88055783	-	KRCC1	KRCC1
chr22	29073034	+	KREMEN1	KREMEN1
chr16	2964274	+	KREMEN2	KREMEN2
chr19	10566010	-	KRI1	KRI1
chr7	92245914	-	KRIT1	KRIT1
chr12	75511609	-	KRR1	KRR1
chr12	52680407	-	KRT1	KRT1
chr17	40822614	-	KRT10	KRT10
chr17	40867223	-	KRT12	KRT12
chr17	41505612	-	KRT13	KRT13
chr17	41586895	-	KRT14	KRT14
chr17	41518890	-	KRT15	KRT15
chr17	41612767	-	KRT16	KRT16
chr17	18439907	+	KRT16P1	KRT16P1
chr17	16832833	-	KRT16P2	KRT16P2
chr17	20504498	-	KRT16P3	KRT16P3
chr17	41624575	-	KRT17	KRT17
chr17	16845872	-	KRT17P1	KRT17P1
chr17	18426860	+	KRT17P2	KRT17P2
chr17	18422180	+	KRT17P5	KRT17P5
chr12	52948870	+	KRT18	KRT18
chr17	28307382	-	KRT18P55	KRT18P55
chr17	41528308	-	KRT19	KRT19
chr12	94834453	+	KRT19P2	KRT19P2
chr12	52652211	-	KRT2	KRT2
chr17	40885242	-	KRT20	KRT20
chr17	40665177	-	KRT222	KRT222
chr17	40937270	-	KRT23	KRT23
chr17	40703752	-	KRT24	KRT24
chr17	40755331	-	KRT25	KRT25
chr17	40772159	-	KRT26	KRT26
chr17	40782550	-	KRT27	KRT27
chr17	40799959	-	KRT28	KRT28
chr12	52796117	-	KRT3	KRT3
chr17	41397608	-	KRT31	KRT31
chr17	41467386	-	KRT32	KRT32
chr17	41350828	-	KRT33A	KRT33A
chr17	41369813	-	KRT33B	KRT33B
chr17	41382384	-	KRT34	KRT34
chr17	41481140	-	KRT35	KRT35
chr17	41489864	-	KRT36	KRT36
chr17	41424585	-	KRT37	KRT37
chr17	41440983	-	KRT38	KRT38
chr17	40966948	-	KRT39	KRT39
chr12	52814116	-	KRT4	KRT4
chr17	40987001	-	KRT40	KRT40
chr17	41640199	-	KRT42P	KRT42P
chr12	52520394	-	KRT5	KRT5
chr12	52493257	-	KRT6A	KRT6A
chr12	52452146	-	KRT6B	KRT6B
chr12	52473805	-	KRT6C	KRT6C
chr12	52233242	+	KRT7	KRT7
chr12	52247448	-	KRT7-AS	KRT7-AS
chr12	52553145	-	KRT71	KRT71
chr12	52601463	-	KRT72	KRT72
chr12	52618559	-	KRT73	KRT73
chr12	52609850	+	KRT73-AS1	KRT73-AS1
chr12	52573843	-	KRT74	KRT74
chr12	52434371	-	KRT75	KRT75
chr12	52777345	-	KRT76	KRT76
chr12	52703524	-	KRT77	KRT77
chr12	52848283	-	KRT78	KRT78
chr12	52834311	-	KRT79	KRT79
chr12	52905076	-	KRT8	KRT8
chr12	52192014	-	KRT80	KRT80
chr12	52291534	-	KRT81	KRT81
chr12	52406335	-	KRT82	KRT82
chr12	52321398	-	KRT83	KRT83
chr12	52385652	-	KRT84	KRT84
chr12	52364622	-	KRT85	KRT85
chr12	52274644	+	KRT86	KRT86
chr12	52258508	-	KRT87P	KRT87P
chr11	9094362	+	KRT8P41	KRT8P41
chr17	41572059	-	KRT9	KRT9
chr17	41041450	-	KRTAP1-1	KRTAP1-1
chr17	41034874	-	KRTAP1-3	KRTAP1-3
chr17	41030125	-	KRTAP1-4	KRTAP1-4
chr17	41027208	-	KRTAP1-5	KRTAP1-5
chr21	44540195	-	KRTAP10-1	KRTAP10-1
chr21	44637355	+	KRTAP10-10	KRTAP10-10
chr21	44646413	+	KRTAP10-11	KRTAP10-11
chr21	44697171	+	KRTAP10-12	KRTAP10-12
chr21	44551505	-	KRTAP10-2	KRTAP10-2
chr21	44558795	-	KRTAP10-3	KRTAP10-3
chr21	44573728	+	KRTAP10-4	KRTAP10-4
chr21	44580604	-	KRTAP10-5	KRTAP10-5
chr21	44592505	-	KRTAP10-6	KRTAP10-6
chr21	44600596	+	KRTAP10-7	KRTAP10-7
chr21	44612078	+	KRTAP10-8	KRTAP10-8
chr21	44627092	+	KRTAP10-9	KRTAP10-9
chr21	30881580	-	KRTAP11-1	KRTAP11-1
chr21	44682163	-	KRTAP12-1	KRTAP12-1
chr21	44666927	-	KRTAP12-2	KRTAP12-2
chr21	44657931	+	KRTAP12-3	KRTAP12-3
chr21	44654659	-	KRTAP12-4	KRTAP12-4
chr21	30396030	+	KRTAP13-1	KRTAP13-1
chr21	30372271	-	KRTAP13-2	KRTAP13-2
chr21	30425926	-	KRTAP13-3	KRTAP13-3
chr21	30430253	+	KRTAP13-4	KRTAP13-4
chr21	30440278	+	KRTAP15-1	KRTAP15-1
chr17	41309253	-	KRTAP16-1	KRTAP16-1
chr17	41315710	-	KRTAP17-1	KRTAP17-1
chr21	30480367	-	KRTAP19-1	KRTAP19-1
chr21	30487436	-	KRTAP19-2	KRTAP19-2
chr21	30492013	-	KRTAP19-3	KRTAP19-3
chr21	30497165	-	KRTAP19-4	KRTAP19-4
chr21	30502141	-	KRTAP19-5	KRTAP19-5
chr21	30541864	-	KRTAP19-6	KRTAP19-6
chr21	30561313	-	KRTAP19-7	KRTAP19-7
chr21	31038476	-	KRTAP19-8	KRTAP19-8
chr17	41047316	-	KRTAP2-1	KRTAP2-1
chr17	41055211	-	KRTAP2-2	KRTAP2-2
chr17	41060114	-	KRTAP2-3	KRTAP2-3
chr17	41065879	-	KRTAP2-4	KRTAP2-4
chr21	30616424	+	KRTAP20-1	KRTAP20-1
chr21	30635205	+	KRTAP20-2	KRTAP20-2
chr21	30642863	+	KRTAP20-3	KRTAP20-3
chr21	30620626	+	KRTAP20-4	KRTAP20-4
chr21	30755428	-	KRTAP21-1	KRTAP21-1
chr21	30747259	-	KRTAP21-2	KRTAP21-2
chr21	30718777	-	KRTAP21-3	KRTAP21-3
chr21	30601086	+	KRTAP22-1	KRTAP22-1
chr21	30590397	-	KRTAP22-2	KRTAP22-2
chr21	30348606	-	KRTAP23-1	KRTAP23-1
chr21	30282950	-	KRTAP24-1	KRTAP24-1
chr21	30289514	-	KRTAP25-1	KRTAP25-1
chr21	30320315	-	KRTAP26-1	KRTAP26-1
chr21	30337694	-	KRTAP27-1	KRTAP27-1
chr17	41302851	-	KRTAP29-1	KRTAP29-1
chr17	41009128	-	KRTAP3-1	KRTAP3-1
chr17	40999906	-	KRTAP3-2	KRTAP3-2
chr17	40994164	-	KRTAP3-3	KRTAP3-3
chr17	41184911	-	KRTAP4-1	KRTAP4-1
chr17	41118373	-	KRTAP4-11	KRTAP4-11
chr17	41124182	-	KRTAP4-12	KRTAP4-12
chr17	41178221	-	KRTAP4-2	KRTAP4-2
chr17	41168221	-	KRTAP4-3	KRTAP4-3
chr17	41160748	-	KRTAP4-4	KRTAP4-4
chr17	41149825	-	KRTAP4-5	KRTAP4-5
chr17	41140487	-	KRTAP4-6	KRTAP4-6
chr17	41084206	+	KRTAP4-7	KRTAP4-7
chr17	41098142	-	KRTAP4-8	KRTAP4-8
chr17	41105388	+	KRTAP4-9	KRTAP4-9
chr11	1585283	-	KRTAP5-1	KRTAP5-1
chr11	71565562	+	KRTAP5-10	KRTAP5-10
chr11	71582875	-	KRTAP5-11	KRTAP5-11
chr11	1598294	-	KRTAP5-2	KRTAP5-2
chr11	1608463	-	KRTAP5-3	KRTAP5-3
chr11	1622138	-	KRTAP5-4	KRTAP5-4
chr11	1629802	+	KRTAP5-5	KRTAP5-5
chr11	1697194	+	KRTAP5-6	KRTAP5-6
chr11	71527266	+	KRTAP5-7	KRTAP5-7
chr11	71538024	+	KRTAP5-8	KRTAP5-8
chr11	71548419	+	KRTAP5-9	KRTAP5-9
chr11	1572740	+	KRTAP5-AS1	KRTAP5-AS1
chr21	30613904	-	KRTAP6-1	KRTAP6-1
chr21	30598874	-	KRTAP6-2	KRTAP6-2
chr21	30592439	+	KRTAP6-3	KRTAP6-3
chr21	30829759	-	KRTAP7-1	KRTAP7-1
chr21	30813274	-	KRTAP8-1	KRTAP8-1
chr17	41189886	+	KRTAP9-1	KRTAP9-1
chr17	41226647	+	KRTAP9-2	KRTAP9-2
chr17	41232448	+	KRTAP9-3	KRTAP9-3
chr17	41249686	+	KRTAP9-4	KRTAP9-4
chr17	41265377	+	KRTAP9-6	KRTAP9-6
chr17	41167743	-	KRTAP9-7	KRTAP9-7
chr17	41237998	+	KRTAP9-8	KRTAP9-8
chr17	41232499	+	KRTAP9-9	KRTAP9-9
chr1	155173304	-	KRTCAP2	KRTCAP2
chr2	27442365	+	KRTCAP3	KRTCAP3
chr19	35490464	-	KRTDAP	KRTDAP
chr17	27456447	+	KSR1	KSR1
chr12	117968990	-	KSR2	KSR2
chr1	52033810	-	KTI12	KTI12
chr14	55580206	+	KTN1	KTN1
chr14	55580092	-	KTN1-AS1	KTN1-AS1
chr6	4610564	+	KU-MEL-3	KU-MEL-3
chr19	18557761	+	KXD1	KXD1
chr3	134651018	-	KY	KY
chr9	128845750	-	KYAT1	KYAT1
chr1	88992629	-	KYAT3	KYAT3
chr2	142877663	+	KYNU	KYNU
chrX	153875944	-	L1CAM	L1CAM
chr1	62194848	+	L1TD1	L1TD1
chr14	50312229	-	L2HGDH	L2HGDH
chr14	59483575	-	L3HYPDH	L3HYPDH
chr20	43507696	+	L3MBTL1	L3MBTL1
chr22	41205311	+	L3MBTL2	L3MBTL2
chr22	41217627	-	L3MBTL2-AS1	L3MBTL2-AS1
chr6	130018580	+	L3MBTL3	L3MBTL3
chr18	6359030	-	L3MBTL4	L3MBTL4
chr18	6256743	+	L3MBTL4-AS1	L3MBTL4-AS1
chr13	43879177	+	LACC1	LACC1
chr12	54634895	-	LACRT	LACRT
chr15	63121860	+	LACTB	LACTB
chr8	70669185	-	LACTB2	LACTB2
chr8	70608576	+	LACTB2-AS1	LACTB2-AS1
chr1	22972866	-	LACTBL1	LACTBL1
chr1	201399324	-	LAD1	LAD1
chr12	6772519	+	LAG3	LAG3
chrX	154479257	-	LAGE3	LAGE3
chr19	54364931	-	LAIR1	LAIR1
chr19	54502830	+	LAIR2	LAIR2
chr12	48570046	-	LALBA	LALBA
chr18	7117797	-	LAMA1	LAMA1
chr6	128883137	+	LAMA2	LAMA2
chr18	23689452	+	LAMA3	LAMA3
chr6	112254567	-	LAMA4	LAMA4
chr6	112236595	+	LAMA4-AS1	LAMA4-AS1
chr20	62367312	-	LAMA5	LAMA5
chr20	62353009	+	LAMA5-AS1	LAMA5-AS1
chr7	108003161	-	LAMB1	LAMB1
chr3	49133050	-	LAMB2	LAMB2
chr3	49154401	-	LAMB2P1	LAMB2P1
chr1	209651334	-	LAMB3	LAMB3
chr7	108130361	-	LAMB4	LAMB4
chr1	183023419	+	LAMC1	LAMC1
chr1	183141270	-	LAMC1-AS1	LAMC1-AS1
chr1	183186263	+	LAMC2	LAMC2
chr9	131009173	+	LAMC3	LAMC3
chr13	113297238	+	LAMP1	LAMP1
chrX	120469296	-	LAMP2	LAMP2
chr3	183162734	-	LAMP3	LAMP3
chr20	9514357	+	LAMP5	LAMP5
chr20	9514998	-	LAMP5-AS1	LAMP5-AS1
chr11	72103297	-	LAMTOR1	LAMTOR1
chr1	156054781	+	LAMTOR2	LAMTOR2
chr4	99894427	-	LAMTOR3	LAMTOR3
chr7	100148917	+	LAMTOR4	LAMTOR4
chr1	110407694	-	LAMTOR5	LAMTOR5
chr1	110407808	+	LAMTOR5-AS1	LAMTOR5-AS1
chr2	210476705	-	LANCL1	LANCL1
chr2	210324711	+	LANCL1-AS1	LANCL1-AS1
chr7	55365336	+	LANCL2	LANCL2
chrX	37571660	+	LANCL3	LANCL3
chr4	17577197	+	LAP3	LAP3
chr2	20051628	-	LAPTM4A	LAPTM4A
chr8	97775787	+	LAPTM4B	LAPTM4B
chr1	30757774	-	LAPTM5	LAPTM5
chr22	33724985	+	LARGE-AS1	LARGE-AS1
chr22	33572262	-	LARGE1	LARGE1
chr11	45921620	+	LARGE2	LARGE2
chr5	154682978	+	LARP1	LARP1
chr4	128061311	+	LARP1B	LARP1B
chr12	50400808	+	LARP4	LARP4
chr10	931705	-	LARP4B	LARP4B
chr15	70853818	-	LARP6	LARP6
chr4	112636963	+	LARP7	LARP7
chr5	146182650	-	LARS1	LARS1
chr3	45388575	+	LARS2	LARS2
chr3	45509545	-	LARS2-AS1	LARS2-AS1
chrX	65534787	-	LAS1L	LAS1L
chr17	38869858	+	LASP1	LASP1
chr10	5596118	-	LASTR	LASTR
chr16	28984802	+	LAT	LAT
chr7	74210005	+	LAT2	LAT2
chr6	149716425	-	LATS1	LATS1
chr13	21061586	-	LATS2	LATS2
chr1	203765182	+	LAX1	LAX1
chr11	111540279	+	LAYN	LAYN
chr2	30231533	+	LBH	LBH
chr11	62671769	-	LBHD1	LBHD1
chr14	103084209	+	LBHD2	LBHD2
chr20	38346481	+	LBP	LBP
chr1	225428038	-	LBR	LBR
chr10	101228960	-	LBX1	LBX1
chr10	101229593	+	LBX1-AS1	LBX1-AS1
chr2	74499603	-	LBX2	LBX2
chr2	74502592	+	LBX2-AS1	LBX2-AS1
chrX	153880671	+	LCA10	LCA10
chr6	79537430	-	LCA5	LCA5
chr21	39445778	-	LCA5L	LCA5L
chr6	79313384	-	LCAL1	LCAL1
chr16	67944120	-	LCAT	LCAT
chr1	152827472	+	LCE1A	LCE1A
chr1	152811970	+	LCE1B	LCE1B
chr1	152806651	-	LCE1C	LCE1C
chr1	152796720	+	LCE1D	LCE1D
chr1	152786256	+	LCE1E	LCE1E
chr1	152776371	+	LCE1F	LCE1F
chr1	152698344	+	LCE2A	LCE2A
chr1	152686122	+	LCE2B	LCE2B
chr1	152675314	+	LCE2C	LCE2C
chr1	152663379	+	LCE2D	LCE2D
chr1	152623103	-	LCE3A	LCE3A
chr1	152613810	+	LCE3B	LCE3B
chr1	152600233	+	LCE3C	LCE3C
chr1	152580516	-	LCE3D	LCE3D
chr1	152566780	-	LCE3E	LCE3E
chr1	152709046	+	LCE4A	LCE4A
chr1	152510802	+	LCE5A	LCE5A
chr1	152842855	+	LCE6A	LCE6A
chr1	32251264	+	LCK	LCK
chr2	30447245	+	LCLAT1	LCLAT1
chr16	25111741	+	LCMT1	LCMT1
chr16	25111555	-	LCMT1-AS1	LCMT1-AS1
chr16	25149032	-	LCMT1-AS2	LCMT1-AS2
chr15	43330573	-	LCMT2	LCMT2
chr9	135521439	+	LCN1	LCN1
chr9	136742940	-	LCN10	LCN10
chr9	136952272	+	LCN12	LCN12
chr9	136764518	-	LCN15	LCN15
chr9	128149452	+	LCN2	LCN2
chr9	136748525	-	LCN6	LCN6
chr9	136758279	-	LCN8	LCN8
chr9	135663321	+	LCN9	LCN9
chr9	136982992	+	LCNL1	LCNL1
chr10	96832297	+	LCOR	LCOR
chr4	18021755	-	LCORL	LCORL
chr13	46182177	-	LCP1	LCP1
chr5	170297777	-	LCP2	LCP2
chr2	135837184	-	LCT	LCT
chr2	135820190	+	LCT-AS1	LCT-AS1
chr15	66565998	-	LCTL	LCTL
chr2	20823101	-	LDAH	LDAH
chr10	102115002	-	LDB1	LDB1
chr4	16898645	-	LDB2	LDB2
chr10	86666787	+	LDB3	LDB3
chr1	31500084	+	LDC1P	LDC1P
chr11	18394388	+	LDHA	LDHA
chr11	18455855	+	LDHAL6A	LDHAL6A
chr15	59206842	+	LDHAL6B	LDHAL6B
chr12	21657794	-	LDHB	LDHB
chr11	18412305	+	LDHC	LDHC
chr16	75116772	-	LDHD	LDHD
chr19	11089462	+	LDLR	LDLR
chr19	11089659	-	LDLR-AS1	LDLR-AS1
chr1	54018186	-	LDLRAD1	LDLRAD1
chr1	21812264	+	LDLRAD2	LDLRAD2
chr11	35943980	+	LDLRAD3	LDLRAD3
chr18	13217681	+	LDLRAD4	LDLRAD4
chr18	13427534	-	LDLRAD4-AS1	LDLRAD4-AS1
chr1	25543605	+	LDLRAP1	LDLRAP1
chrX	141177129	-	LDOC1	LDOC1
chr5	132873667	+	LEAP2	LEAP2
chr5	135954983	-	LECT2	LECT2
chr4	108166797	-	LEF1	LEF1
chr4	108167524	+	LEF1-AS1	LEF1-AS1
chr1	225889146	-	LEFTY1	LEFTY1
chr1	225941220	-	LEFTY2	LEFTY2
chr3	156826306	+	LEKR1	LEKR1
chr1	153203429	+	LELP1	LELP1
chr1	205422056	-	LEMD1	LEMD1
chr1	205373251	+	LEMD1-AS1	LEMD1-AS1
chr1	205456057	+	LEMD1-DT	LEMD1-DT
chr6	33786942	-	LEMD2	LEMD2
chr12	65169582	+	LEMD3	LEMD3
chr1	154993585	+	LENEP	LENEP
chr19	54159721	-	LENG1	LENG1
chr19	54449198	+	LENG8	LENG8
chr19	54449038	-	LENG8-AS1	LENG8-AS1
chr19	54463778	-	LENG9	LENG9
chr15	51971778	-	LEO1	LEO1
chr7	128241277	+	LEP	LEP
chr1	65420651	+	LEPR	LEPR
chr1	65420667	+	LEPROT	LEPROT
chr8	30095407	+	LEPROTL1	LEPROTL1
chr9	62898087	-	LERFS	LERFS
chr4	1856156	-	LETM1	LETM1
chr8	38386440	+	LETM2	LETM2
chr12	51048219	+	LETMD1	LETMD1
chr19	39776452	+	LEUTX	LEUTX
chr1	54806062	+	LEXM	LEXM
chr7	2512528	+	LFNG	LFNG
chr22	37675635	+	LGALS1	LGALS1
chr11	63506083	+	LGALS12	LGALS12
chr19	39602523	+	LGALS13	LGALS13
chr19	39704480	+	LGALS14	LGALS14
chr19	39655912	+	LGALS16	LGALS16
chr19	39679373	+	LGALS17A	LGALS17A
chr22	37580087	-	LGALS2	LGALS2
chr14	55129251	+	LGALS3	LGALS3
chr17	78979923	-	LGALS3BP	LGALS3BP
chr19	38812945	-	LGALS4	LGALS4
chr19	38773517	-	LGALS7	LGALS7
chr19	38789199	+	LGALS7B	LGALS7B
chr1	236518213	+	LGALS8	LGALS8
chr1	236524508	-	LGALS8-AS1	LGALS8-AS1
chr17	27631187	+	LGALS9	LGALS9
chr17	20467535	-	LGALS9B	LGALS9B
chr17	18476788	+	LGALS9C	LGALS9C
chr2	64454161	+	LGALSL	LGALSL
chr10	93757808	+	LGI1	LGI1
chr4	25030946	-	LGI2	LGI2
chr8	22156806	-	LGI3	LGI3
chr19	35135059	-	LGI4	LGI4
chr14	92748627	-	LGMN	LGMN
chr11	27472775	-	LGR4	LGR4
chr11	27471730	+	LGR4-AS1	LGR4-AS1
chr12	71439797	+	LGR5	LGR5
chr1	202193989	+	LGR6	LGR6
chr6	63319977	-	LGSN	LGSN
chr19	49017091	-	LHB	LHB
chr2	48755724	-	LHCGR	LHCGR
chrX	112679938	-	LHFPL1	LHFPL1
chr5	78648772	-	LHFPL2	LHFPL2
chr7	104328655	+	LHFPL3	LHFPL3
chr7	104804092	-	LHFPL3-AS1	LHFPL3-AS1
chr7	104926645	-	LHFPL3-AS2	LHFPL3-AS2
chr3	9553822	-	LHFPL4	LHFPL4
chr6	35805351	+	LHFPL5	LHFPL5
chr13	39603193	-	LHFPL6	LHFPL6
chr10	124461822	+	LHPP	LHPP
chr17	36937474	+	LHX1	LHX1
chr17	36936661	-	LHX1-DT	LHX1-DT
chr9	124011767	+	LHX2	LHX2
chr9	136201674	-	LHX3	LHX3
chr1	180230263	+	LHX4	LHX4
chr1	180274681	-	LHX4-AS1	LHX4-AS1
chr12	113471871	-	LHX5	LHX5
chr12	113472002	+	LHX5-AS1	LHX5-AS1
chr9	122221740	-	LHX6	LHX6
chr1	75128433	+	LHX8	LHX8
chr1	197912504	+	LHX9	LHX9
chr4	39459023	+	LIAS	LIAS
chr22	30246759	-	LIF	LIF
chr22	30239193	+	LIF-AS1	LIF-AS1
chr5	38556646	-	LIFR	LIFR
chr5	38556785	+	LIFR-AS1	LIFR-AS1
chr19	48170344	-	LIG1	LIG1
chr17	34980497	+	LIG3	LIG3
chr13	108214782	-	LIG4	LIG4
chr19	54593575	+	LILRA1	LILRA1
chr19	54572987	+	LILRA2	LILRA2
chr19	54339162	-	LILRA4	LILRA4
chr19	54313166	-	LILRA5	LILRA5
chr19	54242790	-	LILRA6	LILRA6
chr19	54616929	+	LILRB1	LILRB1
chr19	54280544	-	LILRB2	LILRB2
chr19	54223007	-	LILRB3	LILRB3
chr19	54662818	+	LILRB4	LILRB4
chr19	54257273	-	LILRB5	LILRB5
chr19	54707915	+	LILRP2	LILRP2
chr19	51387974	-	LIM2	LIM2
chr12	50201533	-	LIMA1	LIMA1
chr4	41359606	+	LIMCH1	LIMCH1
chr3	45594750	+	LIMD1	LIMD1
chr3	45688882	-	LIMD1-AS1	LIMD1-AS1
chr17	63700125	-	LIMD2	LIMD2
chr20	63735700	+	LIME1	LIME1
chr7	74083803	+	LIMK1	LIMK1
chr22	31212297	+	LIMK2	LIMK2
chr2	108533670	+	LIMS1	LIMS1
chr2	108678601	-	LIMS1-AS1	LIMS1-AS1
chr2	127648253	-	LIMS2	LIMS2
chr2	109898687	+	LIMS3	LIMS3
chr2	109898431	+	LIMS3-LOC440895	LIMS3-LOC440895
chr2	109898431	+	LIMS4	LIMS4
chr1	26410816	+	LIN28A	LIN28A
chr6	104957106	+	LIN28B	LIN28B
chr6	104940527	-	LIN28B-AS1	LIN28B-AS1
chr19	35748575	+	LIN37	LIN37
chr14	74084955	+	LIN52	LIN52
chr4	83010823	-	LIN54	LIN54
chr12	80937707	-	LIN7A	LIN7A
chr19	49114369	+	LIN7B	LIN7B
chr11	27506769	-	LIN7C	LIN7C
chr1	226309164	-	LIN9	LIN9
chr7	130913310	-	LINC-PINT	LINC-PINT
chr18	57072119	-	LINC-ROR	LINC-ROR
chr20	31485777	+	LINC00028	LINC00028
chr20	63037028	-	LINC00029	LINC00029
chr9	27282793	-	LINC00032	LINC00032
chr8	142198355	+	LINC00051	LINC00051
chr15	87576928	+	LINC00052	LINC00052
chr9	96021811	-	LINC00092	LINC00092
chrY	2615347	-	LINC00102	LINC00102
chrX	1397024	+	LINC00106	LINC00106
chr21	41679301	+	LINC00111	LINC00111
chr21	41716435	+	LINC00112	LINC00112
chr21	27722378	+	LINC00113	LINC00113
chr21	38768974	-	LINC00114	LINC00114
chr1	827522	-	LINC00115	LINC00115
chr21	25431701	-	LINC00158	LINC00158
chr21	32086295	-	LINC00159	LINC00159
chr21	34737182	-	LINC00160	LINC00160
chr21	28539317	+	LINC00161	LINC00161
chr21	44994086	-	LINC00163	LINC00163
chr11	130002623	+	LINC00167	LINC00167
chr12	116533421	+	LINC00173	LINC00173
chr7	66400408	-	LINC00174	LINC00174
chr1	234629310	+	LINC00184	LINC00184
chr21	29193493	+	LINC00189	LINC00189
chr10	1159767	+	LINC00200	LINC00200
chr21	45288051	+	LINC00205	LINC00205
chr22	44569339	+	LINC00207	LINC00207
chr8	11576534	+	LINC00208	LINC00208
chr1	217892899	+	LINC00210	LINC00210
chr2	37829711	-	LINC00211	LINC00211
chr14	58288032	+	LINC00216	LINC00216
chr14	106482438	+	LINC00221	LINC00221
chr6	108751653	+	LINC00222	LINC00222
chr14	106287673	+	LINC00226	LINC00226
chr22	44625419	-	LINC00229	LINC00229
chr16	527407	-	LINC00235	LINC00235
chr20	21106358	-	LINC00237	LINC00237
chr14	101730436	+	LINC00239	LINC00239
chr6	26956992	+	LINC00240	LINC00240
chr6	169798825	-	LINC00242	LINC00242
chr6	30830659	-	LINC00243	LINC00243
chr7	156540490	+	LINC00244	LINC00244
chr8	65180340	-	LINC00251	LINC00251
chr16	1884231	-	LINC00254	LINC00254
chr1	203730576	+	LINC00260	LINC00260
chr20	22578642	-	LINC00261	LINC00261
chr7	39733567	+	LINC00265	LINC00265
chr20	64290384	+	LINC00266-1	LINC00266-1
chr6	148159	-	LINC00266-3	LINC00266-3
chrX	69179556	+	LINC00269	LINC00269
chr6	135497800	+	LINC00271	LINC00271
chr1	182407620	+	LINC00272	LINC00272
chr2	14400958	-	LINC00276	LINC00276
chrY	3002995	+	LINC00278	LINC00278
chrY	8638293	+	LINC00279	LINC00279
chrY	6361413	-	LINC00280	LINC00280
chr4	181159149	-	LINC00290	LINC00290
chr8	46840885	+	LINC00293	LINC00293
chr11	33076149	+	LINC00294	LINC00294
chr13	29888405	-	LINC00297	LINC00297
chr2	7976814	-	LINC00298	LINC00298
chr2	8328419	-	LINC00299	LINC00299
chr11	60615750	+	LINC00301	LINC00301
chr1	152655476	+	LINC00302	LINC00302
chr1	204041264	-	LINC00303	LINC00303
chr16	89159219	+	LINC00304	LINC00304
chr18	64149026	-	LINC00305	LINC00305
chr21	30211783	-	LINC00307	LINC00307
chr21	22098616	+	LINC00308	LINC00308
chr2	64205485	-	LINC00309	LINC00309
chr21	34180676	+	LINC00310	LINC00310
chr16	85282957	+	LINC00311	LINC00311
chr3	8571781	+	LINC00312	LINC00312
chr21	6060339	+	LINC00313	LINC00313
chr21	28013362	+	LINC00314	LINC00314
chr21	45341990	-	LINC00316	LINC00316
chr21	21737319	-	LINC00317	LINC00317
chr21	6091665	-	LINC00319	LINC00319
chr21	20803108	-	LINC00320	LINC00320
chr21	43332039	-	LINC00322	LINC00322
chr21	41148064	-	LINC00323	LINC00323
chr17	8224043	-	LINC00324	LINC00324
chr6	133088079	+	LINC00326	LINC00326
chr13	23469511	+	LINC00327	LINC00327
chr13	44809630	-	LINC00330	LINC00330
chr13	78840050	-	LINC00331	LINC00331
chr13	40181808	+	LINC00332	LINC00332
chr13	84140601	+	LINC00333	LINC00333
chr21	45234339	+	LINC00334	LINC00334
chr6	33593338	-	LINC00336	LINC00336
chr1	6236239	+	LINC00337	LINC00337
chr1	22025190	+	LINC00339	LINC00339
chr2	95826981	-	LINC00342	LINC00342
chr13	105706829	+	LINC00343	LINC00343
chr13	74552842	+	LINC00347	LINC00347
chr13	71015140	+	LINC00348	LINC00348
chr13	19587117	+	LINC00350	LINC00350
chr13	85363602	+	LINC00351	LINC00351
chr13	89564413	-	LINC00353	LINC00353
chr13	111893377	+	LINC00354	LINC00354
chr13	64076011	-	LINC00355	LINC00355
chr13	62029548	-	LINC00358	LINC00358
chr13	96984172	-	LINC00359	LINC00359
chr13	93045340	+	LINC00363	LINC00363
chr13	67372386	+	LINC00364	LINC00364
chr13	30108875	-	LINC00365	LINC00365
chr13	38567723	+	LINC00366	LINC00366
chr13	20949428	-	LINC00367	LINC00367
chr13	111095837	+	LINC00368	LINC00368
chr13	88142866	+	LINC00373	LINC00373
chr13	58233117	-	LINC00374	LINC00374
chr13	85148057	-	LINC00375	LINC00375
chr13	63328094	-	LINC00376	LINC00376
chr13	81018390	+	LINC00377	LINC00377
chr13	60672954	+	LINC00378	LINC00378
chr13	91211698	-	LINC00379	LINC00379
chr13	91089617	-	LINC00380	LINC00380
chr13	74419172	+	LINC00381	LINC00381
chr13	79872585	+	LINC00382	LINC00382
chr13	69222345	+	LINC00383	LINC00383
chr13	30153074	-	LINC00384	LINC00384
chr13	44147735	-	LINC00390	LINC00390
chr13	73564243	+	LINC00392	LINC00392
chr13	63738018	-	LINC00395	LINC00395
chr13	110053284	+	LINC00396	LINC00396
chr13	87810520	-	LINC00397	LINC00397
chr13	30803205	+	LINC00398	LINC00398
chr13	109400695	+	LINC00399	LINC00399
chr13	43113164	+	LINC00400	LINC00400
chr13	74231443	+	LINC00402	LINC00402
chr13	44640368	+	LINC00407	LINC00407
chr13	18905438	+	LINC00408	LINC00408
chr13	90926597	-	LINC00410	LINC00410
chr13	100944364	-	LINC00411	LINC00411
chr13	27237257	-	LINC00412	LINC00412
chr13	26059522	-	LINC00415	LINC00415
chr13	18740099	-	LINC00417	LINC00417
chr13	19345048	+	LINC00421	LINC00421
chr13	32911652	-	LINC00423	LINC00423
chr13	21878160	-	LINC00424	LINC00424
chr13	30373914	-	LINC00426	LINC00426
chr13	42872744	-	LINC00428	LINC00428
chr13	86911919	+	LINC00430	LINC00430
chr13	110966026	+	LINC00431	LINC00431
chr13	88540828	+	LINC00433	LINC00433
chr13	60268104	-	LINC00434	LINC00434
chr13	38686675	-	LINC00437	LINC00437
chr13	89235290	+	LINC00440	LINC00440
chr13	19008258	+	LINC00442	LINC00442
chr13	106653879	+	LINC00443	LINC00443
chr13	35697523	+	LINC00445	LINC00445
chr13	78012882	+	LINC00446	LINC00446
chr13	62796692	-	LINC00448	LINC00448
chr13	99501063	-	LINC00449	LINC00449
chr13	113895102	+	LINC00452	LINC00452
chr13	113883486	-	LINC00454	LINC00454
chr13	97179622	-	LINC00456	LINC00456
chr13	34640685	-	LINC00457	LINC00457
chr13	54132871	-	LINC00458	LINC00458
chr13	62323656	+	LINC00459	LINC00459
chr13	106376563	+	LINC00460	LINC00460
chr5	88673339	-	LINC00461	LINC00461
chr13	48580901	-	LINC00462	LINC00462
chr13	25180001	-	LINC00463	LINC00463
chr1	63317257	-	LINC00466	LINC00466
chr1	211382754	+	LINC00467	LINC00467
chr17	73828537	-	LINC00469	LINC00469
chr18	1359629	-	LINC00470	LINC00470
chr2	231514339	-	LINC00471	LINC00471
chr6	71420745	-	LINC00472	LINC00472
chr6	165988039	-	LINC00473	LINC00473
chr9	115925207	-	LINC00474	LINC00474
chr9	92141466	+	LINC00475	LINC00475
chr9	95875977	-	LINC00476	LINC00476
chr12	24584168	-	LINC00477	LINC00477
chr21	41715775	-	LINC00479	LINC00479
chr17	81309248	-	LINC00482	LINC00482
chr9	91119061	+	LINC00484	LINC00484
chr12	102824399	-	LINC00485	LINC00485
chr2	32825432	+	LINC00486	LINC00486
chr2	6770311	-	LINC00487	LINC00487
chr3	109178164	+	LINC00488	LINC00488
chr20	37623119	-	LINC00489	LINC00489
chr5	102671464	-	LINC00491	LINC00491
chr5	102581367	+	LINC00492	LINC00492
chr20	48359910	+	LINC00494	LINC00494
chr4	138309710	+	LINC00499	LINC00499
chr3	177294441	+	LINC00501	LINC00501
chr10	91045807	+	LINC00502	LINC00502
chr4	14888169	-	LINC00504	LINC00504
chr3	87089279	+	LINC00506	LINC00506
chr12	127915409	+	LINC00507	LINC00507
chr12	127983891	-	LINC00508	LINC00508
chr17	72640472	-	LINC00511	LINC00511
chr7	130913463	+	LINC00513	LINC00513
chr16	2989053	+	LINC00514	LINC00514
chr21	25583224	-	LINC00515	LINC00515
chr14	37902124	-	LINC00517	LINC00517
chr6	10434822	-	LINC00518	LINC00518
chr14	51328385	-	LINC00519	LINC00519
chr14	55796674	-	LINC00520	LINC00520
chr14	100657267	+	LINC00523	LINC00523
chr14	101407922	-	LINC00524	LINC00524
chr7	47761475	+	LINC00525	LINC00525
chr18	5238029	-	LINC00526	LINC00526
chr22	17777289	+	LINC00528	LINC00528
chr6	28654475	-	LINC00533	LINC00533
chr8	90221487	+	LINC00534	LINC00534
chr8	93700433	-	LINC00535	LINC00535
chr8	116325059	-	LINC00536	LINC00536
chr9	63812940	+	LINC00537	LINC00537
chr1	213924748	+	LINC00538	LINC00538
chr13	21344786	-	LINC00539	LINC00539
chr13	22210284	+	LINC00540	LINC00540
chr13	27953525	+	LINC00543	LINC00543
chr13	29936530	+	LINC00544	LINC00544
chr13	30882561	+	LINC00545	LINC00545
chr13	37534939	+	LINC00547	LINC00547
chr13	40220502	-	LINC00548	LINC00548
chr13	68885325	-	LINC00550	LINC00550
chr13	106617809	+	LINC00551	LINC00551
chr13	113751089	-	LINC00552	LINC00552
chr13	99997909	-	LINC00554	LINC00554
chr13	94960040	+	LINC00557	LINC00557
chr13	53815418	+	LINC00558	LINC00558
chr13	90119717	-	LINC00559	LINC00559
chr13	88626852	+	LINC00560	LINC00560
chr13	75935132	-	LINC00561	LINC00561
chr13	47932622	-	LINC00562	LINC00562
chr13	46297844	-	LINC00563	LINC00563
chr13	81226983	-	LINC00564	LINC00564
chr13	113928991	-	LINC00565	LINC00565
chr13	24331449	+	LINC00566	LINC00566
chr13	110813084	-	LINC00567	LINC00567
chr2	11393980	+	LINC00570	LINC00570
chr13	38143232	-	LINC00571	LINC00571
chr13	29926651	-	LINC00572	LINC00572
chr6	169790072	+	LINC00574	LINC00574
chr4	82621437	-	LINC00575	LINC00575
chr3	177441920	+	LINC00578	LINC00578
chr6	21511892	-	LINC00581	LINC00581
chr1	231612090	-	LINC00582	LINC00582
chr9	13927970	+	LINC00583	LINC00583
chr9	102519636	+	LINC00587	LINC00587
chr8	57279542	+	LINC00588	LINC00588
chr8	29748109	-	LINC00589	LINC00589
chr12	52210929	+	LINC00592	LINC00592
chr15	69835233	+	LINC00593	LINC00593
chr10	78267341	+	LINC00595	LINC00595
chr15	77225404	-	LINC00597	LINC00597
chr13	40481006	-	LINC00598	LINC00598
chr10	126421879	-	LINC00601	LINC00601
chr6	165987550	+	LINC00602	LINC00602
chr5	40052290	+	LINC00603	LINC00603
chr14	103189028	-	LINC00605	LINC00605
chr3	10764209	-	LINC00606	LINC00606
chr2	215843536	-	LINC00607	LINC00607
chr2	218976283	+	LINC00608	LINC00608
chr14	36070426	+	LINC00609	LINC00609
chr12	9065070	-	LINC00612	LINC00612
chr4	135888093	-	LINC00613	LINC00613
chr12	90918022	+	LINC00615	LINC00615
chr4	138130685	-	LINC00616	LINC00616
chr14	96943578	+	LINC00618	LINC00618
chr10	43845305	+	LINC00619	LINC00619
chr3	13650720	+	LINC00620	LINC00620
chr13	22916369	-	LINC00621	LINC00621
chr1	119599291	-	LINC00622	LINC00622
chr1	120912237	+	LINC00623	LINC00623
chr1	147517875	-	LINC00624	LINC00624
chr1	168786940	+	LINC00626	LINC00626
chr1	204369719	-	LINC00628	LINC00628
chrX	134550023	+	LINC00629	LINC00629
chrX	102769152	+	LINC00630	LINC00630
chrX	140709758	+	LINC00632	LINC00632
chr22	41952186	+	LINC00634	LINC00634
chr3	107878068	-	LINC00635	LINC00635
chr3	107883204	+	LINC00636	LINC00636
chr14	103847720	+	LINC00637	LINC00637
chr14	104821200	+	LINC00638	LINC00638
chr14	38916882	-	LINC00639	LINC00639
chr14	51333392	+	LINC00640	LINC00640
chr14	21205503	-	LINC00641	LINC00641
chr14	90455229	+	LINC00642	LINC00642
chr14	62117356	+	LINC00643	LINC00643
chr14	62139973	-	LINC00644	LINC00644
chr14	27612587	+	LINC00645	LINC00645
chr14	47795014	-	LINC00648	LINC00648
chr21	33931121	+	LINC00649	LINC00649
chr20	18793982	-	LINC00652	LINC00652
chr20	18794048	+	LINC00653	LINC00653
chr20	5504596	-	LINC00654	LINC00654
chr20	23132636	-	LINC00656	LINC00656
chr20	5445748	-	LINC00658	LINC00658
chr20	62776856	-	LINC00659	LINC00659
chr19	16015633	+	LINC00661	LINC00661
chr19	27793940	-	LINC00662	LINC00662
chr19	19776413	-	LINC00663	LINC00663
chr19	21483714	+	LINC00664	LINC00664
chr19	36331718	-	LINC00665	LINC00665
chr18	5238099	+	LINC00667	LINC00667
chr18	6929869	-	LINC00668	LINC00668
chr17	12549967	+	LINC00670	LINC00670
chr17	42898734	-	LINC00671	LINC00671
chr17	38925167	+	LINC00672	LINC00672
chr17	72592804	-	LINC00673	LINC00673
chr17	68101554	+	LINC00674	LINC00674
chr13	109728273	+	LINC00676	LINC00676
chr14	103122909	-	LINC00677	LINC00677
chr11	27634627	-	LINC00678	LINC00678
chr6	57961446	-	LINC00680	LINC00680
chr6	57961446	-	LINC00680-GUSBP4	LINC00680-GUSBP4
chr8	12794239	+	LINC00681	LINC00681
chr4	41882611	-	LINC00682	LINC00682
chr18	76619776	+	LINC00683	LINC00683
chrY	319144	+	LINC00685	LINC00685
chr20	11870715	-	LINC00687	LINC00687
chr7	159008353	+	LINC00689	LINC00689
chr3	16536317	+	LINC00690	LINC00690
chr3	24103247	-	LINC00691	LINC00691
chr3	25873695	-	LINC00692	LINC00692
chr3	28575277	+	LINC00693	LINC00693
chr3	52065112	-	LINC00696	LINC00696
chr3	63102687	+	LINC00698	LINC00698
chr10	2014348	-	LINC00700	LINC00700
chr10	2315074	-	LINC00701	LINC00701
chr10	4243912	-	LINC00702	LINC00702
chr10	4384245	+	LINC00703	LINC00703
chr10	4656155	+	LINC00705	LINC00705
chr10	6779180	-	LINC00706	LINC00706
chr10	6779597	+	LINC00707	LINC00707
chr10	8268305	-	LINC00708	LINC00708
chr10	9275612	+	LINC00709	LINC00709
chr10	10952163	-	LINC00710	LINC00710
chr8	128564679	-	LINC00824	LINC00824
chr10	25651711	+	LINC00836	LINC00836
chr10	28796050	-	LINC00837	LINC00837
chr10	33772680	-	LINC00838	LINC00838
chr10	42475490	+	LINC00839	LINC00839
chr10	43859410	+	LINC00840	LINC00840
chr10	43909295	+	LINC00841	LINC00841
chr10	46398361	+	LINC00842	LINC00842
chr10	58999517	+	LINC00844	LINC00844
chr10	61016274	+	LINC00845	LINC00845
chr5	180830956	+	LINC00847	LINC00847
chrX	149825707	+	LINC00850	LINC00850
chr20	18379048	+	LINC00851	LINC00851
chr3	10284418	+	LINC00852	LINC00852
chr1	47179249	+	LINC00853	LINC00853
chr10	78248624	+	LINC00856	LINC00856
chr10	80207709	+	LINC00857	LINC00857
chr10	84279979	+	LINC00858	LINC00858
chr8	125951197	-	LINC00861	LINC00861
chr1	200373792	-	LINC00862	LINC00862
chr10	87342410	+	LINC00863	LINC00863
chr10	89829492	+	LINC00865	LINC00865
chr10	97849798	-	LINC00866	LINC00866
chr10	118357107	+	LINC00867	LINC00867
chr17	76856165	+	LINC00868	LINC00868
chr1	149607011	+	LINC00869	LINC00869
chr3	72151256	+	LINC00870	LINC00870
chr14	46064158	+	LINC00871	LINC00871
chr3	72100455	-	LINC00877	LINC00877
chr3	94938262	+	LINC00879	LINC00879
chr3	157123002	-	LINC00880	LINC00880
chr3	157089880	+	LINC00881	LINC00881
chr3	107240638	-	LINC00882	LINC00882
chr3	194487139	+	LINC00884	LINC00884
chr3	196142635	+	LINC00885	LINC00885
chr3	156817062	-	LINC00886	LINC00886
chr3	194312804	-	LINC00887	LINC00887
chr3	183447607	+	LINC00888	LINC00888
chrX	71697195	+	LINC00891	LINC00891
chrX	136639542	+	LINC00892	LINC00892
chrX	149539752	-	LINC00893	LINC00893
chrX	149938547	+	LINC00894	LINC00894
chr22	19566839	-	LINC00895	LINC00895
chr22	20206331	+	LINC00896	LINC00896
chr22	47631569	-	LINC00898	LINC00898
chr22	46044868	-	LINC00899	LINC00899
chr11	115760200	-	LINC00900	LINC00900
chr3	116921430	+	LINC00901	LINC00901
chr3	116552472	+	LINC00903	LINC00903
chr19	34898943	-	LINC00904	LINC00904
chr19	16033712	+	LINC00905	LINC00905
chr19	28965130	+	LINC00906	LINC00906
chr18	42186667	+	LINC00907	LINC00907
chr18	76528654	+	LINC00908	LINC00908
chr18	74597835	-	LINC00909	LINC00909
chr17	43388898	-	LINC00910	LINC00910
chr14	85393878	+	LINC00911	LINC00911
chr16	86345679	-	LINC00917	LINC00917
chr16	52085109	-	LINC00919	LINC00919
chr16	66408523	+	LINC00920	LINC00920
chr16	3263767	+	LINC00921	LINC00921
chr16	65576300	-	LINC00922	LINC00922
chr15	97874429	-	LINC00923	LINC00923
chr15	95433092	+	LINC00924	LINC00924
chr15	57300364	+	LINC00926	LINC00926
chr15	80341805	-	LINC00927	LINC00927
chr15	89524034	-	LINC00928	LINC00928
chr15	26115812	+	LINC00929	LINC00929
chr15	92572263	-	LINC00930	LINC00930
chr15	84570648	+	LINC00933	LINC00933
chr12	119303380	-	LINC00934	LINC00934
chr12	8390752	-	LINC00937	LINC00937
chr12	45727921	-	LINC00938	LINC00938
chr12	125983374	-	LINC00939	LINC00939
chr12	1936576	-	LINC00940	LINC00940
chr12	30795680	+	LINC00941	LINC00941
chr12	1500490	+	LINC00942	LINC00942
chr12	126737006	+	LINC00943	LINC00943
chr12	126772262	-	LINC00944	LINC00944
chr21	33057828	+	LINC00945	LINC00945
chr6	40356006	-	LINC00951	LINC00951
chr2	19868853	+	LINC00954	LINC00954
chr4	3576868	+	LINC00955	LINC00955
chr7	44039048	+	LINC00957	LINC00957
chr11	12989548	-	LINC00958	LINC00958
chr3	75672280	+	LINC00960	LINC00960
chr9	129488659	+	LINC00963	LINC00963
chr8	124942007	+	LINC00964	LINC00964
chr8	7263492	-	LINC00965	LINC00965
chr8	66192113	+	LINC00967	LINC00967
chr8	56559823	-	LINC00968	LINC00968
chr1	169087005	-	LINC00970	LINC00970
chr3	84869575	-	LINC00971	LINC00971
chr7	85421121	+	LINC00972	LINC00972
chr17	41554495	-	LINC00974	LINC00974
chr8	128966001	-	LINC00976	LINC00976
chr8	129241240	-	LINC00977	LINC00977
chr12	9240002	+	LINC00987	LINC00987
chr4	79492592	+	LINC00989	LINC00989
chr5	117415511	+	LINC00992	LINC00992
chr10	37309185	+	LINC00993	LINC00993
chr3	64087363	-	LINC00994	LINC00994
chr7	150433653	+	LINC00996	LINC00996
chr7	32758285	+	LINC00997	LINC00997
chr10	38428145	+	LINC00999	LINC00999
chr7	128641240	+	LINC01000	LINC01000
chr11	131853	-	LINC01001	LINC01001
chr19	202209	-	LINC01002	LINC01002
chr7	152464123	+	LINC01003	LINC01003
chr7	104991165	-	LINC01004	LINC01004
chr7	64030102	-	LINC01005	LINC01005
chr7	156603195	-	LINC01006	LINC01006
chr7	101569006	-	LINC01007	LINC01007
chr6	134437715	+	LINC01010	LINC01010
chr6	2987966	+	LINC01011	LINC01011
chr6	27694034	+	LINC01012	LINC01012
chr6	132133977	+	LINC01013	LINC01013
chr3	178419200	+	LINC01014	LINC01014
chr6	29529405	+	LINC01015	LINC01015
chr6	33896907	-	LINC01016	LINC01016
chr5	3504004	-	LINC01017	LINC01017
chr5	6582135	+	LINC01018	LINC01018
chr5	3536094	-	LINC01019	LINC01019
chr5	5034358	+	LINC01020	LINC01020
chr7	158590628	+	LINC01022	LINC01022
chr5	108728261	-	LINC01023	LINC01023
chr17	70051270	+	LINC01028	LINC01028
chr18	77993727	-	LINC01029	LINC01029
chr8	90606063	-	LINC01030	LINC01030
chr1	193304744	+	LINC01031	LINC01031
chr5	54320943	+	LINC01033	LINC01033
chr1	187092841	+	LINC01036	LINC01036
chr1	187443627	+	LINC01037	LINC01037
chr13	79804385	+	LINC01038	LINC01038
chr13	99577111	+	LINC01039	LINC01039
chr13	89500509	-	LINC01040	LINC01040
chr13	112313466	+	LINC01043	LINC01043
chr13	112331225	-	LINC01044	LINC01044
chr13	21234567	+	LINC01046	LINC01046
chr13	89236890	-	LINC01047	LINC01047
chr13	37484784	-	LINC01048	LINC01048
chr13	90493287	+	LINC01049	LINC01049
chr13	42812562	-	LINC01050	LINC01050
chr13	65866046	+	LINC01052	LINC01052
chr13	25181331	+	LINC01053	LINC01053
chr13	114333948	-	LINC01054	LINC01054
chr13	45701184	-	LINC01055	LINC01055
chr20	63038010	+	LINC01056	LINC01056
chr13	30422244	-	LINC01058	LINC01058
chr4	188455577	+	LINC01060	LINC01060
chr4	119410660	-	LINC01061	LINC01061
chr3	196632587	-	LINC01063	LINC01063
chr13	53151900	-	LINC01065	LINC01065
chr13	79566726	+	LINC01068	LINC01068
chr13	77994773	-	LINC01069	LINC01069
chr13	112197332	+	LINC01070	LINC01070
chr13	20102700	+	LINC01072	LINC01072
chr13	62321304	+	LINC01074	LINC01074
chr13	62212281	+	LINC01075	LINC01075
chr13	75240587	+	LINC01078	LINC01078
chr13	80011076	+	LINC01080	LINC01080
chr16	86286247	-	LINC01081	LINC01081
chr16	86196180	+	LINC01082	LINC01082
chr4	14111967	+	LINC01085	LINC01085
chr2	131637024	+	LINC01087	LINC01087
chr4	78971747	+	LINC01088	LINC01088
chr12	121802946	-	LINC01089	LINC01089
chr2	188287691	-	LINC01090	LINC01090
chr4	123649990	+	LINC01091	LINC01091
chr4	184899461	-	LINC01093	LINC01093
chr4	78645993	+	LINC01094	LINC01094
chr4	146121913	-	LINC01095	LINC01095
chr4	13547824	-	LINC01096	LINC01096
chr4	13531417	-	LINC01097	LINC01097
chr4	177728756	+	LINC01098	LINC01098
chr4	177907936	-	LINC01099	LINC01099
chr3	160020648	+	LINC01100	LINC01100
chr2	120466349	-	LINC01101	LINC01101
chr2	104434346	+	LINC01102	LINC01102
chr2	104510509	-	LINC01103	LINC01103
chr2	100208253	+	LINC01104	LINC01104
chr2	110384536	-	LINC01106	LINC01106
chr2	238555499	-	LINC01107	LINC01107
chr6	14285454	-	LINC01108	LINC01108
chr8	76406653	+	LINC01111	LINC01111
chr2	104757719	-	LINC01114	LINC01114
chr2	868426	-	LINC01115	LINC01115
chr2	176637574	-	LINC01116	LINC01116
chr2	176637753	+	LINC01117	LINC01117
chr2	46816667	+	LINC01118	LINC01118
chr2	46827863	+	LINC01119	LINC01119
chr2	131402900	+	LINC01120	LINC01120
chr2	45254941	-	LINC01121	LINC01121
chr2	58520752	+	LINC01122	LINC01122
chr2	109986979	+	LINC01123	LINC01123
chr2	170714567	-	LINC01124	LINC01124
chr2	43227210	+	LINC01126	LINC01126
chr2	101983464	+	LINC01127	LINC01127
chr1	827590	+	LINC01128	LINC01128
chr1	234724041	+	LINC01132	LINC01132
chr1	159961223	+	LINC01133	LINC01133
chr1	3900403	+	LINC01134	LINC01134
chr1	58785150	+	LINC01135	LINC01135
chr1	203305325	-	LINC01136	LINC01136
chr1	37474443	-	LINC01137	LINC01137
chr1	148459920	-	LINC01138	LINC01138
chr1	238486017	-	LINC01139	LINC01139
chr1	87129764	+	LINC01140	LINC01140
chr1	20428794	-	LINC01141	LINC01141
chr1	170284208	-	LINC01142	LINC01142
chr2	70887870	+	LINC01143	LINC01143
chr1	45303909	+	LINC01144	LINC01144
chr1	145216052	-	LINC01145	LINC01145
chr14	88024549	+	LINC01146	LINC01146
chr14	88026312	-	LINC01147	LINC01147
chr14	86905777	+	LINC01148	LINC01148
chr6	31441666	+	LINC01149	LINC01149
chr11	1896758	+	LINC01150	LINC01150
chr8	122694106	-	LINC01151	LINC01151
chr17	72030653	+	LINC01152	LINC01152
chr2	104872595	-	LINC01159	LINC01159
chr1	111608318	-	LINC01160	LINC01160
chr7	20835430	+	LINC01162	LINC01162
chr10	128285949	+	LINC01163	LINC01163
chr10	131790199	-	LINC01164	LINC01164
chr10	132947296	-	LINC01166	LINC01166
chr10	132962237	-	LINC01167	LINC01167
chr10	132965533	+	LINC01168	LINC01168
chr15	66582189	+	LINC01169	LINC01169
chr5	124438520	-	LINC01170	LINC01170
chr2	234682667	+	LINC01173	LINC01173
chr7	30390884	+	LINC01176	LINC01176
chr16	9444985	-	LINC01177	LINC01177
chr4	165684638	+	LINC01179	LINC01179
chr17	44650349	-	LINC01180	LINC01180
chr8	103121031	+	LINC01181	LINC01181
chr4	13655178	+	LINC01182	LINC01182
chr5	128083175	-	LINC01184	LINC01184
chr2	60881314	-	LINC01185	LINC01185
chrX	46327674	-	LINC01186	LINC01186
chr5	170199141	-	LINC01187	LINC01187
chr9	62452489	+	LINC01189	LINC01189
chr2	113969321	+	LINC01191	LINC01191
chr3	163303301	-	LINC01192	LINC01192
chr15	20940437	+	LINC01193	LINC01193
chr5	12574856	+	LINC01194	LINC01194
chr16	9455505	-	LINC01195	LINC01195
chr15	95327100	-	LINC01197	LINC01197
chr13	46466776	-	LINC01198	LINC01198
chrX	131058146	-	LINC01201	LINC01201
chr5	162001196	-	LINC01202	LINC01202
chrX	13335240	+	LINC01203	LINC01203
chrX	45505387	+	LINC01204	LINC01204
chr3	109409989	+	LINC01205	LINC01205
chr3	181952363	+	LINC01206	LINC01206
chr3	176635532	-	LINC01208	LINC01208
chr3	176817001	-	LINC01209	LINC01209
chr3	137771910	+	LINC01210	LINC01210
chr3	150238518	+	LINC01213	LINC01213
chr3	150323747	-	LINC01214	LINC01214
chr3	108125063	+	LINC01215	LINC01215
chr4	100675113	-	LINC01216	LINC01216
chr11	1991095	+	LINC01219	LINC01219
chr14	75294403	+	LINC01220	LINC01220
chr1	199016132	+	LINC01221	LINC01221
chr1	199018964	-	LINC01222	LINC01222
chr19	23416074	-	LINC01224	LINC01224
chr1	31518434	+	LINC01226	LINC01226
chr16	80569610	-	LINC01227	LINC01227
chr16	79770470	+	LINC01229	LINC01229
chr9	1048142	+	LINC01230	LINC01230
chr9	3181588	+	LINC01231	LINC01231
chr13	99499306	-	LINC01232	LINC01232
chr19	22532625	+	LINC01233	LINC01233
chr12	113773683	-	LINC01234	LINC01234
chr9	13431329	-	LINC01235	LINC01235
chr2	241881362	+	LINC01237	LINC01237
chr2	241970682	+	LINC01238	LINC01238
chr9	22646199	+	LINC01239	LINC01239
chr9	25780055	+	LINC01241	LINC01241
chr9	30408454	-	LINC01242	LINC01242
chr9	31381490	-	LINC01243	LINC01243
chr2	6633787	-	LINC01246	LINC01246
chr2	6375422	-	LINC01247	LINC01247
chr2	5691118	-	LINC01248	LINC01248
chr2	4656222	-	LINC01249	LINC01249
chr2	3126026	-	LINC01250	LINC01250
chr9	33738416	-	LINC01251	LINC01251
chr12	11548029	+	LINC01252	LINC01252
chr18	10414370	-	LINC01254	LINC01254
chr18	11488569	+	LINC01255	LINC01255
chr4	132591088	+	LINC01256	LINC01256
chr12	131165010	+	LINC01257	LINC01257
chr4	38523180	-	LINC01258	LINC01258
chr4	38509766	+	LINC01259	LINC01259
chr20	44671739	-	LINC01260	LINC01260
chr4	189659605	+	LINC01262	LINC01262
chr10	42981507	-	LINC01264	LINC01264
chr5	38720273	-	LINC01265	LINC01265
chr3	592104	+	LINC01266	LINC01266
chr3	14352568	-	LINC01267	LINC01267
chr14	70698697	+	LINC01269	LINC01269
chr20	50292719	+	LINC01270	LINC01270
chr20	50321342	-	LINC01271	LINC01271
chr20	50172569	+	LINC01273	LINC01273
chr6	41502443	+	LINC01276	LINC01276
chr6	143037582	-	LINC01277	LINC01277
chrX	63561095	-	LINC01278	LINC01278
chr2	216606938	-	LINC01280	LINC01280
chrX	39327362	-	LINC01281	LINC01281
chrX	39391774	-	LINC01282	LINC01282
chrX	51171421	-	LINC01284	LINC01284
chrX	118839555	+	LINC01285	LINC01285
chr7	153412234	-	LINC01287	LINC01287
chr8	34783920	+	LINC01288	LINC01288
chr8	63769429	+	LINC01289	LINC01289
chr16	10528198	-	LINC01290	LINC01290
chr2	74909130	+	LINC01291	LINC01291
chr14	19384288	-	LINC01297	LINC01297
chr14	19384288	-	LINC01297-DUXAP10-NBEAP6	LINC01297-DUXAP10-NBEAP6
chr8	95216374	-	LINC01298	LINC01298
chr8	65562666	-	LINC01299	LINC01299
chr8	141340548	+	LINC01300	LINC01300
chr8	60413818	-	LINC01301	LINC01301
chr14	61570194	-	LINC01303	LINC01303
chr2	3974032	-	LINC01304	LINC01304
chr2	174326026	+	LINC01305	LINC01305
chr1	101323836	+	LINC01307	LINC01307
chr13	103425199	+	LINC01309	LINC01309
chr22	48866769	+	LINC01310	LINC01310
chr22	19171705	+	LINC01311	LINC01311
chr6	133821146	+	LINC01312	LINC01312
chr22	42369208	-	LINC01315	LINC01315
chr2	33706885	+	LINC01317	LINC01317
chr2	34067225	+	LINC01318	LINC01318
chr2	34677556	+	LINC01320	LINC01320
chr3	165206959	+	LINC01322	LINC01322
chr3	164831480	-	LINC01324	LINC01324
chr3	167392795	+	LINC01327	LINC01327
chr5	74536976	-	LINC01331	LINC01331
chr5	74322485	+	LINC01333	LINC01333
chr5	74308325	-	LINC01335	LINC01335
chr5	80622524	-	LINC01337	LINC01337
chr5	82859836	-	LINC01338	LINC01338
chr5	90290071	-	LINC01339	LINC01339
chr5	97504695	+	LINC01340	LINC01340
chr1	246789616	+	LINC01341	LINC01341
chr1	1137016	+	LINC01342	LINC01342
chr1	38214767	-	LINC01343	LINC01343
chr1	182314061	-	LINC01344	LINC01344
chr1	3948980	-	LINC01345	LINC01345
chr1	3940611	+	LINC01346	LINC01346
chr1	243101744	-	LINC01347	LINC01347
chr1	235069818	-	LINC01348	LINC01348
chr1	100647004	-	LINC01349	LINC01349
chr1	185628488	-	LINC01350	LINC01350
chr1	190478259	+	LINC01351	LINC01351
chr1	220829254	+	LINC01352	LINC01352
chr1	203287151	+	LINC01353	LINC01353
chr1	234531779	-	LINC01354	LINC01354
chr1	23285518	-	LINC01355	LINC01355
chr1	112850643	-	LINC01356	LINC01356
chr1	59020475	+	LINC01358	LINC01358
chr1	65002476	-	LINC01359	LINC01359
chr1	73306169	+	LINC01360	LINC01360
chr1	82984922	-	LINC01361	LINC01361
chr1	82903182	+	LINC01362	LINC01362
chr1	167195805	-	LINC01363	LINC01363
chr1	87371655	-	LINC01364	LINC01364
chr4	119804515	-	LINC01365	LINC01365
chr5	170331392	+	LINC01366	LINC01366
chr20	40004460	+	LINC01370	LINC01370
chr7	67335975	+	LINC01372	LINC01372
chr10	89853905	+	LINC01374	LINC01374
chr10	89957373	-	LINC01375	LINC01375
chr2	19026971	-	LINC01376	LINC01376
chr5	3177834	+	LINC01377	LINC01377
chr4	117428397	+	LINC01378	LINC01378
chr2	25204312	+	LINC01381	LINC01381
chr5	73472966	-	LINC01386	LINC01386
chr18	6511415	+	LINC01387	LINC01387
chr1	47437317	-	LINC01389	LINC01389
chr3	138944020	-	LINC01391	LINC01391
chr7	115231355	-	LINC01392	LINC01392
chr7	115078957	+	LINC01393	LINC01393
chr11	129617269	-	LINC01395	LINC01395
chr4	4844436	+	LINC01396	LINC01396
chr1	110082687	+	LINC01397	LINC01397
chr1	46449704	-	LINC01398	LINC01398
chr22	35231056	-	LINC01399	LINC01399
chrX	120119700	-	LINC01402	LINC01402
chr12	110936601	+	LINC01405	LINC01405
chr9	62801464	+	LINC01410	LINC01410
chr5	174336353	+	LINC01411	LINC01411
chr2	144521867	+	LINC01412	LINC01412
chr15	57319137	+	LINC01413	LINC01413
chr8	64368558	-	LINC01414	LINC01414
chr18	55780421	-	LINC01415	LINC01415
chr18	55920199	-	LINC01416	LINC01416
chr8	83403757	+	LINC01419	LINC01419
chr22	26903291	+	LINC01422	LINC01422
chr21	38346076	-	LINC01423	LINC01423
chr21	44802240	+	LINC01424	LINC01424
chr21	21746984	+	LINC01425	LINC01425
chr21	34745824	+	LINC01426	LINC01426
chr20	22282801	-	LINC01427	LINC01427
chr20	7254202	-	LINC01428	LINC01428
chr20	51862913	-	LINC01429	LINC01429
chr20	44450557	-	LINC01430	LINC01430
chr20	23358127	-	LINC01431	LINC01431
chr20	22054089	+	LINC01432	LINC01432
chr20	4193089	+	LINC01433	LINC01433
chr10	108069293	-	LINC01435	LINC01435
chr21	36005319	+	LINC01436	LINC01436
chr20	55423042	+	LINC01440	LINC01440
chr20	55427197	-	LINC01441	LINC01441
chr18	14946266	+	LINC01443	LINC01443
chr18	14970468	-	LINC01444	LINC01444
chr7	54330696	+	LINC01445	LINC01445
chr7	53811931	-	LINC01446	LINC01446
chr7	47621938	+	LINC01447	LINC01447
chr7	42706447	-	LINC01448	LINC01448
chr7	41101603	+	LINC01449	LINC01449
chr7	40979939	-	LINC01450	LINC01450
chr9	136617181	-	LINC01451	LINC01451
chr5	79936578	+	LINC01455	LINC01455
chrX	18104644	-	LINC01456	LINC01456
chr2	27715732	-	LINC01460	LINC01460
chr1	84621031	-	LINC01461	LINC01461
chr12	62603434	-	LINC01465	LINC01465
chr14	81623061	-	LINC01467	LINC01467
chr5	152972349	-	LINC01470	LINC01470
chr3	127537780	-	LINC01471	LINC01471
chr2	186086317	-	LINC01473	LINC01473
chr9	72874109	-	LINC01474	LINC01474
chr10	99531177	-	LINC01475	LINC01475
chr17	59526857	-	LINC01476	LINC01476
chr18	40066285	+	LINC01477	LINC01477
chr18	44531697	-	LINC01478	LINC01478
chr12	67929234	+	LINC01479	LINC01479
chr19	41535497	+	LINC01480	LINC01480
chr17	68628153	+	LINC01482	LINC01482
chr17	69593986	+	LINC01483	LINC01483
chr5	173746209	-	LINC01484	LINC01484
chr5	173790942	-	LINC01485	LINC01485
chr12	109359488	-	LINC01486	LINC01486
chr3	155240944	+	LINC01487	LINC01487
chr11	69485560	+	LINC01488	LINC01488
chr12	15001832	+	LINC01489	LINC01489
chr12	80763153	+	LINC01490	LINC01490
chr15	47846236	-	LINC01491	LINC01491
chr9	103325033	-	LINC01492	LINC01492
chr11	38648857	+	LINC01493	LINC01493
chr2	218930637	-	LINC01494	LINC01494
chr11	22492019	-	LINC01495	LINC01495
chrX	51507441	-	LINC01496	LINC01496
chr17	69961706	+	LINC01497	LINC01497
chr12	108473689	-	LINC01498	LINC01498
chr11	41714567	+	LINC01499	LINC01499
chr14	58828287	+	LINC01500	LINC01500
chr9	90582746	-	LINC01501	LINC01501
chr9	135574924	+	LINC01502	LINC01502
chr9	129336922	+	LINC01503	LINC01503
chr9	72305435	+	LINC01504	LINC01504
chr9	106616057	+	LINC01505	LINC01505
chr9	68546602	-	LINC01506	LINC01506
chr9	79824529	+	LINC01507	LINC01507
chr9	90433489	-	LINC01508	LINC01508
chr9	107466585	-	LINC01509	LINC01509
chr5	1380073	-	LINC01511	LINC01511
chr6	43891027	+	LINC01512	LINC01512
chr10	101176321	+	LINC01514	LINC01514
chr10	65571424	+	LINC01515	LINC01515
chr10	25113057	+	LINC01516	LINC01516
chr10	28743649	+	LINC01517	LINC01517
chr10	42691759	-	LINC01518	LINC01518
chr10	85198905	-	LINC01519	LINC01519
chr10	85449591	+	LINC01520	LINC01520
chr22	31346758	+	LINC01521	LINC01521
chr20	47990117	-	LINC01522	LINC01522
chr20	47983225	+	LINC01523	LINC01523
chr20	52620837	+	LINC01524	LINC01524
chr1	117295465	+	LINC01525	LINC01525
chr6	81814192	-	LINC01526	LINC01526
chr19	35797909	-	LINC01529	LINC01529
chr19	51594380	-	LINC01530	LINC01530
chr19	35405606	+	LINC01531	LINC01531
chr19	29002554	+	LINC01532	LINC01532
chr19	32025861	+	LINC01533	LINC01533
chr19	36687449	-	LINC01534	LINC01534
chr19	37251884	+	LINC01535	LINC01535
chr11	72570655	+	LINC01537	LINC01537
chr18	64260055	-	LINC01538	LINC01538
chr18	56137536	-	LINC01539	LINC01539
chr18	71578956	-	LINC01541	LINC01541
chr18	26422994	+	LINC01543	LINC01543
chr18	61748175	+	LINC01544	LINC01544
chrX	46899704	-	LINC01545	LINC01545
chrX	3271819	+	LINC01546	LINC01546
chr21	44939913	-	LINC01547	LINC01547
chr21	33170236	-	LINC01548	LINC01548
chr21	17438889	+	LINC01549	LINC01549
chr14	97978124	-	LINC01550	LINC01550
chr14	28772703	+	LINC01551	LINC01551
chr10	59960913	-	LINC01553	LINC01553
chr5	95852231	+	LINC01554	LINC01554
chr1	84635020	-	LINC01555	LINC01555
chr6	28943783	+	LINC01556	LINC01556
chr6	167796859	-	LINC01558	LINC01558
chr12	13376745	-	LINC01559	LINC01559
chrX	47482715	+	LINC01560	LINC01560
chr10	120597948	+	LINC01561	LINC01561
chr1	51235096	-	LINC01562	LINC01562
chr17	21075555	+	LINC01563	LINC01563
chr6	53628379	+	LINC01564	LINC01564
chr3	128576086	-	LINC01565	LINC01565
chr16	35363415	+	LINC01566	LINC01566
chr16	24671062	-	LINC01567	LINC01567
chr16	73386804	+	LINC01568	LINC01568
chr16	4253789	-	LINC01569	LINC01569
chr16	5616250	-	LINC01570	LINC01570
chr16	51762518	+	LINC01571	LINC01571
chr16	72664970	-	LINC01572	LINC01572
chr5	176743204	+	LINC01574	LINC01574
chr15	93900599	-	LINC01579	LINC01579
chr15	93900700	+	LINC01580	LINC01580
chr15	94107938	-	LINC01581	LINC01581
chr15	98088753	-	LINC01582	LINC01582
chr15	82088593	+	LINC01583	LINC01583
chr15	86116717	-	LINC01584	LINC01584
chr15	90660233	+	LINC01585	LINC01585
chr15	88604603	-	LINC01586	LINC01586
chr4	5524568	+	LINC01587	LINC01587
chr14	49993134	-	LINC01588	LINC01588
chr22	45605647	-	LINC01589	LINC01589
chr6	87397123	+	LINC01590	LINC01590
chr8	135234130	+	LINC01591	LINC01591
chr8	69104190	-	LINC01592	LINC01592
chr2	108052755	-	LINC01593	LINC01593
chr2	108217841	-	LINC01594	LINC01594
chr4	189881514	+	LINC01596	LINC01596
chr20	30286537	-	LINC01597	LINC01597
chr14	50105043	-	LINC01599	LINC01599
chr6	2634603	-	LINC01600	LINC01600
chr18	44531778	+	LINC01601	LINC01601
chr8	57978357	+	LINC01602	LINC01602
chr8	69448244	-	LINC01603	LINC01603
chr8	37493913	-	LINC01605	LINC01605
chr8	57218275	+	LINC01606	LINC01606
chr8	79768141	+	LINC01607	LINC01607
chr8	111027433	-	LINC01608	LINC01608
chr8	111236203	-	LINC01609	LINC01609
chr6	84474929	-	LINC01611	LINC01611
chr4	170226590	+	LINC01612	LINC01612
chr9	119935059	+	LINC01613	LINC01613
chr2	215718042	+	LINC01614	LINC01614
chr6	169162301	-	LINC01615	LINC01615
chr11	29982393	-	LINC01616	LINC01616
chr8	73878981	+	LINC01617	LINC01617
chr4	52789993	+	LINC01618	LINC01618
chr12	92141713	-	LINC01619	LINC01619
chr20	44465344	-	LINC01620	LINC01620
chr6	79812246	-	LINC01621	LINC01621
chr6	1101332	-	LINC01622	LINC01622
chr6	28863677	-	LINC01623	LINC01623
chr6	170272473	+	LINC01624	LINC01624
chr6	139474596	-	LINC01625	LINC01625
chr6	71421026	+	LINC01626	LINC01626
chr2	66922490	-	LINC01628	LINC01628
chr14	76959637	+	LINC01629	LINC01629
chr18	51392041	+	LINC01630	LINC01630
chr1	185001526	+	LINC01633	LINC01633
chr22	18029384	+	LINC01634	LINC01634
chr1	22026048	-	LINC01635	LINC01635
chr22	20957091	+	LINC01637	LINC01637
chr22	27224679	-	LINC01638	LINC01638
chr22	43400330	+	LINC01639	LINC01639
chr22	33108528	+	LINC01640	LINC01640
chr22	47487111	-	LINC01644	LINC01644
chr1	177351585	+	LINC01645	LINC01645
chr1	4571486	+	LINC01646	LINC01646
chr1	11609530	+	LINC01647	LINC01647
chr1	30037612	-	LINC01648	LINC01648
chr1	115919375	+	LINC01649	LINC01649
chr1	95352107	-	LINC01650	LINC01650
chr1	218043504	+	LINC01653	LINC01653
chr1	18065656	+	LINC01654	LINC01654
chr1	221840666	-	LINC01655	LINC01655
chr22	44443326	+	LINC01656	LINC01656
chr1	175877342	+	LINC01657	LINC01657
chr22	23433563	+	LINC01659	LINC01659
chr1	106818238	+	LINC01661	LINC01661
chr22	17121594	+	LINC01664	LINC01664
chr22	16748438	-	LINC01665	LINC01665
chr21	9821061	-	LINC01667	LINC01667
chr21	42779994	-	LINC01668	LINC01668
chr21	6059028	+	LINC01669	LINC01669
chr21	42615095	-	LINC01671	LINC01671
chr1	6724744	+	LINC01672	LINC01672
chr21	13546032	+	LINC01674	LINC01674
chr1	166490039	-	LINC01675	LINC01675
chr1	105618935	-	LINC01676	LINC01676
chr1	106028253	-	LINC01677	LINC01677
chr21	5102059	+	LINC01678	LINC01678
chr21	43362349	-	LINC01679	LINC01679
chr1	191228498	-	LINC01680	LINC01680
chr1	170174378	+	LINC01681	LINC01681
chr1	229885818	-	LINC01682	LINC01682
chr21	19899755	-	LINC01683	LINC01683
chr21	24428739	+	LINC01684	LINC01684
chr1	38475195	+	LINC01685	LINC01685
chr1	182615139	+	LINC01686	LINC01686
chr21	22098459	-	LINC01687	LINC01687
chr1	182712861	+	LINC01688	LINC01688
chr21	24321377	-	LINC01689	LINC01689
chr21	32958887	+	LINC01690	LINC01690
chr21	24840549	+	LINC01692	LINC01692
chr1	211639807	+	LINC01693	LINC01693
chr21	45593653	+	LINC01694	LINC01694
chr21	28228667	-	LINC01695	LINC01695
chr1	209325455	+	LINC01696	LINC01696
chr21	28048413	+	LINC01697	LINC01697
chr1	209372054	+	LINC01698	LINC01698
chr1	181236387	+	LINC01699	LINC01699
chr21	38977774	-	LINC01700	LINC01700
chr1	226083574	+	LINC01703	LINC01703
chr1	158140640	-	LINC01704	LINC01704
chr20	7347432	+	LINC01706	LINC01706
chr1	69055897	+	LINC01707	LINC01707
chr1	99487804	-	LINC01708	LINC01708
chr1	218918511	-	LINC01710	LINC01710
chr20	58634771	+	LINC01711	LINC01711
chr1	83446053	+	LINC01712	LINC01712
chr20	6736136	-	LINC01713	LINC01713
chr1	8208671	+	LINC01714	LINC01714
chr1	28643255	+	LINC01715	LINC01715
chr20	56577562	+	LINC01716	LINC01716
chr1	208728687	+	LINC01717	LINC01717
chr20	61079063	+	LINC01718	LINC01718
chr1	146052595	+	LINC01719	LINC01719
chr1	190624889	+	LINC01720	LINC01720
chr20	24199766	+	LINC01721	LINC01721
chr20	12952519	-	LINC01722	LINC01722
chr20	12950339	+	LINC01723	LINC01723
chr1	196088715	-	LINC01724	LINC01724
chr1	83860996	-	LINC01725	LINC01725
chr20	21703585	-	LINC01726	LINC01726
chr20	21570023	+	LINC01727	LINC01727
chr20	43894717	+	LINC01728	LINC01728
chr20	5510002	-	LINC01729	LINC01729
chr20	3808493	+	LINC01730	LINC01730
chr1	181174483	+	LINC01732	LINC01732
chr20	25955811	+	LINC01733	LINC01733
chr20	39224748	-	LINC01734	LINC01734
chr1	230002716	+	LINC01736	LINC01736
chr1	230595583	-	LINC01737	LINC01737
chr1	63010925	-	LINC01739	LINC01739
chr1	212545693	+	LINC01740	LINC01740
chr1	177700523	+	LINC01741	LINC01741
chr20	58003903	+	LINC01742	LINC01742
chr1	246524287	-	LINC01743	LINC01743
chr1	232742715	-	LINC01744	LINC01744
chr1	232718070	+	LINC01745	LINC01745
chr20	22685344	-	LINC01747	LINC01747
chr1	60622685	-	LINC01748	LINC01748
chr20	63009382	+	LINC01749	LINC01749
chr1	111990535	+	LINC01750	LINC01750
chr20	7307432	-	LINC01751	LINC01751
chr20	10753089	+	LINC01752	LINC01752
chr1	55944963	-	LINC01753	LINC01753
chr20	47411394	-	LINC01754	LINC01754
chr1	55945086	+	LINC01755	LINC01755
chr1	29350114	-	LINC01756	LINC01756
chr1	20243094	+	LINC01757	LINC01757
chr1	69433254	+	LINC01758	LINC01758
chr1	95318263	-	LINC01760	LINC01760
chr1	95474736	+	LINC01761	LINC01761
chr1	116478826	-	LINC01762	LINC01762
chr1	90851758	+	LINC01763	LINC01763
chr19	35597894	+	LINC01766	LINC01766
chr1	56414962	+	LINC01767	LINC01767
chr1	1434573	-	LINC01770	LINC01770
chr1	53328232	+	LINC01771	LINC01771
chr1	16460947	+	LINC01772	LINC01772
chr1	208972453	+	LINC01774	LINC01774
chr19	2462185	-	LINC01775	LINC01775
chr1	98210710	+	LINC01776	LINC01776
chr1	4412050	+	LINC01777	LINC01777
chr1	30824651	+	LINC01778	LINC01778
chr1	119328251	+	LINC01780	LINC01780
chr1	80535754	+	LINC01781	LINC01781
chr19	32105916	-	LINC01782	LINC01782
chr1	16535652	-	LINC01783	LINC01783
chr1	12823223	-	LINC01784	LINC01784
chr19	22623971	-	LINC01785	LINC01785
chr1	96374125	-	LINC01787	LINC01787
chr1	70706452	+	LINC01788	LINC01788
chr2	194730594	+	LINC01790	LINC01790
chr19	31167509	+	LINC01791	LINC01791
chr2	200735177	-	LINC01792	LINC01792
chr2	59217707	+	LINC01793	LINC01793
chr2	58275876	+	LINC01795	LINC01795
chr2	102895722	-	LINC01796	LINC01796
chr2	66703227	-	LINC01797	LINC01797
chr2	66574029	+	LINC01798	LINC01798
chr2	66904435	+	LINC01799	LINC01799
chr2	64863631	-	LINC01800	LINC01800
chr19	34832869	-	LINC01801	LINC01801
chr2	207260444	+	LINC01802	LINC01802
chr2	219904889	-	LINC01803	LINC01803
chr2	15690781	+	LINC01804	LINC01804
chr2	64486352	+	LINC01805	LINC01805
chr2	161244738	+	LINC01806	LINC01806
chr2	228611395	-	LINC01807	LINC01807
chr2	83522813	+	LINC01809	LINC01809
chr2	5812596	-	LINC01810	LINC01810
chr2	67825562	-	LINC01812	LINC01812
chr2	56090382	-	LINC01813	LINC01813
chr2	8583792	-	LINC01814	LINC01814
chr2	81466946	-	LINC01815	LINC01815
chr2	70125316	-	LINC01816	LINC01816
chr2	150257007	-	LINC01817	LINC01817
chr2	43039543	-	LINC01819	LINC01819
chr2	46394167	-	LINC01820	LINC01820
chr2	194344268	+	LINC01821	LINC01821
chr2	21710652	-	LINC01822	LINC01822
chr2	123073481	-	LINC01826	LINC01826
chr2	67086445	+	LINC01828	LINC01828
chr2	67215319	-	LINC01829	LINC01829
chr2	104414031	-	LINC01831	LINC01831
chr2	138101883	+	LINC01832	LINC01832
chr2	44938888	-	LINC01833	LINC01833
chr19	34905314	+	LINC01838	LINC01838
chr3	184556918	-	LINC01840	LINC01840
chr19	14363990	-	LINC01841	LINC01841
chr19	14333742	+	LINC01842	LINC01842
chr5	134506551	+	LINC01843	LINC01843
chr5	142745599	+	LINC01844	LINC01844
chr5	159466276	-	LINC01845	LINC01845
chr5	98161239	-	LINC01846	LINC01846
chr5	159871384	-	LINC01847	LINC01847
chr5	109883181	+	LINC01848	LINC01848
chr2	100603738	+	LINC01849	LINC01849
chr2	77915933	+	LINC01851	LINC01851
chr15	38072990	-	LINC01852	LINC01852
chr2	129273891	-	LINC01854	LINC01854
chr19	16065686	+	LINC01855	LINC01855
chr2	129923176	+	LINC01856	LINC01856
chr2	207662383	+	LINC01857	LINC01857
chr19	23061265	-	LINC01858	LINC01858
chr19	23023697	-	LINC01859	LINC01859
chr5	153898987	-	LINC01861	LINC01861
chr19	56066683	+	LINC01864	LINC01864
chr2	316283	+	LINC01865	LINC01865
chr2	52370647	+	LINC01867	LINC01867
chr19	50817680	+	LINC01869	LINC01869
chr19	51271265	+	LINC01872	LINC01872
chr2	66383305	+	LINC01873	LINC01873
chr2	492655	-	LINC01874	LINC01874
chr2	545804	+	LINC01875	LINC01875
chr2	156254931	-	LINC01876	LINC01876
chr2	199608067	+	LINC01877	LINC01877
chr2	212795330	+	LINC01878	LINC01878
chr18	76690028	+	LINC01879	LINC01879
chr2	242084138	-	LINC01880	LINC01880
chr2	242088632	+	LINC01881	LINC01881
chr18	12749422	-	LINC01882	LINC01882
chr2	38431293	+	LINC01883	LINC01883
chr2	22536478	+	LINC01884	LINC01884
chr2	107529418	+	LINC01886	LINC01886
chr18	10626420	-	LINC01887	LINC01887
chr2	234454595	-	LINC01891	LINC01891
chr18	5081181	+	LINC01892	LINC01892
chr18	76209509	+	LINC01893	LINC01893
chr18	24987979	-	LINC01894	LINC01894
chr18	3350559	-	LINC01895	LINC01895
chr18	75712403	-	LINC01898	LINC01898
chr18	71782226	-	LINC01899	LINC01899
chr18	39841708	+	LINC01902	LINC01902
chr18	67814822	-	LINC01903	LINC01903
chr18	927993	-	LINC01904	LINC01904
chr18	56042277	+	LINC01905	LINC01905
chr2	230700529	-	LINC01907	LINC01907
chr18	70335438	+	LINC01909	LINC01909
chr18	70384591	-	LINC01910	LINC01910
chr2	41877554	+	LINC01913	LINC01913
chr2	41933723	-	LINC01914	LINC01914
chr18	24628181	+	LINC01915	LINC01915
chr18	53581059	-	LINC01917	LINC01917
chr2	105144112	+	LINC01918	LINC01918
chr18	53568446	+	LINC01919	LINC01919
chr2	150572221	-	LINC01920	LINC01920
chr2	216870771	+	LINC01921	LINC01921
chr18	74409447	+	LINC01922	LINC01922
chr2	198375097	-	LINC01923	LINC01923
chr18	64104090	+	LINC01924	LINC01924
chr18	515294	-	LINC01925	LINC01925
chr18	58813879	+	LINC01926	LINC01926
chr18	76639011	-	LINC01927	LINC01927
chr18	11454477	+	LINC01928	LINC01928
chr18	55124306	-	LINC01929	LINC01929
chr1	97941740	-	LINC01930	LINC01930
chr2	149859191	-	LINC01931	LINC01931
chr5	159227714	+	LINC01932	LINC01932
chr5	151958897	+	LINC01933	LINC01933
chr2	181123836	+	LINC01934	LINC01934
chr2	102984429	-	LINC01935	LINC01935
chr2	30346645	+	LINC01936	LINC01936
chr2	905451	-	LINC01939	LINC01939
chr2	238926269	-	LINC01940	LINC01940
chr2	126117985	-	LINC01941	LINC01941
chr5	173689458	+	LINC01942	LINC01942
chr5	172559014	-	LINC01944	LINC01944
chr2	132037900	-	LINC01945	LINC01945
chr2	31803980	-	LINC01946	LINC01946
chr5	166926370	-	LINC01947	LINC01947
chr5	56481769	-	LINC01948	LINC01948
chr5	87239201	-	LINC01949	LINC01949
chr5	107011014	-	LINC01950	LINC01950
chr5	174995731	-	LINC01951	LINC01951
chr2	213167710	-	LINC01953	LINC01953
chr2	10878266	+	LINC01954	LINC01954
chr5	114576040	+	LINC01957	LINC01957
chr2	174025279	+	LINC01960	LINC01960
chr5	181191908	-	LINC01962	LINC01962
chr2	216216888	+	LINC01963	LINC01963
chr2	85067347	-	LINC01964	LINC01964
chr3	194708420	+	LINC01968	LINC01968
chr17	50214693	+	LINC01969	LINC01969
chr17	82292814	-	LINC01970	LINC01970
chr3	194768709	-	LINC01972	LINC01972
chr17	77884087	-	LINC01973	LINC01973
chr17	3977102	+	LINC01975	LINC01975
chr17	43938260	+	LINC01976	LINC01976
chr17	79823451	+	LINC01977	LINC01977
chr17	79919356	+	LINC01978	LINC01978
chr17	79926725	-	LINC01979	LINC01979
chr3	27797587	+	LINC01980	LINC01980
chr3	27834136	-	LINC01981	LINC01981
chr17	52390521	+	LINC01982	LINC01982
chr3	195854228	-	LINC01983	LINC01983
chr3	30518867	+	LINC01985	LINC01985
chr3	11750	+	LINC01986	LINC01986
chr17	77728559	-	LINC01987	LINC01987
chr3	44427921	+	LINC01988	LINC01988
chr17	34183632	-	LINC01989	LINC01989
chr3	107430929	+	LINC01990	LINC01990
chr3	187976407	-	LINC01991	LINC01991
chr17	27991707	-	LINC01992	LINC01992
chr17	78278492	-	LINC01993	LINC01993
chr3	182486362	-	LINC01994	LINC01994
chr3	182507124	-	LINC01995	LINC01995
chr17	4610448	+	LINC01996	LINC01996
chr17	60564545	+	LINC01999	LINC01999
chr3	134057648	-	LINC02000	LINC02000
chr17	72342810	+	LINC02003	LINC02003
chr3	134313575	+	LINC02004	LINC02004
chr3	73809243	+	LINC02005	LINC02005
chr3	153762526	-	LINC02006	LINC02006
chr3	81986141	+	LINC02008	LINC02008
chr3	46423667	-	LINC02009	LINC02009
chr3	146921922	+	LINC02010	LINC02010
chr3	14811414	-	LINC02011	LINC02011
chr3	197509661	-	LINC02012	LINC02012
chr3	130094304	-	LINC02014	LINC02014
chr3	177816864	+	LINC02015	LINC02015
chr3	127390670	-	LINC02016	LINC02016
chr3	55178171	+	LINC02017	LINC02017
chr3	75435307	+	LINC02018	LINC02018
chr3	186440344	+	LINC02020	LINC02020
chr3	130111706	+	LINC02021	LINC02021
chr3	12885211	-	LINC02022	LINC02022
chr3	117690925	-	LINC02024	LINC02024
chr3	84882089	+	LINC02025	LINC02025
chr3	194003659	-	LINC02026	LINC02026
chr3	80993867	+	LINC02027	LINC02027
chr3	194069529	-	LINC02028	LINC02028
chr3	157081840	+	LINC02029	LINC02029
chr3	148078158	+	LINC02032	LINC02032
chr3	36822500	-	LINC02033	LINC02033
chr3	122886512	+	LINC02035	LINC02035
chr3	194206307	-	LINC02036	LINC02036
chr3	194247647	+	LINC02037	LINC02037
chr3	193844009	-	LINC02038	LINC02038
chr5	126179576	+	LINC02039	LINC02039
chr3	187447045	+	LINC02041	LINC02041
chr3	112749319	-	LINC02042	LINC02042
chr3	186825521	-	LINC02043	LINC02043
chr3	113167731	-	LINC02044	LINC02044
chr3	148280890	+	LINC02046	LINC02046
chr3	120836357	-	LINC02049	LINC02049
chr3	80764896	+	LINC02050	LINC02050
chr3	186493661	-	LINC02052	LINC02052
chr3	180414172	+	LINC02053	LINC02053
chr3	184401536	+	LINC02054	LINC02054
chr8	136530797	+	LINC02055	LINC02055
chr5	72660669	-	LINC02056	LINC02056
chr5	61264929	-	LINC02057	LINC02057
chr5	86746817	+	LINC02059	LINC02059
chr5	88439090	-	LINC02060	LINC02060
chr5	98928561	+	LINC02062	LINC02062
chr5	29395976	-	LINC02064	LINC02064
chr5	66209446	-	LINC02065	LINC02065
chr3	161426426	+	LINC02067	LINC02067
chr3	172595607	-	LINC02068	LINC02068
chr3	184773155	-	LINC02069	LINC02069
chr3	86481942	+	LINC02070	LINC02070
chr17	51335162	-	LINC02071	LINC02071
chr17	51336714	+	LINC02072	LINC02072
chr17	51435426	+	LINC02073	LINC02073
chr17	49461749	-	LINC02075	LINC02075
chr17	18411158	+	LINC02076	LINC02076
chr3	78048963	-	LINC02077	LINC02077
chr17	79707265	+	LINC02078	LINC02078
chr17	39027110	-	LINC02079	LINC02079
chr17	76799043	+	LINC02080	LINC02080
chr3	168901944	+	LINC02082	LINC02082
chr3	101940858	+	LINC02085	LINC02085
chr17	15817742	-	LINC02087	LINC02087
chr17	20633251	-	LINC02088	LINC02088
chr17	52862120	+	LINC02089	LINC02089
chr17	16988328	+	LINC02090	LINC02090
chr17	187251	-	LINC02091	LINC02091
chr17	73786821	+	LINC02092	LINC02092
chr17	13306760	-	LINC02093	LINC02093
chr17	72072332	+	LINC02097	LINC02097
chr11	128208765	+	LINC02098	LINC02098
chr8	29748308	+	LINC02099	LINC02099
chr5	58122341	-	LINC02101	LINC02101
chr5	6707711	-	LINC02102	LINC02102
chr5	28287665	-	LINC02103	LINC02103
chr5	39520430	+	LINC02104	LINC02104
chr5	53819682	-	LINC02105	LINC02105
chr5	50970187	-	LINC02106	LINC02106
chr5	38025696	+	LINC02107	LINC02107
chr5	58558243	-	LINC02108	LINC02108
chr5	29143502	+	LINC02109	LINC02109
chr5	37948490	+	LINC02110	LINC02110
chr5	17387310	-	LINC02111	LINC02111
chr5	9903824	-	LINC02112	LINC02112
chr5	99533989	+	LINC02113	LINC02113
chr5	4773480	+	LINC02114	LINC02114
chr5	103541985	-	LINC02115	LINC02115
chr5	1856568	-	LINC02116	LINC02116
chr5	52008030	+	LINC02118	LINC02118
chr5	38148479	+	LINC02119	LINC02119
chr5	32947442	+	LINC02120	LINC02120
chr5	5078311	-	LINC02121	LINC02121
chr5	7347977	-	LINC02123	LINC02123
chr16	1889113	+	LINC02124	LINC02124
chr16	76634997	+	LINC02125	LINC02125
chr16	65176573	-	LINC02126	LINC02126
chr16	51017757	+	LINC02127	LINC02127
chr16	14370266	-	LINC02130	LINC02130
chr16	47858580	+	LINC02133	LINC02133
chr16	47965688	+	LINC02134	LINC02134
chr16	86286430	+	LINC02135	LINC02135
chr16	71426464	-	LINC02136	LINC02136
chr16	89166382	+	LINC02138	LINC02138
chr16	85137149	+	LINC02139	LINC02139
chr16	54370458	-	LINC02140	LINC02140
chr16	59855352	+	LINC02141	LINC02141
chr5	164467402	-	LINC02143	LINC02143
chr5	6337292	-	LINC02145	LINC02145
chr5	20615535	-	LINC02146	LINC02146
chr5	117730360	+	LINC02147	LINC02147
chr5	118282573	+	LINC02148	LINC02148
chr5	15266560	-	LINC02149	LINC02149
chr5	16441102	-	LINC02150	LINC02150
chr8	20973985	+	LINC02153	LINC02153
chrX	13303452	-	LINC02154	LINC02154
chr8	61889838	+	LINC02155	LINC02155
chr12	47415007	+	LINC02156	LINC02156
chr3	42770611	+	LINC02158	LINC02158
chr5	160938626	-	LINC02159	LINC02159
chr5	33229734	+	LINC02160	LINC02160
chr5	3452815	+	LINC02162	LINC02162
chr16	35746551	+	LINC02167	LINC02167
chr16	50806671	+	LINC02168	LINC02168
chr16	54270879	-	LINC02169	LINC02169
chr4	3677855	-	LINC02171	LINC02171
chr4	137545730	+	LINC02172	LINC02172
chr4	106433623	+	LINC02173	LINC02173
chr4	171638763	-	LINC02174	LINC02174
chr16	25066886	+	LINC02175	LINC02175
chr16	9355587	+	LINC02177	LINC02177
chr16	50395133	-	LINC02178	LINC02178
chr16	52085280	+	LINC02180	LINC02180
chr16	87057783	+	LINC02181	LINC02181
chr16	88194280	+	LINC02182	LINC02182
chr16	14016018	-	LINC02185	LINC02185
chr16	14021077	-	LINC02186	LINC02186
chr16	86722090	+	LINC02188	LINC02188
chr16	86721959	-	LINC02189	LINC02189
chr16	31553567	-	LINC02190	LINC02190
chr16	47887130	-	LINC02192	LINC02192
chr16	24236103	+	LINC02194	LINC02194
chr5	69742138	-	LINC02197	LINC02197
chr5	69029927	-	LINC02198	LINC02198
chr5	8839731	+	LINC02199	LINC02199
chr5	112628435	+	LINC02200	LINC02200
chr5	122730560	-	LINC02201	LINC02201
chr5	159100482	+	LINC02202	LINC02202
chr15	21552772	+	LINC02203	LINC02203
chr15	70586606	-	LINC02204	LINC02204
chr15	70505928	-	LINC02205	LINC02205
chr15	66956515	-	LINC02206	LINC02206
chr15	93856559	+	LINC02207	LINC02207
chr5	118562117	-	LINC02208	LINC02208
chr8	29921512	+	LINC02209	LINC02209
chr17	45620328	+	LINC02210	LINC02210
chr17	45620345	+	LINC02210-CRHR1	LINC02210-CRHR1
chr5	25190952	+	LINC02211	LINC02211
chr5	10502728	-	LINC02212	LINC02212
chr5	10509194	-	LINC02213	LINC02213
chr5	116762209	-	LINC02214	LINC02214
chr5	118596187	+	LINC02215	LINC02215
chr5	17404018	+	LINC02217	LINC02217
chr5	17444009	+	LINC02218	LINC02218
chr5	68189875	+	LINC02219	LINC02219
chr5	13032886	-	LINC02220	LINC02220
chr5	9854376	+	LINC02221	LINC02221
chr5	180684095	+	LINC02222	LINC02222
chr5	17807273	+	LINC02223	LINC02223
chr5	44510282	-	LINC02224	LINC02224
chr5	57899162	-	LINC02225	LINC02225
chr5	8457564	-	LINC02226	LINC02226
chr5	158409773	-	LINC02227	LINC02227
chr5	25190656	-	LINC02228	LINC02228
chr5	66511604	-	LINC02229	LINC02229
chr5	73337905	+	LINC02230	LINC02230
chr12	64992291	-	LINC02231	LINC02231
chr4	65004500	-	LINC02232	LINC02232
chr4	159777784	-	LINC02233	LINC02233
chr5	97840757	+	LINC02234	LINC02234
chr5	6795879	+	LINC02236	LINC02236
chr8	111376638	+	LINC02237	LINC02237
chr1	73674678	+	LINC02238	LINC02238
chr5	24840583	-	LINC02239	LINC02239
chr5	125493260	+	LINC02240	LINC02240
chr5	20611839	+	LINC02241	LINC02241
chr5	67646789	-	LINC02242	LINC02242
chrX	134949548	+	LINC02243	LINC02243
chr2	64932447	-	LINC02245	LINC02245
chr21	14918668	-	LINC02246	LINC02246
chr9	134295397	-	LINC02247	LINC02247
chr15	30196035	+	LINC02249	LINC02249
chr15	98003037	+	LINC02251	LINC02251
chr15	34655764	-	LINC02252	LINC02252
chr15	97521811	-	LINC02254	LINC02254
chr15	74379081	+	LINC02255	LINC02255
chr15	30534464	+	LINC02256	LINC02256
chr1	221978520	-	LINC02257	LINC02257
chr12	87768811	+	LINC02258	LINC02258
chr15	72636955	-	LINC02259	LINC02259
chr4	54607131	-	LINC02260	LINC02260
chr4	27217478	+	LINC02261	LINC02261
chr4	117360639	-	LINC02262	LINC02262
chr4	117360651	+	LINC02263	LINC02263
chr4	117834400	+	LINC02264	LINC02264
chr4	40307184	+	LINC02265	LINC02265
chr4	145340419	-	LINC02266	LINC02266
chr4	96310702	+	LINC02267	LINC02267
chr4	174220398	-	LINC02268	LINC02268
chr4	173897272	+	LINC02269	LINC02269
chr4	12223450	+	LINC02270	LINC02270
chr4	61143655	+	LINC02271	LINC02271
chr4	152100752	+	LINC02273	LINC02273
chr14	73830135	-	LINC02274	LINC02274
chr4	169975902	-	LINC02275	LINC02275
chr4	38564002	+	LINC02278	LINC02278
chr14	104665558	-	LINC02280	LINC02280
chr14	28785787	-	LINC02282	LINC02282
chr4	54332891	+	LINC02283	LINC02283
chr14	101120855	+	LINC02285	LINC02285
chr14	92907482	-	LINC02287	LINC02287
chr14	77041048	+	LINC02288	LINC02288
chr14	77076191	-	LINC02289	LINC02289
chr14	97686658	-	LINC02291	LINC02291
chr14	95329583	+	LINC02292	LINC02292
chr14	26809347	+	LINC02293	LINC02293
chr14	26822120	-	LINC02294	LINC02294
chr14	18633634	-	LINC02297	LINC02297
chr14	105094146	+	LINC02298	LINC02298
chr14	96741190	+	LINC02299	LINC02299
chr14	82642631	+	LINC02301	LINC02301
chr14	44799126	-	LINC02302	LINC02302
chr14	45715602	-	LINC02303	LINC02303
chr14	97154856	+	LINC02304	LINC02304
chr14	81450157	-	LINC02308	LINC02308
chr14	51397135	-	LINC02310	LINC02310
chr14	81743138	-	LINC02311	LINC02311
chr14	97762831	-	LINC02312	LINC02312
chr14	31944852	+	LINC02313	LINC02313
chr14	101442075	+	LINC02314	LINC02314
chr14	40954710	+	LINC02315	LINC02315
chr14	90455117	-	LINC02317	LINC02317
chr14	95573561	+	LINC02318	LINC02318
chr14	60323195	+	LINC02322	LINC02322
chr14	102545253	+	LINC02323	LINC02323
chr14	65222347	-	LINC02324	LINC02324
chr14	97458815	+	LINC02325	LINC02325
chr14	85934677	+	LINC02328	LINC02328
chr14	85387274	+	LINC02329	LINC02329
chr14	87655294	-	LINC02330	LINC02330
chr14	22557062	-	LINC02332	LINC02332
chr13	52334294	+	LINC02333	LINC02333
chr13	111596008	+	LINC02337	LINC02337
chr13	58165826	+	LINC02338	LINC02338
chr13	61427946	-	LINC02339	LINC02339
chr13	42424891	+	LINC02341	LINC02341
chr13	34348042	+	LINC02343	LINC02343
chr13	33335266	-	LINC02344	LINC02344
chr15	38040392	+	LINC02345	LINC02345
chr15	25902359	+	LINC02346	LINC02346
chr12	126442480	+	LINC02347	LINC02347
chr15	101614339	-	LINC02348	LINC02348
chr15	61729917	+	LINC02349	LINC02349
chr12	126426145	+	LINC02350	LINC02350
chr15	98331558	-	LINC02351	LINC02351
chr15	31216020	+	LINC02352	LINC02352
chr4	32351037	+	LINC02353	LINC02353
chr4	149154294	+	LINC02355	LINC02355
chr12	126095991	+	LINC02359	LINC02359
chr4	11769468	-	LINC02360	LINC02360
chr12	132189695	-	LINC02361	LINC02361
chr4	184382306	-	LINC02362	LINC02362
chr4	184353977	-	LINC02363	LINC02363
chr4	28996783	+	LINC02364	LINC02364
chr4	184624872	-	LINC02365	LINC02365
chr12	10750233	+	LINC02366	LINC02366
chr12	9367463	+	LINC02367	LINC02367
chr12	128118216	+	LINC02368	LINC02368
chr12	128118141	-	LINC02369	LINC02369
chr12	131347469	+	LINC02370	LINC02370
chr12	126874690	-	LINC02372	LINC02372
chr4	187201985	+	LINC02374	LINC02374
chr12	127340072	-	LINC02375	LINC02375
chr12	127284283	-	LINC02376	LINC02376
chr12	17589078	-	LINC02378	LINC02378
chr4	57425871	+	LINC02380	LINC02380
chr12	54126070	+	LINC02381	LINC02381
chr4	170743735	-	LINC02382	LINC02382
chr4	43492543	-	LINC02383	LINC02383
chr12	68451484	-	LINC02384	LINC02384
chr12	31369301	-	LINC02387	LINC02387
chr12	58781716	-	LINC02388	LINC02388
chr12	64883773	+	LINC02389	LINC02389
chr12	90293317	+	LINC02392	LINC02392
chr12	127881616	+	LINC02393	LINC02393
chr12	49911952	+	LINC02395	LINC02395
chr12	49911863	-	LINC02396	LINC02396
chr12	92466678	+	LINC02397	LINC02397
chr12	20014684	+	LINC02398	LINC02398
chr12	89947692	+	LINC02399	LINC02399
chr12	41764188	+	LINC02400	LINC02400
chr12	103547793	+	LINC02401	LINC02401
chr12	42646498	-	LINC02402	LINC02402
chr12	58087891	+	LINC02403	LINC02403
chr12	127060397	-	LINC02405	LINC02405
chr12	67520081	+	LINC02408	LINC02408
chr12	95803096	+	LINC02410	LINC02410
chr12	127636467	-	LINC02411	LINC02411
chr12	93174365	+	LINC02412	LINC02412
chr12	131648121	-	LINC02414	LINC02414
chr12	131297972	-	LINC02415	LINC02415
chr12	3368107	+	LINC02417	LINC02417
chr12	130042342	-	LINC02418	LINC02418
chr12	130071334	+	LINC02419	LINC02419
chr12	67442559	-	LINC02420	LINC02420
chr12	67729475	-	LINC02421	LINC02421
chr12	31887203	-	LINC02422	LINC02422
chr12	118761679	-	LINC02423	LINC02423
chr12	78359746	-	LINC02424	LINC02424
chr12	66031066	-	LINC02425	LINC02425
chr12	81953718	+	LINC02426	LINC02426
chr4	184537583	-	LINC02427	LINC02427
chr4	103425041	+	LINC02428	LINC02428
chr4	58984281	+	LINC02429	LINC02429
chr4	171040601	+	LINC02431	LINC02431
chr4	141332617	-	LINC02432	LINC02432
chr4	157572489	+	LINC02433	LINC02433
chr4	185051895	+	LINC02436	LINC02436
chr12	118833536	-	LINC02439	LINC02439
chr12	128027166	-	LINC02441	LINC02441
chr12	5243151	-	LINC02443	LINC02443
chr12	73159189	+	LINC02444	LINC02444
chr12	10553378	+	LINC02446	LINC02446
chr4	7103376	-	LINC02447	LINC02447
chr12	8235414	+	LINC02449	LINC02449
chr12	42692215	+	LINC02450	LINC02450
chr12	42646582	+	LINC02451	LINC02451
chr12	98503855	-	LINC02453	LINC02453
chr12	65602868	+	LINC02454	LINC02454
chr12	89019692	-	LINC02458	LINC02458
chr12	114241770	-	LINC02459	LINC02459
chr12	43155314	+	LINC02461	LINC02461
chr4	134423867	+	LINC02462	LINC02462
chr4	129771618	+	LINC02465	LINC02465
chr4	129771478	-	LINC02466	LINC02466
chr12	20127901	-	LINC02468	LINC02468
chr12	9943495	-	LINC02470	LINC02470
chr12	40156238	+	LINC02471	LINC02471
chr4	29214291	+	LINC02472	LINC02472
chr1	221966409	+	LINC02474	LINC02474
chr4	44016860	+	LINC02475	LINC02475
chr7	119907375	-	LINC02476	LINC02476
chr2	160271895	-	LINC02478	LINC02478
chr4	130376360	+	LINC02479	LINC02479
chr4	52044804	+	LINC02480	LINC02480
chr4	6690519	-	LINC02481	LINC02481
chr4	6673881	-	LINC02482	LINC02482
chr4	75354075	+	LINC02483	LINC02483
chr4	34269747	-	LINC02484	LINC02484
chr4	135123559	-	LINC02485	LINC02485
chr6	167683787	-	LINC02487	LINC02487
chr5	87662041	+	LINC02488	LINC02488
chr15	53116364	+	LINC02490	LINC02490
chr4	187672641	-	LINC02492	LINC02492
chr4	17186057	-	LINC02493	LINC02493
chr4	58536328	-	LINC02494	LINC02494
chr4	6200732	+	LINC02495	LINC02495
chr4	31171143	+	LINC02497	LINC02497
chr4	73508802	+	LINC02499	LINC02499
chr4	181265029	-	LINC02500	LINC02500
chr4	31506543	+	LINC02501	LINC02501
chr4	119939539	+	LINC02502	LINC02502
chr4	36641900	-	LINC02505	LINC02505
chr4	31997378	+	LINC02506	LINC02506
chr4	188776656	+	LINC02508	LINC02508
chr4	176875701	+	LINC02509	LINC02509
chr4	137193755	+	LINC02510	LINC02510
chr4	137212799	-	LINC02511	LINC02511
chr4	38366913	+	LINC02513	LINC02513
chr4	187370647	+	LINC02514	LINC02514
chr4	124558434	-	LINC02516	LINC02516
chr4	8320175	+	LINC02517	LINC02517
chr6	113433447	-	LINC02518	LINC02518
chr6	37507347	+	LINC02520	LINC02520
chr6	2634499	+	LINC02521	LINC02521
chr6	125674352	+	LINC02523	LINC02523
chr6	3195767	-	LINC02525	LINC02525
chr6	106695484	+	LINC02526	LINC02526
chr6	111909397	-	LINC02527	LINC02527
chr6	137945800	-	LINC02528	LINC02528
chr6	159383530	+	LINC02529	LINC02529
chr6	12585404	-	LINC02530	LINC02530
chr6	106787541	-	LINC02532	LINC02532
chr6	4488797	+	LINC02533	LINC02533
chr6	115643835	-	LINC02534	LINC02534
chr6	85390186	-	LINC02535	LINC02535
chr6	43852333	-	LINC02537	LINC02537
chr6	167679223	-	LINC02538	LINC02538
chr6	137739037	-	LINC02539	LINC02539
chr6	76593623	-	LINC02540	LINC02540
chr6	113650075	-	LINC02541	LINC02541
chr6	81933480	-	LINC02542	LINC02542
chr6	169182740	-	LINC02544	LINC02544
chr11	13870616	-	LINC02545	LINC02545
chr11	29594412	+	LINC02546	LINC02546
chr11	12030874	+	LINC02547	LINC02547
chr11	13784385	+	LINC02548	LINC02548
chr6	68329899	-	LINC02549	LINC02549
chr11	111097318	-	LINC02550	LINC02550
chr11	130862110	-	LINC02551	LINC02551
chr11	104609302	-	LINC02552	LINC02552
chr22	27310650	+	LINC02554	LINC02554
chr22	23326615	+	LINC02556	LINC02556
chr22	31970822	+	LINC02558	LINC02558
chr19	58400202	+	LINC02560	LINC02560
chr10	5271236	-	LINC02561	LINC02561
chr4	75084708	-	LINC02562	LINC02562
chr17	65457540	+	LINC02563	LINC02563
chr10	11206	+	LINC02564	LINC02564
chr18	57171194	-	LINC02565	LINC02565
chr1	76779267	-	LINC02567	LINC02567
chr15	63390229	+	LINC02568	LINC02568
chr6	30516265	+	LINC02569	LINC02569
chr6	30848159	-	LINC02570	LINC02570
chr6	31301637	-	LINC02571	LINC02571
chr2	129877491	-	LINC02572	LINC02572
chr21	20258685	-	LINC02573	LINC02573
chr1	27662722	-	LINC02574	LINC02574
chr21	44485570	+	LINC02575	LINC02575
chr9	118679670	+	LINC02578	LINC02578
chr2	64607311	+	LINC02579	LINC02579
chr2	43102445	-	LINC02580	LINC02580
chr18	73324940	+	LINC02582	LINC02582
chr2	46429189	+	LINC02583	LINC02583
chr11	70075348	-	LINC02584	LINC02584
chr3	48663767	+	LINC02585	LINC02585
chr1	110209987	-	LINC02586	LINC02586
chr7	15688377	+	LINC02587	LINC02587
chr14	26598646	+	LINC02588	LINC02588
chrX	103554953	-	LINC02589	LINC02589
chr1	143792494	+	LINC02591	LINC02591
chr1	919692	-	LINC02593	LINC02593
chrX	45851490	-	LINC02595	LINC02595
chrX	41275738	+	LINC02601	LINC02601
chr9	94204566	-	LINC02603	LINC02603
chr7	66904119	+	LINC02604	LINC02604
chr8	78837528	+	LINC02605	LINC02605
chr1	9428916	-	LINC02606	LINC02606
chr1	95510115	+	LINC02607	LINC02607
chr1	212234736	-	LINC02608	LINC02608
chr1	90836161	-	LINC02609	LINC02609
chr2	238231677	-	LINC02610	LINC02610
chr2	98771898	-	LINC02611	LINC02611
chr2	150628896	+	LINC02612	LINC02612
chr2	38515740	-	LINC02613	LINC02613
chr3	125886077	-	LINC02614	LINC02614
chr4	128428015	+	LINC02615	LINC02615
chr4	37001778	+	LINC02616	LINC02616
chr12	10338292	-	LINC02617	LINC02617
chr3	141663198	+	LINC02618	LINC02618
chr4	58988154	-	LINC02619	LINC02619
chr10	104480275	-	LINC02620	LINC02620
chr10	70939052	+	LINC02622	LINC02622
chr10	42871520	+	LINC02623	LINC02623
chr10	106140164	+	LINC02624	LINC02624
chr10	114994656	+	LINC02626	LINC02626
chr10	105820333	-	LINC02627	LINC02627
chr10	3833949	+	LINC02639	LINC02639
chr10	21372950	-	LINC02643	LINC02643
chr10	30723218	+	LINC02644	LINC02644
chr10	2501462	-	LINC02645	LINC02645
chr10	85432772	-	LINC02647	LINC02647
chr10	6618715	+	LINC02648	LINC02648
chr10	6326543	+	LINC02649	LINC02649
chr10	83677089	-	LINC02650	LINC02650
chr10	28495813	-	LINC02652	LINC02652
chr10	90540805	-	LINC02653	LINC02653
chr10	80649796	+	LINC02655	LINC02655
chr10	6350315	+	LINC02656	LINC02656
chr10	43778825	-	LINC02658	LINC02658
chr10	31187882	+	LINC02664	LINC02664
chr10	128912832	+	LINC02667	LINC02667
chr10	3502838	-	LINC02669	LINC02669
chr10	10058721	+	LINC02670	LINC02670
chr10	64924518	-	LINC02671	LINC02671
chr10	8897988	+	LINC02676	LINC02676
chr10	79663185	-	LINC02679	LINC02679
chr10	101263550	-	LINC02681	LINC02681
chr11	13924863	-	LINC02683	LINC02683
chr11	44973901	+	LINC02685	LINC02685
chr11	45371396	+	LINC02687	LINC02687
chr11	1049879	+	LINC02688	LINC02688
chr14	104223583	+	LINC02691	LINC02691
chr9	136969411	+	LINC02692	LINC02692
chr17	21551678	-	LINC02693	LINC02693
chr15	38696597	+	LINC02694	LINC02694
chr11	45355370	+	LINC02696	LINC02696
chr11	116639421	+	LINC02702	LINC02702
chr11	9759533	-	LINC02709	LINC02709
chr11	87719411	-	LINC02711	LINC02711
chr11	127271069	+	LINC02712	LINC02712
chr11	134735944	+	LINC02714	LINC02714
chr11	45771431	+	LINC02716	LINC02716
chr11	106132116	-	LINC02719	LINC02719
chr11	80762803	-	LINC02720	LINC02720
chr11	64449056	+	LINC02724	LINC02724
chr11	78429836	-	LINC02728	LINC02728
chr11	17696939	-	LINC02729	LINC02729
chr11	134032271	+	LINC02731	LINC02731
chr11	110355113	+	LINC02732	LINC02732
chr11	56848477	+	LINC02735	LINC02735
chr11	96508424	+	LINC02737	LINC02737
chr11	42253690	-	LINC02740	LINC02740
chr11	133810376	-	LINC02743	LINC02743
chr11	42085458	-	LINC02745	LINC02745
chr11	92915628	-	LINC02746	LINC02746
chr11	4187151	+	LINC02749	LINC02749
chr11	15552772	+	LINC02751	LINC02751
chr11	70063924	-	LINC02753	LINC02753
chr11	38646356	-	LINC02759	LINC02759
chr11	37938600	+	LINC02760	LINC02760
chr11	112270748	+	LINC02762	LINC02762
chr11	112482231	+	LINC02763	LINC02763
chr11	112555802	-	LINC02764	LINC02764
chr1	207958990	+	LINC02767	LINC02767
chr1	243917401	+	LINC02774	LINC02774
chr1	17189788	+	LINC02783	LINC02783
chr1	199148597	+	LINC02789	LINC02789
chr1	95992067	+	LINC02790	LINC02790
chr1	24200239	+	LINC02800	LINC02800
chr1	87212668	+	LINC02801	LINC02801
chr1	148162709	+	LINC02805	LINC02805
chr1	228076550	-	LINC02809	LINC02809
chr1	221336296	-	LINC02817	LINC02817
chr12	126449327	-	LINC02825	LINC02825
chr7	26637870	+	LINC02860	LINC02860
chr16	3950444	-	LINC02861	LINC02861
chr18	73264498	-	LINC02864	LINC02864
chr16	679777	-	LINC02867	LINC02867
chr1	116694111	+	LINC02868	LINC02868
chr1	218510094	+	LINC02869	LINC02869
chr10	132445188	+	LINC02870	LINC02870
chr20	11026543	+	LINC02871	LINC02871
chr9	87148643	+	LINC02872	LINC02872
chr11	130672955	+	LINC02873	LINC02873
chr12	52210830	-	LINC02874	LINC02874
chr17	61411750	+	LINC02875	LINC02875
chr17	52985504	+	LINC02876	LINC02876
chr3	153484494	+	LINC02877	LINC02877
chr8	143697114	+	LINC02878	LINC02878
chr6	113904386	+	LINC02880	LINC02880
chr10	44292749	+	LINC02881	LINC02881
chr12	74292631	-	LINC02882	LINC02882
chr15	85758725	-	LINC02883	LINC02883
chr22	34997916	-	LINC02885	LINC02885
chr7	17374916	+	LINC02888	LINC02888
chr7	17558909	-	LINC02889	LINC02889
chr5	115956570	+	LINCADL	LINCADL
chr6	52151023	-	LINCMD1	LINCMD1
chr8	10474564	+	LINCR-0001	LINCR-0001
chr3	191425523	+	LINCR-0002	LINCR-0002
chr5	57570341	+	LINCR-0003	LINCR-0003
chr15	77632912	-	LINGO1	LINGO1
chr15	77641763	+	LINGO1-AS1	LINGO1-AS1
chr15	77660050	+	LINGO1-AS2	LINGO1-AS2
chr9	28719305	-	LINGO2	LINGO2
chr19	2308154	-	LINGO3	LINGO3
chr1	151805419	-	LINGO4	LINGO4
chr10	6737381	+	LINP1	LINP1
chr15	100602184	-	LINS1	LINS1
chr10	89251775	-	LIPA	LIPA
chr15	58431990	+	LIPC	LIPC
chr15	58498735	-	LIPC-AS1	LIPC-AS1
chr19	42427388	-	LIPE	LIPE
chr19	42397147	+	LIPE-AS1	LIPE-AS1
chr10	88664441	+	LIPF	LIPF
chr18	49562056	+	LIPG	LIPG
chr3	185552588	-	LIPH	LIPH
chr21	14206949	-	LIPI	LIPI
chr10	88586761	+	LIPJ	LIPJ
chr10	88706248	+	LIPK	LIPK
chr10	88802729	+	LIPM	LIPM
chr10	88760019	+	LIPN	LIPN
chr2	99154966	+	LIPT1	LIPT1
chr11	74493724	-	LIPT2	LIPT2
chr16	11586373	-	LITAF	LITAF
chr18	70338180	-	LIVAR	LIVAR
chr5	97142611	-	LIX1	LIX1
chr1	145958017	-	LIX1L	LIX1L
chr1	145926830	+	LIX1L-AS1	LIX1L-AS1
chr20	64084359	-	LKAAEAR1	LKAAEAR1
chr22	36965247	+	LL22NC01-81G9.3	LL22NC01-81G9.3
chr22	22559342	+	LL22NC03-63E9.3	LL22NC03-63E9.3
chr7	142939483	+	LLCFC1	LLCFC1
chr17	18225634	+	LLGL1	LLGL1
chr17	75525696	+	LLGL2	LLGL2
chr12	66130750	-	LLPH	LLPH
chr12	66130750	+	LLPH-DT	LLPH-DT
chr18	59359265	-	LMAN1	LMAN1
chr15	74812834	+	LMAN1L	LMAN1L
chr5	177351668	-	LMAN2	LMAN2
chr2	96740064	-	LMAN2L	LMAN2L
chr7	156893183	-	LMBR1	LMBR1
chr12	49110900	-	LMBR1L	LMBR1L
chr6	69796466	-	LMBRD1	LMBRD1
chr5	36151887	-	LMBRD2	LMBRD2
chr3	8501806	+	LMCD1	LMCD1
chr3	8501658	-	LMCD1-AS1	LMCD1-AS1
chr16	970984	-	LMF1	LMF1
chr16	921032	+	LMF1-AS1	LMF1-AS1
chr22	50507702	-	LMF2	LMF2
chr3	197960199	+	LMLN	LMLN
chr3	198039467	-	LMLN-AS1	LMLN-AS1
chr14	23104989	-	LMLN2	LMLN2
chr1	156082572	+	LMNA	LMNA
chr5	126776622	+	LMNB1	LMNB1
chr5	126776486	-	LMNB1-DT	LMNB1-DT
chr19	2456959	-	LMNB2	LMNB2
chr12	25553283	-	LMNTD1	LMNTD1
chr11	560738	-	LMNTD2	LMNTD2
chr11	559261	+	LMNTD2-AS1	LMNTD2-AS1
chr11	8263878	-	LMO1	LMO1
chr11	33869878	-	LMO2	LMO2
chr12	16605379	-	LMO3	LMO3
chr1	87328879	+	LMO4	LMO4
chr13	75620433	+	LMO7	LMO7
chr13	75635994	-	LMO7-AS1	LMO7-AS1
chr13	75871037	+	LMO7DN	LMO7DN
chr13	75876885	+	LMO7DN-IT1	LMO7DN-IT1
chr1	201946548	-	LMOD1	LMOD1
chr7	123655865	+	LMOD2	LMOD2
chr3	69122595	-	LMOD3	LMOD3
chr7	98106861	+	LMTK2	LMTK2
chr19	48513189	-	LMTK3	LMTK3
chr1	165356241	-	LMX1A	LMX1A
chr9	126613927	+	LMX1B	LMX1B
chr6	19804759	-	LNC-LBCS	LNC-LBCS
chr10	52455272	-	LNCAROD	LNCAROD
chr6	166168096	+	LNCDAT	LNCDAT
chr20	22607517	-	LNCNEF	LNCNEF
chr8	142726973	-	LNCOC1	LNCOC1
chr12	76259882	+	LNCOG	LNCOG
chr7	101299612	+	LNCPRESS1	LNCPRESS1
chr4	92277302	-	LNCPRESS2	LNCPRESS2
chr14	19126529	+	LNCRNA-ATB	LNCRNA-ATB
chr3	146069185	-	LNCSRLR	LNCSRLR
chr1	9182203	+	LNCTAM34A	LNCTAM34A
chr3	100401538	+	LNP1	LNP1
chr5	96936079	+	LNPEP	LNPEP
chr2	176002267	-	LNPK	LNPK
chr4	53558269	-	LNX1	LNX1
chr4	53500076	+	LNX1-AS1	LNX1-AS1
chr4	53592955	+	LNX1-AS2	LNX1-AS2
chr13	27620529	-	LNX2	LNX2
chr7	72969681	+	LOC100101148	LOC100101148
chrX	116817860	-	LOC100126447	LOC100126447
chr6	125197817	-	LOC100126584	LOC100126584
chr11	19714672	-	LOC100126784	LOC100126784
chr17	12790284	-	LOC100128006	LOC100128006
chr5	170312716	-	LOC100128059	LOC100128059
chr9	92132833	+	LOC100128076	LOC100128076
chr16	27719029	-	LOC100128079	LOC100128079
chr15	101745738	-	LOC100128108	LOC100128108
chr3	169966734	-	LOC100128164	LOC100128164
chr12	3366122	-	LOC100128253	LOC100128253
chr12	128853095	-	LOC100128276	LOC100128276
chr17	8360541	-	LOC100128288	LOC100128288
chr20	61719748	-	LOC100128310	LOC100128310
chr7	81626216	-	LOC100128317	LOC100128317
chr7	130141730	+	LOC100128325	LOC100128325
chr5	177939526	+	LOC100128340	LOC100128340
chr9	92618049	+	LOC100128361	LOC100128361
chr19	58002893	+	LOC100128398	LOC100128398
chr11	72014290	+	LOC100128494	LOC100128494
chr19	5978402	+	LOC100128568	LOC100128568
chr9	136746160	+	LOC100128593	LOC100128593
chr7	1534880	-	LOC100128653	LOC100128653
chr16	3032480	+	LOC100128770	LOC100128770
chr16	88531053	-	LOC100128882	LOC100128882
chr7	64574694	+	LOC100128885	LOC100128885
chr5	138332104	+	LOC100128966	LOC100128966
chr20	40980712	+	LOC100128988	LOC100128988
chr8	19245522	-	LOC100128993	LOC100128993
chr9	124353472	+	LOC100129034	LOC100129034
chr8	11347516	-	LOC100129129	LOC100129129
chr1	104073022	+	LOC100129138	LOC100129138
chr7	139427526	-	LOC100129148	LOC100129148
chr2	219002214	+	LOC100129175	LOC100129175
chr11	95230185	+	LOC100129203	LOC100129203
chrX	71666868	-	LOC100129291	LOC100129291
chr13	77662803	-	LOC100129307	LOC100129307
chr9	91075132	-	LOC100129316	LOC100129316
chr2	56185770	-	LOC100129434	LOC100129434
chr7	5428927	-	LOC100129484	LOC100129484
chr1	2352661	-	LOC100129534	LOC100129534
chr15	78978888	+	LOC100129540	LOC100129540
chr7	3158573	-	LOC100129603	LOC100129603
chr16	81665353	+	LOC100129617	LOC100129617
chr1	99004275	+	LOC100129620	LOC100129620
chr6	29036020	+	LOC100129636	LOC100129636
chr16	88939270	+	LOC100129697	LOC100129697
chr18	49023702	+	LOC100129878	LOC100129878
chr4	781848	-	LOC100129917	LOC100129917
chr4	7046231	-	LOC100129931	LOC100129931
chr19	39638684	+	LOC100129935	LOC100129935
chr8	144827040	-	LOC100130027	LOC100130027
chr12	68805494	-	LOC100130075	LOC100130075
chr15	29674934	+	LOC100130111	LOC100130111
chr5	138032773	+	LOC100130172	LOC100130172
chr3	3800875	-	LOC100130207	LOC100130207
chr12	132275390	+	LOC100130238	LOC100130238
chr12	75234739	+	LOC100130268	LOC100130268
chr16	8849468	+	LOC100130283	LOC100130283
chr8	60967748	-	LOC100130298	LOC100130298
chr1	237862174	+	LOC100130331	LOC100130331
chr6	13283442	-	LOC100130357	LOC100130357
chr17	81385125	-	LOC100130370	LOC100130370
chr20	36155760	-	LOC100130373	LOC100130373
chr2	240456700	-	LOC100130449	LOC100130449
chr2	196713012	-	LOC100130452	LOC100130452
chr17	74567343	-	LOC100130520	LOC100130520
chr9	134054289	+	LOC100130548	LOC100130548
chr20	63359987	+	LOC100130587	LOC100130587
chr7	32458494	-	LOC100130673	LOC100130673
chr2	177392691	-	LOC100130691	LOC100130691
chr10	80247757	+	LOC100130698	LOC100130698
chr5	14712693	+	LOC100130744	LOC100130744
chr7	56882146	-	LOC100130849	LOC100130849
chr4	1208962	-	LOC100130872	LOC100130872
chr17	5192006	+	LOC100130950	LOC100130950
chr8	39563111	+	LOC100130964	LOC100130964
chr11	67317838	+	LOC100130987	LOC100130987
chr10	22252071	+	LOC100130992	LOC100130992
chr1	152080924	-	LOC100131107	LOC100131107
chr7	7096786	-	LOC100131257	LOC100131257
chr6	27761743	+	LOC100131289	LOC100131289
chr15	32718865	-	LOC100131315	LOC100131315
chr7	10702675	+	LOC100131472	LOC100131472
chr20	47318501	+	LOC100131496	LOC100131496
chr6	169962622	+	LOC100131532	LOC100131532
chr11	118418815	-	LOC100131626	LOC100131626
chr3	187702365	+	LOC100131635	LOC100131635
chr1	495445	-	LOC100132062	LOC100132062
chr9	94332475	+	LOC100132077	LOC100132077
chr11	111418186	-	LOC100132078	LOC100132078
chr15	28358181	-	LOC100132202	LOC100132202
chr2	63047711	-	LOC100132215	LOC100132215
chr9	62838346	-	LOC100132249	LOC100132249
chr1	495445	-	LOC100132287	LOC100132287
chr5	43066971	-	LOC100132356	LOC100132356
chr11	112260264	+	LOC100132686	LOC100132686
chrX	71697195	+	LOC100132741	LOC100132741
chr9	96868899	+	LOC100132781	LOC100132781
chr8	109644128	+	LOC100132813	LOC100132813
chr5	100388254	-	LOC100133050	LOC100133050
chr9	137892570	-	LOC100133077	LOC100133077
chr7	76549340	+	LOC100133091	LOC100133091
chr21	36126640	-	LOC100133286	LOC100133286
chr11	71928459	-	LOC100133315	LOC100133315
chr2	94587183	-	LOC100133920	LOC100133920
chr7	150041354	+	LOC100134040	LOC100134040
chr19	36311342	+	LOC100134317	LOC100134317
chr16	382240	+	LOC100134368	LOC100134368
chr17	73737853	+	LOC100134391	LOC100134391
chr20	26009798	+	LOC100134868	LOC100134868
chr2	154457438	-	LOC100144595	LOC100144595
chr16	15388911	-	LOC100190986	LOC100190986
chr18	8367034	-	LOC100192426	LOC100192426
chr7	56483319	-	LOC100240728	LOC100240728
chr12	54102208	+	LOC100240734	LOC100240734
chr12	54081823	-	LOC100240735	LOC100240735
chr5	172958775	-	LOC100268168	LOC100268168
chr6	27020306	-	LOC100270746	LOC100270746
chr9	130579494	-	LOC100272217	LOC100272217
chr7	155382075	+	LOC100286906	LOC100286906
chr2	233755345	-	LOC100286922	LOC100286922
chr2	104408332	-	LOC100287010	LOC100287010
chr8	6406548	-	LOC100287015	LOC100287015
chr16	89320451	+	LOC100287036	LOC100287036
chr17	75271298	+	LOC100287042	LOC100287042
chr1	160261748	+	LOC100287049	LOC100287049
chr17	20712445	+	LOC100287072	LOC100287072
chr16	636951	+	LOC100287175	LOC100287175
chr6	31572703	-	LOC100287329	LOC100287329
chr2	238847907	-	LOC100287387	LOC100287387
chr6	116371719	-	LOC100287467	LOC100287467
chr7	63349069	+	LOC100287704	LOC100287704
chr20	37676909	+	LOC100287792	LOC100287792
chr17	38749033	+	LOC100287808	LOC100287808
chr7	63349069	+	LOC100287834	LOC100287834
chr11	73309361	-	LOC100287837	LOC100287837
chr8	47189306	+	LOC100287846	LOC100287846
chr11	74493384	+	LOC100287896	LOC100287896
chr12	106774831	-	LOC100287944	LOC100287944
chr1	778634	-	LOC100288069	LOC100288069
chr19	1822088	+	LOC100288123	LOC100288123
chr16	14927283	-	LOC100288162	LOC100288162
chr1	1059733	+	LOC100288175	LOC100288175
chr15	30471168	+	LOC100288203	LOC100288203
chr13	74419115	-	LOC100288208	LOC100288208
chr5	172285596	+	LOC100288254	LOC100288254
chr2	109947689	+	LOC100288570	LOC100288570
chr15	30646114	+	LOC100288637	LOC100288637
chr17	3176935	-	LOC100288728	LOC100288728
chr8	94639467	-	LOC100288748	LOC100288748
chr12	46383675	+	LOC100288798	LOC100288798
chr14	39267061	-	LOC100288846	LOC100288846
chr17	49574064	-	LOC100288866	LOC100288866
chr5	98929133	+	LOC100289230	LOC100289230
chr19	12195014	+	LOC100289333	LOC100289333
chr3	143001467	-	LOC100289361	LOC100289361
chr20	1779746	-	LOC100289473	LOC100289473
chr6	166342630	+	LOC100289495	LOC100289495
chr14	69767713	-	LOC100289511	LOC100289511
chr7	102363882	+	LOC100289561	LOC100289561
chr16	88731179	+	LOC100289580	LOC100289580
chr15	28788242	+	LOC100289656	LOC100289656
chr6	32894175	+	LOC100294145	LOC100294145
chr5	65945573	-	LOC100303749	LOC100303749
chr8	143558271	-	LOC100310756	LOC100310756
chr12	49389173	+	LOC100335030	LOC100335030
chr19	44113183	-	LOC100379224	LOC100379224
chr4	153640167	+	LOC100419170	LOC100419170
chr15	44728987	+	LOC100419583	LOC100419583
chr19	28727694	-	LOC100420587	LOC100420587
chr10	14838305	+	LOC100421372	LOC100421372
chrX	55280087	+	LOC100421746	LOC100421746
chr1	163423191	-	LOC100422212	LOC100422212
chr15	51924120	-	LOC100422556	LOC100422556
chr6	3231402	+	LOC100422781	LOC100422781
chr2	113979984	-	LOC100499194	LOC100499194
chr10	22437929	-	LOC100499489	LOC100499489
chr8	59119209	+	LOC100505501	LOC100505501
chr10	31399755	-	LOC100505502	LOC100505502
chr18	57630330	+	LOC100505549	LOC100505549
chr19	9793180	-	LOC100505555	LOC100505555
chr19	41928819	+	LOC100505585	LOC100505585
chr9	124009396	-	LOC100505588	LOC100505588
chr19	42132628	+	LOC100505622	LOC100505622
chr19	43901803	-	LOC100505715	LOC100505715
chr2	28310459	-	LOC100505716	LOC100505716
chr2	28206961	-	LOC100505736	LOC100505736
chr2	28736205	-	LOC100505774	LOC100505774
chr17	41402415	+	LOC100505782	LOC100505782
chr18	72868387	+	LOC100505797	LOC100505797
chr5	122160175	+	LOC100505841	LOC100505841
chr19	23957953	-	LOC100505851	LOC100505851
chr4	22339666	-	LOC100505912	LOC100505912
chr16	15094410	+	LOC100505915	LOC100505915
chr1	168422656	-	LOC100505918	LOC100505918
chr7	8262224	+	LOC100505938	LOC100505938
chr16	67528745	-	LOC100505942	LOC100505942
chr12	106684700	-	LOC100505978	LOC100505978
chr13	112160710	-	LOC100506016	LOC100506016
chr1	173477155	-	LOC100506023	LOC100506023
chr14	30889808	-	LOC100506071	LOC100506071
chr2	97278716	+	LOC100506076	LOC100506076
chr16	70346747	-	LOC100506083	LOC100506083
chr7	20217576	+	LOC100506098	LOC100506098
chr9	128724461	+	LOC100506100	LOC100506100
chr2	97283934	+	LOC100506123	LOC100506123
chr2	165871941	-	LOC100506124	LOC100506124
chr7	22563336	+	LOC100506178	LOC100506178
chr6	57263346	-	LOC100506188	LOC100506188
chr6	8435622	+	LOC100506207	LOC100506207
chr11	7465835	-	LOC100506258	LOC100506258
chr22	37354839	-	LOC100506271	LOC100506271
chr2	7421260	+	LOC100506274	LOC100506274
chr16	75226382	+	LOC100506281	LOC100506281
chr11	83193669	-	LOC100506282	LOC100506282
chr7	155644406	-	LOC100506302	LOC100506302
chr14	65089917	+	LOC100506321	LOC100506321
chr14	69811759	+	LOC100506358	LOC100506358
chr17	331518	+	LOC100506388	LOC100506388
chr21	35580764	-	LOC100506403	LOC100506403
chr5	35938800	+	LOC100506406	LOC100506406
chr9	26066674	+	LOC100506422	LOC100506422
chr4	53695900	+	LOC100506444	LOC100506444
chr22	39432159	+	LOC100506472	LOC100506472
chr2	13007013	-	LOC100506474	LOC100506474
chr14	73787359	+	LOC100506476	LOC100506476
chr7	28979966	+	LOC100506497	LOC100506497
chr12	116987337	-	LOC100506551	LOC100506551
chr12	29317848	-	LOC100506606	LOC100506606
chr5	43067022	+	LOC100506639	LOC100506639
chr11	32041318	-	LOC100506675	LOC100506675
chr7	127476882	+	LOC100506682	LOC100506682
chr5	997340	-	LOC100506688	LOC100506688
chr12	122063289	+	LOC100506691	LOC100506691
chr7	35716436	+	LOC100506725	LOC100506725
chr1	19295736	-	LOC100506730	LOC100506730
chrX	135396428	+	LOC100506790	LOC100506790
chr5	2312201	-	LOC100506858	LOC100506858
chr12	58591701	+	LOC100506869	LOC100506869
chr7	132758969	+	LOC100506937	LOC100506937
chr8	12437012	+	LOC100506990	LOC100506990
chr17	65100811	+	LOC100507002	LOC100507002
chr2	64228400	+	LOC100507006	LOC100507006
chr4	99088856	+	LOC100507053	LOC100507053
chr12	65642372	-	LOC100507065	LOC100507065
chr8	22275162	-	LOC100507071	LOC100507071
chr11	35138032	-	LOC100507144	LOC100507144
chr8	23336207	+	LOC100507156	LOC100507156
chr12	68686859	-	LOC100507250	LOC100507250
chr11	124800427	+	LOC100507283	LOC100507283
chr3	139389802	+	LOC100507291	LOC100507291
chr2	110245637	+	LOC100507334	LOC100507334
chr9	95463608	+	LOC100507346	LOC100507346
chr17	77546940	+	LOC100507351	LOC100507351
chr19	14137151	+	LOC100507373	LOC100507373
chr11	45722307	+	LOC100507384	LOC100507384
chr5	176119548	+	LOC100507387	LOC100507387
chr3	142926674	+	LOC100507389	LOC100507389
chr21	8197619	+	LOC100507412	LOC100507412
chr14	105419739	-	LOC100507437	LOC100507437
chr2	208119128	+	LOC100507443	LOC100507443
chr8	49512180	-	LOC100507464	LOC100507464
chr15	101309304	-	LOC100507472	LOC100507472
chr6	139976318	+	LOC100507477	LOC100507477
chr7	143381025	-	LOC100507507	LOC100507507
chr8	53523965	-	LOC100507516	LOC100507516
chr6	32154365	-	LOC100507547	LOC100507547
chr11	134985351	+	LOC100507548	LOC100507548
chr19	17511889	-	LOC100507551	LOC100507551
chr1	53238609	+	LOC100507564	LOC100507564
chr22	26512531	+	LOC100507599	LOC100507599
chr1	55215407	+	LOC100507634	LOC100507634
chr7	149717	+	LOC100507642	LOC100507642
chr14	18980793	-	LOC100508046	LOC100508046
chr2	94587310	+	LOC100509620	LOC100509620
chr7	102363860	+	LOC100630923	LOC100630923
chr5	151771508	-	LOC100652758	LOC100652758
chr11	117201914	-	LOC100652768	LOC100652768
chrY	22316677	+	LOC100652931	LOC100652931
chr12	53513983	+	LOC100652999	LOC100652999
chr7	57404766	+	LOC100653233	LOC100653233
chr7	112618064	+	LOC100996249	LOC100996249
chr1	117605770	-	LOC100996263	LOC100996263
chr1	121098265	-	LOC100996318	LOC100996318
chr5	612210	-	LOC100996325	LOC100996325
chr19	22608015	+	LOC100996349	LOC100996349
chr19	3155175	-	LOC100996351	LOC100996351
chr5	176062055	-	LOC100996385	LOC100996385
chr15	30523573	-	LOC100996413	LOC100996413
chr5	179859002	+	LOC100996419	LOC100996419
chr7	66654518	+	LOC100996437	LOC100996437
chr3	158571066	-	LOC100996447	LOC100996447
chr1	2566534	+	LOC100996583	LOC100996583
chr2	495812	+	LOC100996637	LOC100996637
chr9	63333337	+	LOC100996643	LOC100996643
chr14	68628787	-	LOC100996664	LOC100996664
chr12	126690318	-	LOC100996671	LOC100996671
chr1	120914114	-	LOC100996720	LOC100996720
chr1	145214850	+	LOC100996740	LOC100996740
chr17	41084166	+	LOC100996750	LOC100996750
chr17	7583518	-	LOC100996842	LOC100996842
chrX	71667701	+	LOC101059915	LOC101059915
chr19	49019484	-	LOC101059948	LOC101059948
chr1	144276762	-	LOC101060524	LOC101060524
chr13	111153577	-	LOC101060553	LOC101060553
chr8	78724374	-	LOC101241902	LOC101241902
chr7	90396291	+	LOC101409256	LOC101409256
chr9	134872618	-	LOC101448202	LOC101448202
chr17	4704229	+	LOC101559451	LOC101559451
chr12	122226441	+	LOC101593348	LOC101593348
chr20	25196892	-	LOC101926889	LOC101926889
chr8	70471133	+	LOC101926892	LOC101926892
chr6	46492051	+	LOC101926898	LOC101926898
chr5	141078031	-	LOC101926905	LOC101926905
chr8	72732044	+	LOC101926908	LOC101926908
chr2	170770766	-	LOC101926913	LOC101926913
chr6	46276323	+	LOC101926915	LOC101926915
chr14	22929608	+	LOC101926933	LOC101926933
chr6	46687833	-	LOC101926934	LOC101926934
chr20	25854021	-	LOC101926935	LOC101926935
chr7	74728918	-	LOC101926943	LOC101926943
chr1	59772794	+	LOC101926944	LOC101926944
chr9	35646269	+	LOC101926948	LOC101926948
chr5	42175345	-	LOC101926960	LOC101926960
chr1	60825584	-	LOC101926964	LOC101926964
chr3	118641767	+	LOC101926968	LOC101926968
chr17	28926274	+	LOC101927018	LOC101927018
chr6	49811539	+	LOC101927020	LOC101927020
chr5	112228282	+	LOC101927023	LOC101927023
chr8	79871737	-	LOC101927040	LOC101927040
chr14	24442952	+	LOC101927045	LOC101927045
chr6	49824766	-	LOC101927048	LOC101927048
chr2	89637907	-	LOC101927050	LOC101927050
chr2	96919105	+	LOC101927053	LOC101927053
chr2	178776925	+	LOC101927055	LOC101927055
chr8	97446497	-	LOC101927066	LOC101927066
chr9	68975841	-	LOC101927069	LOC101927069
chr5	114773413	-	LOC101927078	LOC101927078
chr15	21990079	+	LOC101927079	LOC101927079
chr6	51621869	+	LOC101927082	LOC101927082
chr5	115602154	+	LOC101927100	LOC101927100
chr14	31420757	+	LOC101927124	LOC101927124
chr16	11465259	+	LOC101927131	LOC101927131
chr6	53573275	-	LOC101927136	LOC101927136
chr8	82912103	+	LOC101927141	LOC101927141
chr1	224213279	-	LOC101927143	LOC101927143
chr19	27793430	+	LOC101927151	LOC101927151
chr4	47914226	+	LOC101927157	LOC101927157
chr20	42685482	+	LOC101927159	LOC101927159
chr1	224219612	+	LOC101927164	LOC101927164
chr17	48444832	+	LOC101927166	LOC101927166
chr18	6729862	-	LOC101927168	LOC101927168
chr14	35081080	+	LOC101927178	LOC101927178
chr4	47831344	+	LOC101927179	LOC101927179
chr18	6954676	+	LOC101927188	LOC101927188
chr6	53929981	+	LOC101927189	LOC101927189
chr5	116374570	-	LOC101927190	LOC101927190
chr4	67422000	-	LOC101927237	LOC101927237
chr7	77415197	+	LOC101927243	LOC101927243
chr8	102656247	+	LOC101927245	LOC101927245
chr13	94708486	-	LOC101927248	LOC101927248
chr12	49324576	-	LOC101927267	LOC101927267
chr7	80374439	-	LOC101927269	LOC101927269
chr16	50668854	+	LOC101927272	LOC101927272
chr10	98446320	+	LOC101927278	LOC101927278
chr13	94760940	+	LOC101927284	LOC101927284
chr3	73521321	+	LOC101927296	LOC101927296
chr15	97560698	-	LOC101927310	LOC101927310
chr6	97305585	+	LOC101927314	LOC101927314
chr12	49962783	-	LOC101927318	LOC101927318
chr18	58671873	-	LOC101927322	LOC101927322
chr1	76011323	+	LOC101927342	LOC101927342
chr7	7255153	+	LOC101927354	LOC101927354
chr5	122584600	-	LOC101927357	LOC101927357
chr9	74371530	+	LOC101927358	LOC101927358
chr4	133149116	-	LOC101927359	LOC101927359
chr6	99424870	+	LOC101927365	LOC101927365
chr3	79411726	+	LOC101927374	LOC101927374
chr20	47352560	+	LOC101927377	LOC101927377
chr7	84532475	+	LOC101927378	LOC101927378
chr7	7566065	-	LOC101927391	LOC101927391
chr3	8016307	-	LOC101927394	LOC101927394
chr2	64524155	-	LOC101927402	LOC101927402
chr18	10661932	+	LOC101927410	LOC101927410
chr14	44911917	-	LOC101927418	LOC101927418
chr7	87152317	-	LOC101927420	LOC101927420
chr5	125036830	+	LOC101927421	LOC101927421
chr1	144302541	-	LOC101927429	LOC101927429
chr1	81557702	-	LOC101927434	LOC101927434
chr13	99957165	-	LOC101927437	LOC101927437
chr7	90335222	+	LOC101927446	LOC101927446
chr9	79145666	-	LOC101927450	LOC101927450
chr1	148247071	-	LOC101927468	LOC101927468
chrX	40262916	+	LOC101927476	LOC101927476
chr1	229508429	+	LOC101927478	LOC101927478
chr16	54848233	-	LOC101927480	LOC101927480
chr5	126285175	-	LOC101927488	LOC101927488
chr11	61588493	+	LOC101927495	LOC101927495
chr9	81689712	+	LOC101927502	LOC101927502
chr8	113102	-	LOC101927506	LOC101927506
chr2	241272163	+	LOC101927509	LOC101927509
chr8	119068782	-	LOC101927513	LOC101927513
chr4	140128014	+	LOC101927516	LOC101927516
chr17	57608412	-	LOC101927539	LOC101927539
chr8	120761252	+	LOC101927543	LOC101927543
chr7	99013164	+	LOC101927550	LOC101927550
chr22	45003619	-	LOC101927551	LOC101927551
chr17	57523597	-	LOC101927557	LOC101927557
chr1	83860546	-	LOC101927560	LOC101927560
chr18	22786837	-	LOC101927571	LOC101927571
chr19	36014501	+	LOC101927572	LOC101927572
chr9	84063442	+	LOC101927575	LOC101927575
chr12	57621903	-	LOC101927583	LOC101927583
chr8	124247398	-	LOC101927588	LOC101927588
chr1	230874845	+	LOC101927604	LOC101927604
chr14	53153353	+	LOC101927620	LOC101927620
chr9	86127539	+	LOC101927623	LOC101927623
chrX	48508839	-	LOC101927635	LOC101927635
chr4	143912330	+	LOC101927636	LOC101927636
chr8	126325494	+	LOC101927657	LOC101927657
chr2	67213407	+	LOC101927661	LOC101927661
chr17	58083204	-	LOC101927666	LOC101927666
chr7	20140426	-	LOC101927668	LOC101927668
chr14	56514330	+	LOC101927690	LOC101927690
chr6	868497	+	LOC101927691	LOC101927691
chr10	114764787	+	LOC101927692	LOC101927692
chr10	46598145	-	LOC101927699	LOC101927699
chr11	3571987	-	LOC101927708	LOC101927708
chr2	118602966	-	LOC101927709	LOC101927709
chr17	909631	+	LOC101927727	LOC101927727
chr6	2883987	+	LOC101927730	LOC101927730
chr15	100919283	-	LOC101927751	LOC101927751
chr8	1763334	-	LOC101927752	LOC101927752
chr6	3024062	+	LOC101927759	LOC101927759
chr10	933025	+	LOC101927762	LOC101927762
chr7	20296707	+	LOC101927769	LOC101927769
chr20	53552769	+	LOC101927770	LOC101927770
chr1	234646288	+	LOC101927787	LOC101927787
chr11	65455285	+	LOC101927789	LOC101927789
chr16	88883514	+	LOC101927793	LOC101927793
chr8	133777352	-	LOC101927798	LOC101927798
chr7	20331762	-	LOC101927811	LOC101927811
chr16	21599385	-	LOC101927814	LOC101927814
chr8	2623365	-	LOC101927815	LOC101927815
chr16	89430917	+	LOC101927817	LOC101927817
chr8	133886495	+	LOC101927822	LOC101927822
chr10	3066933	-	LOC101927824	LOC101927824
chr9	42586534	-	LOC101927827	LOC101927827
chr3	20342467	+	LOC101927829	LOC101927829
chrX	155374174	-	LOC101927830	LOC101927830
chr17	2232677	+	LOC101927839	LOC101927839
chr8	134849934	+	LOC101927845	LOC101927845
chr9	89969415	+	LOC101927847	LOC101927847
chr1	234963999	-	LOC101927851	LOC101927851
chr17	61367704	-	LOC101927855	LOC101927855
chr7	103445206	+	LOC101927870	LOC101927870
chr2	128864599	+	LOC101927881	LOC101927881
chr2	75524067	+	LOC101927884	LOC101927884
chr5	167168401	-	LOC101927908	LOC101927908
chr17	2965895	-	LOC101927911	LOC101927911
chr7	157466230	+	LOC101927914	LOC101927914
chr8	137413588	-	LOC101927915	LOC101927915
chr6	117675284	-	LOC101927919	LOC101927919
chr20	58888810	-	LOC101927932	LOC101927932
chr2	78088729	+	LOC101927948	LOC101927948
chr6	5695272	-	LOC101927950	LOC101927950
chr9	93014944	-	LOC101927954	LOC101927954
chr2	208542641	+	LOC101927960	LOC101927960
chr10	4051725	+	LOC101927964	LOC101927964
chr2	78290731	-	LOC101927967	LOC101927967
chr6	5458075	-	LOC101927972	LOC101927972
chr7	107743632	-	LOC101927974	LOC101927974
chr18	76491651	+	LOC101927989	LOC101927989
chr12	69738550	-	LOC101928002	LOC101928002
chr11	9839141	+	LOC101928008	LOC101928008
chr1	153174517	+	LOC101928009	LOC101928009
chr7	112622380	+	LOC101928012	LOC101928012
chr17	67244775	+	LOC101928021	LOC101928021
chr12	9381422	-	LOC101928030	LOC101928030
chr1	153545741	+	LOC101928034	LOC101928034
chr16	74215521	-	LOC101928035	LOC101928035
chr15	28702727	+	LOC101928042	LOC101928042
chr20	60472976	-	LOC101928048	LOC101928048
chr4	162022732	+	LOC101928052	LOC101928052
chr11	10809296	+	LOC101928053	LOC101928053
chr8	1973345	-	LOC101928058	LOC101928058
chr19	44002870	-	LOC101928063	LOC101928063
chr1	244970869	-	LOC101928068	LOC101928068
chr11	66480249	-	LOC101928069	LOC101928069
chr14	70641298	-	LOC101928075	LOC101928075
chr8	142638595	+	LOC101928087	LOC101928087
chr5	172755502	+	LOC101928093	LOC101928093
chr8	7228188	-	LOC101928095	LOC101928095
chr3	150738985	-	LOC101928105	LOC101928105
chr21	33123700	-	LOC101928107	LOC101928107
chr1	95233982	-	LOC101928118	LOC101928118
chr9	94945554	-	LOC101928119	LOC101928119
chr1	154961470	+	LOC101928120	LOC101928120
chr14	73246001	-	LOC101928123	LOC101928123
chr21	33976381	+	LOC101928126	LOC101928126
chrX	85210705	+	LOC101928128	LOC101928128
chr4	165743071	-	LOC101928131	LOC101928131
chr3	35394023	-	LOC101928135	LOC101928135
chr14	73463642	-	LOC101928143	LOC101928143
chr8	143708050	+	LOC101928160	LOC101928160
chr1	23521929	+	LOC101928163	LOC101928163
chr3	152205429	-	LOC101928166	LOC101928166
chr7	29125032	+	LOC101928168	LOC101928168
chr15	34755083	+	LOC101928174	LOC101928174
chr1	156621928	-	LOC101928177	LOC101928177
chr6	10954089	-	LOC101928191	LOC101928191
chr9	63125869	-	LOC101928195	LOC101928195
chrX	4633572	-	LOC101928201	LOC101928201
chr7	124352096	-	LOC101928211	LOC101928211
chr2	19990203	+	LOC101928222	LOC101928222
chr17	73513682	+	LOC101928251	LOC101928251
chr6	12001244	-	LOC101928253	LOC101928253
chr7	125264291	-	LOC101928254	LOC101928254
chr17	9179118	-	LOC101928266	LOC101928266
chr21	36004667	-	LOC101928269	LOC101928269
chr10	9295593	-	LOC101928272	LOC101928272
chr2	137927932	-	LOC101928273	LOC101928273
chr4	4761759	+	LOC101928279	LOC101928279
chr7	125184568	+	LOC101928283	LOC101928283
chr19	49388081	-	LOC101928295	LOC101928295
chr6	134540005	-	LOC101928304	LOC101928304
chr4	4920807	+	LOC101928306	LOC101928306
chr6	68634324	-	LOC101928307	LOC101928307
chr3	42654388	-	LOC101928323	LOC101928323
chrX	107935980	-	LOC101928335	LOC101928335
chrX	119291528	+	LOC101928336	LOC101928336
chr17	74599839	+	LOC101928343	LOC101928343
chrX	108736539	+	LOC101928358	LOC101928358
chr1	101236528	-	LOC101928370	LOC101928370
chr2	88538719	+	LOC101928371	LOC101928371
chr1	160932464	+	LOC101928372	LOC101928372
chr9	63017994	+	LOC101928381	LOC101928381
chr2	143937066	+	LOC101928386	LOC101928386
chrX	17528434	+	LOC101928389	LOC101928389
chr21	38857538	+	LOC101928398	LOC101928398
chr7	56538130	-	LOC101928401	LOC101928401
chrX	123961341	-	LOC101928402	LOC101928402
chr15	45279222	-	LOC101928414	LOC101928414
chr12	132329849	+	LOC101928416	LOC101928416
chr16	82990298	-	LOC101928417	LOC101928417
chr11	102452918	+	LOC101928424	LOC101928424
chr6	136784046	+	LOC101928429	LOC101928429
chr1	103525508	-	LOC101928436	LOC101928436
chrX	113042726	+	LOC101928437	LOC101928437
chr9	99819889	-	LOC101928438	LOC101928438
chr12	23175635	+	LOC101928441	LOC101928441
chr16	82773318	+	LOC101928446	LOC101928446
chr10	14074283	+	LOC101928453	LOC101928453
chr17	15014804	+	LOC101928475	LOC101928475
chr6	73696131	-	LOC101928489	LOC101928489
chr6	17511265	-	LOC101928491	LOC101928491
chrX	126109761	+	LOC101928495	LOC101928495
chr14	81221217	+	LOC101928504	LOC101928504
chr5	57650659	+	LOC101928505	LOC101928505
chr11	36077901	-	LOC101928510	LOC101928510
chr6	74069450	+	LOC101928516	LOC101928516
chr19	51181966	-	LOC101928517	LOC101928517
chr6	19180480	-	LOC101928519	LOC101928519
chr9	103999708	+	LOC101928523	LOC101928523
chr9	135506447	-	LOC101928525	LOC101928525
chr12	132887841	+	LOC101928530	LOC101928530
chr11	106250018	+	LOC101928535	LOC101928535
chr6	75383185	+	LOC101928540	LOC101928540
chr4	174831727	+	LOC101928551	LOC101928551
chr16	85792414	+	LOC101928557	LOC101928557
chr1	168495644	-	LOC101928565	LOC101928565
chr4	175790306	+	LOC101928590	LOC101928590
chr16	30096429	+	LOC101928595	LOC101928595
chr1	169104123	+	LOC101928596	LOC101928596
chr12	92146084	+	LOC101928617	LOC101928617
chr7	36095309	+	LOC101928618	LOC101928618
chr4	34039893	-	LOC101928622	LOC101928622
chr1	629009	-	LOC101928626	LOC101928626
chrX	36440292	-	LOC101928627	LOC101928627
chr5	61698432	-	LOC101928651	LOC101928651
chr16	87317508	+	LOC101928659	LOC101928659
chr6	146598931	-	LOC101928661	LOC101928661
chr6	25261407	-	LOC101928663	LOC101928663
chr17	78360447	+	LOC101928674	LOC101928674
chr16	87292452	-	LOC101928682	LOC101928682
chr13	19182032	+	LOC101928697	LOC101928697
chr16	87212114	+	LOC101928708	LOC101928708
chr1	111755509	-	LOC101928718	LOC101928718
chr15	58770974	-	LOC101928725	LOC101928725
chr1	26694131	-	LOC101928728	LOC101928728
chr13	112273000	-	LOC101928730	LOC101928730
chr12	93737823	-	LOC101928731	LOC101928731
chr16	87494186	+	LOC101928737	LOC101928737
chr3	179147973	-	LOC101928739	LOC101928739
chr9	115138409	-	LOC101928748	LOC101928748
chr13	21298091	-	LOC101928764	LOC101928764
chr9	115744239	-	LOC101928775	LOC101928775
chr7	131910219	+	LOC101928782	LOC101928782
chr9	138045071	-	LOC101928786	LOC101928786
chr21	45972969	+	LOC101928796	LOC101928796
chr9	117648605	+	LOC101928797	LOC101928797
chr19	54756329	-	LOC101928804	LOC101928804
chr7	132260860	+	LOC101928807	LOC101928807
chr10	19728550	-	LOC101928834	LOC101928834
chr11	76783062	-	LOC101928837	LOC101928837
chr13	113410975	-	LOC101928841	LOC101928841
chr19	5847466	+	LOC101928844	LOC101928844
chr11	112963460	-	LOC101928847	LOC101928847
chr17	80805632	-	LOC101928855	LOC101928855
chr5	67793212	+	LOC101928858	LOC101928858
chr7	133824888	-	LOC101928861	LOC101928861
chr2	233012613	+	LOC101928881	LOC101928881
chr3	180870178	-	LOC101928882	LOC101928882
chr11	46171954	+	LOC101928894	LOC101928894
chr11	78533175	+	LOC101928896	LOC101928896
chr8	144372871	-	LOC101928902	LOC101928902
chr15	62060502	+	LOC101928907	LOC101928907
chr14	90642628	+	LOC101928909	LOC101928909
chr6	87784859	+	LOC101928911	LOC101928911
chr5	69485612	-	LOC101928924	LOC101928924
chr9	138203453	-	LOC101928932	LOC101928932
chr6	88539369	-	LOC101928936	LOC101928936
chr12	99093358	+	LOC101928937	LOC101928937
chr11	114380039	-	LOC101928940	LOC101928940
chr10	67012153	-	LOC101928961	LOC101928961
chr1	115977276	-	LOC101928977	LOC101928977
chr4	84299169	-	LOC101928978	LOC101928978
chr11	115734762	-	LOC101928985	LOC101928985
chr15	63928273	+	LOC101928988	LOC101928988
chr10	69232490	-	LOC101928994	LOC101928994
chr6	29223972	+	LOC101929006	LOC101929006
chr3	52239237	+	LOC101929054	LOC101929054
chr6	89638531	+	LOC101929057	LOC101929057
chr12	103151841	+	LOC101929058	LOC101929058
chr8	18084867	+	LOC101929066	LOC101929066
chr10	25933710	-	LOC101929073	LOC101929073
chr15	67838879	-	LOC101929076	LOC101929076
chr11	118530775	-	LOC101929089	LOC101929089
chr1	117059490	-	LOC101929099	LOC101929099
chr3	187207629	-	LOC101929106	LOC101929106
chr5	76608969	-	LOC101929109	LOC101929109
chr9	126275915	-	LOC101929116	LOC101929116
chr10	26579307	-	LOC101929117	LOC101929117
chr6	159170007	-	LOC101929122	LOC101929122
chr19	22527949	-	LOC101929124	LOC101929124
chr8	9188998	+	LOC101929128	LOC101929128
chr3	187291271	+	LOC101929130	LOC101929130
chr13	41132927	+	LOC101929140	LOC101929140
chr17	18835663	+	LOC101929141	LOC101929141
chrY	22147484	-	LOC101929148	LOC101929148
chr5	77884655	+	LOC101929154	LOC101929154
chr4	25569346	-	LOC101929161	LOC101929161
chr12	107736554	+	LOC101929162	LOC101929162
chr10	74912785	+	LOC101929165	LOC101929165
chr8	21298238	+	LOC101929172	LOC101929172
chr6	33633745	-	LOC101929188	LOC101929188
chr11	120958039	-	LOC101929208	LOC101929208
chr4	94207556	-	LOC101929210	LOC101929210
chr8	48620402	+	LOC101929217	LOC101929217
chr11	120894797	-	LOC101929227	LOC101929227
chr8	10840025	+	LOC101929229	LOC101929229
chr10	75409156	+	LOC101929234	LOC101929234
chr8	22877971	+	LOC101929237	LOC101929237
chr6	34696153	+	LOC101929243	LOC101929243
chr13	45106278	+	LOC101929259	LOC101929259
chr8	48551566	+	LOC101929268	LOC101929268
chr8	11067089	-	LOC101929269	LOC101929269
chr10	30211851	+	LOC101929279	LOC101929279
chr8	24548618	-	LOC101929294	LOC101929294
chr11	95150538	+	LOC101929295	LOC101929295
chr6	166236968	+	LOC101929297	LOC101929297
chr8	24514868	-	LOC101929315	LOC101929315
chr2	151379371	-	LOC101929319	LOC101929319
chr7	65555065	-	LOC101929322	LOC101929322
chr9	129282415	+	LOC101929331	LOC101929331
chr11	124759133	+	LOC101929340	LOC101929340
chr8	52194361	+	LOC101929341	LOC101929341
chr4	100190032	+	LOC101929353	LOC101929353
chr22	17589192	-	LOC101929372	LOC101929372
chr5	87120147	+	LOC101929380	LOC101929380
chr3	102163704	+	LOC101929411	LOC101929411
chr20	10909272	-	LOC101929413	LOC101929413
chr8	56445806	+	LOC101929415	LOC101929415
chr6	168242937	+	LOC101929420	LOC101929420
chr11	126652777	+	LOC101929427	LOC101929427
chr10	32446056	-	LOC101929431	LOC101929431
chr15	76181486	-	LOC101929439	LOC101929439
chr2	7077880	-	LOC101929452	LOC101929452
chr15	77525594	+	LOC101929457	LOC101929457
chr6	169035643	-	LOC101929460	LOC101929460
chr8	29828504	-	LOC101929470	LOC101929470
chr11	127067001	+	LOC101929473	LOC101929473
chr15	85234781	-	LOC101929479	LOC101929479
chr8	57343786	+	LOC101929488	LOC101929488
chr2	161254643	-	LOC101929512	LOC101929512
chr6	169213211	+	LOC101929523	LOC101929523
chr5	16615925	+	LOC101929524	LOC101929524
chr8	58272101	-	LOC101929528	LOC101929528
chr2	162114440	+	LOC101929532	LOC101929532
chr1	39788975	+	LOC101929536	LOC101929536
chr11	128686922	-	LOC101929538	LOC101929538
chr8	35710320	-	LOC101929550	LOC101929550
chr2	7899655	-	LOC101929551	LOC101929551
chr17	82716253	-	LOC101929552	LOC101929552
chr6	41023280	-	LOC101929555	LOC101929555
chr9	23672399	-	LOC101929563	LOC101929563
chr14	19421025	+	LOC101929572	LOC101929572
chr10	80535942	-	LOC101929574	LOC101929574
chr4	106022478	-	LOC101929577	LOC101929577
chr17	39237769	+	LOC101929578	LOC101929578
chr3	107382159	-	LOC101929579	LOC101929579
chr9	40499730	+	LOC101929583	LOC101929583
chr15	80562944	-	LOC101929586	LOC101929586
chr5	69631144	+	LOC101929599	LOC101929599
chr16	2998954	+	LOC101929613	LOC101929613
chr4	108557232	+	LOC101929621	LOC101929621
chr8	37717578	+	LOC101929622	LOC101929622
chr1	46133370	+	LOC101929626	LOC101929626
chr2	164840748	+	LOC101929633	LOC101929633
chr5	29065243	+	LOC101929645	LOC101929645
chr11	131540867	-	LOC101929653	LOC101929653
chr13	52128894	+	LOC101929657	LOC101929657
chr10	85432862	+	LOC101929662	LOC101929662
chr20	32509958	+	LOC101929698	LOC101929698
chr6	44003650	-	LOC101929705	LOC101929705
chr8	89757711	-	LOC101929709	LOC101929709
chr5	95962000	+	LOC101929710	LOC101929710
chr14	20999163	-	LOC101929718	LOC101929718
chr5	140157318	+	LOC101929719	LOC101929719
chr9	92808087	-	LOC101929748	LOC101929748
chr4	119212644	-	LOC101929762	LOC101929762
chr17	43170403	-	LOC101929767	LOC101929767
chr22	42130881	-	LOC101929829	LOC101929829
chr2	10043401	-	LOC101929882	LOC101929882
chr8	42270961	-	LOC101929897	LOC101929897
chr1	56645318	-	LOC101929935	LOC101929935
chr17	36274198	+	LOC101929950	LOC101929950
chr7	154060570	-	LOC101929998	LOC101929998
chr19	42397127	+	LOC101930071	LOC101930071
chr7	35695205	+	LOC101930085	LOC101930085
chr21	42496538	+	LOC101930094	LOC101930094
chr4	173169652	-	LOC101930370	LOC101930370
chr10	628563	+	LOC101930421	LOC101930421
chr10	32347363	+	LOC102031319	LOC102031319
chr5	54703324	-	LOC102467080	LOC102467080
chr5	55024169	-	LOC102467081	LOC102467081
chr5	112682888	-	LOC102467216	LOC102467216
chr5	115672652	-	LOC102467217	LOC102467217
chr8	20953632	+	LOC102467222	LOC102467222
chr5	121322549	+	LOC102467226	LOC102467226
chr5	72557076	+	LOC102503427	LOC102503427
chr5	134435047	-	LOC102546229	LOC102546229
chr5	148383850	-	LOC102546294	LOC102546294
chr5	164470278	+	LOC102546299	LOC102546299
chr1	101025845	+	LOC102606465	LOC102606465
chr20	12936963	-	LOC102606466	LOC102606466
chr8	10729290	+	LOC102723313	LOC102723313
chr8	85177041	-	LOC102723322	LOC102723322
chr15	100558665	+	LOC102723335	LOC102723335
chr13	29647692	+	LOC102723345	LOC102723345
chr21	5569203	+	LOC102723360	LOC102723360
chr16	53373492	+	LOC102723373	LOC102723373
chr10	11720	+	LOC102723376	LOC102723376
chr16	19067483	-	LOC102723385	LOC102723385
chr7	68020252	+	LOC102723427	LOC102723427
chr10	74529324	-	LOC102723439	LOC102723439
chr15	67064182	-	LOC102723493	LOC102723493
chr17	72057734	-	LOC102723517	LOC102723517
chr15	23303510	-	LOC102723534	LOC102723534
chr12	257299	-	LOC102723544	LOC102723544
chr9	127816065	+	LOC102723566	LOC102723566
chr3	122416205	+	LOC102723582	LOC102723582
chr14	51918571	-	LOC102723604	LOC102723604
chr15	23136892	-	LOC102723623	LOC102723623
chr6	137665645	+	LOC102723649	LOC102723649
chr16	32676127	-	LOC102723655	LOC102723655
chr10	96832458	-	LOC102723665	LOC102723665
chr7	149438	-	LOC102723672	LOC102723672
chr16	17134503	+	LOC102723692	LOC102723692
chr8	37737426	-	LOC102723701	LOC102723701
chr4	102777036	+	LOC102723704	LOC102723704
chr9	61869138	-	LOC102723709	LOC102723709
chr8	41578368	-	LOC102723729	LOC102723729
chr2	1551929	+	LOC102723730	LOC102723730
chr16	32188113	-	LOC102723753	LOC102723753
chr22	11897405	+	LOC102723769	LOC102723769
chr14	64540368	-	LOC102723809	LOC102723809
chr6	151228457	-	LOC102723831	LOC102723831
chr11	102467254	+	LOC102723838	LOC102723838
chr6	68055350	+	LOC102723883	LOC102723883
chr7	90469638	+	LOC102723899	LOC102723899
chr13	63844125	-	LOC102723968	LOC102723968
chr9	135614182	+	LOC102723971	LOC102723971
chr21	5022530	+	LOC102723996	LOC102723996
chr12	10030606	-	LOC102724020	LOC102724020
chr15	82444869	-	LOC102724034	LOC102724034
chr12	54353690	+	LOC102724050	LOC102724050
chr2	165957417	+	LOC102724058	LOC102724058
chr11	66347990	+	LOC102724064	LOC102724064
chr16	80563135	-	LOC102724084	LOC102724084
chr6	4190029	-	LOC102724096	LOC102724096
chr15	84230136	-	LOC102724135	LOC102724135
chr6	163671484	-	LOC102724152	LOC102724152
chr14	75579588	-	LOC102724153	LOC102724153
chr9	88077900	-	LOC102724156	LOC102724156
chr21	5154658	-	LOC102724159	LOC102724159
chr16	83803976	-	LOC102724163	LOC102724163
chr21	5553636	+	LOC102724219	LOC102724219
chr9	39873852	+	LOC102724238	LOC102724238
chr11	69425654	+	LOC102724265	LOC102724265
chr11	119729582	+	LOC102724301	LOC102724301
chr10	45453121	-	LOC102724323	LOC102724323
chr6	169067785	+	LOC102724357	LOC102724357
chr22	37745944	-	LOC102724378	LOC102724378
chr5	157460100	-	LOC102724404	LOC102724404
chr12	67096284	-	LOC102724421	LOC102724421
chr7	116286664	-	LOC102724434	LOC102724434
chr15	86988426	-	LOC102724452	LOC102724452
chr16	87779148	-	LOC102724467	LOC102724467
chr10	47763592	-	LOC102724488	LOC102724488
chr6	170160641	+	LOC102724511	LOC102724511
chr17	47895816	-	LOC102724532	LOC102724532
chr2	85213651	+	LOC102724579	LOC102724579
chr9	40499980	+	LOC102724580	LOC102724580
chr10	47743698	+	LOC102724593	LOC102724593
chr17	49361164	+	LOC102724596	LOC102724596
chr3	181442486	-	LOC102724604	LOC102724604
chr8	63465848	+	LOC102724612	LOC102724612
chr17	19089442	+	LOC102724624	LOC102724624
chr6	111873451	+	LOC102724646	LOC102724646
chr8	67343833	+	LOC102724708	LOC102724708
chr8	92655494	-	LOC102724710	LOC102724710
chr10	51068552	-	LOC102724719	LOC102724719
chr5	95834826	+	LOC102724720	LOC102724720
chr7	63350066	-	LOC102724738	LOC102724738
chr15	21718307	-	LOC102724760	LOC102724760
chr22	18906319	+	LOC102724770	LOC102724770
chr4	155354215	+	LOC102724776	LOC102724776
chr11	8768777	+	LOC102724784	LOC102724784
chr22	18936293	-	LOC102724788	LOC102724788
chr8	96386648	-	LOC102724804	LOC102724804
chr14	23561096	+	LOC102724814	LOC102724814
chr21	5553636	+	LOC102724843	LOC102724843
chr2	215453706	+	LOC102724849	LOC102724849
chr8	77450696	+	LOC102724874	LOC102724874
chr9	43126165	+	LOC102724904	LOC102724904
chr19	28606687	+	LOC102724908	LOC102724908
chr21	5553636	+	LOC102724951	LOC102724951
chr19	28968467	+	LOC102724958	LOC102724958
chr15	30145546	-	LOC102725021	LOC102725021
chr19	54738545	+	LOC102725023	LOC102725023
chr22	18850117	+	LOC102725072	LOC102725072
chr8	13629689	+	LOC102725080	LOC102725080
chr7	12496428	+	LOC102725191	LOC102725191
chr19	18204729	+	LOC102725254	LOC102725254
chr17	4271894	-	LOC103021295	LOC103021295
chr15	84422518	+	LOC103171574	LOC103171574
chr10	112823495	+	LOC103344931	LOC103344931
chr6	139991261	-	LOC103352541	LOC103352541
chr9	62532561	+	LOC103908604	LOC103908604
chr9	42569349	-	LOC103908605	LOC103908605
chr8	101984431	+	LOC104054148	LOC104054148
chr15	92471546	-	LOC104613533	LOC104613533
chr18	3261818	-	LOC104968399	LOC104968399
chr17	76671927	+	LOC105274304	LOC105274304
chr1	143744834	+	LOC105369140	LOC105369140
chr7	81561819	-	LOC105369146	LOC105369146
chr8	103298818	-	LOC105369147	LOC105369147
chr12	65557311	-	LOC105369187	LOC105369187
chr1	120963647	+	LOC105369199	LOC105369199
chr15	100849751	+	LOC105369201	LOC105369201
chr20	62228242	+	LOC105369209	LOC105369209
chr15	96127841	-	LOC105369212	LOC105369212
chr16	32650142	+	LOC105369266	LOC105369266
chr21	36104880	+	LOC105369306	LOC105369306
chr11	62832233	+	LOC105369332	LOC105369332
chr11	75583195	+	LOC105369391	LOC105369391
chr11	94740355	-	LOC105369438	LOC105369438
chr11	115396755	+	LOC105369507	LOC105369507
chr11	115333576	+	LOC105369509	LOC105369509
chr11	120819115	-	LOC105369532	LOC105369532
chr11	121481789	-	LOC105369535	LOC105369535
chr12	586486	-	LOC105369595	LOC105369595
chr12	6889358	-	LOC105369632	LOC105369632
chr12	22625046	-	LOC105369691	LOC105369691
chr12	9647988	-	LOC105369728	LOC105369728
chr12	47307399	-	LOC105369747	LOC105369747
chr12	56025091	-	LOC105369781	LOC105369781
chr12	87330738	+	LOC105369879	LOC105369879
chr12	93943606	-	LOC105369911	LOC105369911
chr12	95858839	-	LOC105369921	LOC105369921
chr12	103496039	+	LOC105369945	LOC105369945
chr12	110957818	-	LOC105369980	LOC105369980
chr12	119176484	-	LOC105370024	LOC105370024
chr12	127655588	-	LOC105370068	LOC105370068
chr13	49247840	-	LOC105370203	LOC105370203
chr13	24541720	-	LOC105370295	LOC105370295
chr13	110121701	+	LOC105370361	LOC105370361
chr13	110813704	+	LOC105370362	LOC105370362
chr14	22432753	-	LOC105370401	LOC105370401
chr14	38882595	+	LOC105370457	LOC105370457
chr14	44507408	+	LOC105370473	LOC105370473
chr14	50821796	+	LOC105370489	LOC105370489
chr14	77034206	-	LOC105370579	LOC105370579
chr14	79199981	+	LOC105370586	LOC105370586
chr14	90517209	-	LOC105370619	LOC105370619
chr14	90697332	+	LOC105370622	LOC105370622
chr14	103334660	-	LOC105370687	LOC105370687
chr14	105531854	+	LOC105370697	LOC105370697
chr14	23057659	+	LOC105370705	LOC105370705
chr14	104138629	-	LOC105370708	LOC105370708
chr15	41892776	+	LOC105370792	LOC105370792
chr15	45705194	+	LOC105370802	LOC105370802
chr15	55056746	+	LOC105370829	LOC105370829
chr15	39782905	+	LOC105370941	LOC105370941
chr15	40906808	+	LOC105370943	LOC105370943
chr15	86932879	+	LOC105370954	LOC105370954
chr15	93206065	+	LOC105370980	LOC105370980
chr15	89400170	+	LOC105371031	LOC105371031
chr16	649313	-	LOC105371038	LOC105371038
chr16	1580526	+	LOC105371046	LOC105371046
chr16	2091435	+	LOC105371049	LOC105371049
chr16	11345212	-	LOC105371083	LOC105371083
chr1	144313938	-	LOC105371215	LOC105371215
chr16	53052873	-	LOC105371267	LOC105371267
chr16	70188321	+	LOC105371328	LOC105371328
chr16	71513810	+	LOC105371335	LOC105371335
chr16	89296127	+	LOC105371414	LOC105371414
chr17	414023	-	LOC105371430	LOC105371430
chr1	150160727	+	LOC105371433	LOC105371433
chr1	157925966	+	LOC105371458	LOC105371458
chr17	2017715	+	LOC105371485	LOC105371485
chr17	18117561	-	LOC105371566	LOC105371566
chr17	2712308	+	LOC105371592	LOC105371592
chr17	27089241	-	LOC105371703	LOC105371703
chr17	32143135	-	LOC105371730	LOC105371730
chr17	38701143	+	LOC105371763	LOC105371763
chr17	44115911	+	LOC105371789	LOC105371789
chr17	45171485	-	LOC105371795	LOC105371795
chr17	48908983	-	LOC105371814	LOC105371814
chr17	50538754	-	LOC105371824	LOC105371824
chr17	60079308	+	LOC105371849	LOC105371849
chr17	62706205	+	LOC105371855	LOC105371855
chr17	69485532	-	LOC105371880	LOC105371880
chr17	76969199	-	LOC105371899	LOC105371899
chr17	78248315	+	LOC105371910	LOC105371910
chr17	81228706	+	LOC105371925	LOC105371925
chr18	12432773	+	LOC105371998	LOC105371998
chr18	24725780	+	LOC105372028	LOC105372028
chr18	27342656	-	LOC105372038	LOC105372038
chr18	37274459	+	LOC105372068	LOC105372068
chr18	36923814	-	LOC105372069	LOC105372069
chr18	36663418	-	LOC105372071	LOC105372071
chr18	69469930	+	LOC105372179	LOC105372179
chr19	11203627	+	LOC105372273	LOC105372273
chr19	35947114	+	LOC105372383	LOC105372383
chr19	38596346	+	LOC105372397	LOC105372397
chr19	50786160	-	LOC105372440	LOC105372440
chr19	50830529	+	LOC105372441	LOC105372441
chr19	58327248	-	LOC105372480	LOC105372480
chr19	58362625	+	LOC105372483	LOC105372483
chr20	1118448	-	LOC105372493	LOC105372493
chr20	25751207	+	LOC105372582	LOC105372582
chr20	45427421	+	LOC105372631	LOC105372631
chr20	46406778	+	LOC105372633	LOC105372633
chr20	49915821	+	LOC105372653	LOC105372653
chr20	53608353	+	LOC105372672	LOC105372672
chr20	58773424	+	LOC105372695	LOC105372695
chr22	27187515	+	LOC105372977	LOC105372977
chr22	30432685	+	LOC105372990	LOC105372990
chr22	36703875	+	LOC105373021	LOC105373021
chr22	38570499	+	LOC105373031	LOC105373031
chr22	41560883	-	LOC105373044	LOC105373044
chr22	45191612	-	LOC105373064	LOC105373064
chr22	50738169	-	LOC105373100	LOC105373100
chrX	6226357	+	LOC105373156	LOC105373156
chr1	229271154	-	LOC105373159	LOC105373159
chr1	227786811	+	LOC105373289	LOC105373289
chrX	109732510	+	LOC105373311	LOC105373311
chrX	130802635	+	LOC105373338	LOC105373338
chr2	558200	+	LOC105373352	LOC105373352
chrX	153352028	+	LOC105373378	LOC105373378
chrX	153599339	+	LOC105373383	LOC105373383
chr2	3974160	+	LOC105373394	LOC105373394
chr2	96532306	-	LOC105373496	LOC105373496
chr2	110611125	+	LOC105373553	LOC105373553
chr2	112542212	-	LOC105373562	LOC105373562
chr2	127570962	-	LOC105373609	LOC105373609
chr2	144524444	-	LOC105373656	LOC105373656
chr2	177212411	-	LOC105373759	LOC105373759
chr2	185167072	-	LOC105373782	LOC105373782
chr2	191021525	+	LOC105373805	LOC105373805
chr2	216867809	-	LOC105373876	LOC105373876
chr3	112302477	+	LOC105374042	LOC105374042
chr3	118810833	-	LOC105374060	LOC105374060
chr3	166898682	+	LOC105374194	LOC105374194
chr3	195652159	-	LOC105374297	LOC105374297
chr3	125774713	+	LOC105374312	LOC105374312
chr3	150096442	+	LOC105374313	LOC105374313
chr4	577167	+	LOC105374338	LOC105374338
chr4	1113638	+	LOC105374344	LOC105374344
chr2	27716122	+	LOC105374378	LOC105374378
chr2	29475377	-	LOC105374389	LOC105374389
chr4	42391268	-	LOC105374428	LOC105374428
chr4	21582095	+	LOC105374516	LOC105374516
chr5	2917853	+	LOC105374620	LOC105374620
chr5	29880559	+	LOC105374704	LOC105374704
chr5	37249045	+	LOC105374727	LOC105374727
chr2	78545530	+	LOC105374820	LOC105374820
chr6	17706129	+	LOC105374952	LOC105374952
chr6	19449820	+	LOC105374960	LOC105374960
chr6	22717924	-	LOC105374972	LOC105374972
chr6	26569323	+	LOC105374988	LOC105374988
chr6	44551881	-	LOC105375075	LOC105375075
chr7	174919	+	LOC105375115	LOC105375115
chr7	4134837	-	LOC105375131	LOC105375131
chr7	15667946	+	LOC105375166	LOC105375166
chr7	30286085	-	LOC105375218	LOC105375218
chr7	57222174	-	LOC105375297	LOC105375297
chr7	1619594	+	LOC105375303	LOC105375303
chr7	26376269	-	LOC105375304	LOC105375304
chr7	99997074	+	LOC105375423	LOC105375423
chr7	100656560	+	LOC105375429	LOC105375429
chr7	123994621	+	LOC105375483	LOC105375483
chr7	130367127	-	LOC105375504	LOC105375504
chr7	133108511	-	LOC105375512	LOC105375512
chr7	147671678	+	LOC105375556	LOC105375556
chr8	102412338	+	LOC105375683	LOC105375683
chr8	103499231	-	LOC105375690	LOC105375690
chr8	116652099	+	LOC105375713	LOC105375713
chr8	124998198	-	LOC105375744	LOC105375744
chr8	133684066	-	LOC105375773	LOC105375773
chr8	141254566	+	LOC105375787	LOC105375787
chr8	143760508	-	LOC105375800	LOC105375800
chr8	55520978	-	LOC105375843	LOC105375843
chr8	60910798	-	LOC105375938	LOC105375938
chr9	9799391	+	LOC105375972	LOC105375972
chr9	83707834	+	LOC105376114	LOC105376114
chr9	104270228	+	LOC105376194	LOC105376194
chr9	125200396	-	LOC105376271	LOC105376271
chr9	133030422	-	LOC105376306	LOC105376306
chr9	137947060	-	LOC105376331	LOC105376331
chr10	3249013	+	LOC105376353	LOC105376353
chr10	3318694	+	LOC105376360	LOC105376360
chr10	8594391	-	LOC105376398	LOC105376398
chr10	23343956	+	LOC105376453	LOC105376453
chr11	3477073	-	LOC105376526	LOC105376526
chr15	75229690	-	LOC105376731	LOC105376731
chr16	74407219	-	LOC105376772	LOC105376772
chr1	16889478	-	LOC105376805	LOC105376805
chr19	22532485	-	LOC105376917	LOC105376917
chr3	17742943	+	LOC105376975	LOC105376975
chr3	57269565	+	LOC105377102	LOC105377102
chr3	66738336	-	LOC105377143	LOC105377143
chr3	68500636	+	LOC105377146	LOC105377146
chr3	72664249	-	LOC105377162	LOC105377162
chrX	151515550	+	LOC105377213	LOC105377213
chr4	69182099	+	LOC105377267	LOC105377267
chr4	98658901	+	LOC105377342	LOC105377342
chr4	139012646	-	LOC105377448	LOC105377448
chr4	143829348	-	LOC105377458	LOC105377458
chr4	148942378	-	LOC105377480	LOC105377480
chr4	185471430	+	LOC105377590	LOC105377590
chr4	102502486	-	LOC105377621	LOC105377621
chr4	143184861	-	LOC105377623	LOC105377623
chr4	32022422	-	LOC105377651	LOC105377651
chr5	177809507	-	LOC105377752	LOC105377752
chr5	179657761	+	LOC105377763	LOC105377763
chr8	883226	-	LOC105377777	LOC105377777
chr8	2726955	+	LOC105377785	LOC105377785
chr6	83709441	+	LOC105377879	LOC105377879
chr6	106457248	-	LOC105377924	LOC105377924
chr6	118085902	+	LOC105377967	LOC105377967
chr6	119549807	+	LOC105377975	LOC105377975
chr6	149934512	+	LOC105378052	LOC105378052
chr6	155514843	+	LOC105378068	LOC105378068
chr6	161470976	+	LOC105378098	LOC105378098
chr6	167169980	-	LOC105378123	LOC105378123
chr6	167472790	-	LOC105378127	LOC105378127
chr6	168226517	-	LOC105378137	LOC105378137
chr6	168964382	-	LOC105378146	LOC105378146
chr14	103317283	+	LOC105378183	LOC105378183
chr5	151212133	+	LOC105378230	LOC105378230
chr10	42755141	+	LOC105378269	LOC105378269
chr10	47414475	-	LOC105378292	LOC105378292
chr10	52755404	-	LOC105378305	LOC105378305
chr10	54486229	+	LOC105378311	LOC105378311
chr10	63430574	+	LOC105378330	LOC105378330
chr10	75712454	+	LOC105378367	LOC105378367
chr10	91033165	+	LOC105378430	LOC105378430
chr10	110151980	-	LOC105378479	LOC105378479
chr10	46284849	+	LOC105378577	LOC105378577
chr1	1599432	+	LOC105378586	LOC105378586
chr1	2050070	-	LOC105378591	LOC105378591
chr1	19596832	-	LOC105378614	LOC105378614
chr1	38873400	+	LOC105378663	LOC105378663
chr1	119001405	-	LOC105378933	LOC105378933
chr1	1069337	-	LOC105378948	LOC105378948
chr1	1891179	+	LOC105378949	LOC105378949
chr5	56772871	-	LOC105378979	LOC105378979
chr5	73150592	-	LOC105379030	LOC105379030
chr5	119037661	-	LOC105379143	LOC105379143
chr5	123090316	-	LOC105379152	LOC105379152
chr5	132682629	-	LOC105379176	LOC105379176
chr5	133968688	+	LOC105379183	LOC105379183
chr5	137128196	+	LOC105379192	LOC105379192
chr5	138753309	-	LOC105379194	LOC105379194
chr9	40323570	+	LOC105379252	LOC105379252
chr8	25361512	-	LOC105379331	LOC105379331
chr8	42051749	+	LOC105379393	LOC105379393
chr9	40497849	+	LOC105379443	LOC105379443
chr9	67009022	-	LOC105379450	LOC105379450
chr20	29448516	+	LOC105379477	LOC105379477
chr21	9662188	+	LOC105379514	LOC105379514
chr9	61862615	-	LOC105379807	LOC105379807
chr19	48703848	-	LOC105447645	LOC105447645
chr16	2268662	+	LOC106660606	LOC106660606
chr16	66751751	+	LOC106699570	LOC106699570
chr21	6532776	-	LOC106780825	LOC106780825
chr10	47407164	+	LOC107001062	LOC107001062
chr9	41358861	+	LOC107984035	LOC107984035
chr13	19118283	-	LOC107984132	LOC107984132
chr10	11611300	+	LOC107984208	LOC107984208
chr10	60944373	+	LOC107984236	LOC107984236
chr10	102918335	-	LOC107984265	LOC107984265
chr10	132536923	-	LOC107984282	LOC107984282
chr11	67118348	-	LOC107984341	LOC107984341
chr11	120168976	+	LOC107984399	LOC107984399
chr12	1532192	-	LOC107984507	LOC107984507
chr14	95715482	+	LOC107984703	LOC107984703
chr15	62203318	-	LOC107984784	LOC107984784
chr16	67562309	-	LOC107984813	LOC107984813
chr17	31008283	+	LOC107984974	LOC107984974
chr17	35553204	+	LOC107985033	LOC107985033
chr1	247332053	+	LOC107985115	LOC107985115
chr1	111620398	-	LOC107985184	LOC107985184
chr1	201507212	+	LOC107985246	LOC107985246
chr1	227967010	+	LOC107985355	LOC107985355
chr1	120558684	+	LOC107985524	LOC107985524
chr22	21652180	+	LOC107985532	LOC107985532
chr22	30921779	-	LOC107985544	LOC107985544
chr1	925604	-	LOC107985728	LOC107985728
chr2	69798998	-	LOC107985770	LOC107985770
chr2	124025174	-	LOC107985820	LOC107985820
chr2	20501524	-	LOC107985856	LOC107985856
chr2	89585665	-	LOC107985911	LOC107985911
chr2	117833730	+	LOC107985939	LOC107985939
chr2	135742644	-	LOC107985946	LOC107985946
chr3	184712242	+	LOC107986163	LOC107986163
chr4	119627789	+	LOC107986192	LOC107986192
chr5	135821757	+	LOC107986453	LOC107986453
chr7	51393256	-	LOC107986794	LOC107986794
chr7	128386681	+	LOC107986845	LOC107986845
chr8	22605000	-	LOC107986876	LOC107986876
chr9	136117791	+	LOC107987142	LOC107987142
chr6	26091034	-	LOC108783645	LOC108783645
chr17	42554802	-	LOC108783654	LOC108783654
chr22	26860210	+	LOC110091768	LOC110091768
chr21	13933879	-	LOC110091776	LOC110091776
chr21	6858449	+	LOC110091777	LOC110091777
chr6	31982056	+	LOC110384692	LOC110384692
chr1	16872225	+	LOC112267871	LOC112267871
chr19	54754700	+	LOC112267881	LOC112267881
chr5	140875891	-	LOC112267934	LOC112267934
chr7	39949419	-	LOC112267983	LOC112267983
chr7	431801	-	LOC112267991	LOC112267991
chr10	58329679	-	LOC112268068	LOC112268068
chr13	94713443	-	LOC112268114	LOC112268114
chr13	46459185	-	LOC112268117	LOC112268117
chr14	34874190	+	LOC112268124	LOC112268124
chr14	38256044	+	LOC112268136	LOC112268136
chr14	63542783	+	LOC112268140	LOC112268140
chr16	35195758	+	LOC112268173	LOC112268173
chr1	2189797	+	LOC112268219	LOC112268219
chr20	63865073	-	LOC112268269	LOC112268269
chr19	54803535	+	LOC112268354	LOC112268354
chr19	54816454	+	LOC112268355	LOC112268355
chr1	161135149	+	LOC112543491	LOC112543491
chr10	122672849	+	LOC112577516	LOC112577516
chr18	7461006	-	LOC112577592	LOC112577592
chr16	30053089	+	LOC112694756	LOC112694756
chr11	64241094	+	LOC114841035	LOC114841035
chr22	40044530	-	LOC114841040	LOC114841040
chr6	156778518	-	LOC115308161	LOC115308161
chr11	3610323	+	LOC115995503	LOC115995503
chr7	425461	+	LOC116435278	LOC116435278
chr1	20154213	+	LOC117779438	LOC117779438
chr11	575885	-	LOC143666	LOC143666
chr14	71487860	+	LOC145474	LOC145474
chr15	69415029	-	LOC145694	LOC145694
chr15	56918499	-	LOC145783	LOC145783
chr15	36886533	-	LOC145845	LOC145845
chr1	207818378	+	LOC148696	LOC148696
chr20	38260174	+	LOC149684	LOC149684
chr21	31559232	+	LOC150051	LOC150051
chr2	239762859	+	LOC150935	LOC150935
chr3	37244195	-	LOC152048	LOC152048
chr5	43042133	+	LOC153684	LOC153684
chr6	142637836	-	LOC153910	LOC153910
chr6	170262569	-	LOC154449	LOC154449
chr7	143836717	-	LOC154761	LOC154761
chr7	149285280	+	LOC155060	LOC155060
chr8	9325050	+	LOC157273	LOC157273
chr9	96116411	-	LOC158434	LOC158434
chr9	96065838	+	LOC158435	LOC158435
chr11	777577	+	LOC171391	LOC171391
chr5	177672277	-	LOC202181	LOC202181
chr3	197627881	-	LOC220729	LOC220729
chr7	5513853	+	LOC221946	LOC221946
chr14	20588223	+	LOC254028	LOC254028
chr8	23084354	+	LOC254896	LOC254896
chr5	53109841	+	LOC257396	LOC257396
chr10	42755203	-	LOC283028	LOC283028
chr10	125683242	+	LOC283038	LOC283038
chr10	62375127	-	LOC283045	LOC283045
chr11	59058452	-	LOC283194	LOC283194
chr11	75768647	-	LOC283214	LOC283214
chr11	7905955	-	LOC283299	LOC283299
chr12	53054438	-	LOC283335	LOC283335
chr12	57896482	-	LOC283387	LOC283387
chr15	58065224	+	LOC283665	LOC283665
chr15	22757856	+	LOC283683	LOC283683
chr15	31230862	-	LOC283710	LOC283710
chr15	74129278	-	LOC283731	LOC283731
chr16	56191094	-	LOC283856	LOC283856
chr16	74368255	-	LOC283922	LOC283922
chr17	2415436	-	LOC284009	LOC284009
chr17	16981353	-	LOC284191	LOC284191
chr18	79579281	+	LOC284240	LOC284240
chr18	79679745	-	LOC284241	LOC284241
chr19	43248646	-	LOC284344	LOC284344
chr19	53603497	-	LOC284379	LOC284379
chr19	29525752	-	LOC284395	LOC284395
chr19	37269010	-	LOC284412	LOC284412
chr19	13842918	-	LOC284454	LOC284454
chr1	205862078	+	LOC284581	LOC284581
chr20	22420643	-	LOC284788	LOC284788
chr20	25147993	-	LOC284798	LOC284798
chr22	20204918	-	LOC284865	LOC284865
chr22	27060401	-	LOC284898	LOC284898
chr22	47631673	+	LOC284930	LOC284930
chr22	48547387	-	LOC284933	LOC284933
chr2	85815129	+	LOC284950	LOC284950
chr2	105610559	-	LOC285000	LOC285000
chr2	242001208	+	LOC285097	LOC285097
chr2	240686333	+	LOC285191	LOC285191
chr5	173579633	+	LOC285593	LOC285593
chr5	159331517	+	LOC285626	LOC285626
chr5	109326369	-	LOC285638	LOC285638
chr6	119491302	-	LOC285762	LOC285762
chr6	205484	-	LOC285766	LOC285766
chr6	170276762	-	LOC285804	LOC285804
chr6	26482509	-	LOC285819	LOC285819
chr6	35736947	-	LOC285847	LOC285847
chr7	156445588	-	LOC285889	LOC285889
chr8	23068228	+	LOC286059	LOC286059
chr8	1302607	-	LOC286083	LOC286083
chr8	57261225	+	LOC286177	LOC286177
chr8	57746148	+	LOC286178	LOC286178
chr9	63127100	-	LOC286297	LOC286297
chr9	97396691	-	LOC286359	LOC286359
chrX	104124632	-	LOC286437	LOC286437
chr11	69171562	-	LOC338694	LOC338694
chr15	82713993	-	LOC338963	LOC338963
chr16	88742766	+	LOC339059	LOC339059
chr17	5772233	+	LOC339166	LOC339166
chr17	45221765	-	LOC339192	LOC339192
chr17	20938565	+	LOC339260	LOC339260
chr18	76122997	+	LOC339298	LOC339298
chr1	42857621	+	LOC339539	LOC339539
chr20	11273383	-	LOC339593	LOC339593
chr22	32376663	+	LOC339666	LOC339666
chr22	47345570	+	LOC339685	LOC339685
chr2	61144975	-	LOC339803	LOC339803
chr3	17962551	+	LOC339862	LOC339862
chr3	131381475	-	LOC339874	LOC339874
chr3	59658497	-	LOC339902	LOC339902
chr4	187505613	-	LOC339975	LOC339975
chr5	73201961	-	LOC340090	LOC340090
chr8	12811478	-	LOC340357	LOC340357
chr9	107102988	-	LOC340512	LOC340512
chr11	123017565	+	LOC341056	LOC341056
chr1	153793946	+	LOC343052	LOC343052
chr4	40057199	-	LOC344967	LOC344967
chr7	137164341	-	LOC349160	LOC349160
chr12	9617283	+	LOC374443	LOC374443
chr2	38960344	-	LOC375196	LOC375196
chr16	29467578	-	LOC388242	LOC388242
chr16	57810518	+	LOC388282	LOC388282
chr17	19089460	+	LOC388436	LOC388436
chr20	2206927	+	LOC388780	LOC388780
chr21	14643107	-	LOC388813	LOC388813
chr4	7939000	+	LOC389199	LOC389199
chr4	183504515	-	LOC389247	LOC389247
chr7	155961340	+	LOC389602	LOC389602
chr8	23225220	+	LOC389641	LOC389641
chr9	14993326	+	LOC389705	LOC389705
chr9	85806001	+	LOC389765	LOC389765
chrX	140091666	+	LOC389895	LOC389895
chrX	3843894	-	LOC389906	LOC389906
chr16	32289981	-	LOC390705	LOC390705
chr19	6393768	+	LOC390877	LOC390877
chr8	12129297	-	LOC392196	LOC392196
chr8	72251634	-	LOC392232	LOC392232
chr9	87859056	-	LOC392364	LOC392364
chr11	129283164	-	LOC399975	LOC399975
chr15	99807022	+	LOC400464	LOC400464
chr16	11527247	-	LOC400499	LOC400499
chr16	70173448	-	LOC400541	LOC400541
chr16	88100985	-	LOC400553	LOC400553
chr17	77527000	+	LOC400622	LOC400622
chr17	80971213	-	LOC400627	LOC400627
chr19	21649667	+	LOC400682	LOC400682
chr19	32405539	-	LOC400684	LOC400684
chr19	50050588	+	LOC400710	LOC400710
chr21	38938429	-	LOC400867	LOC400867
chr2	5981977	+	LOC400940	LOC400940
chr2	176136611	+	LOC401021	LOC401021
chr4	39480254	+	LOC401127	LOC401127
chr5	16180240	+	LOC401176	LOC401176
chr6	42783495	+	LOC401261	LOC401261
chr7	22665533	-	LOC401312	LOC401312
chr7	35313854	+	LOC401324	LOC401324
chr7	56812736	-	LOC401357	LOC401357
chr8	738547	+	LOC401442	LOC401442
chr8	64577263	-	LOC401463	LOC401463
chr8	138083545	-	LOC401478	LOC401478
chr9	135181608	+	LOC401557	LOC401557
chr11	125495213	+	LOC403312	LOC403312
chr7	129126270	+	LOC407835	LOC407835
chr12	9448286	+	LOC408186	LOC408186
chr12	105107642	-	LOC414300	LOC414300
chr4	36244115	+	LOC439933	LOC439933
chr11	49558527	+	LOC440040	LOC440040
chr12	11486678	-	LOC440084	LOC440084
chr9	87042126	-	LOC440173	LOC440173
chr15	84191847	+	LOC440300	LOC440300
chr15	94855362	+	LOC440311	LOC440311
chr16	22374886	+	LOC440346	LOC440346
chr1	165698749	+	LOC440700	LOC440700
chr2	109947689	+	LOC440895	LOC440895
chr9	41107812	-	LOC440896	LOC440896
chr2	131279289	+	LOC440910	LOC440910
chr3	147421326	+	LOC440982	LOC440982
chr4	171813607	-	LOC441052	LOC441052
chr5	70486500	+	LOC441081	LOC441081
chr5	74865892	+	LOC441086	LOC441086
chr5	75717431	+	LOC441087	LOC441087
chr6	65301417	+	LOC441155	LOC441155
chr6	167795528	+	LOC441179	LOC441179
chr7	26398568	+	LOC441204	LOC441204
chr7	65750924	-	LOC441242	LOC441242
chr9	96725820	+	LOC441455	LOC441455
chr10	42368045	-	LOC441666	LOC441666
chr2	94947342	-	LOC442028	LOC442028
chr5	7306714	-	LOC442132	LOC442132
chr7	379424	+	LOC442497	LOC442497
chr9	87939260	-	LOC497256	LOC497256
chr9	125745929	-	LOC51145	LOC51145
chr7	72969633	+	LOC541473	LOC541473
chr4	68053507	+	LOC550113	LOC550113
chr16	25031740	+	LOC554206	LOC554206
chr9	39873856	+	LOC554249	LOC554249
chr12	149169	-	LOC574538	LOC574538
chr16	29449344	+	LOC606724	LOC606724
chr16	29467578	-	LOC613038	LOC613038
chr9	124261168	-	LOC613206	LOC613206
chr20	15923314	-	LOC613266	LOC613266
chr7	64582609	+	LOC641746	LOC641746
chr15	21735999	-	LOC642131	LOC642131
chr10	79825901	+	LOC642361	LOC642361
chr5	51383332	-	LOC642366	LOC642366
chr11	89820324	+	LOC642414	LOC642414
chr18	56191262	-	LOC642484	LOC642484
chr22	46071021	-	LOC642648	LOC642648
chr12	9283656	+	LOC642846	LOC642846
chr9	66164906	-	LOC642929	LOC642929
chr9	92882566	+	LOC642943	LOC642943
chr2	159615293	+	LOC643072	LOC643072
chr5	176199295	-	LOC643201	LOC643201
chr6	3455702	+	LOC643327	LOC643327
chr12	93377736	-	LOC643339	LOC643339
chr20	5471195	+	LOC643406	LOC643406
chr1	113206253	-	LOC643441	LOC643441
chr18	67516545	+	LOC643542	LOC643542
chr16	53371212	-	LOC643802	LOC643802
chr7	151806337	+	LOC644090	LOC644090
chr6	136072827	-	LOC644135	LOC644135
chr19	36421173	+	LOC644189	LOC644189
chr10	97426057	-	LOC644215	LOC644215
chr5	87323628	-	LOC644285	LOC644285
chr19	37817410	+	LOC644554	LOC644554
chr1	143793599	+	LOC644634	LOC644634
chr11	9460698	-	LOC644656	LOC644656
chr18	15325919	-	LOC644669	LOC644669
chr5	80300478	-	LOC644936	LOC644936
chr12	24997574	+	LOC645177	LOC645177
chrX	141625863	+	LOC645188	LOC645188
chr15	28358080	-	LOC645202	LOC645202
chr12	30755073	+	LOC645485	LOC645485
chr15	77926846	-	LOC645752	LOC645752
chr6	149717620	+	LOC645967	LOC645967
chr11	77571088	+	LOC646029	LOC646029
chr17	31059109	-	LOC646030	LOC646030
chr15	21297829	-	LOC646214	LOC646214
chr1	25823606	-	LOC646471	LOC646471
chr14	70187107	+	LOC646548	LOC646548
chr7	25663140	-	LOC646588	LOC646588
chr1	85276357	+	LOC646626	LOC646626
chr5	34189580	+	LOC646652	LOC646652
chr2	226142793	+	LOC646736	LOC646736
chr7	29685138	-	LOC646762	LOC646762
chr11	50409146	+	LOC646813	LOC646813
chr3	149971278	+	LOC646903	LOC646903
chr15	78752036	+	LOC646938	LOC646938
chr1	182839591	-	LOC647070	LOC647070
chr13	63833053	-	LOC647264	LOC647264
chr5	43018811	-	LOC648987	LOC648987
chr11	120265932	-	LOC649133	LOC649133
chr8	12379789	-	LOC649352	LOC649352
chr7	56448375	-	LOC650226	LOC650226
chr9	137788406	-	LOC651337	LOC651337
chr16	2603383	+	LOC652276	LOC652276
chr1	34978706	-	LOC653160	LOC653160
chr1	148929140	+	LOC653513	LOC653513
chr17	60102919	-	LOC653653	LOC653653
chr3	128871541	-	LOC653712	LOC653712
chr16	84197053	-	LOC654780	LOC654780
chr15	82513995	-	LOC727751	LOC727751
chr8	37748046	-	LOC728024	LOC728024
chr10	126425929	+	LOC728158	LOC728158
chr5	14664604	-	LOC728178	LOC728178
chr11	111510601	+	LOC728196	LOC728196
chr17	5501006	-	LOC728392	LOC728392
chr19	36773152	+	LOC728485	LOC728485
chr5	177875260	+	LOC728554	LOC728554
chr5	1634005	-	LOC728613	LOC728613
chrX	140017267	+	LOC728660	LOC728660
chr9	62897375	+	LOC728673	LOC728673
chr12	9407414	-	LOC728715	LOC728715
chr12	107903771	-	LOC728739	LOC728739
chr7	150405751	+	LOC728743	LOC728743
chr19	36489626	+	LOC728752	LOC728752
chr14	27673221	-	LOC728755	LOC728755
chr11	65181834	-	LOC728975	LOC728975
chr1	147043039	-	LOC728989	LOC728989
chr5	141896695	-	LOC729080	LOC729080
chr4	118591743	+	LOC729218	LOC729218
chr2	191792839	+	LOC729254	LOC729254
chr12	28190738	-	LOC729291	LOC729291
chr20	60087685	+	LOC729296	LOC729296
chr4	150579088	+	LOC729558	LOC729558
chrX	19989779	-	LOC729609	LOC729609
chr16	2468213	-	LOC729652	LOC729652
chr6	166097719	+	LOC729681	LOC729681
chr17	63700337	+	LOC729683	LOC729683
chr8	12665611	-	LOC729732	LOC729732
chr1	140566	-	LOC729737	LOC729737
chr10	79510982	-	LOC729815	LOC729815
chr1	160208869	-	LOC729867	LOC729867
chr4	152936837	-	LOC729870	LOC729870
chr1	89290362	-	LOC729930	LOC729930
chr19	18255419	-	LOC729966	LOC729966
chr2	227618655	-	LOC729968	LOC729968
chr9	34666045	-	LOC730098	LOC730098
chr2	51032600	+	LOC730100	LOC730100
chr6	52664400	+	LOC730101	LOC730101
chr16	30698471	-	LOC730183	LOC730183
chr14	96502326	-	LOC730202	LOC730202
chr7	45805228	+	LOC730234	LOC730234
chr7	46697122	-	LOC730338	LOC730338
chr22	46006615	+	LOC730668	LOC730668
chr5	90409999	+	LOC731157	LOC731157
chr13	78596121	+	LOC780529	LOC780529
chr17	19089460	+	LOC79999	LOC79999
chr3	128507834	+	LOC90246	LOC90246
chr22	30246209	+	LOC91370	LOC91370
chr15	77994225	-	LOC91450	LOC91450
chr1	211675761	+	LOC91548	LOC91548
chr19	46210241	+	LOC93429	LOC93429
chr2	237056167	-	LOC93463	LOC93463
chr4	6674074	+	LOC93622	LOC93622
chr12	12357067	-	LOH12CR2	LOH12CR2
chr19	5720146	-	LONP1	LONP1
chr16	48244299	+	LONP2	LONP2
chr8	12755526	-	LONRF1	LONRF1
chr2	100322501	-	LONRF2	LONRF2
chrX	118974613	+	LONRF3	LONRF3
chr1	153259686	+	LORICRIN	LORICRIN
chr5	122077174	-	LOX	LOX
chr18	46519086	-	LOXHD1	LOXHD1
chr15	73926461	+	LOXL1	LOXL1
chr15	73927786	-	LOXL1-AS1	LOXL1-AS1
chr8	23404120	-	LOXL2	LOXL2
chr2	74549526	-	LOXL3	LOXL3
chr10	98268194	-	LOXL4	LOXL4
chr6	160664275	-	LPA	LPA
chr6	160511124	-	LPAL2	LPAL2
chr9	111036780	-	LPAR1	LPAR1
chr19	19628220	-	LPAR2	LPAR2
chr1	84893206	-	LPAR3	LPAR3
chrX	78747708	+	LPAR4	LPAR4
chr12	6631649	-	LPAR5	LPAR5
chr13	48413113	-	LPAR6	LPAR6
chr5	1523960	-	LPCAT1	LPCAT1
chr16	55509071	+	LPCAT2	LPCAT2
chr12	7018476	-	LPCAT3	LPCAT3
chr15	34367196	-	LPCAT4	LPCAT4
chr1	211830153	-	LPGAT1	LPGAT1
chr1	211829636	+	LPGAT1-AS1	LPGAT1-AS1
chr2	11677543	+	LPIN1	LPIN1
chr18	3011947	-	LPIN2	LPIN2
chr20	41340820	+	LPIN3	LPIN3
chr8	19939252	+	LPL	LPL
chr17	58238425	+	LPO	LPO
chr3	188153020	+	LPP	LPP
chr3	188568666	-	LPP-AS1	LPP-AS1
chr3	188154088	-	LPP-AS2	LPP-AS2
chr11	58575856	-	LPXN	LPXN
chr4	154740840	+	LRAT	LRAT
chr2	14632716	+	LRATD1	LRATD1
chr8	126558478	-	LRATD2	LRATD2
chr4	151015267	-	LRBA	LRBA
chr13	46553169	+	LRCH1	LRCH1
chrX	115234072	-	LRCH2	LRCH2
chr3	197791225	+	LRCH3	LRCH3
chr7	100586129	-	LRCH4	LRCH4
chr12	132610582	-	LRCOL1	LRCOL1
chr19	39320863	-	LRFN1	LRFN1
chr6	40587364	-	LRFN2	LRFN2
chr19	35936373	+	LRFN3	LRFN3
chr11	66857063	+	LRFN4	LRFN4
chr14	41606855	+	LRFN5	LRFN5
chr19	4540036	-	LRG1	LRG1
chr7	134127339	+	LRGUK	LRGUK
chr1	110963922	-	LRIF1	LRIF1
chr3	66405767	-	LRIG1	LRIG1
chr1	113073197	+	LRIG2	LRIG2
chr1	113073102	-	LRIG2-DT	LRIG2-DT
chr12	58919546	-	LRIG3	LRIG3
chr10	84241546	-	LRIT1	LRIT1
chr10	84225544	-	LRIT2	LRIT2
chr4	109848106	+	LRIT3	LRIT3
chr10	75431623	+	LRMDA	LRMDA
chr12	57128482	+	LRP1	LRP1
chr12	57147619	-	LRP1-AS	LRP1-AS
chr14	22871739	+	LRP10	LRP10
chr6	149864359	-	LRP11	LRP11
chr8	104589024	-	LRP12	LRP12
chr2	142131016	-	LRP1B	LRP1B
chr2	169362534	-	LRP2	LRP2
chr4	185378998	-	LRP2BP	LRP2BP
chr19	33194329	+	LRP3	LRP3
chr11	46918550	-	LRP4	LRP4
chr11	46846410	+	LRP4-AS1	LRP4-AS1
chr11	68312590	+	LRP5	LRP5
chr22	25362557	-	LRP5L	LRP5L
chr12	12267044	-	LRP6	LRP6
chr1	53328070	-	LRP8	LRP8
chr4	3532149	-	LRPAP1	LRPAP1
chr2	43995989	-	LRPPRC	LRPPRC
chr14	49598696	+	LRR1	LRR1
chr6	53795004	+	LRRC1	LRRC1
chr12	69610907	-	LRRC10	LRRC10
chr11	61508748	+	LRRC10B	LRRC10B
chr8	144517991	+	LRRC14	LRRC14
chr5	191494	+	LRRC14B	LRRC14B
chr3	194369743	-	LRRC15	LRRC15
chr7	102912999	+	LRRC17	LRRC17
chr10	48925287	-	LRRC18	LRRC18
chr9	27005672	-	LRRC19	LRRC19
chr3	46566302	-	LRRC2	LRRC2
chr3	46557397	+	LRRC2-AS1	LRRC2-AS1
chr10	70376779	-	LRRC20	LRRC20
chr12	6904821	+	LRRC23	LRRC23
chr8	144527033	-	LRRC24	LRRC24
chr19	18397622	-	LRRC25	LRRC25
chr9	137170051	-	LRRC26	LRRC26
chr10	132332192	+	LRRC27	LRRC27
chr15	99251480	+	LRRC28	LRRC28
chr16	67226802	-	LRRC29	LRRC29
chr21	44455509	+	LRRC3	LRRC3
chr21	44455284	-	LRRC3-DT	LRRC3-DT
chr18	7231103	+	LRRC30	LRRC30
chr3	169869935	-	LRRC31	LRRC31
chr11	76669938	-	LRRC32	LRRC32
chr3	169812904	-	LRRC34	LRRC34
chr16	67326814	+	LRRC36	LRRC36
chr17	46295130	+	LRRC37A	LRRC37A
chr17	39029905	+	LRRC37A11P	LRRC37A11P
chr17	46512709	+	LRRC37A2	LRRC37A2
chr17	64919491	-	LRRC37A3	LRRC37A3
chr17	45520523	-	LRRC37A4P	LRRC37A4P
chr9	111613553	-	LRRC37A5P	LRRC37A5P
chr10	27252306	-	LRRC37A6P	LRRC37A6P
chr17	35911023	-	LRRC37A8P	LRRC37A8P
chr17	32007382	+	LRRC37B	LRRC37B
chr1	13514003	-	LRRC38	LRRC38
chr1	100178256	-	LRRC39	LRRC39
chr3	26622805	+	LRRC3B	LRRC3B
chr17	39941473	+	LRRC3C	LRRC3C
chr7	128031437	-	LRRC4	LRRC4
chr1	70205579	-	LRRC40	LRRC40
chr1	46303616	-	LRRC41	LRRC41
chr1	53946349	+	LRRC42	LRRC42
chr12	122167718	+	LRRC43	LRRC43
chr17	82023304	+	LRRC45	LRRC45
chr17	47831669	+	LRRC46	LRRC46
chr1	3796498	-	LRRC47	LRRC47
chr15	70853238	+	LRRC49	LRRC49
chr19	50551042	-	LRRC4B	LRRC4B
chr11	40293130	-	LRRC4C	LRRC4C
chr1	165543999	+	LRRC52	LRRC52
chr1	165582155	-	LRRC52-AS1	LRRC52-AS1
chr1	74512611	-	LRRC53	LRRC53
chr11	57181952	+	LRRC55	LRRC55
chr11	537526	+	LRRC56	LRRC56
chr15	42548793	-	LRRC57	LRRC57
chr3	120349354	-	LRRC58	LRRC58
chr17	50397523	-	LRRC59	LRRC59
chr8	132675545	-	LRRC6	LRRC6
chr7	150309498	+	LRRC61	LRRC61
chr13	46211927	+	LRRC63	LRRC63
chr4	52020363	-	LRRC66	LRRC66
chr8	91102618	+	LRRC69	LRRC69
chr1	69567921	+	LRRC7	LRRC7
chr5	62578818	+	LRRC70	LRRC70
chr1	156920631	+	LRRC71	LRRC71
chr7	16526824	+	LRRC72	LRRC72
chr6	43510343	-	LRRC73	LRRC73
chr14	76826407	+	LRRC74A	LRRC74A
chr22	21045945	+	LRRC74B	LRRC74B
chr17	16492193	-	LRRC75A	LRRC75A
chr22	24593073	-	LRRC75B	LRRC75B
chr3	167895947	+	LRRC77P	LRRC77P
chr9	128882132	+	LRRC8A	LRRC8A
chr1	89524828	+	LRRC8B	LRRC8B
chr1	89633119	+	LRRC8C	LRRC8C
chr1	89632894	-	LRRC8C-DT	LRRC8C-DT
chr1	89821031	+	LRRC8D	LRRC8D
chr19	7888504	+	LRRC8E	LRRC8E
chr14	59919712	+	LRRC9	LRRC9
chr8	85107237	+	LRRCC1	LRRCC1
chr7	92179142	-	LRRD1	LRRD1
chr2	237627586	+	LRRFIP1	LRRFIP1
chr3	37174582	-	LRRFIP2	LRRFIP2
chr12	85036350	+	LRRIQ1	LRRIQ1
chr1	74198176	-	LRRIQ3	LRRIQ3
chr3	169821890	+	LRRIQ4	LRRIQ4
chr15	100919356	+	LRRK1	LRRK1
chr12	40224996	+	LRRK2	LRRK2
chr3	3799430	+	LRRN1	LRRN1
chr1	204685738	-	LRRN2	LRRN2
chr7	111091005	+	LRRN3	LRRN3
chr20	6054060	-	LRRN4	LRRN4
chr11	62689530	-	LRRN4CL	LRRN4CL
chr2	80304752	-	LRRTM1	LRRTM1
chr5	138875335	-	LRRTM2	LRRTM2
chr10	66926035	+	LRRTM3	LRRTM3
chr2	77522376	-	LRRTM4	LRRTM4
chr2	76985964	+	LRRTM4-AS1	LRRTM4-AS1
chr9	127451485	+	LRSAM1	LRSAM1
chr3	54928059	-	LRTM1	LRTM1
chr12	1820266	+	LRTM2	LRTM2
chr11	72080849	+	LRTOMT	LRTOMT
chr7	102464882	+	LRWD1	LRWD1
chr3	116445487	-	LSAMP	LSAMP
chr3	116360023	+	LSAMP-AS1	LSAMP-AS1
chr3	194672191	-	LSG1	LSG1
chr5	2712590	+	LSINCT5	LSINCT5
chr8	38176493	-	LSM1	LSM1
chr1	36397908	-	LSM10	LSM10
chr5	157743711	+	LSM11	LSM11
chr17	44066671	-	LSM12	LSM12
chr19	34172503	+	LSM14A	LSM14A
chr20	62122474	+	LSM14B	LSM14B
chr6	31806966	-	LSM2	LSM2
chr3	14178816	+	LSM3	LSM3
chr19	18323076	-	LSM4	LSM4
chr7	32490380	-	LSM5	LSM5
chr4	146175717	+	LSM6	LSM6
chr19	2328586	-	LSM7	LSM7
chr7	118184163	+	LSM8	LSM8
chr7	112480852	+	LSMEM1	LSMEM1
chr3	50279086	+	LSMEM2	LSMEM2
chr11	1853083	+	LSP1	LSP1
chr5	28926869	+	LSP1P3	LSP1P3
chr2	91659949	-	LSP1P4	LSP1P4
chr1	143422592	-	LSP1P5	LSP1P5
chr19	35249001	+	LSR	LSR
chr21	46228774	-	LSS	LSS
chr6	31586276	+	LST1	LST1
chr6	31572098	+	LTA	LTA
chr12	96035587	-	LTA4H	LTA4H
chr6	31582424	-	LTB	LTB
chr14	24311501	+	LTB4R	LTB4R
chr14	24310139	+	LTB4R2	LTB4R2
chr2	32946952	+	LTBP1	LTBP1
chr14	74612237	-	LTBP2	LTBP2
chr11	65558228	-	LTBP3	LTBP3
chr19	40593165	+	LTBP4	LTBP4
chr12	6375159	+	LTBR	LTBR
chr5	179793985	+	LTC4S	LTC4S
chr3	46463654	-	LTF	LTF
chr15	41513827	-	LTK	LTK
chr21	28992877	-	LTN1	LTN1
chr11	69675353	-	LTO1	LTO1
chr6	143843272	+	LTV1	LTV1
chr6	147158924	+	LUADT1	LUADT1
chr7	43522542	-	LUARIS	LUARIS
chr16	229449	-	LUC7L	LUC7L
chr7	139340358	+	LUC7L2	LUC7L2
chr17	50719564	+	LUC7L3	LUC7L3
chr5	91314402	-	LUCAT1	LUCAT1
chr12	91111494	-	LUM	LUM
chr15	99014703	+	LUNAR1	LUNAR1
chr1	46203333	+	LURAP1	LURAP1
chr9	12775019	+	LURAP1L	LURAP1L
chr9	12814389	-	LURAP1L-AS1	LURAP1L-AS1
chr1	23168856	-	LUZP1	LUZP1
chr11	24497052	+	LUZP2	LUZP2
chrX	115289714	+	LUZP4	LUZP4
chr7	135977359	-	LUZP6	LUZP6
chr5	115962474	+	LVRN	LVRN
chr3	158672648	-	LXN	LXN
chr8	142786539	-	LY6D	LY6D
chr8	143018484	+	LY6E	LY6E
chr8	143018390	-	LY6E-DT	LY6E-DT
chr6	31670950	+	LY6G5B	LY6G5B
chr6	31680373	-	LY6G5C	LY6G5C
chr6	31721746	-	LY6G6C	LY6G6C
chr6	31715355	+	LY6G6D	LY6G6D
chr6	31714065	-	LY6G6E	LY6G6E
chr6	31706865	+	LY6G6F	LY6G6F
chr6	31706865	+	LY6G6F-LY6G6D	LY6G6F-LY6G6D
chr8	143160004	-	LY6H	LY6H
chr8	142700110	+	LY6K	LY6K
chr8	143080629	+	LY6L	LY6L
chr2	159904756	-	LY75	LY75
chr2	159904756	-	LY75-CD302	LY75-CD302
chr6	6588719	+	LY86	LY86
chr6	6622826	-	LY86-AS1	LY86-AS1
chr1	160796173	+	LY9	LY9
chr8	73991328	+	LY96	LY96
chr4	4290021	-	LYAR	LYAR
chr2	99301197	-	LYG1	LYG1
chr2	99255107	-	LYG2	LYG2
chr19	13102858	-	LYL1	LYL1
chr8	55879834	+	LYN	LYN
chr8	142776531	-	LYNX1	LYNX1
chr8	142777872	-	LYNX1-SLURP2	LYNX1-SLURP2
chr2	132670205	-	LYPD1	LYPD1
chr8	142752532	-	LYPD2	LYPD2
chr19	43465608	-	LYPD3	LYPD3
chr19	41843727	-	LYPD4	LYPD4
chr19	43800029	-	LYPD5	LYPD5
chr2	149329984	+	LYPD6	LYPD6
chr2	149038466	+	LYPD6B	LYPD6B
chr1	248755759	-	LYPD8	LYPD8
chr1	248697061	+	LYPD9P	LYPD9P
chr8	54101554	-	LYPLA1	LYPLA1
chr1	23791144	+	LYPLA2	LYPLA2
chr19	7880232	-	LYPLA2P2	LYPLA2P2
chr1	219173830	+	LYPLAL1	LYPLAL1
chr1	219557324	-	LYPLAL1-AS1	LYPLAL1-AS1
chr1	219173788	-	LYPLAL1-DT	LYPLAL1-DT
chr16	20899881	+	LYRM1	LYRM1
chr6	89638485	-	LYRM2	LYRM2
chr6	5260950	-	LYRM4	LYRM4
chr6	5003815	+	LYRM4-AS1	LYRM4-AS1
chr5	131170943	+	LYRM7	LYRM7
chr17	27893365	-	LYRM9	LYRM9
chr1	151165902	-	LYSMD1	LYSMD1
chr15	51737062	-	LYSMD2	LYSMD2
chr5	90529584	-	LYSMD3	LYSMD3
chr15	99733437	-	LYSMD4	LYSMD4
chr1	235866906	-	LYST	LYST
chr11	10568665	-	LYVE1	LYVE1
chr12	69348380	+	LYZ	LYZ
chr10	29289069	+	LYZL1	LYZL1
chr10	30629753	-	LYZL2	LYZL2
chr3	42410610	-	LYZL4	LYZL4
chr17	35943713	-	LYZL6	LYZL6
chr1	9943391	-	LZIC	LZIC
chr3	45842119	-	LZTFL1	LZTFL1
chr22	20982296	+	LZTR1	LZTR1
chr8	20273535	-	LZTS1	LZTS1
chr8	20275772	+	LZTS1-AS1	LZTS1-AS1
chr10	100997070	+	LZTS2	LZTS2
chr20	3173549	-	LZTS3	LZTS3
chr2	74648037	-	M1AP	M1AP
chr12	8949645	-	M6PR	M6PR
chr13	35476689	-	MAB21L1	MAB21L1
chr4	150582150	+	MAB21L2	MAB21L2
chr1	116111754	+	MAB21L3	MAB21L3
chr2	240892035	-	MAB21L4	MAB21L4
chr7	20217384	-	MACC1	MACC1
chr7	20141915	+	MACC1-AS1	MACC1-AS1
chr1	39084166	+	MACF1	MACF1
chr5	103258373	+	MACIR	MACIR
chr1	25430857	+	MACO1	MACO1
chr11	64166113	-	MACROD1	MACROD1
chr20	13995515	+	MACROD2	MACROD2
chr20	14929518	-	MACROD2-AS1	MACROD2-AS1
chr20	14554383	+	MACROD2-IT1	MACROD2-IT1
chr5	135399231	-	MACROH2A1	MACROH2A1
chr10	70052845	+	MACROH2A2	MACROH2A2
chr7	1940571	-	MAD1L1	MAD1L1
chr4	120066848	-	MAD2L1	MAD2L1
chr6	43629541	+	MAD2L1BP	MAD2L1BP
chr1	11681148	-	MAD2L2	MAD2L2
chr19	496485	+	MADCAM1	MADCAM1
chr11	47269187	+	MADD	MADD
chr11	47272075	-	MADD-AS1	MADD-AS1
chr4	1289890	+	MAEA	MAEA
chr1	166975581	+	MAEL	MAEL
chr16	79600737	-	MAF	MAF
chr8	144104460	+	MAF1	MAF1
chr8	143430732	-	MAFA	MAFA
chr8	143417678	+	MAFA-AS1	MAFA-AS1
chr20	40689236	-	MAFB	MAFB
chr22	38201931	+	MAFF	MAFF
chr17	81923466	-	MAFG	MAFG
chr17	81927828	+	MAFG-DT	MAFG-DT
chr7	1530701	+	MAFK	MAFK
chr16	79770532	-	MAFTRR	MAFTRR
chr19	35292085	+	MAG	MAG
chrX	153179283	+	MAGEA1	MAGEA1
chrX	152138577	-	MAGEA10	MAGEA10
chrX	152138577	-	MAGEA10-MAGEA5	MAGEA10-MAGEA5
chrX	149688192	+	MAGEA11	MAGEA11
chrX	152733756	+	MAGEA12	MAGEA12
chrX	152714585	+	MAGEA2	MAGEA2
chrX	152714585	+	MAGEA2B	MAGEA2B
chrX	152698793	+	MAGEA3	MAGEA3
chrX	151912888	+	MAGEA4	MAGEA4
chrX	151911083	-	MAGEA4-AS1	MAGEA4-AS1
chrX	152117939	-	MAGEA5	MAGEA5
chrX	152769729	-	MAGEA6	MAGEA6
chrX	149881140	+	MAGEA8	MAGEA8
chrX	149897006	-	MAGEA8-AS1	MAGEA8-AS1
chrX	149587452	-	MAGEA9	MAGEA9
chrX	149587459	-	MAGEA9B	MAGEA9B
chrX	30243730	+	MAGEB1	MAGEB1
chrX	27807989	+	MAGEB10	MAGEB10
chrX	35798341	+	MAGEB16	MAGEB16
chrX	16167480	+	MAGEB17	MAGEB17
chrX	26138342	+	MAGEB18	MAGEB18
chrX	30215562	+	MAGEB2	MAGEB2
chrX	30230435	+	MAGEB3	MAGEB3
chrX	30241999	+	MAGEB4	MAGEB4
chrX	26216168	+	MAGEB5	MAGEB5
chrX	26192439	+	MAGEB6	MAGEB6
chrX	141903893	+	MAGEC1	MAGEC1
chrX	142205290	-	MAGEC2	MAGEC2
chrX	141838315	+	MAGEC3	MAGEC3
chrX	51803075	+	MAGED1	MAGED1
chrX	54807744	+	MAGED2	MAGED2
chrX	52069207	-	MAGED4	MAGED4
chrX	52069272	-	MAGED4B	MAGED4B
chrX	76427709	+	MAGEE1	MAGEE1
chrX	75785254	-	MAGEE2	MAGEE2
chr3	184712064	-	MAGEF1	MAGEF1
chrX	55452126	+	MAGEH1	MAGEH1
chr15	23647867	-	MAGEL2	MAGEL2
chr3	66038918	-	MAGI1	MAGI1
chr3	65893815	+	MAGI1-AS1	MAGI1-AS1
chr3	65954558	-	MAGI1-IT1	MAGI1-IT1
chr7	79453667	-	MAGI2	MAGI2
chr7	79008987	+	MAGI2-AS2	MAGI2-AS2
chr7	79452956	+	MAGI2-AS3	MAGI2-AS3
chr1	113390514	+	MAGI3	MAGI3
chrX	49162842	+	MAGIX	MAGIX
chr1	53238518	-	MAGOH	MAGOH
chr17	10716582	-	MAGOH2P	MAGOH2P
chr12	10612978	-	MAGOHB	MAGOHB
chrX	77895435	-	MAGT1	MAGT1
chr8	102864270	+	MAILR	MAILR
chr2	199955316	+	MAIP1	MAIP1
chr11	64972091	-	MAJIN	MAJIN
chr6	10838539	-	MAK	MAK
chr8	33485181	+	MAK16	MAK16
chr2	95025654	+	MAL	MAL
chr8	119208362	+	MAL2	MAL2
chr8	119246857	-	MAL2-AS1	MAL2-AS1
chr11	65497737	+	MALAT1	MALAT1
chr5	140108012	-	MALINC1	MALINC1
chr2	110115822	-	MALL	MALL
chr10	19048800	+	MALRD1	MALRD1
chr7	23299338	+	MALSU1	MALSU1
chr18	58671464	+	MALT1	MALT1
chr9	70043580	+	MAMDC2	MAMDC2
chr9	70175888	-	MAMDC2-AS1	MAMDC2-AS1
chr9	136852345	+	MAMDC4	MAMDC4
chr5	179732821	+	MAML1	MAML1
chr11	96343195	-	MAML2	MAML2
chr4	140154184	-	MAML3	MAML3
chrX	150363316	+	MAMLD1	MAMLD1
chr19	48716957	-	MAMSTR	MAMSTR
chr6	119349761	-	MAN1A1	MAN1A1
chr1	117367448	+	MAN1A2	MAN1A2
chr9	137086984	+	MAN1B1	MAN1B1
chr9	137086817	-	MAN1B1-DT	MAN1B1-DT
chr1	25616790	+	MAN1C1	MAN1C1
chr5	109689365	+	MAN2A1	MAN2A1
chr15	90902381	+	MAN2A2	MAN2A2
chr19	12666742	-	MAN2B1	MAN2B1
chr4	6575188	+	MAN2B2	MAN2B2
chr15	75368607	-	MAN2C1	MAN2C1
chr4	102760968	-	MANBA	MANBA
chr20	37289654	+	MANBAL	MANBAL
chr10	4678070	-	MANCR	MANCR
chr6	95577534	+	MANEA	MANEA
chr6	95577451	-	MANEA-DT	MANEA-DT
chr1	37794101	+	MANEAL	MANEAL
chr3	51385290	+	MANF	MANF
chr12	12350242	-	MANSC1	MANSC1
chr12	27780236	-	MANSC4	MANSC4
chrX	43654906	+	MAOA	MAOA
chrX	43882450	-	MAOB	MAOB
chr1	232805415	+	MAP10	MAP10
chr7	100158723	-	MAP11	MAP11
chr15	43517607	+	MAP1A	MAP1A
chr5	72107474	+	MAP1B	MAP1B
chr20	34546843	+	MAP1LC3A	MAP1LC3A
chr16	87392335	+	MAP1LC3B	MAP1LC3B
chr12	116559380	+	MAP1LC3B2	MAP1LC3B2
chr1	241999098	-	MAP1LC3C	MAP1LC3C
chr19	17719479	+	MAP1S	MAP1S
chr2	209424046	+	MAP2	MAP2
chr15	66386911	+	MAP2K1	MAP2K1
chr19	4124122	-	MAP2K2	MAP2K2
chr17	21284710	+	MAP2K3	MAP2K3
chr17	12020876	+	MAP2K4	MAP2K4
chrX	73563085	-	MAP2K4P1	MAP2K4P1
chr15	67542702	+	MAP2K5	MAP2K5
chr17	69414696	+	MAP2K6	MAP2K6
chr19	7903876	+	MAP2K7	MAP2K7
chr5	56815548	+	MAP3K1	MAP3K1
chr19	40191425	+	MAP3K10	MAP3K10
chr11	65614221	-	MAP3K11	MAP3K11
chr12	53499458	-	MAP3K12	MAP3K12
chr3	185282960	+	MAP3K13	MAP3K13
chr17	45317020	-	MAP3K14	MAP3K14
chr17	45247924	+	MAP3K14-AS1	MAP3K14-AS1
chrX	19515261	-	MAP3K15	MAP3K15
chr2	135023649	-	MAP3K19	MAP3K19
chr2	127343229	-	MAP3K2	MAP3K2
chr2	173075845	+	MAP3K20	MAP3K20
chr2	173282036	-	MAP3K20-AS1	MAP3K20-AS1
chr1	233327723	+	MAP3K21	MAP3K21
chr17	63622416	+	MAP3K3	MAP3K3
chr6	160991726	+	MAP3K4	MAP3K4
chr6	136792477	-	MAP3K5	MAP3K5
chr6	136629113	+	MAP3K5-AS1	MAP3K5-AS1
chr1	27366961	-	MAP3K6	MAP3K6
chr6	90587072	-	MAP3K7	MAP3K7
chr21	29077113	+	MAP3K7CL	MAP3K7CL
chr10	30434020	+	MAP3K8	MAP3K8
chr14	70783452	-	MAP3K9	MAP3K9
chr3	48016416	-	MAP4	MAP4
chr19	38617953	-	MAP4K1	MAP4K1
chr11	64803214	-	MAP4K2	MAP4K2
chr2	39437285	-	MAP4K3	MAP4K3
chr2	39437415	+	MAP4K3-DT	MAP4K3-DT
chr2	101697702	+	MAP4K4	MAP4K4
chr14	50532569	-	MAP4K5	MAP4K5
chr11	75668434	-	MAP6	MAP6
chr3	183825577	-	MAP6D1	MAP6D1
chr6	136466875	-	MAP7	MAP7
chr1	36156159	+	MAP7D1	MAP7D1
chrX	20116640	-	MAP7D2	MAP7D2
chrX	136251400	-	MAP7D3	MAP7D3
chr4	155376965	-	MAP9	MAP9
chr22	21867645	-	MAPK1	MAPK1
chr4	86354644	-	MAPK10	MAPK10
chr4	86119805	+	MAPK10-AS1	MAPK10-AS1
chr22	50270380	-	MAPK11	MAPK11
chr22	50261683	-	MAPK12	MAPK12
chr6	36130512	+	MAPK13	MAPK13
chr6	36027676	+	MAPK14	MAPK14
chr8	143716348	+	MAPK15	MAPK15
chr14	55051646	+	MAPK1IP1L	MAPK1IP1L
chr16	30123220	-	MAPK3	MAPK3
chr18	50560086	+	MAPK4	MAPK4
chr15	52019218	+	MAPK6	MAPK6
chr15	52019095	-	MAPK6-DT	MAPK6-DT
chr17	19377720	+	MAPK7	MAPK7
chr10	48306638	+	MAPK8	MAPK8
chr11	45885650	+	MAPK8IP1	MAPK8IP1
chr17	45601862	-	MAPK8IP1P2	MAPK8IP1P2
chr22	50600792	+	MAPK8IP2	MAPK8IP2
chr16	1706194	+	MAPK8IP3	MAPK8IP3
chr5	180280608	-	MAPK9	MAPK9
chr9	125707208	-	MAPKAP1	MAPKAP1
chr1	206684904	+	MAPKAPK2	MAPKAPK2
chr3	50611861	+	MAPKAPK3	MAPKAPK3
chr12	111842227	+	MAPKAPK5	MAPKAPK5
chr12	111841930	-	MAPKAPK5-AS1	MAPKAPK5-AS1
chr15	41774483	+	MAPKBP1	MAPKBP1
chr20	32819953	+	MAPRE1	MAPRE1
chr18	34976927	+	MAPRE2	MAPRE2
chr2	26970636	+	MAPRE3	MAPRE3
chr2	27014588	-	MAPRE3-AS1	MAPRE3-AS1
chr17	45894381	+	MAPT	MAPT
chr17	45895513	-	MAPT-AS1	MAPT-AS1
chr17	45895782	+	MAPT-IT1	MAPT-IT1
chr4	163613534	-	MARCHF1	MARCHF1
chr17	62806640	-	MARCHF10	MARCHF10
chr17	62808501	+	MARCHF10-DT	MARCHF10-DT
chr5	16179791	-	MARCHF11	MARCHF11
chr19	8413302	+	MARCHF2	MARCHF2
chr5	127030558	-	MARCHF3	MARCHF3
chr2	216372483	-	MARCHF4	MARCHF4
chr10	92291166	+	MARCHF5	MARCHF5
chr5	10353694	+	MARCHF6	MARCHF6
chr2	159712505	+	MARCHF7	MARCHF7
chr10	45535371	-	MARCHF8	MARCHF8
chr12	57755102	+	MARCHF9	MARCHF9
chr6	113857344	+	MARCKS	MARCKS
chr1	32336233	-	MARCKSL1	MARCKSL1
chr2	118942193	+	MARCO	MARCO
chr5	148238524	+	MARCOL	MARCOL
chr16	15643154	-	MARF1	MARF1
chr1	220528135	+	MARK1	MARK1
chr11	63838927	+	MARK2	MARK2
chr10	92418660	+	MARK2P9	MARK2P9
chr14	103385363	+	MARK3	MARK3
chr19	45251270	+	MARK4	MARK4
chr12	57488067	+	MARS1	MARS1
chr2	197705368	+	MARS2	MARS2
chr10	97713729	+	MARVELD1	MARVELD1
chr5	69415115	+	MARVELD2	MARVELD2
chr16	71626183	+	MARVELD3	MARVELD3
chr6	159890987	+	MAS1	MAS1
chr6	29487956	-	MAS1L	MAS1L
chr11	65506116	+	MASCRNA	MASCRNA
chr3	187291737	-	MASP1	MASP1
chr1	11047239	-	MASP2	MASP2
chr19	12838514	+	MAST1	MAST1
chr1	45803606	+	MAST2	MAST2
chr19	18097777	+	MAST3	MAST3
chr5	66596392	+	MAST4	MAST4
chr5	67004154	-	MAST4-AS1	MAST4-AS1
chr10	27155351	+	MASTL	MASTL
chr10	80289658	-	MAT1A	MAT1A
chr2	85539167	+	MAT2A	MAT2A
chr5	163503063	+	MAT2B	MAT2B
chr19	3786381	-	MATK	MATK
chr1	30723585	-	MATN1	MATN1
chr1	30718771	+	MATN1-AS1	MATN1-AS1
chr8	97869063	+	MATN2	MATN2
chr2	20012668	-	MATN3	MATN3
chr20	45308297	-	MATN4	MATN4
chr5	139273751	+	MATR3	MATR3
chr19	19320828	+	MAU2	MAU2
chr20	3846798	+	MAVS	MAVS
chr14	65102517	-	MAX	MAX
chr16	29806123	+	MAZ	MAZ
chr22	35617329	-	MB	MB
chr3	192917856	-	MB21D2	MB21D2
chr18	50281523	-	MBD1	MBD1
chr18	54224669	-	MBD2	MBD2
chr19	1592865	-	MBD3	MBD3
chr19	8842592	+	MBD3L1	MBD3L1
chr19	7049339	+	MBD3L2	MBD3L2
chr19	7021431	-	MBD3L2B	MBD3L2B
chr19	7058634	-	MBD3L3	MBD3L3
chr19	7040173	-	MBD3L4	MBD3L4
chr19	7030582	+	MBD3L5	MBD3L5
chr3	129439948	-	MBD4	MBD4
chr2	148021010	+	MBD5	MBD5
chr12	57522823	+	MBD6	MBD6
chr14	36320637	-	MBIP	MBIP
chr10	79920177	+	MBL1P	MBL1P
chr10	52771652	-	MBL2	MBL2
chr7	100126966	+	MBLAC1	MBLAC1
chr5	90474771	-	MBLAC2	MBLAC2
chr3	152243631	+	MBNL1	MBNL1
chr3	152269626	-	MBNL1-AS1	MBNL1-AS1
chr13	97141833	+	MBNL2	MBNL2
chrX	132413575	-	MBNL3	MBNL3
chr6	20212469	-	MBOAT1	MBOAT1
chr2	9003684	-	MBOAT2	MBOAT2
chr8	30144665	-	MBOAT4	MBOAT4
chr19	54189580	-	MBOAT7	MBOAT7
chr18	77017055	-	MBP	MBP
chr17	51260049	-	MBTD1	MBTD1
chr16	84116942	-	MBTPS1	MBTPS1
chrX	21839616	+	MBTPS2	MBTPS2
chr16	89918861	+	MC1R	MC1R
chr18	13915536	-	MC2R	MC2R
chr20	56248731	+	MC3R	MC3R
chr18	60372775	-	MC4R	MC4R
chr18	13824148	+	MC5R	MC5R
chr11	119317130	-	MCAM	MCAM
chr22	43143397	-	MCAT	MCAT
chr5	113294938	-	MCC	MCC
chr3	183099243	-	MCCC1	MCCC1
chr5	71587339	+	MCCC2	MCCC2
chr6	31528961	+	MCCD1	MCCD1
chr2	71130229	-	MCEE	MCEE
chr19	7677056	+	MCEMP1	MCEMP1
chrX	139642841	-	MCF2	MCF2
chr13	112969213	+	MCF2L	MCF2L
chr13	112968638	-	MCF2L-AS1	MCF2L-AS1
chr3	183428269	-	MCF2L2	MCF2L2
chr2	46915806	-	MCFD2	MCFD2
chr22	40679483	+	MCHR1	MCHR1
chr6	99994223	-	MCHR2	MCHR2
chr6	99994037	+	MCHR2-AS1	MCHR2-AS1
chr5	55227315	-	MCIDAS	MCIDAS
chr1	150579610	-	MCL1	MCL1
chr10	13161557	+	MCM10	MCM10
chr3	127598410	+	MCM2	MCM2
chr6	52284742	-	MCM3	MCM3
chr21	46285611	-	MCM3AP	MCM3AP
chr21	46229230	+	MCM3AP-AS1	MCM3AP-AS1
chr8	47960940	+	MCM4	MCM4
chr22	35400139	+	MCM5	MCM5
chr2	135876443	-	MCM6	MCM6
chr7	100100780	-	MCM7	MCM7
chr20	5950651	+	MCM8	MCM8
chr20	6005821	-	MCM8-AS1	MCM8-AS1
chr6	118935159	-	MCM9	MCM9
chr10	119872843	-	MCMBP	MCMBP
chr8	66870770	+	MCMDC2	MCMDC2
chr19	7522623	+	MCOLN1	MCOLN1
chr1	84997113	-	MCOLN2	MCOLN2
chr1	85048500	-	MCOLN3	MCOLN3
chr8	6406591	+	MCPH1	MCPH1
chr8	6708209	-	MCPH1-AS1	MCPH1-AS1
chr17	81833291	-	MCRIP1	MCRIP1
chr16	641827	+	MCRIP2	MCRIP2
chr12	49566439	-	MCRS1	MCRS1
chr5	95081866	-	MCTP1	MCTP1
chr15	94231560	+	MCTP2	MCTP2
chrX	120604100	+	MCTS1	MCTS1
chr10	72692130	+	MCU	MCU
chr4	109560245	+	MCUB	MCUB
chr6	13814560	-	MCUR1	MCUR1
chr6	30717281	-	MDC1	MDC1
chr6	30703066	+	MDC1-AS1	MDC1-AS1
chr6	41637017	+	MDFI	MDFI
chr7	114922153	+	MDFIC	MDFIC
chr3	70312638	-	MDFIC2	MDFIC2
chr6	37697883	-	MDGA1	MDGA1
chr14	47343246	-	MDGA2	MDGA2
chr2	63588962	+	MDH1	MDH1
chr2	206765328	-	MDH1B	MDH1B
chr7	76048105	+	MDH2	MDH2
chr11	46380783	+	MDK	MDK
chr12	68332362	-	MDM1	MDM1
chr12	68808171	+	MDM2	MDM2
chr1	204516378	+	MDM4	MDM4
chr6	89819794	-	MDN1	MDN1
chr14	24216066	-	MDP1	MDP1
chr1	23627333	+	MDS2	MDS2
chr6	83431051	-	ME1	ME1
chr18	50879117	+	ME2	ME2
chr11	86672198	-	ME3	ME3
chr6	43013946	-	MEA1	MEA1
chr1	37514766	-	MEAF6	MEAF6
chr16	84504659	-	MEAK7	MEAK7
chr6	164822063	-	MEAT6	MEAT6
chr3	169145523	-	MECOM	MECOM
chr3	169447866	+	MECOM-AS1	MECOM-AS1
chrX	154096969	-	MECP2	MECP2
chr1	29230934	-	MECR	MECR
chr17	39451263	-	MED1	MED1
chr5	6378547	-	MED10	MED10
chr17	4731427	+	MED11	MED11
chrX	71118595	+	MED12	MED12
chr3	151086797	+	MED12L	MED12L
chr17	62065278	-	MED13	MED13
chr12	116277693	-	MED13L	MED13L
chrX	40735542	-	MED14	MED14
chrX	40735689	+	MED14OS	MED14OS
chr22	20507609	+	MED15	MED15
chr2	130129622	+	MED15P9	MED15P9
chr19	893187	-	MED16	MED16
chr11	93784281	+	MED17	MED17
chr1	28329039	+	MED18	MED18
chr11	57712215	-	MED19	MED19
chr6	41920943	-	MED20	MED20
chr12	27022521	+	MED21	MED21
chr9	133348131	-	MED22	MED22
chr6	131628242	-	MED23	MED23
chr17	40054408	-	MED24	MED24
chr19	49818288	+	MED25	MED25
chr19	16628204	-	MED26	MED26
chr9	132079867	-	MED27	MED27
chr4	17614640	+	MED28	MED28
chr19	39391377	+	MED29	MED29
chr8	117520712	+	MED30	MED30
chr17	6651605	-	MED31	MED31
chr13	48095104	-	MED4	MED4
chr13	48077136	+	MED4-AS1	MED4-AS1
chr14	70600655	-	MED6	MED6
chr5	157142775	-	MED7	MED7
chr1	43389800	-	MED8	MED8
chr17	17476999	+	MED9	MED9
chr13	30906270	+	MEDAG	MEDAG
chr15	99565416	+	MEF2A	MEF2A
chr19	19170263	-	MEF2B	MEF2B
chr5	88785511	-	MEF2C	MEF2C
chr5	88883329	+	MEF2C-AS1	MEF2C-AS1
chr5	88676217	+	MEF2C-AS2	MEF2C-AS2
chr1	156490687	-	MEF2D	MEF2D
chr16	3256633	-	MEFV	MEFV
chr14	100826107	+	MEG3	MEG3
chr14	100889648	+	MEG8	MEG8
chr14	101069910	+	MEG9	MEG9
chr5	127290763	+	MEGF10	MEGF10
chr15	66253750	-	MEGF11	MEGF11
chr1	3611508	-	MEGF6	MEGF6
chr19	42325634	+	MEGF8	MEGF8
chr9	120714470	-	MEGF9	MEGF9
chr22	41699502	+	MEI1	MEI1
chr6	77650273	+	MEI4	MEI4
chr10	14959387	+	MEIG1	MEIG1
chr5	131945663	-	MEIKIN	MEIKIN
chr16	1872164	-	MEIOB	MEIOB
chr17	44656467	+	MEIOC	MEIOC
chr19	45733438	+	MEIOSIN	MEIOSIN
chr2	66435124	+	MEIS1	MEIS1
chr2	66440330	-	MEIS1-AS2	MEIS1-AS2
chr2	66433470	-	MEIS1-AS3	MEIS1-AS3
chr15	37098696	-	MEIS2	MEIS2
chr19	47419527	-	MEIS3	MEIS3
chr17	15786849	+	MEIS3P1	MEIS3P1
chr9	36572861	+	MELK	MELK
chr3	197029817	-	MELTF	MELTF
chr3	197002905	+	MELTF-AS1	MELTF-AS1
chr2	32010764	-	MEMO1	MEMO1
chr11	64810551	-	MEN1	MEN1
chr17	43661563	-	MEOX1	MEOX1
chr7	15686683	-	MEOX2	MEOX2
chr6	46793388	+	MEP1A	MEP1A
chr18	32190038	+	MEP1B	MEP1B
chr7	100428789	+	MEPCE	MEPCE
chr4	87821397	+	MEPE	MEPE
chr2	111898606	+	MERTK	MERTK
chr15	80989819	-	MESD	MESD
chr15	89751309	-	MESP1	MESP1
chr15	89776331	+	MESP2	MESP2
chr7	130486174	+	MEST	MEST
chr7	130491172	-	MESTIT1	MESTIT1
chr7	116672195	+	MET	MET
chr4	98995720	+	METAP1	METAP1
chr2	171999952	+	METAP1D	METAP1D
chr12	95474151	+	METAP2	METAP2
chr16	715117	+	METRN	METRN
chr17	83079608	+	METRNL	METRNL
chr12	57772105	-	METTL1	METTL1
chr1	170145958	+	METTL11B	METTL11B
chr4	118685391	+	METTL14	METTL14
chr4	118685341	-	METTL14-DT	METTL14-DT
chr11	28108387	+	METTL15	METTL15
chr17	2511888	-	METTL16	METTL16
chr14	20989979	+	METTL17	METTL17
chr1	169794689	-	METTL18	METTL18
chr2	207624988	-	METTL21A	METTL21A
chr13	102694521	-	METTL21C	METTL21C
chr13	102880098	+	METTL21EP	METTL21EP
chr16	8621697	+	METTL22	METTL22
chr17	76726040	+	METTL23	METTL23
chr6	110330058	-	METTL24	METTL24
chr12	82358528	+	METTL25	METTL25
chr16	636305	-	METTL26	METTL26
chr7	73842516	-	METTL27	METTL27
chr17	62423896	+	METTL2A	METTL2A
chr7	128476747	+	METTL2B	METTL2B
chr14	21511340	-	METTL3	METTL3
chr18	2571505	-	METTL4	METTL4
chr2	169824905	-	METTL5	METTL5
chr3	15427544	-	METTL6	METTL6
chr12	50925014	+	METTL7A	METTL7A
chr12	55681735	+	METTL7B	METTL7B
chr2	171433990	-	METTL8	METTL8
chr16	21597220	+	METTL9	METTL9
chr1	156082465	-	MEX3A	MEX3A
chr15	82046018	-	MEX3B	MEX3B
chr18	51197681	-	MEX3C	MEX3C
chr19	1568058	-	MEX3D	MEX3D
chr15	43824690	-	MFAP1	MFAP1
chr1	16980620	-	MFAP2	MFAP2
chr5	154038966	+	MFAP3	MFAP3
chr4	170003777	-	MFAP3L	MFAP3L
chr17	19387190	-	MFAP4	MFAP4
chr12	8662826	-	MFAP5	MFAP5
chr2	227325250	+	MFF	MFF
chr2	227325164	-	MFF-DT	MFF-DT
chr5	149932977	-	MFFP2	MFFP2
chrX	45731087	+	MFFP3	MFFP3
chr15	88913168	-	MFGE8	MFGE8
chr8	8893630	-	MFHAS1	MFHAS1
chr3	179347708	+	MFN1	MFN1
chr1	11980180	+	MFN2	MFN2
chr22	37486384	-	MFNG	MFNG
chr11	119346705	-	MFRP	MFRP
chr3	158802053	+	MFSD1	MFSD1
chr4	2934237	-	MFSD10	MFSD10
chr17	76736564	+	MFSD11	MFSD11
chr19	3557584	-	MFSD12	MFSD12
chr10	102461394	+	MFSD13A	MFSD13A
chr16	22385768	+	MFSD13B	MFSD13B
chr1	100038094	+	MFSD14A	MFSD14A
chr9	94374568	+	MFSD14B	MFSD14B
chr9	97013605	-	MFSD14C	MFSD14C
chr1	39955111	+	MFSD2A	MFSD2A
chr2	24010084	+	MFSD2B	MFSD2B
chr8	144509035	+	MFSD3	MFSD3
chr1	205569013	+	MFSD4A	MFSD4A
chr1	205569305	-	MFSD4A-AS1	MFSD4A-AS1
chr6	111259338	+	MFSD4B	MFSD4B
chr12	53251585	+	MFSD5	MFSD5
chr2	190407575	+	MFSD6	MFSD6
chr17	8799365	-	MFSD6L	MFSD6L
chr4	127965173	-	MFSD8	MFSD8
chr2	102736888	-	MFSD9	MFSD9
chr15	41660411	+	MGA	MGA
chr7	141995878	+	MGAM	MGAM
chr7	142111717	+	MGAM2	MGAM2
chr4	139280225	-	MGARP	MGARP
chr5	180802806	-	MGAT1	MGAT1
chr14	49620798	+	MGAT2	MGAT2
chr22	39457011	+	MGAT3	MGAT3
chr22	39476822	-	MGAT3-AS1	MGAT3-AS1
chr2	98663473	-	MGAT4A	MGAT4A
chr5	179802875	-	MGAT4B	MGAT4B
chr12	86256391	-	MGAT4C	MGAT4C
chr4	140498293	-	MGAT4D	MGAT4D
chr1	202820256	+	MGAT4EP	MGAT4EP
chr1	203007265	-	MGAT4FP	MGAT4FP
chr2	134119934	+	MGAT5	MGAT5
chr17	76868403	+	MGAT5B	MGAT5B
chr17	14303739	+	MGC12916	MGC12916
chr15	62645181	-	MGC15885	MGC15885
chr2	239195457	-	MGC16025	MGC16025
chr17	74213321	-	MGC16275	MGC16275
chr1	78229598	+	MGC27382	MGC27382
chr3	193241778	+	MGC2889	MGC2889
chr5	122479087	-	MGC32805	MGC32805
chr1	61654241	+	MGC34796	MGC34796
chr7	10779944	-	MGC4859	MGC4859
chr3	127822882	-	MGLL	MGLL
chr20	17968942	+	MGME1	MGME1
chr10	129467240	+	MGMT	MGMT
chr12	14885854	-	MGP	MGP
chr16	4624823	+	MGRN1	MGRN1
chr12	16347141	+	MGST1	MGST1
chr4	139665767	+	MGST2	MGST2
chr1	165631233	+	MGST3	MGST3
chr20	63627234	+	MHENCR	MHENCR
chr14	23415449	+	MHRT	MHRT
chr19	40775159	+	MIA	MIA
chr19	40775536	+	MIA-RAB4B	MIA-RAB4B
chr14	39233914	+	MIA2	MIA2
chr1	222618096	+	MIA3	MIA3
chr22	26657481	+	MIAT	MIAT
chr22	26672842	+	MIATNB	MIATNB
chr18	21740791	+	MIB1	MIB1
chr1	1615414	+	MIB2	MIB2
chr6	31400710	+	MICA	MICA
chr6	31398508	-	MICA-AS1	MICA-AS1
chr6	109455772	-	MICAL1	MICAL1
chr11	12110575	+	MICAL2	MICAL2
chr22	17906886	-	MICAL3	MICAL3
chr11	12286899	+	MICALCL	MICALCL
chr22	37906296	+	MICALL1	MICALL1
chr7	1459470	-	MICALL2	MICALL2
chr6	31494880	+	MICB	MICB
chr6	31494794	-	MICB-DT	MICB-DT
chr1	19596976	+	MICOS10	MICOS10
chr1	19596978	+	MICOS10-NBL1	MICOS10-NBL1
chr13	32498492	-	MICOS10P1	MICOS10P1
chr19	5680238	-	MICOS13	MICOS13
chr10	72523986	-	MICU1	MICU1
chr13	21604170	-	MICU2	MICU2
chr8	17027237	+	MICU3	MICU3
chrX	10567603	-	MID1	MID1
chrX	38801431	+	MID1IP1	MID1IP1
chrX	38803883	-	MID1IP1-AS1	MID1IP1-AS1
chrX	107825734	+	MID2	MID2
chr14	73760298	-	MIDEAS	MIDEAS
chr19	1248552	+	MIDN	MIDN
chr22	39500099	+	MIEF1	MIEF1
chr17	18260661	+	MIEF2	MIEF2
chr17	39730532	-	MIEN1	MIEN1
chr1	66924894	+	MIER1	MIER1
chr19	344841	-	MIER2	MIER2
chr5	56952123	-	MIER3	MIER3
chr22	23894382	+	MIF	MIF
chr22	23898930	-	MIF-AS1	MIF-AS1
chr17	75270245	-	MIF4GD	MIF4GD
chr1	93775383	-	MIG7	MIG7
chr1	77779623	+	MIGA1	MIGA1
chr9	129036625	+	MIGA2	MIGA2
chr1	12019497	+	MIIP	MIIP
chr17	64449114	+	MILR1	MILR1
chr19	56840901	+	MIMT1	MIMT1
chr15	79432335	+	MINAR1	MINAR1
chr5	129748093	+	MINAR2	MINAR2
chr8	143281700	-	MINCR	MINCR
chr1	151006902	-	MINDY1	MINDY1
chr15	58771301	+	MINDY2	MINDY2
chr10	15860507	-	MINDY3	MINDY3
chr7	30771416	+	MINDY4	MINDY4
chr3	150905439	-	MINDY4B	MINDY4B
chr17	4833339	+	MINK1	MINK1
chr10	87504465	+	MINPP1	MINPP1
chr7	7566883	+	MIOS	MIOS
chr22	50486858	+	MIOX	MIOX
chr12	56454657	-	MIP	MIP
chr13	23889400	-	MIPEP	MIPEP
chr13	21298124	+	MIPEPP3	MIPEPP3
chr14	37197912	+	MIPOL1	MIPOL1
chr20	62554305	+	MIR1-1	MIR1-1
chr20	62550452	+	MIR1-1HG	MIR1-1HG
chr20	62551561	-	MIR1-1HG-AS1	MIR1-1HG-AS1
chr18	21829088	-	MIR1-2	MIR1-2
chr11	122152308	-	MIR100	MIR100
chr11	122100846	-	MIR100HG	MIR100HG
chr1	65058508	-	MIR101-1	MIR101-1
chr9	4850296	+	MIR101-2	MIR101-2
chr17	48032881	+	MIR10226	MIR10226
chr11	64878609	-	MIR10392	MIR10392
chr15	44717843	+	MIR10393	MIR10393
chr19	58393363	+	MIR10394	MIR10394
chr21	8436324	+	MIR10396A	MIR10396A
chr21	8436323	+	MIR10396B	MIR10396B
chr5	10402363	+	MIR10397	MIR10397
chr6	41733610	-	MIR10398	MIR10398
chr7	139044157	-	MIR10399	MIR10399
chr5	168560973	-	MIR103A1	MIR103A1
chr20	3917493	+	MIR103A2	MIR103A2
chr5	168560903	+	MIR103B1	MIR103B1
chr20	3917563	-	MIR103B2	MIR103B2
chr8	144462539	-	MIR10400	MIR10400
chrX	152392299	-	MIR105-1	MIR105-1
chrX	152394492	-	MIR105-2	MIR105-2
chr5	17155992	-	MIR10522	MIR10522
chr5	172915082	+	MIR10523	MIR10523
chr6	78539309	-	MIR10524	MIR10524
chr7	74595967	+	MIR10525	MIR10525
chr11	122152156	-	MIR10526	MIR10526
chr12	63823662	+	MIR10527	MIR10527
chrX	134170278	-	MIR106A	MIR106A
chr7	100094074	-	MIR106B	MIR106B
chr10	89592827	-	MIR107	MIR107
chr17	48579947	-	MIR10A	MIR10A
chr2	176150302	+	MIR10B	MIR10B
chr15	87946268	-	MIR11181	MIR11181
chr1	112882049	+	MIR11399	MIR11399
chr7	142474526	+	MIR11400	MIR11400
chr16	87853895	+	MIR11401	MIR11401
chr12	119713724	-	MIR1178	MIR1178
chr15	88608106	+	MIR1179	MIR1179
chr17	19344574	-	MIR1180	MIR1180
chr19	10403538	-	MIR1181	MIR1181
chr1	231019924	-	MIR1182	MIR1182
chr7	21471057	+	MIR1183	MIR1183
chrX	154887458	-	MIR1184-1	MIR1184-1
chrX	154887458	-	MIR1184-2	MIR1184-2
chrX	154887458	-	MIR1184-3	MIR1184-3
chr14	101042976	+	MIR1185-1	MIR1185-1
chr14	101044197	+	MIR1185-2	MIR1185-2
chr14	101030051	+	MIR1193	MIR1193
chr14	101025563	+	MIR1197	MIR1197
chr19	14073360	+	MIR1199	MIR1199
chr7	36919432	-	MIR1200	MIR1200
chr6	155946796	+	MIR1202	MIR1202
chr17	48156511	-	MIR1203	MIR1203
chr8	127795961	+	MIR1204	MIR1204
chr8	127960632	+	MIR1205	MIR1205
chr8	128008897	+	MIR1206	MIR1206
chr8	128049151	+	MIR1207	MIR1207
chr8	128150115	+	MIR1208	MIR1208
chr4	11783177	+	MIR12113	MIR12113
chr22	50407441	+	MIR12114	MIR12114
chr4	22515311	+	MIR12115	MIR12115
chr1	179803923	+	MIR12116	MIR12116
chr9	33108691	+	MIR12117	MIR12117
chr5	173303729	+	MIR12118	MIR12118
chr7	99409171	+	MIR12119	MIR12119
chrY	13479176	+	MIR12120	MIR12120
chr14	104865313	+	MIR12121	MIR12121
chr20	49863858	+	MIR12122	MIR12122
chr8	79332187	+	MIR12123	MIR12123
chr3	128846807	+	MIR12124	MIR12124
chr5	168165844	+	MIR12125	MIR12125
chr9	130241386	+	MIR12126	MIR12126
chr3	10280350	+	MIR12127	MIR12127
chr16	85207795	+	MIR12128	MIR12128
chrX	153335461	+	MIR12129	MIR12129
chr5	116255742	+	MIR12130	MIR12130
chr6	151102674	+	MIR12131	MIR12131
chr1	61846074	+	MIR12132	MIR12132
chr1	94543701	+	MIR12133	MIR12133
chr15	73299909	+	MIR12135	MIR12135
chr1	632685	-	MIR12136	MIR12136
chr18	58451073	+	MIR122	MIR122
chr3	184241404	+	MIR1224	MIR1224
chr16	2090284	-	MIR1225	MIR1225
chr3	47849554	+	MIR1226	MIR1226
chr19	2234149	-	MIR1227	MIR1227
chr12	57194503	+	MIR1228	MIR1228
chr5	179798346	-	MIR1229	MIR1229
chr1	201808610	+	MIR1231	MIR1231
chr15	34382150	-	MIR1233-1	MIR1233-1
chr15	34382150	-	MIR1233-2	MIR1233-2
chr8	144400165	-	MIR1234	MIR1234
chr6	31956940	-	MIR1236	MIR1236
chr11	64368601	+	MIR1237	MIR1237
chr19	10552121	+	MIR1238	MIR1238
chr8	9903472	-	MIR124-1	MIR124-1
chr8	9903329	-	MIR124-1HG	MIR124-1HG
chr8	64379148	+	MIR124-2	MIR124-2
chr8	64373217	+	MIR124-2HG	MIR124-2HG
chr20	63178499	+	MIR124-3	MIR124-3
chr4	113106862	+	MIR1243	MIR1243
chr12	9239551	-	MIR1244-1	MIR1244-1
chr12	9239551	-	MIR1244-2	MIR1244-2
chr12	9239551	-	MIR1244-3	MIR1244-3
chr12	9239551	-	MIR1244-4	MIR1244-4
chr2	188978091	+	MIR1245A	MIR1245A
chr2	188978161	-	MIR1245B	MIR1245B
chr2	176601052	-	MIR1246	MIR1246
chr14	101560422	-	MIR1247	MIR1247
chr3	186786671	+	MIR1248	MIR1248
chr22	45201019	-	MIR1249	MIR1249
chr17	81133308	-	MIR1250	MIR1250
chr12	97491908	+	MIR1251	MIR1251
chr12	79419256	+	MIR1252	MIR1252
chr17	2748182	-	MIR1253	MIR1253
chr4	101330414	-	MIR1255A	MIR1255A
chr4	36426428	-	MIR1255B1	MIR1255B1
chr1	167998659	+	MIR1255B2	MIR1255B2
chr1	20988432	-	MIR1256	MIR1256
chr20	61953662	-	MIR1257	MIR1257
chr2	179860908	-	MIR1258	MIR1258
chr19	51693253	+	MIR125A	MIR125A
chr11	122099844	-	MIR125B1	MIR125B1
chr21	16590236	+	MIR125B2	MIR125B2
chr9	136670601	+	MIR126	MIR126
chr14	77266217	+	MIR1260A	MIR1260A
chr11	96341437	+	MIR1260B	MIR1260B
chr11	90869202	-	MIR1261	MIR1261
chr1	68183610	-	MIR1262	MIR1262
chr3	164171556	-	MIR1263	MIR1263
chrX	114652654	+	MIR1264	MIR1264
chr10	14436575	+	MIR1265	MIR1265
chr15	52277200	-	MIR1266	MIR1266
chr13	107531248	-	MIR1267	MIR1267
chr19	3064714	-	MIR1268A	MIR1268A
chr17	80098827	+	MIR1268B	MIR1268B
chr4	66276823	+	MIR1269A	MIR1269A
chr17	12917342	-	MIR1269B	MIR1269B
chr14	100882978	+	MIR127	MIR127
chr19	20399354	-	MIR1270	MIR1270
chr5	176367945	+	MIR1271	MIR1271
chr15	64762515	-	MIR1272	MIR1272
chr6	154853359	+	MIR1273C	MIR1273C
chr16	24203115	+	MIR1273H	MIR1273H
chr6	34000051	-	MIR1275	MIR1275
chr15	85770578	-	MIR1276	MIR1276
chrX	118386393	+	MIR1277	MIR1277
chr1	193136502	+	MIR1278	MIR1278
chr12	69273218	-	MIR1279	MIR1279
chr2	135665396	+	MIR128-1	MIR128-1
chr3	35744475	+	MIR128-2	MIR128-2
chr22	41092512	+	MIR1281	MIR1281
chr15	43793759	-	MIR1282	MIR1282
chr19	53688480	+	MIR1283-1	MIR1283-1
chr19	53758231	+	MIR1283-2	MIR1283-2
chr3	71542089	-	MIR1284	MIR1284
chr7	92204098	-	MIR1285-1	MIR1285-1
chr2	70253005	-	MIR1285-2	MIR1285-2
chr22	20249211	-	MIR1286	MIR1286
chr10	98395307	-	MIR1287	MIR1287
chr17	16282013	+	MIR1288	MIR1288
chr20	35454097	-	MIR1289-1	MIR1289-1
chr5	133427706	-	MIR1289-2	MIR1289-2
chr7	128207871	+	MIR129-1	MIR129-1
chr11	43581393	+	MIR129-2	MIR129-2
chr1	18897148	-	MIR1290	MIR1290
chr12	48654530	-	MIR1291	MIR1291
chr20	2652776	+	MIR1292	MIR1292
chr12	50234212	-	MIR1293	MIR1293
chr5	154347105	+	MIR1294	MIR1294
chr1	171101806	-	MIR1295A	MIR1295A
chr1	171101738	+	MIR1295B	MIR1295B
chr10	63373048	-	MIR1296	MIR1296
chr13	54312048	-	MIR1297	MIR1297
chrX	114715232	+	MIR1298	MIR1298
chr9	40929092	-	MIR1299	MIR1299
chr2	25328721	-	MIR1301	MIR1301
chr12	112695176	-	MIR1302-1	MIR1302-1
chr9	30143	+	MIR1302-10	MIR1302-10
chr9	30143	+	MIR1302-11	MIR1302-11
chr9	30143	+	MIR1302-2	MIR1302-2
chr2	113583096	-	MIR1302-3	MIR1302-3
chr2	207269424	-	MIR1302-4	MIR1302-4
chr20	50614785	-	MIR1302-5	MIR1302-5
chr7	18127309	-	MIR1302-6	MIR1302-6
chr8	141786313	-	MIR1302-7	MIR1302-7
chr9	97363681	-	MIR1302-8	MIR1302-8
chr9	30143	+	MIR1302-9	MIR1302-9
chr5	154685775	+	MIR1303	MIR1303
chr11	93733764	-	MIR1304	MIR1304
chr4	182169292	+	MIR1305	MIR1305
chr22	20086057	+	MIR1306	MIR1306
chr10	103394401	-	MIR1307	MIR1307
chr11	57641197	+	MIR130A	MIR130A
chr22	21653303	+	MIR130B	MIR130B
chr17	2050008	-	MIR132	MIR132
chrX	85835779	+	MIR1321	MIR1321
chr8	10825443	-	MIR1322	MIR1322
chr19	53671967	+	MIR1323	MIR1323
chr3	75630762	+	MIR1324	MIR1324
chr18	21825785	-	MIR133A1	MIR133A1
chr18	21831406	-	MIR133A1HG	MIR133A1HG
chr20	62564911	+	MIR133A2	MIR133A2
chr6	52148922	+	MIR133B	MIR133B
chr14	101054686	+	MIR134	MIR134
chr11	34941836	+	MIR1343	MIR1343
chr3	52294308	-	MIR135A1	MIR135A1
chr12	97563811	+	MIR135A2	MIR135A2
chr1	205448398	-	MIR135B	MIR135B
chr14	100884701	+	MIR136	MIR136
chr1	98046171	-	MIR137	MIR137
chr1	98049693	-	MIR137HG	MIR137HG
chr3	44114211	+	MIR138-1	MIR138-1
chr16	56858517	+	MIR138-2	MIR138-2
chr11	72615130	-	MIR139	MIR139
chr16	69933080	+	MIR140	MIR140
chr12	6964096	+	MIR141	MIR141
chr17	58331318	-	MIR142	MIR142
chr5	149428917	+	MIR143	MIR143
chr17	28861618	-	MIR144	MIR144
chr5	149430645	+	MIR145	MIR145
chrX	63786087	-	MIR1468	MIR1468
chr15	96333260	+	MIR1469	MIR1469
chr5	160485351	+	MIR146A	MIR146A
chr10	102436511	+	MIR146B	MIR146B
chr19	15449547	+	MIR1470	MIR1470
chr2	231892298	-	MIR1471	MIR1471
chr9	120245050	-	MIR147A	MIR147A
chr15	45433049	+	MIR147B	MIR147B
chr7	25949986	-	MIR148A	MIR148A
chr12	54337215	+	MIR148B	MIR148B
chr2	240456000	+	MIR149	MIR149
chr19	49500868	-	MIR150	MIR150
chr8	140732653	-	MIR151A	MIR151A
chr14	100109514	-	MIR151B	MIR151B
chr17	48037247	-	MIR152	MIR152
chr2	219294200	-	MIR153-1	MIR153-1
chr7	157574422	-	MIR153-2	MIR153-2
chr1	235853060	-	MIR1537	MIR1537
chr16	69565868	-	MIR1538	MIR1538
chr18	49487372	+	MIR1539	MIR1539
chr14	101059754	+	MIR154	MIR154
chr21	25573979	+	MIR155	MIR155
chr21	25562144	+	MIR155HG	MIR155HG
chrX	39837560	+	MIR1587	MIR1587
chr13	50049201	-	MIR15A	MIR15A
chr3	160404587	+	MIR15B	MIR15B
chr13	50049061	-	MIR16-1	MIR16-1
chr3	160404744	+	MIR16-2	MIR16-2
chr13	91350604	+	MIR17	MIR17
chr13	91347819	+	MIR17HG	MIR17HG
chr1	198859153	-	MIR181A1	MIR181A1
chr1	198937429	-	MIR181A1HG	MIR181A1HG
chr9	124692441	+	MIR181A2	MIR181A2
chr9	124658435	+	MIR181A2HG	MIR181A2HG
chr1	198858982	-	MIR181B1	MIR181B1
chr9	124693709	+	MIR181B2	MIR181B2
chr19	13874698	+	MIR181C	MIR181C
chr19	13874874	+	MIR181D	MIR181D
chr7	129770492	-	MIR182	MIR182
chr20	32237794	+	MIR1825	MIR1825
chr12	100189883	+	MIR1827	MIR1827
chr7	129775014	-	MIR183	MIR183
chr15	79209787	+	MIR184	MIR184
chr1	175968479	-	MIR1843	MIR1843
chr22	20033138	+	MIR185	MIR185
chr1	71067716	-	MIR186	MIR186
chr18	35904926	-	MIR187	MIR187
chrX	50003502	+	MIR188	MIR188
chr13	91350750	+	MIR18A	MIR18A
chrX	134170111	-	MIR18B	MIR18B
chr11	61815240	-	MIR1908	MIR1908
chr19	1816238	-	MIR1909	MIR1909
chr15	62823956	+	MIR190A	MIR190A
chr1	154193743	-	MIR190B	MIR190B
chr3	49020709	-	MIR191	MIR191
chr16	85741700	-	MIR1910	MIR1910
chrX	114763183	+	MIR1911	MIR1911
chrX	114651543	+	MIR1912	MIR1912
chr6	166509433	-	MIR1913	MIR1913
chr20	63941544	-	MIR1914	MIR1914
chr10	21496641	-	MIR1915	MIR1915
chr10	21497260	-	MIR1915HG	MIR1915HG
chr11	64891246	-	MIR192	MIR192
chr17	31559995	+	MIR193A	MIR193A
chr16	14303966	+	MIR193B	MIR193B
chr16	14302287	+	MIR193BHG	MIR193BHG
chr1	220118241	-	MIR194-1	MIR194-1
chr11	64891439	-	MIR194-2	MIR194-2
chr11	64893449	-	MIR194-2HG	MIR194-2HG
chr17	7017701	-	MIR195	MIR195
chr17	48632559	-	MIR196A1	MIR196A1
chr12	53991737	+	MIR196A2	MIR196A2
chr7	27169563	-	MIR196B	MIR196B
chr1	109598892	+	MIR197	MIR197
chr16	15010397	-	MIR1972-1	MIR1972-1
chr16	15010397	-	MIR1972-2	MIR1972-2
chr4	116299724	+	MIR1973	MIR1973
chr1	26554541	+	MIR1976	MIR1976
chr3	120395729	-	MIR198	MIR198
chr19	10817496	-	MIR199A1	MIR199A1
chr1	172144644	-	MIR199A2	MIR199A2
chr9	128244830	-	MIR199B	MIR199B
chr13	91350890	+	MIR19A	MIR19A
chr13	91351191	+	MIR19B1	MIR19B1
chrX	134169766	-	MIR19B2	MIR19B2
chr1	1167862	+	MIR200A	MIR200A
chr1	1167103	+	MIR200B	MIR200B
chr12	6963698	+	MIR200C	MIR200C
chr12	6963244	+	MIR200CHG	MIR200CHG
chr10	133247620	-	MIR202	MIR202
chr10	133247885	-	MIR202HG	MIR202HG
chr14	104117404	+	MIR203A	MIR203A
chr14	104117503	-	MIR203B	MIR203B
chr9	70810084	-	MIR204	MIR204
chr1	209432132	+	MIR205	MIR205
chr8	74705692	+	MIR2052	MIR2052
chr8	74599865	+	MIR2052HG	MIR2052HG
chr8	112643492	+	MIR2053	MIR2053
chr4	125507258	+	MIR2054	MIR2054
chr1	209428819	+	MIR205HG	MIR205HG
chr6	52144348	+	MIR206	MIR206
chr14	23388666	-	MIR208A	MIR208A
chr14	23418063	-	MIR208B	MIR208B
chr13	91351064	+	MIR20A	MIR20A
chrX	134169877	-	MIR20B	MIR20B
chr17	59841265	+	MIR21	MIR21
chr11	568198	-	MIR210	MIR210
chr11	568457	-	MIR210HG	MIR210HG
chr15	31065141	-	MIR211	MIR211
chr10	114174179	-	MIR2110	MIR2110
chr6	98024530	+	MIR2113	MIR2113
chrX	150228003	+	MIR2114	MIR2114
chr3	48316459	-	MIR2115	MIR2115
chr15	59171262	-	MIR2116	MIR2116
chr17	43444805	+	MIR2117	MIR2117
chr17	43444706	+	MIR2117HG	MIR2117HG
chr17	2050380	-	MIR212	MIR212
chr1	172138907	-	MIR214	MIR214
chr1	220117962	-	MIR215	MIR215
chr2	55989059	-	MIR216A	MIR216A
chr2	56000795	-	MIR216B	MIR216B
chr2	55983076	-	MIR217	MIR217
chr2	56047326	-	MIR217HG	MIR217HG
chr4	20528274	+	MIR218-1	MIR218-1
chr5	168768255	-	MIR218-2	MIR218-2
chr6	33207834	+	MIR219A1	MIR219A1
chr9	128392714	-	MIR219A2	MIR219A2
chr9	128392620	+	MIR219B	MIR219B
chr17	1713987	-	MIR22	MIR22
chrX	45746266	-	MIR221	MIR221
chrX	45747124	-	MIR222	MIR222
chrX	66018869	+	MIR223	MIR223
chrX	151958658	-	MIR224	MIR224
chr13	24162415	+	MIR2276	MIR2276
chr5	93620788	-	MIR2277	MIR2277
chr9	94809961	+	MIR2278	MIR2278
chr17	1716272	-	MIR22HG	MIR22HG
chr2	207110073	-	MIR2355	MIR2355
chr14	100814490	+	MIR2392	MIR2392
chr19	13836659	-	MIR23A	MIR23A
chr9	95085207	+	MIR23B	MIR23B
chrX	20017187	-	MIR23C	MIR23C
chr9	95086020	+	MIR24-1	MIR24-1
chr19	13836359	-	MIR24-2	MIR24-2
chr2	239351804	-	MIR2467	MIR2467
chr7	100093643	-	MIR25	MIR25
chr13	101967746	-	MIR2681	MIR2681
chr1	98045351	-	MIR2682	MIR2682
chr3	37969403	+	MIR26A1	MIR26A1
chr12	57824692	-	MIR26A2	MIR26A2
chr2	218402645	+	MIR26B	MIR26B
chr19	13836517	-	MIR27A	MIR27A
chr9	95085444	+	MIR27B	MIR27B
chr3	188688780	+	MIR28	MIR28
chr9	127785917	+	MIR2861	MIR2861
chr17	37033744	+	MIR2909	MIR2909
chr20	58817694	-	MIR296	MIR296
chr4	110860647	-	MIR297	MIR297
chr20	58818313	-	MIR298	MIR298
chr14	101023793	+	MIR299	MIR299
chr7	130876810	-	MIR29A	MIR29A
chr7	130877539	-	MIR29B1	MIR29B1
chr1	207802523	-	MIR29B2	MIR29B2
chr1	207822703	-	MIR29B2CHG	MIR29B2CHG
chr1	207801939	-	MIR29C	MIR29C
chr14	101041362	+	MIR300	MIR300
chr17	59151221	-	MIR301A	MIR301A
chr22	21652980	+	MIR301B	MIR301B
chr4	112648251	-	MIR302A	MIR302A
chr4	112648557	-	MIR302B	MIR302B
chr4	112648430	-	MIR302C	MIR302C
chr4	112648703	-	MIR302CHG	MIR302CHG
chr4	112648071	-	MIR302D	MIR302D
chr11	7234765	+	MIR302E	MIR302E
chr18	30298909	+	MIR302F	MIR302F
chr12	86745149	-	MIR3059	MIR3059
chr17	64500839	-	MIR3064	MIR3064
chr17	81125876	+	MIR3065	MIR3065
chr9	95086094	-	MIR3074	MIR3074
chr10	97875897	-	MIR3085	MIR3085
chr6	71403621	-	MIR30A	MIR30A
chr8	134800607	-	MIR30B	MIR30B
chr1	40757283	+	MIR30C1	MIR30C1
chr6	71377031	-	MIR30C2	MIR30C2
chr8	134804945	-	MIR30D	MIR30D
chr1	40754354	+	MIR30E	MIR30E
chr9	21512185	-	MIR31	MIR31
chr1	23044304	+	MIR3115	MIR3115
chr1	62078785	+	MIR3116-1	MIR3116-1
chr1	62078856	-	MIR3116-2	MIR3116-2
chr1	66628439	+	MIR3117	MIR3117
chr21	13644850	-	MIR3118-1	MIR3118-1
chr15	20832794	+	MIR3118-2	MIR3118-2
chr15	20832794	+	MIR3118-3	MIR3118-3
chr15	20832794	+	MIR3118-4	MIR3118-4
chr1	170151462	-	MIR3119-1	MIR3119-1
chr1	170151377	+	MIR3119-2	MIR3119-2
chr1	172138807	+	MIR3120	MIR3120
chr1	180438390	-	MIR3121	MIR3121
chr1	212077612	+	MIR3122	MIR3122
chr1	241132271	+	MIR3123	MIR3123
chr1	248826376	+	MIR3124	MIR3124
chr2	12737366	+	MIR3125	MIR3125
chr2	69103681	+	MIR3126	MIR3126
chr2	96798277	+	MIR3127	MIR3127
chr2	177256010	-	MIR3128	MIR3128
chr2	189133111	-	MIR3129	MIR3129
chr2	206783308	-	MIR3130-1	MIR3130-1
chr2	206783233	+	MIR3130-2	MIR3130-2
chr2	219058750	-	MIR3131	MIR3131
chr2	219549147	-	MIR3132	MIR3132
chr2	241477904	+	MIR3133	MIR3133
chr3	15697371	-	MIR3134	MIR3134
chr3	20137564	+	MIR3135A	MIR3135A
chr6	32749979	-	MIR3135B	MIR3135B
chr3	69049035	-	MIR3136	MIR3136
chr3	195134580	-	MIR3137	MIR3137
chr4	10078692	-	MIR3138	MIR3138
chr4	143343459	+	MIR3139	MIR3139
chr4	152489416	-	MIR3140	MIR3140
chr5	154596072	-	MIR3141	MIR3141
chr5	160474401	+	MIR3142	MIR3142
chr5	160468250	+	MIR3142HG	MIR3142HG
chr6	27147625	+	MIR3143	MIR3143
chr6	120015178	+	MIR3144	MIR3144
chr6	138435294	-	MIR3145	MIR3145
chr7	19705436	-	MIR3146	MIR3146
chr7	57405024	+	MIR3147	MIR3147
chr8	29957348	-	MIR3148	MIR3148
chr8	76966850	-	MIR3149	MIR3149
chr8	95072913	+	MIR3150A	MIR3150A
chr8	95072996	-	MIR3150B	MIR3150B
chr8	95072920	-	MIR3150BHG	MIR3150BHG
chr8	103154613	+	MIR3151	MIR3151
chr9	18573305	+	MIR3152	MIR3152
chr9	89312224	+	MIR3153	MIR3153
chr9	128245030	-	MIR3154	MIR3154
chr10	6152195	+	MIR3155A	MIR3155A
chr10	6152262	-	MIR3155B	MIR3155B
chr10	45164013	+	MIR3156-1	MIR3156-1
chr18	14830165	+	MIR3156-2	MIR3156-2
chr21	13406460	-	MIR3156-3	MIR3156-3
chr10	96064399	-	MIR3157	MIR3157
chr10	101601416	+	MIR3158-1	MIR3158-1
chr10	101601497	-	MIR3158-2	MIR3158-2
chr11	18387786	+	MIR3159	MIR3159
chr11	46451889	-	MIR3160-1	MIR3160-1
chr11	46451806	+	MIR3160-2	MIR3160-2
chr11	48096781	+	MIR3161	MIR3161
chr11	59595158	-	MIR3162	MIR3162
chr11	66934506	-	MIR3163	MIR3163
chr11	69083175	+	MIR3164	MIR3164
chr11	72072302	-	MIR3165	MIR3165
chr11	88176501	+	MIR3166	MIR3166
chr11	126988542	-	MIR3167	MIR3167
chr13	41101100	-	MIR3168	MIR3168
chr13	61199880	-	MIR3169	MIR3169
chr13	98208523	+	MIR3170	MIR3170
chr14	27633278	-	MIR3171	MIR3171
chr14	95137986	-	MIR3173	MIR3173
chr15	90006754	+	MIR3174	MIR3174
chr15	92904398	+	MIR3175	MIR3175
chr16	543276	+	MIR3176	MIR3176
chr16	1734984	+	MIR3177	MIR3177
chr16	2532005	-	MIR3178	MIR3178
chr16	14901507	+	MIR3179-1	MIR3179-1
chr16	14901507	+	MIR3179-2	MIR3179-2
chr16	14901507	+	MIR3179-3	MIR3179-3
chr16	14901507	+	MIR3179-4	MIR3179-4
chr16	14911219	+	MIR3180-1	MIR3180-1
chr16	14911223	+	MIR3180-2	MIR3180-2
chr16	14911219	+	MIR3180-3	MIR3180-3
chr16	15155002	-	MIR3180-4	MIR3180-4
chr16	2136129	-	MIR3180-5	MIR3180-5
chr16	50742304	+	MIR3181	MIR3181
chr16	83508345	+	MIR3182	MIR3182
chr17	1022559	-	MIR3183	MIR3183
chr17	30117160	-	MIR3184	MIR3184
chr17	48724475	-	MIR3185	MIR3185
chr17	81451188	-	MIR3186	MIR3186
chr19	813583	+	MIR3187	MIR3187
chr19	18282076	+	MIR3188	MIR3188
chr19	18386561	+	MIR3189	MIR3189
chr19	47226941	+	MIR3190	MIR3190
chr19	47227019	-	MIR3191	MIR3191
chr20	18470614	+	MIR3192	MIR3192
chr20	31607185	+	MIR3193	MIR3193
chr20	51452977	-	MIR3194	MIR3194
chr20	62064801	+	MIR3195	MIR3195
chr20	63238778	+	MIR3196	MIR3196
chr21	41167556	+	MIR3197	MIR3197
chr22	17764259	-	MIR3198-1	MIR3198-1
chr12	54231476	-	MIR3198-2	MIR3198-2
chr22	27920612	-	MIR3199-1	MIR3199-1
chr22	27920525	+	MIR3199-2	MIR3199-2
chr9	21559798	-	MIR31HG	MIR31HG
chr9	109046298	-	MIR32	MIR32
chr22	30731556	+	MIR3200	MIR3200
chr22	48274363	+	MIR3201	MIR3201
chrX	153981096	+	MIR3202-1	MIR3202-1
chrX	153981176	-	MIR3202-2	MIR3202-2
chr8	22245037	-	MIR320A	MIR320A
chr1	116671745	+	MIR320B1	MIR320B1
chr1	224257110	-	MIR320B2	MIR320B2
chr18	21683517	+	MIR320C1	MIR320C1
chr18	24321674	+	MIR320C2	MIR320C2
chr13	40727887	-	MIR320D1	MIR320D1
chrX	140926231	-	MIR320D2	MIR320D2
chr19	46709354	-	MIR320E	MIR320E
chr14	101025731	+	MIR323A	MIR323A
chr14	101056218	+	MIR323B	MIR323B
chr17	7223379	-	MIR324	MIR324
chrX	77005501	-	MIR325	MIR325
chrX	77014532	-	MIR325HG	MIR325HG
chr11	75335186	-	MIR326	MIR326
chr16	67202395	-	MIR328	MIR328
chr14	101026784	+	MIR329-1	MIR329-1
chr14	101027099	+	MIR329-2	MIR329-2
chr19	45639087	-	MIR330	MIR330
chr12	95308419	+	MIR331	MIR331
chr7	130496110	+	MIR335	MIR335
chr14	100874492	+	MIR337	MIR337
chr17	81125949	-	MIR338	MIR338
chr7	1023026	-	MIR339	MIR339
chr22	41900943	+	MIR33A	MIR33A
chr17	17813931	-	MIR33B	MIR33B
chr5	180015397	-	MIR340	MIR340
chr14	100109654	+	MIR342	MIR342
chr14	100307858	+	MIR345	MIR345
chr10	86264788	-	MIR346	MIR346
chr1	9151777	-	MIR34A	MIR34A
chr1	9182338	-	MIR34AHG	MIR34AHG
chr11	111512937	+	MIR34B	MIR34B
chr11	111513438	+	MIR34C	MIR34C
chr15	88611924	-	MIR3529	MIR3529
chr18	58451152	-	MIR3591	MIR3591
chr1	33332492	-	MIR3605	MIR3605
chr2	188995629	+	MIR3606	MIR3606
chr7	98881649	+	MIR3609	MIR3609
chrX	85903707	-	MIR361	MIR361
chr8	116874800	-	MIR3610	MIR3610
chr10	35079680	-	MIR3611	MIR3611
chr12	128294091	+	MIR3612	MIR3612
chr13	49996501	-	MIR3613	MIR3613
chr17	56891355	-	MIR3614	MIR3614
chr17	74748612	+	MIR3615	MIR3615
chr20	47166966	+	MIR3616	MIR3616
chr20	45705180	-	MIR3617	MIR3617
chr22	20085745	+	MIR3618	MIR3618
chr22	46091043	+	MIR3619	MIR3619
chrX	50008963	+	MIR362	MIR362
chr1	228097262	+	MIR3620	MIR3620
chr9	137169270	-	MIR3621	MIR3621
chr8	27701676	+	MIR3622A	MIR3622A
chr8	27701767	-	MIR3622B	MIR3622B
chrX	134169452	-	MIR363	MIR363
chr20	44408119	+	MIR3646	MIR3646
chr21	8208472	+	MIR3648-1	MIR3648-1
chr21	8208472	+	MIR3648-2	MIR3648-2
chr12	1660380	-	MIR3649	MIR3649
chr5	38557561	-	MIR3650	MIR3650
chr9	92292547	-	MIR3651	MIR3651
chr12	103930424	+	MIR3652	MIR3652
chr11	62560306	-	MIR3654	MIR3654
chr5	140647843	+	MIR3655	MIR3655
chr12	112037715	-	MIR3657	MIR3657
chr1	165907920	+	MIR3658	MIR3658
chr1	38089230	+	MIR3659	MIR3659
chr1	38047133	+	MIR3659HG	MIR3659HG
chr16	14309284	+	MIR365A	MIR365A
chr17	31575410	+	MIR365B	MIR365B
chr5	90016720	-	MIR3660	MIR3660
chr5	134225756	+	MIR3661	MIR3661
chr6	134979432	-	MIR3662	MIR3662
chr10	117167774	-	MIR3663	MIR3663
chr10	117169055	-	MIR3663HG	MIR3663HG
chr11	70872368	-	MIR3664	MIR3664
chr13	77698116	-	MIR3665	MIR3665
chr7	114653344	+	MIR3666	MIR3666
chr22	49543466	-	MIR3667	MIR3667
chr6	140205251	+	MIR3668	MIR3668
chr4	112647941	-	MIR367	MIR367
chr16	14907716	+	MIR3670-1	MIR3670-1
chr16	14907716	+	MIR3670-2	MIR3670-2
chr16	14907716	+	MIR3670-3	MIR3670-3
chr16	14907716	+	MIR3670-4	MIR3670-4
chr1	65057842	-	MIR3671	MIR3671
chrX	121370971	+	MIR3672	MIR3672
chr8	1801124	+	MIR3674	MIR3674
chr1	16548913	+	MIR3675	MIR3675
chr16	2270712	+	MIR3677	MIR3677
chr17	75406068	+	MIR3678	MIR3678
chr2	134127124	+	MIR3679	MIR3679
chr16	21506135	-	MIR3680-1	MIR3680-1
chr16	21506135	-	MIR3680-2	MIR3680-2
chr2	12199129	+	MIR3681	MIR3681
chr2	12007115	+	MIR3681HG	MIR3681HG
chr2	53849205	-	MIR3682	MIR3682
chr7	7067045	-	MIR3683	MIR3683
chr4	98997386	+	MIR3684	MIR3684
chr12	95309922	+	MIR3685	MIR3685
chr8	129484142	-	MIR3686	MIR3686
chr4	159128894	-	MIR3688-1	MIR3688-1
chr4	159128804	+	MIR3688-2	MIR3688-2
chr9	134850644	-	MIR3689A	MIR3689A
chr9	134850272	-	MIR3689B	MIR3689B
chr9	134849369	-	MIR3689C	MIR3689C
chr9	134849682	-	MIR3689D1	MIR3689D1
chr9	134850356	-	MIR3689D2	MIR3689D2
chr9	134850641	-	MIR3689E	MIR3689E
chr9	134850807	-	MIR3689F	MIR3689F
chr14	101065597	+	MIR369	MIR369
chrX	1293917	+	MIR3690	MIR3690
chr6	5148322	-	MIR3691	MIR3691
chr6	157529131	+	MIR3692	MIR3692
chr14	100911138	+	MIR370	MIR370
chr15	76586646	+	MIR3713	MIR3713
chr3	16933195	+	MIR3714	MIR3714
chr19	53787674	+	MIR371A	MIR371A
chr19	53787742	-	MIR371B	MIR371B
chr19	53787889	+	MIR372	MIR372
chr19	53788704	+	MIR373	MIR373
chrX	74287357	-	MIR374A	MIR374A
chrX	74218618	-	MIR374B	MIR374B
chrX	74218548	+	MIR374C	MIR374C
chr2	219001708	-	MIR375	MIR375
chr14	101040781	+	MIR376A1	MIR376A1
chr14	101040068	+	MIR376A2	MIR376A2
chr14	101040435	+	MIR376B	MIR376B
chr14	101039689	+	MIR376C	MIR376C
chr14	101062049	+	MIR377	MIR377
chr5	149732824	+	MIR378A	MIR378A
chr3	10330228	+	MIR378B	MIR378B
chr10	130962668	-	MIR378C	MIR378C
chr4	5923328	-	MIR378D1	MIR378D1
chr8	93916119	-	MIR378D2	MIR378D2
chr5	170028487	+	MIR378E	MIR378E
chr1	23929069	+	MIR378F	MIR378F
chr1	94745900	-	MIR378G	MIR378G
chr5	154829457	+	MIR378H	MIR378H
chr22	41923297	-	MIR378I	MIR378I
chr17	37615039	-	MIR378J	MIR378J
chr14	101022065	+	MIR379	MIR379
chr14	101025016	+	MIR380	MIR380
chr14	101045919	+	MIR381	MIR381
chr14	101045156	+	MIR381HG	MIR381HG
chr14	101054305	+	MIR382	MIR382
chr8	14853510	-	MIR383	MIR383
chrX	76919360	-	MIR384	MIR384
chr7	151433639	-	MIR3907	MIR3907
chr12	123536408	+	MIR3908	MIR3908
chr22	35335639	+	MIR3909	MIR3909
chr9	91636250	+	MIR3910-1	MIR3910-1
chr9	91636345	-	MIR3910-2	MIR3910-2
chr9	127690795	-	MIR3911	MIR3911
chr5	171386760	-	MIR3912	MIR3912
chr12	69584823	-	MIR3913-1	MIR3913-1
chr12	69584722	+	MIR3913-2	MIR3913-2
chr7	71307770	-	MIR3914-1	MIR3914-1
chr7	71307673	+	MIR3914-2	MIR3914-2
chrX	32583752	-	MIR3915	MIR3915
chr1	247202060	-	MIR3916	MIR3916
chr1	25906454	-	MIR3917	MIR3917
chr6	158764753	-	MIR3918	MIR3918
chr3	159282645	+	MIR3919	MIR3919
chr11	101519905	-	MIR3920	MIR3920
chr3	99964398	-	MIR3921	MIR3921
chr12	104591632	+	MIR3922	MIR3922
chr3	79507886	+	MIR3923	MIR3923
chr10	57304559	-	MIR3924	MIR3924
chr6	36622512	-	MIR3925	MIR3925
chr8	12727304	-	MIR3926-1	MIR3926-1
chr8	12727236	+	MIR3926-2	MIR3926-2
chr9	109511545	-	MIR3927	MIR3927
chr22	31160119	-	MIR3928	MIR3928
chr18	35934142	-	MIR3929	MIR3929
chr6	33698127	+	MIR3934	MIR3934
chr16	56245519	+	MIR3935	MIR3935
chr5	132365599	-	MIR3936	MIR3936
chr5	132369916	-	MIR3936HG	MIR3936HG
chrX	39661215	+	MIR3937	MIR3937
chr3	55852594	-	MIR3938	MIR3938
chr6	166997912	-	MIR3939	MIR3939
chr19	6416511	-	MIR3940	MIR3940
chr10	122416964	+	MIR3941	MIR3941
chr15	35372364	-	MIR3942	MIR3942
chr7	43150894	+	MIR3943	MIR3943
chr10	133371663	-	MIR3944	MIR3944
chr4	184851110	-	MIR3945	MIR3945
chr4	184855652	-	MIR3945HG	MIR3945HG
chr9	127785832	+	MIR3960	MIR3960
chr1	17277888	+	MIR3972	MIR3972
chr11	36010097	+	MIR3973	MIR3973
chr12	17673298	+	MIR3974	MIR3974
chr18	35591736	+	MIR3975	MIR3975
chr18	5840694	+	MIR3976	MIR3976
chr18	5748818	+	MIR3976HG	MIR3976HG
chr5	82840154	+	MIR3977	MIR3977
chrX	110082117	+	MIR3978	MIR3978
chr14	101065299	+	MIR409	MIR409
chr14	101065911	+	MIR410	MIR410
chr14	101023324	+	MIR411	MIR411
chr14	101065446	+	MIR412	MIR412
chrX	74218461	-	MIR421	MIR421
chr15	63871019	-	MIR422A	MIR422A
chr17	30117078	+	MIR423	MIR423
chrX	134546711	-	MIR424	MIR424
chr3	49020234	-	MIR425	MIR425
chr1	3127974	+	MIR4251	MIR4251
chr1	6429896	-	MIR4252	MIR4252
chr1	22863226	-	MIR4253	MIR4253
chr1	31758735	-	MIR4254	MIR4254
chr1	37161562	+	MIR4255	MIR4255
chr1	112461833	-	MIR4256	MIR4256
chr1	150551928	+	MIR4257	MIR4257
chr1	154975692	+	MIR4258	MIR4258
chr1	159900079	-	MIR4259	MIR4259
chr1	209623510	-	MIR4260	MIR4260
chr2	10192671	-	MIR4261	MIR4261
chr2	11836986	-	MIR4262	MIR4262
chr2	27996366	+	MIR4263	MIR4263
chr2	79649359	-	MIR4264	MIR4264
chr2	109141588	-	MIR4265	MIR4265
chr2	109313625	-	MIR4266	MIR4266
chr2	110070042	-	MIR4267	MIR4267
chr2	219906565	-	MIR4268	MIR4268
chr2	239305461	+	MIR4269	MIR4269
chr3	15496308	-	MIR4270	MIR4270
chr3	49274119	+	MIR4271	MIR4271
chr3	67225463	+	MIR4272	MIR4272
chr3	75738279	+	MIR4273	MIR4273
chr4	7460027	+	MIR4274	MIR4274
chr4	28819581	+	MIR4275	MIR4275
chr4	174423794	+	MIR4276	MIR4276
chr5	1708868	-	MIR4277	MIR4277
chr5	6827921	-	MIR4278	MIR4278
chr5	31936159	-	MIR4279	MIR4279
chr5	87114954	-	MIR4280	MIR4280
chr5	176629500	-	MIR4281	MIR4281
chr6	72967753	-	MIR4282	MIR4282
chr7	56955864	-	MIR4283-1	MIR4283-1
chr7	56955864	-	MIR4283-2	MIR4283-2
chr7	73711316	+	MIR4284	MIR4284
chr7	102293102	+	MIR4285	MIR4285
chr8	10666977	+	MIR4286	MIR4286
chr8	27886116	-	MIR4287	MIR4287
chr8	28505182	-	MIR4288	MIR4288
chr9	88745905	-	MIR4289	MIR4289
chr1	1169004	+	MIR429	MIR429
chr9	90023535	-	MIR4290	MIR4290
chr9	90041499	-	MIR4290HG	MIR4290HG
chr9	93819356	+	MIR4291	MIR4291
chr9	136830956	+	MIR4292	MIR4292
chr10	14383277	-	MIR4293	MIR4293
chr10	48985587	-	MIR4294	MIR4294
chr10	112634169	+	MIR4295	MIR4295
chr10	125032870	-	MIR4296	MIR4296
chr10	129843374	-	MIR4297	MIR4297
chr11	1859536	-	MIR4298	MIR4298
chr11	11656722	-	MIR4299	MIR4299
chr11	81890836	-	MIR4300	MIR4300
chr11	82403913	-	MIR4300HG	MIR4300HG
chr11	113450088	-	MIR4301	MIR4301
chr12	25874079	-	MIR4302	MIR4302
chr12	97995448	-	MIR4303	MIR4303
chr12	123010728	-	MIR4304	MIR4304
chr13	39664135	-	MIR4305	MIR4305
chr13	99643058	+	MIR4306	MIR4306
chr14	26908641	+	MIR4307	MIR4307
chr14	26873132	+	MIR4307HG	MIR4307HG
chr14	54878193	-	MIR4308	MIR4308
chr14	102539643	+	MIR4309	MIR4309
chr14	100881006	+	MIR431	MIR431
chr15	41866551	-	MIR4310	MIR4310
chr15	66040232	+	MIR4311	MIR4311
chr15	68801925	-	MIR4312	MIR4312
chr15	75762315	-	MIR4313	MIR4313
chr17	8088055	+	MIR4314	MIR4314
chr17	45475435	-	MIR4315-1	MIR4315-1
chr17	45475435	-	MIR4315-2	MIR4315-2
chr17	77397054	-	MIR4316	MIR4316
chr18	6374425	-	MIR4317	MIR4317
chr18	37657134	+	MIR4318	MIR4318
chr18	44970166	-	MIR4319	MIR4319
chr14	100884482	+	MIR432	MIR432
chr18	50126563	-	MIR4320	MIR4320
chr19	2250638	+	MIR4321	MIR4321
chr19	10230412	+	MIR4322	MIR4322
chr19	42133513	-	MIR4323	MIR4323
chr19	49308868	-	MIR4324	MIR4324
chr20	57321591	-	MIR4325	MIR4325
chr20	63286807	+	MIR4326	MIR4326
chr21	30375378	-	MIR4327	MIR4327
chrX	78901249	-	MIR4328	MIR4328
chrX	112780788	-	MIR4329	MIR4329
chr14	100881885	+	MIR433	MIR433
chrX	151168221	+	MIR4330	MIR4330
chr1	22266238	+	MIR4418	MIR4418
chr1	30739232	-	MIR4420	MIR4420
chr1	51059836	+	MIR4421	MIR4421
chr1	55225640	+	MIR4422	MIR4422
chr1	55217860	+	MIR4422HG	MIR4422HG
chr1	85133793	+	MIR4423	MIR4423
chr1	178677748	+	MIR4424	MIR4424
chr1	25023502	+	MIR4425	MIR4425
chr2	55234163	+	MIR4426	MIR4426
chr1	233624151	+	MIR4427	MIR4427
chr1	237471118	+	MIR4428	MIR4428
chr2	11540677	-	MIR4429	MIR4429
chr2	33418515	+	MIR4430	MIR4430
chr2	52702615	-	MIR4431	MIR4431
chr2	60387445	-	MIR4432	MIR4432
chr2	60383036	-	MIR4432HG	MIR4432HG
chr2	64340758	+	MIR4433A	MIR4433A
chr2	64340848	-	MIR4433B	MIR4433B
chr2	64525512	+	MIR4434	MIR4434
chr2	87629754	+	MIR4435-1	MIR4435-1
chr2	87629759	+	MIR4435-2	MIR4435-2
chr2	111495161	-	MIR4435-2HG	MIR4435-2HG
chr2	88812369	+	MIR4436A	MIR4436A
chr2	110086523	-	MIR4436B1	MIR4436B1
chr2	110086523	-	MIR4436B2	MIR4436B2
chr2	181305652	-	MIR4437	MIR4437
chr2	213758066	+	MIR4438	MIR4438
chr2	225010540	-	MIR4439	MIR4439
chr2	239068914	-	MIR4440	MIR4440
chr2	239085926	-	MIR4441	MIR4441
chr3	25664939	-	MIR4442	MIR4442
chr3	48196563	+	MIR4443	MIR4443
chr3	75214475	+	MIR4444-1	MIR4444-1
chr3	75214475	+	MIR4444-2	MIR4444-2
chr3	109602827	+	MIR4445	MIR4445
chr3	113594875	+	MIR4446	MIR4446
chr3	116850367	-	MIR4447	MIR4447
chr3	183886799	+	MIR4448	MIR4448
chr4	52712681	+	MIR4449	MIR4449
chr4	76573567	+	MIR4450	MIR4450
chr4	85722467	+	MIR4451	MIR4451
chr4	86542552	-	MIR4452	MIR4452
chr4	152536427	+	MIR4453	MIR4453
chr4	152536263	+	MIR4453HG	MIR4453HG
chr10	6635069	+	MIR4454	MIR4454
chr4	184938440	-	MIR4455	MIR4455
chr5	535882	-	MIR4456	MIR4456
chr5	1309377	-	MIR4457	MIR4457
chr5	8460924	+	MIR4458	MIR4458
chr5	8457686	+	MIR4458HG	MIR4458HG
chr5	129397147	-	MIR4460	MIR4460
chr6	37555422	-	MIR4462	MIR4462
chr6	75428406	+	MIR4463	MIR4463
chr6	90312741	+	MIR4464	MIR4464
chr6	140683813	+	MIR4465	MIR4465
chr6	156779731	-	MIR4466	MIR4466
chr7	102471468	+	MIR4467	MIR4467
chr7	138123757	+	MIR4468	MIR4468
chr8	42896275	-	MIR4469	MIR4469
chr8	61714787	+	MIR4470	MIR4470
chr8	100382762	+	MIR4471	MIR4471
chr8	142176338	+	MIR4472-1	MIR4472-1
chr12	116428318	-	MIR4472-2	MIR4472-2
chr9	20411238	-	MIR4473	MIR4473
chr9	20502342	-	MIR4474	MIR4474
chr9	36823599	-	MIR4475	MIR4475
chr9	36893531	-	MIR4476	MIR4476
chr20	29880463	-	MIR4477A	MIR4477A
chr20	29880383	+	MIR4477B	MIR4477B
chr9	122120167	-	MIR4478	MIR4478
chr9	136886732	+	MIR4479	MIR4479
chrX	114823453	+	MIR448	MIR448
chr10	12578752	+	MIR4480	MIR4480
chr10	12653197	-	MIR4481	MIR4481
chr10	104268405	-	MIR4482	MIR4482
chr10	113778054	-	MIR4483	MIR4483
chr10	125819739	+	MIR4484	MIR4484
chr11	10508326	-	MIR4485	MIR4485
chr11	19575309	+	MIR4486	MIR4486
chr11	47400969	+	MIR4487	MIR4487
chr11	61508595	+	MIR4488	MIR4488
chr11	65649191	+	MIR4489	MIR4489
chr11	90555857	-	MIR4490	MIR4490
chr11	111347756	+	MIR4491	MIR4491
chr11	118910707	+	MIR4492	MIR4492
chr11	123381512	-	MIR4493	MIR4493
chr12	47364269	-	MIR4494	MIR4494
chr12	97939121	-	MIR4495	MIR4495
chr12	108635809	+	MIR4496	MIR4496
chr12	109833347	+	MIR4497	MIR4497
chr12	120155499	-	MIR4498	MIR4498
chr13	20433846	-	MIR4499	MIR4499
chr5	55170622	-	MIR449A	MIR449A
chr5	55170742	-	MIR449B	MIR449B
chr5	55172353	-	MIR449C	MIR449C
chr13	87618740	-	MIR4500	MIR4500
chr13	87670963	-	MIR4500HG	MIR4500HG
chr13	96427228	+	MIR4501	MIR4501
chr13	114273827	+	MIR4502	MIR4502
chr14	36952391	-	MIR4503	MIR4503
chr14	50299946	-	MIR4504	MIR4504
chr14	73758746	+	MIR4505	MIR4505
chr14	93948302	-	MIR4506	MIR4506
chr14	105858175	-	MIR4507	MIR4507
chr15	23562131	-	MIR4508	MIR4508
chr15	23197826	+	MIR4509-1	MIR4509-1
chr15	23197826	+	MIR4509-2	MIR4509-2
chr15	23197826	+	MIR4509-3	MIR4509-3
chrX	134540431	-	MIR450A1	MIR450A1
chrX	134540607	-	MIR450A2	MIR450A2
chrX	134540262	-	MIR450B	MIR450B
chr15	35926855	+	MIR4510	MIR4510
chr15	65719332	-	MIR4511	MIR4511
chr15	66497034	-	MIR4512	MIR4512
chr15	74788757	-	MIR4513	MIR4513
chr15	80997473	-	MIR4514	MIR4514
chr15	83067334	+	MIR4515	MIR4515
chr16	2133118	+	MIR4516	MIR4516
chr16	28958582	+	MIR4517	MIR4517
chr16	30503918	+	MIR4518	MIR4518
chr16	30875323	-	MIR4519	MIR4519
chr17	28861440	-	MIR451A	MIR451A
chr17	28861370	+	MIR451B	MIR451B
chrX	151959712	-	MIR452	MIR452
chr17	6655509	-	MIR4520-1	MIR4520-1
chr17	6655448	+	MIR4520-2	MIR4520-2
chr17	8186944	+	MIR4521	MIR4521
chr17	27293996	-	MIR4522	MIR4522
chr17	29390661	+	MIR4523	MIR4523
chr17	69099632	-	MIR4524A	MIR4524A
chr17	69099541	+	MIR4524B	MIR4524B
chr17	82668307	-	MIR4525	MIR4525
chr18	13611113	+	MIR4526	MIR4526
chr18	47380495	+	MIR4527	MIR4527
chr18	47285723	+	MIR4527HG	MIR4527HG
chr18	53237100	+	MIR4528	MIR4528
chr18	55479220	+	MIR4529	MIR4529
chr19	39409678	-	MIR4530	MIR4530
chr19	44653732	-	MIR4531	MIR4531
chr20	60478110	+	MIR4533	MIR4533
chr22	37988793	+	MIR4534	MIR4534
chr22	48780294	+	MIR4535	MIR4535
chrX	55451582	-	MIR4536-1	MIR4536-1
chrX	55451494	+	MIR4536-2	MIR4536-2
chr14	105859111	-	MIR4537	MIR4537
chr14	105858242	-	MIR4538	MIR4538
chr14	105857572	-	MIR4539	MIR4539
chr17	59137872	-	MIR454	MIR454
chr9	36864308	-	MIR4540	MIR4540
chr9	114209433	+	MIR455	MIR455
chr1	12191712	+	MIR4632	MIR4632
chr5	129097687	+	MIR4633	MIR4633
chr5	174751733	+	MIR4634	MIR4634
chr5	1062974	-	MIR4635	MIR4635
chr5	9053895	-	MIR4636	MIR4636
chr5	14826012	-	MIR4637	MIR4637
chr5	181222633	-	MIR4638	MIR4638
chr6	16141555	+	MIR4639	MIR4639
chr6	30890882	+	MIR4640	MIR4640
chr6	41598722	+	MIR4641	MIR4641
chr6	44435640	+	MIR4642	MIR4642
chr6	91521659	+	MIR4643	MIR4643
chr6	170330760	+	MIR4644	MIR4644
chr6	2854107	-	MIR4645	MIR4645
chr6	31701091	-	MIR4646	MIR4646
chr6	44254285	-	MIR4647	MIR4647
chr7	2527073	+	MIR4648	MIR4648
chr7	44110848	+	MIR4649	MIR4649
chr7	67114397	-	MIR4650-1	MIR4650-1
chr7	67114397	-	MIR4650-2	MIR4650-2
chr7	75915196	+	MIR4651	MIR4651
chr7	93716927	+	MIR4652	MIR4652
chr7	101159472	+	MIR4653	MIR4653
chr1	162157106	+	MIR4654	MIR4654
chr7	1844253	-	MIR4655	MIR4655
chr7	4788639	-	MIR4656	MIR4656
chr7	44881800	-	MIR4657	MIR4657
chr7	100156669	-	MIR4658	MIR4658
chr8	6745163	+	MIR4659A	MIR4659A
chr8	6745240	-	MIR4659B	MIR4659B
chr3	31161787	-	MIR466	MIR466
chr8	9048444	+	MIR4660	MIR4660
chr8	91205484	+	MIR4661	MIR4661
chr8	124821984	+	MIR4662A	MIR4662A
chr8	124822058	-	MIR4662B	MIR4662B
chr8	123215863	-	MIR4663	MIR4663
chr8	143733153	-	MIR4664	MIR4664
chr9	6007825	+	MIR4665	MIR4665
chr1	228462073	+	MIR4666A	MIR4666A
chrX	29574277	+	MIR4666B	MIR4666B
chr9	35608093	+	MIR4667	MIR4667
chr9	111932099	+	MIR4668	MIR4668
chr9	134379410	+	MIR4669	MIR4669
chr9	92528058	-	MIR4670	MIR4670
chr1	234306466	+	MIR4671	MIR4671
chr9	127869495	-	MIR4672	MIR4672
chr9	136519626	-	MIR4673	MIR4673
chr9	136546259	-	MIR4674	MIR4674
chr10	20551969	+	MIR4675	MIR4675
chr10	72721028	+	MIR4676	MIR4676
chr1	243346175	+	MIR4677	MIR4677
chr10	87503880	+	MIR4678	MIR4678
chr10	89063335	+	MIR4679-1	MIR4679-1
chr10	89063411	-	MIR4679-2	MIR4679-2
chr10	110898089	+	MIR4680	MIR4680
chr10	119377971	+	MIR4681	MIR4681
chr10	119958512	+	MIR4682	MIR4682
chr10	35641252	-	MIR4683	MIR4683
chr1	22719516	+	MIR4684	MIR4684
chr10	98431360	-	MIR4685	MIR4685
chr11	2173062	+	MIR4686	MIR4686
chr11	3856061	+	MIR4687	MIR4687
chr11	46376401	+	MIR4688	MIR4688
chr1	5862741	-	MIR4689	MIR4689
chr11	65636309	+	MIR4690	MIR4690
chr11	68033896	+	MIR4691	MIR4691
chr11	72783529	+	MIR4692	MIR4692
chr11	103849905	+	MIR4693	MIR4693
chr11	19760083	-	MIR4694	MIR4694
chr1	18883275	-	MIR4695	MIR4695
chr11	74720337	-	MIR4696	MIR4696
chr11	133898581	-	MIR4697	MIR4697
chr12	47187811	+	MIR4698	MIR4698
chr12	81158387	+	MIR4699	MIR4699
chr12	120723192	+	MIR4700	MIR4700
chr12	48772037	-	MIR4701	MIR4701
chr13	51552588	+	MIR4703	MIR4703
chr13	66218249	+	MIR4704	MIR4704
chr13	102046004	-	MIR4705	MIR4705
chr14	65044687	+	MIR4706	MIR4706
chr14	22957029	-	MIR4707	MIR4707
chr14	65335183	-	MIR4708	MIR4708
chr14	74480204	-	MIR4709	MIR4709
chr14	104677749	-	MIR4710	MIR4710
chr1	59733296	-	MIR4711	MIR4711
chr15	50360328	+	MIR4712	MIR4712
chr15	51242189	+	MIR4713	MIR4713
chr15	51037487	+	MIR4713HG	MIR4713HG
chr15	98784425	+	MIR4714	MIR4714
chr15	25848825	-	MIR4715	MIR4715
chr15	49169153	-	MIR4716	MIR4716
chr16	2274619	+	MIR4717	MIR4717
chr16	12720320	+	MIR4718	MIR4718
chr16	76868935	+	MIR4719	MIR4719
chr16	81385017	+	MIR4720	MIR4720
chr16	28844007	-	MIR4721	MIR4721
chr16	88716337	-	MIR4722	MIR4722
chr17	28360653	+	MIR4723	MIR4723
chr17	31534882	+	MIR4724	MIR4724
chr17	31575268	+	MIR4725	MIR4725
chr17	38719690	+	MIR4726	MIR4726
chr17	38825837	+	MIR4727	MIR4727
chr17	39726494	+	MIR4728	MIR4728
chr17	59366082	+	MIR4729	MIR4729
chr17	80419417	+	MIR4730	MIR4730
chr17	15251696	-	MIR4731	MIR4731
chr17	28861730	-	MIR4732	MIR4732
chr17	31094425	-	MIR4733	MIR4733
chr17	38702331	-	MIR4734	MIR4734
chr1	196582481	-	MIR4735	MIR4735
chr17	58336022	-	MIR4736	MIR4736
chr17	60043105	-	MIR4737	MIR4737
chr17	75784607	-	MIR4738	MIR4738
chr17	79707249	-	MIR4739	MIR4739
chr17	81400778	-	MIR4740	MIR4740
chr18	22933348	+	MIR4741	MIR4741
chr1	224398311	-	MIR4742	MIR4742
chr18	48670599	+	MIR4743	MIR4743
chr18	49049768	-	MIR4744	MIR4744
chr19	804939	+	MIR4745	MIR4745
chr19	4445977	+	MIR4746	MIR4746
chr19	4932686	+	MIR4747	MIR4747
chr19	10780253	+	MIR4748	MIR4748
chr19	49854590	+	MIR4749	MIR4749
chr19	49888174	+	MIR4750	MIR4750
chr19	49933063	+	MIR4751	MIR4751
chr19	54282108	+	MIR4752	MIR4752
chr1	235190116	-	MIR4753	MIR4753
chr19	58386858	-	MIR4754	MIR4754
chr20	34049118	+	MIR4755	MIR4755
chr20	54068485	-	MIR4756	MIR4756
chr2	19348428	+	MIR4757	MIR4757
chr20	62332557	-	MIR4758	MIR4758
chr21	26953960	+	MIR4759	MIR4759
chr21	40212431	-	MIR4760	MIR4760
chr22	19963752	+	MIR4761	MIR4761
chr22	45760523	+	MIR4762	MIR4762
chr22	46113565	+	MIR4763	MIR4763
chr22	33436669	-	MIR4764	MIR4764
chr2	32635254	+	MIR4765	MIR4765
chr22	40813958	-	MIR4766	MIR4766
chrX	7147859	+	MIR4767	MIR4767
chrX	17425880	+	MIR4768	MIR4768
chrX	47587428	+	MIR4769	MIR4769
chrX	6383963	-	MIR4770	MIR4770
chr2	87194785	+	MIR4771-1	MIR4771-1
chr2	87194785	+	MIR4771-2	MIR4771-2
chr2	102432288	+	MIR4772	MIR4772
chr2	151368333	+	MIR4773-1	MIR4773-1
chr2	151368411	-	MIR4773-2	MIR4773-2
chr2	168582942	+	MIR4774	MIR4774
chr2	207754806	+	MIR4775	MIR4775
chr2	212926256	+	MIR4776-1	MIR4776-1
chr2	212926336	-	MIR4776-2	MIR4776-2
chr2	231362707	+	MIR4777	MIR4777
chr2	66358328	-	MIR4778	MIR4778
chr2	86193108	-	MIR4779	MIR4779
chr2	88082599	-	MIR4780	MIR4780
chr1	54054078	+	MIR4781	MIR4781
chr2	113721368	-	MIR4782	MIR4782
chr2	127423618	-	MIR4783	MIR4783
chr2	131491236	-	MIR4784	MIR4784
chr2	160407882	-	MIR4785	MIR4785
chr2	239943094	-	MIR4786	MIR4786
chr3	50675079	+	MIR4787	MIR4787
chr3	134437826	+	MIR4788	MIR4788
chr3	175369539	+	MIR4789	MIR4789
chr3	5250255	-	MIR4790	MIR4790
chr3	19314931	-	MIR4791	MIR4791
chr3	48644280	-	MIR4793	MIR4793
chr1	64579846	+	MIR4794	MIR4794
chr3	87226277	-	MIR4795	MIR4795
chr3	114743525	-	MIR4796	MIR4796
chr3	197293948	-	MIR4797	MIR4797
chr4	7310449	+	MIR4798	MIR4798
chr4	147782594	+	MIR4799	MIR4799
chr4	2250156	-	MIR4800	MIR4800
chr4	37241991	-	MIR4801	MIR4801
chr4	40502119	-	MIR4802	MIR4802
chr5	72169466	+	MIR4803	MIR4803
chr5	72878590	+	MIR4804	MIR4804
chr11	2134209	-	MIR483	MIR483
chr16	15643293	+	MIR484	MIR484
chr14	101055418	+	MIR485	MIR485
chr8	41660508	-	MIR486-1	MIR486-1
chr8	41660443	+	MIR486-2	MIR486-2
chr14	101052445	+	MIR487A	MIR487A
chr14	101046454	+	MIR487B	MIR487B
chr1	177029445	-	MIR488	MIR488
chr7	93484019	-	MIR489	MIR489
chr7	136903166	+	MIR490	MIR490
chr9	20716104	+	MIR491	MIR491
chr12	94834397	+	MIR492	MIR492
chr14	100869059	+	MIR493	MIR493
chr14	101029633	+	MIR494	MIR494
chr14	101033754	+	MIR495	MIR495
chr14	101060572	+	MIR496	MIR496
chr17	7018022	-	MIR497	MIR497
chr17	7019654	-	MIR497HG	MIR497HG
chr19	53674196	+	MIR498	MIR498
chr19	8389380	-	MIR4999	MIR4999
chr20	34990375	+	MIR499A	MIR499A
chr20	34990472	-	MIR499B	MIR499B
chr2	75090811	+	MIR5000	MIR5000
chr2	232550573	-	MIR5001	MIR5001
chr3	124132928	+	MIR5002	MIR5002
chr5	172662164	+	MIR5003	MIR5003
chr6	33438330	+	MIR5004	MIR5004
chr13	41568395	-	MIR5006	MIR5006
chr13	55174453	+	MIR5007	MIR5007
chr1	227941683	-	MIR5008	MIR5008
chr15	89884030	-	MIR5009	MIR5009
chrX	50008430	+	MIR500A	MIR500A
chrX	50010671	+	MIR500B	MIR500B
chrX	50009721	+	MIR501	MIR501
chr17	42514187	+	MIR5010	MIR5010
chr18	67081583	+	MIR5011	MIR5011
chrX	50014597	+	MIR502	MIR502
chrX	134546398	-	MIR503	MIR503
chrX	134546630	-	MIR503HG	MIR503HG
chrX	138667793	-	MIR504	MIR504
chr17	64501313	-	MIR5047	MIR5047
chrX	139924231	-	MIR505	MIR505
chrX	147230843	-	MIR506	MIR506
chrX	147231077	-	MIR507	MIR507
chrX	147237027	-	MIR508	MIR508
chr1	148334554	-	MIR5087	MIR5087
chr19	49682116	+	MIR5088	MIR5088
chr17	46973016	+	MIR5089	MIR5089
chrX	147258850	-	MIR509-1	MIR509-1
chrX	147258850	-	MIR509-2	MIR509-2
chrX	147258840	-	MIR509-3	MIR509-3
chr7	102465741	+	MIR5090	MIR5090
chr4	13627864	+	MIR5091	MIR5091
chr3	125151552	-	MIR5092	MIR5092
chr16	85306325	-	MIR5093	MIR5093
chr15	89850721	-	MIR5094	MIR5094
chrX	147272408	-	MIR510	MIR510
chr10	42997562	+	MIR5100	MIR5100
chr10	17845106	+	MIR511	MIR511
chr19	53666678	+	MIR512-1	MIR512-1
chr19	53666672	+	MIR512-2	MIR512-2
chrX	147213591	-	MIR513A1	MIR513A1
chrX	147225952	-	MIR513A2	MIR513A2
chrX	147199127	-	MIR513B	MIR513B
chrX	147189787	-	MIR513C	MIR513C
chrX	147279344	-	MIR514A1	MIR514A1
chrX	147282030	-	MIR514A2	MIR514A2
chrX	147282030	-	MIR514A3	MIR514A3
chrX	147250230	-	MIR514B	MIR514B
chr19	53679002	+	MIR515-1	MIR515-1
chr19	53679002	+	MIR515-2	MIR515-2
chr19	53756740	+	MIR516A1	MIR516A1
chr19	53761132	+	MIR516A2	MIR516A2
chr19	53736844	+	MIR516B1	MIR516B1
chr19	53725441	+	MIR516B2	MIR516B2
chr19	53712267	+	MIR517A	MIR517A
chr19	53721075	+	MIR517B	MIR517B
chr19	53741312	+	MIR517C	MIR517C
chr3	151565995	-	MIR5186	MIR5186
chr1	161227185	+	MIR5187	MIR5187
chr12	124915546	+	MIR5188	MIR5188
chr16	88468917	+	MIR5189	MIR5189
chr19	53731005	+	MIR518A1	MIR518A1
chr19	53739332	+	MIR518A2	MIR518A2
chr19	53702736	+	MIR518B	MIR518B
chr19	53708734	+	MIR518C	MIR518C
chr19	53734876	+	MIR518D	MIR518D
chr19	53729837	+	MIR518E	MIR518E
chr19	53700014	+	MIR518F	MIR518F
chr18	13459946	+	MIR5190	MIR5190
chr1	201719507	+	MIR5191	MIR5191
chr2	62205825	+	MIR5192	MIR5192
chr3	49806245	-	MIR5193	MIR5193
chr8	130008453	-	MIR5194	MIR5194
chr14	106850999	-	MIR5195	MIR5195
chr19	35345512	+	MIR5196	MIR5196
chr5	143679859	+	MIR5197	MIR5197
chr19	53752396	+	MIR519A1	MIR519A1
chr19	53762343	+	MIR519A2	MIR519A2
chr19	53695212	+	MIR519B	MIR519B
chr19	53686468	+	MIR519C	MIR519C
chr19	53713346	+	MIR519D	MIR519D
chr19	53679939	+	MIR519E	MIR519E
chr19	53690880	+	MIR520A	MIR520A
chr19	53701226	+	MIR520B	MIR520B
chr19	53707452	+	MIR520C	MIR520C
chr19	53720095	+	MIR520D	MIR520D
chr19	53675710	+	MIR520E	MIR520E
chr19	53682158	+	MIR520F	MIR520F
chr19	53722165	+	MIR520G	MIR520G
chr19	53742511	+	MIR520H	MIR520H
chr19	53748635	+	MIR521-1	MIR521-1
chr19	53716593	+	MIR521-2	MIR521-2
chr19	53751210	+	MIR522	MIR522
chr19	53698384	+	MIR523	MIR523
chr19	53711001	+	MIR524	MIR524
chr19	53697532	+	MIR525	MIR525
chr19	53706251	+	MIR526A1	MIR526A1
chr19	53726921	+	MIR526A2	MIR526A2
chr19	53694392	+	MIR526B	MIR526B
chr19	53754017	+	MIR527	MIR527
chrX	50003147	+	MIR532	MIR532
chr14	101047320	+	MIR539	MIR539
chr14	101064494	+	MIR541	MIR541
chrX	134541437	-	MIR542	MIR542
chr14	101031986	+	MIR543	MIR543
chr14	101048657	+	MIR544A	MIR544A
chr3	124732438	+	MIR544B	MIR544B
chrX	74287209	-	MIR545	MIR545
chr6	18571783	+	MIR548A1	MIR548A1
chr6	18522746	+	MIR548A1HG	MIR548A1HG
chr6	135239159	+	MIR548A2	MIR548A2
chr8	104484465	-	MIR548A3	MIR548A3
chr8	123348033	+	MIR548AA1	MIR548AA1
chr17	67471488	+	MIR548AA2	MIR548AA2
chr3	103524116	-	MIR548AB	MIR548AB
chr1	116560111	-	MIR548AC	MIR548AC
chr2	35471404	+	MIR548AD	MIR548AD
chr2	184378974	+	MIR548AE1	MIR548AE1
chr5	58530109	-	MIR548AE2	MIR548AE2
chr4	60922618	+	MIR548AG1	MIR548AG1
chr20	60564561	+	MIR548AG2	MIR548AG2
chr4	76575550	+	MIR548AH	MIR548AH
chr16	50878772	+	MIR548AI	MIR548AI
chr6	132115263	-	MIR548AJ1	MIR548AJ1
chrX	38023986	-	MIR548AJ2	MIR548AJ2
chr10	12130816	-	MIR548AK	MIR548AK
chr11	74399236	+	MIR548AL	MIR548AL
chrX	16627085	-	MIR548AM	MIR548AM
chrX	106639813	+	MIR548AN	MIR548AN
chr8	41271143	-	MIR548AO	MIR548AO
chr15	85825634	+	MIR548AP	MIR548AP
chr12	101138557	+	MIR548AQ	MIR548AQ
chr13	114244504	+	MIR548AR	MIR548AR
chr13	92490162	+	MIR548AS	MIR548AS
chr17	42494772	+	MIR548AT	MIR548AT
chr9	93594840	+	MIR548AU	MIR548AU
chr18	72853382	-	MIR548AV	MIR548AV
chr9	132945706	+	MIR548AW	MIR548AW
chrX	11318686	-	MIR548AX	MIR548AX
chr3	32506389	-	MIR548AY	MIR548AY
chr8	119325170	+	MIR548AZ	MIR548AZ
chr6	119069143	-	MIR548B	MIR548B
chr2	49059602	+	MIR548BA	MIR548BA
chr3	60617870	-	MIR548BB	MIR548BB
chr17	39297399	+	MIR548BC	MIR548BC
chr12	64622508	+	MIR548C	MIR548C
chr8	123348130	-	MIR548D1	MIR548D1
chr17	67471585	-	MIR548D2	MIR548D2
chr10	110988925	+	MIR548E	MIR548E
chr10	54607957	-	MIR548F1	MIR548F1
chr2	212426360	-	MIR548F2	MIR548F2
chr5	110513915	-	MIR548F3	MIR548F3
chr7	147378121	-	MIR548F4	MIR548F4
chrX	32641559	-	MIR548F5	MIR548F5
chr4	147344717	-	MIR548G	MIR548G
chr14	64095125	-	MIR548H1	MIR548H1
chr16	11306527	-	MIR548H2	MIR548H2
chr17	13543646	-	MIR548H3	MIR548H3
chr8	27048963	-	MIR548H4	MIR548H4
chr6	131792171	+	MIR548H5	MIR548H5
chr3	125790552	-	MIR548I1	MIR548I1
chr4	9556316	-	MIR548I2	MIR548I2
chr8	8089089	-	MIR548I3	MIR548I3
chrX	84225828	-	MIR548I4	MIR548I4
chr22	26555323	-	MIR548J	MIR548J
chr11	70283954	+	MIR548K	MIR548K
chr11	94466580	-	MIR548L	MIR548L
chrX	95063226	-	MIR548M	MIR548M
chr7	34940834	-	MIR548N	MIR548N
chr7	102405855	-	MIR548O	MIR548O
chr20	38516562	+	MIR548O2	MIR548O2
chr5	100816565	-	MIR548P	MIR548P
chr10	12725353	-	MIR548Q	MIR548Q
chr2	11767443	+	MIR548S	MIR548S
chr4	173268159	+	MIR548T	MIR548T
chr6	57390131	+	MIR548U	MIR548U
chr8	17681657	-	MIR548V	MIR548V
chr16	26025236	+	MIR548W	MIR548W
chr21	18686164	-	MIR548X	MIR548X
chr13	65966429	-	MIR548X2	MIR548X2
chr21	18759812	-	MIR548XHG	MIR548XHG
chr14	47761104	-	MIR548Y	MIR548Y
chr12	64622605	-	MIR548Z	MIR548Z
chr15	80842073	-	MIR549A	MIR549A
chr7	30289793	+	MIR550A1	MIR550A1
chr7	32732980	+	MIR550A2	MIR550A2
chr7	29680828	-	MIR550A3	MIR550A3
chr7	30289890	-	MIR550B1	MIR550B1
chr7	32733077	-	MIR550B2	MIR550B2
chr1	3560790	-	MIR551A	MIR551A
chr3	168551853	+	MIR551B	MIR551B
chr1	34669694	-	MIR552	MIR552
chr1	100281240	+	MIR553	MIR553
chr1	151545795	+	MIR554	MIR554
chr1	155346445	-	MIR555	MIR555
chr1	162342545	+	MIR556	MIR556
chr1	168375523	+	MIR557	MIR557
chr22	22886266	+	MIR5571	MIR5571
chr15	80581102	+	MIR5572	MIR5572
chr11	79422226	-	MIR5579	MIR5579
chr2	32532152	+	MIR558	MIR558
chr14	53948484	-	MIR5580	MIR5580
chr1	37500994	-	MIR5581	MIR5581
chr11	46753192	-	MIR5582	MIR5582
chr18	39676720	+	MIR5583-1	MIR5583-1
chr18	39676777	-	MIR5583-2	MIR5583-2
chr1	44545492	+	MIR5584	MIR5584
chr1	32086948	+	MIR5585	MIR5585
chr14	59647020	-	MIR5586	MIR5586
chr16	535315	+	MIR5587	MIR5587
chr3	185253272	-	MIR5588	MIR5588
chr19	10038353	+	MIR5589	MIR5589
chr2	47377674	+	MIR559	MIR559
chr2	134857819	+	MIR5590	MIR5590
chr4	39411909	+	MIR5591	MIR5591
chr2	188297491	+	MIR561	MIR561
chr2	232172652	+	MIR562	MIR562
chr3	15873770	+	MIR563	MIR563
chr3	44861887	+	MIR564	MIR564
chr3	112112800	+	MIR567	MIR567
chr3	114316569	-	MIR568	MIR568
chr8	102125431	+	MIR5680	MIR5680
chr8	74548542	+	MIR5681A	MIR5681A
chr8	74548609	-	MIR5681B	MIR5681B
chr3	121049639	+	MIR5682	MIR5682
chr6	6169333	+	MIR5683	MIR5683
chr19	12787127	+	MIR5684	MIR5684
chr6	53276992	+	MIR5685	MIR5685
chr5	55508926	-	MIR5687	MIR5687
chr3	85385709	+	MIR5688	MIR5688
chr6	10439716	+	MIR5689	MIR5689
chr6	10434328	+	MIR5689HG	MIR5689HG
chr3	171106759	-	MIR569	MIR569
chr6	35664789	-	MIR5690	MIR5690
chr11	9090379	-	MIR5691	MIR5691
chr8	12719126	+	MIR5692A1	MIR5692A1
chr8	12719131	+	MIR5692A2	MIR5692A2
chr21	42951014	-	MIR5692B	MIR5692B
chr5	135803075	-	MIR5692C1	MIR5692C1
chr7	97964481	-	MIR5692C2	MIR5692C2
chr13	51348639	-	MIR5693	MIR5693
chr14	67441930	-	MIR5694	MIR5694
chr19	12920319	+	MIR5695	MIR5695
chr2	101309449	+	MIR5696	MIR5696
chr1	9967380	+	MIR5697	MIR5697
chr1	154104592	-	MIR5698	MIR5698
chr10	641778	-	MIR5699	MIR5699
chr3	195699400	+	MIR570	MIR570
chr12	94561788	+	MIR5700	MIR5700
chr15	20940251	+	MIR5701-1	MIR5701-1
chr15	20940251	+	MIR5701-2	MIR5701-2
chr15	20940251	+	MIR5701-3	MIR5701-3
chr2	226658793	-	MIR5702	MIR5702
chr2	227472131	+	MIR5703	MIR5703
chr3	131985931	-	MIR5704	MIR5704
chr4	87300583	-	MIR5705	MIR5705
chr5	119154636	+	MIR5706	MIR5706
chr7	158591615	+	MIR5707	MIR5707
chr8	80241388	+	MIR5708	MIR5708
chr3	195688497	+	MIR570HG	MIR570HG
chr4	350156	+	MIR571	MIR571
chr4	11368826	+	MIR572	MIR572
chr4	24520290	-	MIR573	MIR573
chr22	28459868	+	MIR5739	MIR5739
chr4	38868031	+	MIR574	MIR574
chr4	82753430	-	MIR575	MIR575
chr4	109488697	+	MIR576	MIR576
chr4	114656758	+	MIR577	MIR577
chr4	165386241	+	MIR578	MIR578
chr3	50227435	+	MIR5787	MIR5787
chr5	32394475	-	MIR579	MIR579
chr5	36147988	-	MIR580	MIR580
chr5	53951599	-	MIR581	MIR581
chr5	59703703	-	MIR582	MIR582
chr5	96079137	+	MIR583	MIR583
chr5	149062409	-	MIR584	MIR584
chr5	169263694	-	MIR585	MIR585
chr6	45197770	-	MIR586	MIR586
chr6	106784124	+	MIR587	MIR587
chr6	126484630	+	MIR588	MIR588
chr7	5495917	-	MIR589	MIR589
chr7	74191197	+	MIR590	MIR590
chr7	96219756	-	MIR591	MIR591
chr7	127058184	-	MIR592	MIR592
chr7	128081860	+	MIR593	MIR593
chr7	158532813	-	MIR595	MIR595
chr8	1817230	+	MIR596	MIR596
chr8	9741671	+	MIR597	MIR597
chr8	11035302	-	MIR598	MIR598
chr8	99536730	-	MIR599	MIR599
chr9	123111643	-	MIR600	MIR600
chr9	123115477	-	MIR600HG	MIR600HG
chr9	123402603	-	MIR601	MIR601
chr9	137838418	+	MIR602	MIR602
chr10	24275684	+	MIR603	MIR603
chr10	29545097	-	MIR604	MIR604
chr10	51299572	+	MIR605	MIR605
chr10	75552457	+	MIR606	MIR606
chr1	63326984	-	MIR6068	MIR6068
chr22	35336799	-	MIR6069	MIR6069
chr10	96828764	-	MIR607	MIR607
chr21	43609989	-	MIR6070	MIR6070
chr2	85783677	-	MIR6071	MIR6071
chr10	2076089	-	MIR6072	MIR6072
chr11	15969621	-	MIR6073	MIR6073
chr12	66023726	-	MIR6074	MIR6074
chr5	1510856	-	MIR6075	MIR6075
chr14	49966398	+	MIR6076	MIR6076
chr1	148388281	+	MIR6077	MIR6077
chr10	3991159	+	MIR6078	MIR6078
chr1	43838621	+	MIR6079	MIR6079
chr10	100974984	+	MIR608	MIR608
chr17	64780758	+	MIR6080	MIR6080
chr9	95065349	+	MIR6081	MIR6081
chr4	171186183	+	MIR6082	MIR6082
chr3	124374331	+	MIR6083	MIR6083
chr1	20633678	+	MIR6084	MIR6084
chr15	62343028	+	MIR6085	MIR6085
chrX	13590291	+	MIR6086	MIR6086
chr19	45436653	+	MIR6088	MIR6088
chrX	2609190	+	MIR6089	MIR6089
chr10	104218883	-	MIR609	MIR609
chr11	128522389	+	MIR6090	MIR6090
chr11	28056814	+	MIR610	MIR610
chr11	61792561	-	MIR611	MIR611
chr11	65444457	+	MIR612	MIR612
chr11	12163682	+	MIR6124	MIR6124
chr12	62260358	+	MIR6125	MIR6125
chr16	3485469	-	MIR6126	MIR6126
chr1	22633366	-	MIR6127	MIR6127
chr11	56743872	+	MIR6128	MIR6128
chr17	49288454	-	MIR6129	MIR6129
chr12	12764648	+	MIR613	MIR613
chr21	23079283	+	MIR6130	MIR6130
chr5	10478036	+	MIR6131	MIR6131
chr7	117020210	+	MIR6132	MIR6132
chr7	133290880	+	MIR6133	MIR6133
chrX	28495663	-	MIR6134	MIR6134
chr12	12915828	+	MIR614	MIR614
chr12	54033949	+	MIR615	MIR615
chr12	57519259	-	MIR616	MIR616
chr17	49510816	+	MIR6165	MIR6165
chr12	80832629	-	MIR617	MIR617
chr12	80935833	-	MIR618	MIR618
chr12	108837006	-	MIR619	MIR619
chr12	116148654	-	MIR620	MIR620
chr13	40810765	+	MIR621	MIR621
chr13	90231181	+	MIR622	MIR622
chr13	99356130	+	MIR623	MIR623
chr14	31014742	-	MIR624	MIR624
chr14	65471101	+	MIR625	MIR625
chr15	41691584	+	MIR626	MIR626
chr15	42199666	-	MIR627	MIR627
chr15	55373034	-	MIR628	MIR628
chr15	70079468	-	MIR629	MIR629
chr15	72587216	+	MIR630	MIR630
chr15	75353685	-	MIR631	MIR631
chr17	32350108	+	MIR632	MIR632
chr17	62944214	+	MIR633	MIR633
chr17	66787071	+	MIR634	MIR634
chr17	68424548	-	MIR635	MIR635
chr17	76736548	-	MIR636	MIR636
chr19	3961512	-	MIR637	MIR637
chr19	10718403	+	MIR638	MIR638
chr19	14529542	+	MIR639	MIR639
chr19	19435062	+	MIR640	MIR640
chr19	40282641	-	MIR641	MIR641
chr19	45674927	+	MIR642A	MIR642A
chr19	45675008	-	MIR642B	MIR642B
chr19	52281796	+	MIR643	MIR643
chr20	34466324	+	MIR644A	MIR644A
chr20	50585785	+	MIR645	MIR645
chr20	60308473	+	MIR646	MIR646
chr20	60138491	+	MIR646HG	MIR646HG
chr20	63942726	-	MIR647	MIR647
chr22	17980961	-	MIR648	MIR648
chr22	21034272	-	MIR649	MIR649
chr5	151522148	-	MIR6499	MIR6499
chr22	22822775	+	MIR650	MIR650
chr1	51060017	+	MIR6500	MIR6500
chr21	33550661	+	MIR6501	MIR6501
chr12	66251081	+	MIR6502	MIR6502
chr11	60209156	-	MIR6503	MIR6503
chr16	81611347	+	MIR6504	MIR6504
chr12	48132796	+	MIR6505	MIR6505
chr16	15611095	-	MIR6506	MIR6506
chr10	98924568	-	MIR6507	MIR6507
chr21	39447009	+	MIR6508	MIR6508
chr7	135207078	-	MIR6509	MIR6509
chrX	8126964	+	MIR651	MIR651
chr17	41517217	-	MIR6510	MIR6510
chr16	14925936	+	MIR6511A1	MIR6511A1
chr16	14925936	+	MIR6511A2	MIR6511A2
chr16	14925936	+	MIR6511A3	MIR6511A3
chr16	14925936	+	MIR6511A4	MIR6511A4
chr16	2106753	-	MIR6511B1	MIR6511B1
chr16	2106748	-	MIR6511B2	MIR6511B2
chr2	177313882	-	MIR6512	MIR6512
chr2	218280188	-	MIR6513	MIR6513
chr11	62792771	-	MIR6514	MIR6514
chr19	12940483	+	MIR6515	MIR6515
chr17	77089416	+	MIR6516	MIR6516
chrX	110055328	+	MIR652	MIR652
chr3	120084648	-	MIR6529	MIR6529
chr7	93482855	-	MIR653	MIR653
chr14	101040218	+	MIR654	MIR654
chr14	101049549	+	MIR655	MIR655
chr14	101066723	+	MIR656	MIR656
chr17	81125373	-	MIR657	MIR657
chr22	37844371	-	MIR658	MIR658
chr22	37847774	-	MIR659	MIR659
chrX	50013240	+	MIR660	MIR660
chr8	143945279	-	MIR661	MIR661
chr16	770182	+	MIR662	MIR662
chr21	8252231	+	MIR663A	MIR663A
chr20	26209233	-	MIR663AHG	MIR663AHG
chr2	132257080	-	MIR663B	MIR663B
chr1	220200619	-	MIR664A	MIR664A
chrX	154768595	+	MIR664B	MIR664B
chr14	100875032	+	MIR665	MIR665
chr14	101055257	+	MIR668	MIR668
chr11	43559655	+	MIR670	MIR670
chr11	43569305	+	MIR670HG	MIR670HG
chr7	151238420	+	MIR671	MIR671
chr10	112299611	+	MIR6715A	MIR6715A
chr10	112299688	-	MIR6715B	MIR6715B
chr11	118643999	+	MIR6716	MIR6716
chr14	21023386	-	MIR6717	MIR6717
chr18	3885352	+	MIR6718	MIR6718
chr19	39829802	-	MIR6719	MIR6719
chr6	1390411	-	MIR6720	MIR6720
chr6	32170116	-	MIR6721	MIR6721
chr9	136746970	-	MIR6722	MIR6722
chr21	8205314	+	MIR6724-1	MIR6724-1
chr21	8205314	+	MIR6724-2	MIR6724-2
chr21	8205314	+	MIR6724-3	MIR6724-3
chr21	8205314	+	MIR6724-4	MIR6724-4
chr1	1296170	-	MIR6726	MIR6726
chr1	1312566	-	MIR6727	MIR6727
chr1	8866590	-	MIR6728	MIR6728
chr1	12029157	+	MIR6729	MIR6729
chr1	12579023	-	MIR6730	MIR6730
chr1	24919416	-	MIR6731	MIR6731
chr1	37480229	+	MIR6732	MIR6732
chr1	43171712	-	MIR6733	MIR6733
chr1	43364715	-	MIR6734	MIR6734
chr1	43448538	+	MIR6735	MIR6735
chr1	145850645	-	MIR6736	MIR6736
chr1	153962420	-	MIR6737	MIR6737
chr1	155951336	-	MIR6738	MIR6738
chr1	201863372	+	MIR6739	MIR6739
chr1	202003123	+	MIR6740	MIR6740
chr1	225922142	-	MIR6741	MIR6741
chr1	228397109	-	MIR6742	MIR6742
chr11	209335	+	MIR6743	MIR6743
chr11	1256604	+	MIR6744	MIR6744
chr11	47179737	-	MIR6745	MIR6745
chr11	61878278	-	MIR6746	MIR6746
chr11	62567071	-	MIR6747	MIR6747
chr11	62789814	+	MIR6748	MIR6748
chr11	64902455	-	MIR6749	MIR6749
chr11	1996831	-	MIR675	MIR675
chr11	64898437	-	MIR6750	MIR6750
chr11	65129978	-	MIR6751	MIR6751
chr11	67490244	+	MIR6752	MIR6752
chr11	68044793	+	MIR6753	MIR6753
chr11	71473502	+	MIR6754	MIR6754
chr11	86278332	+	MIR6755	MIR6755
chr11	119313012	-	MIR6756	MIR6756
chr12	53056943	+	MIR6757	MIR6757
chr12	57512687	+	MIR6758	MIR6758
chr12	57748682	-	MIR6759	MIR6759
chrX	70022856	+	MIR676	MIR676
chr12	111304141	+	MIR6760	MIR6760
chr12	111799833	+	MIR6761	MIR6761
chr12	113291522	+	MIR6762	MIR6762
chr12	132581996	+	MIR6763	MIR6763
chr14	100277356	+	MIR6764	MIR6764
chr14	105150864	-	MIR6765	MIR6765
chr15	89326810	-	MIR6766	MIR6766
chr16	2445391	+	MIR6767	MIR6767
chr16	2463966	+	MIR6768	MIR6768
chr16	4671317	+	MIR6769A	MIR6769A
chr1	206474802	+	MIR6769B	MIR6769B
chr16	14930819	+	MIR6770-1	MIR6770-1
chr16	14930819	+	MIR6770-2	MIR6770-2
chr16	14930819	+	MIR6770-3	MIR6770-3
chr16	50292615	+	MIR6771	MIR6771
chr16	57772352	-	MIR6772	MIR6772
chr16	68233499	-	MIR6773	MIR6773
chr16	85918346	+	MIR6774	MIR6774
chr16	87834660	-	MIR6775	MIR6775
chr17	2692919	-	MIR6776	MIR6776
chr17	17813545	-	MIR6777	MIR6777
chr17	18340886	-	MIR6778	MIR6778
chr17	38914978	+	MIR6779	MIR6779
chr17	42708151	-	MIR6780A	MIR6780A
chr6	43434541	+	MIR6780B	MIR6780B
chr17	42823943	-	MIR6781	MIR6781
chr17	44207839	-	MIR6782	MIR6782
chr17	44934681	-	MIR6783	MIR6783
chr17	45114433	-	MIR6784	MIR6784
chr17	75498547	+	MIR6785	MIR6785
chr17	81693756	+	MIR6786	MIR6786
chr17	82236667	+	MIR6787	MIR6787
chr18	10759649	-	MIR6788	MIR6788
chr19	2235926	-	MIR6789	MIR6789
chr19	6392983	-	MIR6790	MIR6790
chr19	6736778	-	MIR6791	MIR6791
chr19	7617438	+	MIR6792	MIR6792
chr19	10828972	+	MIR6793	MIR6793
chr19	12852259	+	MIR6794	MIR6794
chr19	15179350	-	MIR6795	MIR6795
chr19	40369845	+	MIR6796	MIR6796
chr19	41869626	+	MIR6797	MIR6797
chr19	49009905	+	MIR6798	MIR6798
chr19	49791865	+	MIR6799	MIR6799
chr19	49832017	+	MIR6800	MIR6800
chr19	52222019	+	MIR6801	MIR6801
chr19	55239976	-	MIR6802	MIR6802
chr19	55245250	-	MIR6803	MIR6803
chr19	55230952	-	MIR6804	MIR6804
chr19	55388180	+	MIR6805	MIR6805
chr19	58334687	+	MIR6806	MIR6806
chr19	58550284	+	MIR6807	MIR6807
chr1	1339708	-	MIR6808	MIR6808
chr2	217900628	-	MIR6809	MIR6809
chr2	218341910	+	MIR6810	MIR6810
chr2	237510930	+	MIR6811	MIR6811
chr20	45425509	+	MIR6812	MIR6812
chr20	64077010	-	MIR6813	MIR6813
chr21	41746841	-	MIR6814	MIR6814
chr21	45478265	+	MIR6815	MIR6815
chr22	20114751	-	MIR6816	MIR6816
chr22	25455645	+	MIR6817	MIR6817
chr22	30007048	+	MIR6818	MIR6818
chr22	36286907	-	MIR6819	MIR6819
chr22	37967562	+	MIR6820	MIR6820
chr22	49962865	+	MIR6821	MIR6821
chr3	39138205	+	MIR6822	MIR6822
chr3	48550021	-	MIR6823	MIR6823
chr3	48633698	-	MIR6824	MIR6824
chr3	127575331	-	MIR6825	MIR6825
chr3	129272145	+	MIR6826	MIR6826
chr3	134367862	-	MIR6827	MIR6827
chr3	170423102	+	MIR6828	MIR6828
chr3	195882395	-	MIR6829	MIR6829
chr5	132217918	-	MIR6830	MIR6830
chr5	140563751	-	MIR6831	MIR6831
chr6	31633786	+	MIR6832	MIR6832
chr6	32179815	+	MIR6833	MIR6833
chr6	33290244	+	MIR6834	MIR6834
chr6	34240672	+	MIR6835	MIR6835
chr7	2257577	-	MIR6836	MIR6836
chr7	44051765	+	MIR6837	MIR6837
chr7	44073433	-	MIR6838	MIR6838
chr7	64679063	+	MIR6839	MIR6839
chr7	100356650	+	MIR6840	MIR6840
chr8	24953867	-	MIR6841	MIR6841
chr8	27433369	+	MIR6842	MIR6842
chr8	27610751	-	MIR6843	MIR6843
chr8	124508576	-	MIR6844	MIR6844
chr8	143837816	-	MIR6845	MIR6845
chr8	144057380	-	MIR6846	MIR6846
chr8	144079873	+	MIR6847	MIR6847
chr8	144317315	-	MIR6848	MIR6848
chr8	144400345	-	MIR6849	MIR6849
chr8	144791991	-	MIR6850	MIR6850
chr9	33467935	-	MIR6851	MIR6851
chr9	35710741	-	MIR6852	MIR6852
chr9	35732921	+	MIR6853	MIR6853
chr9	98229217	-	MIR6854	MIR6854
chr9	129869604	+	MIR6855	MIR6855
chr9	130626296	+	MIR6856	MIR6856
chrX	53405765	-	MIR6857	MIR6857
chrX	154450319	+	MIR6858	MIR6858
chr16	17119	-	MIR6859-1	MIR6859-1
chr16	17119	-	MIR6859-2	MIR6859-2
chr16	17119	-	MIR6859-3	MIR6859-3
chr16	17119	-	MIR6859-4	MIR6859-4
chr11	67045642	+	MIR6860	MIR6860
chr12	112163321	-	MIR6861	MIR6861
chr16	28391051	-	MIR6862-1	MIR6862-1
chr16	28391051	-	MIR6862-2	MIR6862-2
chr16	56904263	+	MIR6863	MIR6863
chr17	4969771	-	MIR6864	MIR6864
chr17	4970150	-	MIR6865	MIR6865
chr17	40161932	+	MIR6866	MIR6866
chr17	40193596	+	MIR6867	MIR6867
chr17	76098076	-	MIR6868	MIR6868
chr20	1392961	-	MIR6869	MIR6869
chr20	10649695	-	MIR6870	MIR6870
chr20	41169022	+	MIR6871	MIR6871
chr3	50273235	+	MIR6872	MIR6872
chr6	33287289	-	MIR6873	MIR6873
chr7	5711910	-	MIR6874	MIR6874
chr7	100868035	+	MIR6875	MIR6875
chr8	25345401	+	MIR6876	MIR6876
chr9	133051995	+	MIR6877	MIR6877
chr1	150492344	+	MIR6878	MIR6878
chr11	65018504	+	MIR6879	MIR6879
chr12	124337242	-	MIR6880	MIR6880
chr15	74411432	-	MIR6881	MIR6881
chr15	74840707	-	MIR6882	MIR6882
chr17	8145071	-	MIR6883	MIR6883
chr17	40026409	-	MIR6884	MIR6884
chr19	6389703	-	MIR6885	MIR6885
chr19	11113473	+	MIR6886	MIR6886
chr19	35122699	+	MIR6887	MIR6887
chr2	159186834	+	MIR6888	MIR6888
chr22	41253050	-	MIR6889	MIR6889
chr3	49099914	-	MIR6890	MIR6890
chr6	31355316	-	MIR6891	MIR6891
chr7	143382685	+	MIR6892	MIR6892
chr8	144435619	-	MIR6893	MIR6893
chrX	53198945	-	MIR6894	MIR6894
chrX	53195488	-	MIR6895	MIR6895
chr9	83969857	-	MIR7-1	MIR7-1
chr15	88611824	+	MIR7-2	MIR7-2
chr19	4770669	+	MIR7-3	MIR7-3
chr19	4769104	+	MIR7-3HG	MIR7-3HG
chr11	79402109	-	MIR708	MIR708
chr12	113159177	-	MIR7106	MIR7106
chr12	121444352	-	MIR7107	MIR7107
chr19	2435000	-	MIR7108	MIR7108
chr22	31621531	-	MIR7109	MIR7109
chr3	48578977	-	MIR711	MIR711
chr3	123161793	+	MIR7110	MIR7110
chr6	35470507	+	MIR7111	MIR7111
chr8	144262737	-	MIR7112	MIR7112
chr11	68032863	+	MIR7113	MIR7113
chr9	137450086	-	MIR7114	MIR7114
chr9	123485622	-	MIR7150	MIR7150
chr10	67403410	-	MIR7151	MIR7151
chr10	71790746	+	MIR7152	MIR7152
chr18	11654941	-	MIR7153	MIR7153
chr11	45691776	-	MIR7154	MIR7154
chr11	64341904	-	MIR7155	MIR7155
chr1	77060142	+	MIR7156	MIR7156
chr2	140586685	-	MIR7157	MIR7157
chr2	5974661	+	MIR7158	MIR7158
chr6	33899134	+	MIR7159	MIR7159
chr8	2076588	+	MIR7160	MIR7160
chr6	158609706	+	MIR7161	MIR7161
chr10	30368665	-	MIR7162	MIR7162
chrX	154019989	-	MIR718	MIR718
chr17	12081898	+	MIR744	MIR744
chr2	6650372	+	MIR7515	MIR7515
chr2	6650519	-	MIR7515HG	MIR7515HG
chr14	101026019	+	MIR758	MIR758
chr13	52810049	+	MIR759	MIR759
chr1	93846831	+	MIR760	MIR760
chr1	51836402	-	MIR761	MIR761
chr16	30893902	+	MIR762	MIR762
chr16	30875459	+	MIR762HG	MIR762HG
chrX	114639434	+	MIR764	MIR764
chr1	156936244	-	MIR765	MIR765
chrX	119646848	-	MIR766	MIR766
chrX	152393529	-	MIR767	MIR767
chr19	46018931	+	MIR769	MIR769
chr14	100852389	+	MIR770	MIR770
chr9	111271214	-	MIR7702	MIR7702
chr14	24143565	-	MIR7703	MIR7703
chr2	176188842	+	MIR7704	MIR7704
chr8	100703024	-	MIR7705	MIR7705
chr15	85380595	+	MIR7706	MIR7706
chr14	72516819	+	MIR7843	MIR7843
chr12	94571352	-	MIR7844	MIR7844
chr2	207166399	+	MIR7845	MIR7845
chr1	12166942	+	MIR7846	MIR7846
chr11	1880044	+	MIR7847	MIR7847
chr8	133046581	-	MIR7848	MIR7848
chr4	146408582	+	MIR7849	MIR7849
chr19	2630714	+	MIR7850	MIR7850
chr12	42323859	-	MIR7851	MIR7851
chr1	107897222	+	MIR7852	MIR7852
chr6	6169435	-	MIR7853	MIR7853
chr16	81533901	+	MIR7854	MIR7854
chr14	64785686	-	MIR7855	MIR7855
chr1	86357687	-	MIR7856	MIR7856
chr15	51314033	+	MIR7973-1	MIR7973-1
chr15	51314107	-	MIR7973-2	MIR7973-2
chr19	11495622	-	MIR7974	MIR7974
chr19	55123292	-	MIR7975	MIR7975
chr3	127587176	-	MIR7976	MIR7976
chr3	176515102	+	MIR7977	MIR7977
chr4	21464758	-	MIR7978	MIR7978
chr21	35720714	+	MIR802	MIR802
chr11	130666734	+	MIR8052	MIR8052
chr4	47652668	+	MIR8053	MIR8053
chr11	23419190	-	MIR8054	MIR8054
chr8	6622220	-	MIR8055	MIR8055
chr5	173347454	+	MIR8056	MIR8056
chr18	26591535	-	MIR8057	MIR8057
chr16	82688930	+	MIR8058	MIR8058
chr17	50768649	+	MIR8059	MIR8059
chr3	96359963	+	MIR8060	MIR8060
chr19	54645308	+	MIR8061	MIR8061
chr20	7371607	+	MIR8062	MIR8062
chr15	36972901	-	MIR8063	MIR8063
chr3	52846552	-	MIR8064	MIR8064
chr16	5632466	+	MIR8065	MIR8065
chr4	101240872	-	MIR8066	MIR8066
chr15	62304734	-	MIR8067	MIR8067
chr11	28477548	-	MIR8068	MIR8068
chr21	6859170	+	MIR8069-1	MIR8069-1
chr21	6859170	+	MIR8069-2	MIR8069-2
chr11	11783222	-	MIR8070	MIR8070
chr14	105621115	+	MIR8071-1	MIR8071-1
chr14	105621115	+	MIR8071-2	MIR8071-2
chr12	123364843	-	MIR8072	MIR8072
chr13	110340957	+	MIR8073	MIR8073
chr19	51207009	-	MIR8074	MIR8074
chr13	113262919	+	MIR8075	MIR8075
chr3	113432200	-	MIR8076	MIR8076
chr19	42351130	+	MIR8077	MIR8077
chr18	112339	-	MIR8078	MIR8078
chr13	44196200	-	MIR8079	MIR8079
chr2	79866583	-	MIR8080	MIR8080
chr9	106600927	+	MIR8081	MIR8081
chr4	113152281	+	MIR8082	MIR8082
chr1	153689793	-	MIR8083	MIR8083
chr8	93029750	+	MIR8084	MIR8084
chr19	44758656	+	MIR8085	MIR8085
chr10	28289350	-	MIR8086	MIR8086
chr11	27515047	-	MIR8087	MIR8087
chrX	52336642	-	MIR8088	MIR8088
chr5	181043484	-	MIR8089	MIR8089
chr2	50696262	-	MIR8485	MIR8485
chr9	28888955	-	MIR873	MIR873
chr5	137647649	-	MIR874	MIR874
chr8	99536861	-	MIR875	MIR875
chr9	28863706	-	MIR876	MIR876
chr6	30584331	+	MIR877	MIR877
chr3	10394562	-	MIR885	MIR885
chr5	15935181	+	MIR887	MIR887
chrX	145994860	-	MIR888	MIR888
chr14	101047900	+	MIR889	MIR889
chrX	145994351	-	MIR890	MIR890
chrX	146027872	-	MIR891A	MIR891A
chrX	146001131	-	MIR891B	MIR891B
chrX	145996743	-	MIR892A	MIR892A
chrX	145997274	-	MIR892B	MIR892B
chrX	145992826	-	MIR892C	MIR892C
chr1	156420429	-	MIR9-1	MIR9-1
chr1	156421769	-	MIR9-1HG	MIR9-1HG
chr5	88666939	-	MIR9-2	MIR9-2
chr15	89368016	+	MIR9-3	MIR9-3
chr15	89361578	+	MIR9-3HG	MIR9-3HG
chr12	24212420	+	MIR920	MIR920
chr1	166154798	-	MIR921	MIR921
chr3	197674576	-	MIR922	MIR922
chr18	39622175	-	MIR924	MIR924
chr18	39751995	-	MIR924HG	MIR924HG
chr13	91351313	+	MIR92A1	MIR92A1
chrX	134169612	-	MIR92A2	MIR92A2
chr1	155195176	+	MIR92B	MIR92B
chr7	100093847	-	MIR93	MIR93
chr2	175167709	-	MIR933	MIR933
chrX	136550877	+	MIR934	MIR934
chr19	53982306	+	MIR935	MIR935
chr10	104048186	-	MIR936	MIR936
chr8	143813042	-	MIR937	MIR937
chr10	29602346	-	MIR938	MIR938
chr8	144394230	-	MIR939	MIR939
chr16	2271746	+	MIR940	MIR940
chr20	63919448	+	MIR941-1	MIR941-1
chr20	63919560	+	MIR941-2	MIR941-2
chr20	63919560	+	MIR941-3	MIR941-3
chr20	63919560	+	MIR941-4	MIR941-4
chr20	63919560	+	MIR941-5	MIR941-5
chr1	117094642	+	MIR942	MIR942
chr4	1986477	-	MIR943	MIR943
chr3	189829921	+	MIR944	MIR944
chr4	8005381	-	MIR95	MIR95
chr2	218823089	+	MIR9500	MIR9500
chr7	129774769	-	MIR96	MIR96
chr14	60648647	+	MIR9718	MIR9718
chrX	53556341	-	MIR98	MIR98
chr10	116827568	-	MIR9851	MIR9851
chr12	52898984	-	MIR9898	MIR9898
chr2	149330373	-	MIR9899	MIR9899
chr3	112737088	+	MIR9900	MIR9900
chr16	34163577	+	MIR9901	MIR9901
chr12	122695999	-	MIR9902-1	MIR9902-1
chr12	122695999	-	MIR9902-2	MIR9902-2
chr8	98393738	-	MIR9903	MIR9903
chr6	39074313	+	MIR9983	MIR9983
chrY	4606119	+	MIR9985	MIR9985
chr2	132433710	+	MIR9986	MIR9986
chr21	16539088	+	MIR99A	MIR99A
chr21	16070487	+	MIR99AHG	MIR99AHG
chr19	51692611	+	MIR99B	MIR99B
chr9	94175956	+	MIRLET7A1	MIRLET7A1
chr11	122146593	-	MIRLET7A2	MIRLET7A2
chr22	46112748	+	MIRLET7A3	MIRLET7A3
chr22	46113685	+	MIRLET7B	MIRLET7B
chr22	46085996	+	MIRLET7BHG	MIRLET7BHG
chr21	16539827	+	MIRLET7C	MIRLET7C
chr9	94178833	+	MIRLET7D	MIRLET7D
chr19	51692785	+	MIRLET7E	MIRLET7E
chr9	94176346	+	MIRLET7F1	MIRLET7F1
chrX	53557274	-	MIRLET7F2	MIRLET7F2
chr3	52268361	-	MIRLET7G	MIRLET7G
chr12	62603685	+	MIRLET7I	MIRLET7I
chr17	5486373	+	MIS12	MIS12
chr21	32279049	-	MIS18A	MIS18A
chr14	45253202	-	MIS18BP1	MIS18BP1
chr19	751111	+	MISP	MISP
chr19	14072785	+	MISP3	MISP3
chr2	99181058	-	MITD1	MITD1
chr3	69739463	+	MITF	MITF
chr1	226223663	+	MIXL1	MIXL1
chr10	128126423	-	MKI67	MKI67
chr20	10431925	-	MKKS	MKKS
chr7	131110093	+	MKLN1	MKLN1
chr7	131327779	-	MKLN1-AS	MKLN1-AS
chr1	46604268	-	MKNK1	MKNK1
chr1	46538695	+	MKNK1-AS1	MKNK1-AS1
chr19	2051244	-	MKNK2	MKNK2
chr7	140479505	-	MKRN1	MKRN1
chr3	12557013	+	MKRN2	MKRN2
chr3	12545499	-	MKRN2OS	MKRN2OS
chr15	23565673	+	MKRN3	MKRN3
chr20	46465292	-	MKRN7P	MKRN7P
chr12	87784711	-	MKRN9P	MKRN9P
chr17	58219255	-	MKS1	MKS1
chr10	27745819	-	MKX	MKX
chr10	27744614	+	MKX-AS1	MKX-AS1
chr9	5890888	+	MLANA	MLANA
chr22	50085426	-	MLC1	MLC1
chr12	120687148	+	MLEC	MLEC
chr3	158571193	+	MLF1	MLF1
chr12	6752916	-	MLF2	MLF2
chr3	36993349	+	MLH1	MLH1
chr14	75051467	-	MLH3	MLH3
chr6	54018915	+	MLIP	MLIP
chr6	54047594	-	MLIP-AS1	MLIP-AS1
chr6	53998889	+	MLIP-IT1	MLIP-IT1
chr16	74700862	-	MLKL	MLKL
chr19	6279975	-	MLLT1	MLLT1
chr10	21533348	+	MLLT10	MLLT10
chr20	30403462	-	MLLT10P1	MLLT10P1
chr1	151060396	+	MLLT11	MLLT11
chr9	20621938	-	MLLT3	MLLT3
chr17	38705272	+	MLLT6	MLLT6
chr6	33804003	-	MLN	MLN
chr13	49220337	+	MLNR	MLNR
chr2	237486409	+	MLPH	MLPH
chr16	2205453	+	MLST8	MLST8
chr17	42567059	+	MLX	MLX
chr12	122078755	+	MLXIP	MLXIP
chr7	73624522	-	MLXIPL	MLXIPL
chr16	83899114	+	MLYCD	MLYCD
chr4	145619384	+	MMAA	MMAA
chr12	109573504	-	MMAB	MMAB
chr1	45500299	+	MMACHC	MMACHC
chr2	149587775	-	MMADHC	MMADHC
chr2	149587357	+	MMADHC-DT	MMADHC-DT
chr17	55421835	-	MMD	MMD
chr7	4959187	-	MMD2	MMD2
chr3	155024123	+	MME	MME
chr1	2633016	-	MMEL1	MMEL1
chrX	135973988	-	MMGT1	MMGT1
chr11	102798160	-	MMP1	MMP1
chr11	102780628	-	MMP10	MMP10
chr22	23772848	+	MMP11	MMP11
chr11	102874982	-	MMP12	MMP12
chr11	102955732	-	MMP13	MMP13
chr14	22836584	+	MMP14	MMP14
chr16	58025753	+	MMP15	MMP15
chr8	88327483	-	MMP16	MMP16
chr12	131828392	+	MMP17	MMP17
chr12	55842936	-	MMP19	MMP19
chr16	55478829	+	MMP2	MMP2
chr16	55462297	-	MMP2-AS1	MMP2-AS1
chr11	102625332	-	MMP20	MMP20
chr10	125775821	-	MMP21	MMP21
chr1	1632779	+	MMP23A	MMP23A
chr1	1632172	+	MMP23B	MMP23B
chr20	35226689	+	MMP24	MMP24
chr20	35278122	-	MMP24-AS1-EDEM2	MMP24-AS1-EDEM2
chr20	35278122	-	MMP24OS	MMP24OS
chr16	3046560	+	MMP25	MMP25
chr16	3059370	-	MMP25-AS1	MMP25-AS1
chr11	4704783	+	MMP26	MMP26
chr11	102705769	-	MMP27	MMP27
chr17	35795641	-	MMP28	MMP28
chr11	102843609	-	MMP3	MMP3
chr11	102530747	-	MMP7	MMP7
chr11	102724954	-	MMP8	MMP8
chr20	46008907	+	MMP9	MMP9
chr4	89879510	+	MMRN1	MMRN1
chr10	86957615	-	MMRN2	MMRN2
chr10	97498422	-	MMS19	MMS19
chr6	97283216	-	MMS22L	MMS22L
chr6	49463253	-	MMUT	MMUT
chr22	27801756	-	MN1	MN1
chr14	60734760	+	MNAT1	MNAT1
chr4	153344648	+	MND1	MND1
chr1	158831350	+	MNDA	MNDA
chr15	56465137	-	MNS1	MNS1
chr17	2401060	-	MNT	MNT
chr7	157009435	-	MNX1	MNX1
chr7	157010856	+	MNX1-AS1	MNX1-AS1
chr7	157006306	+	MNX1-AS2	MNX1-AS2
chr14	93184897	-	MOAP1	MOAP1
chr2	74178314	-	MOB1A	MOB1A
chr4	70902368	+	MOB1B	MOB1B
chr11	1480886	-	MOB2	MOB2
chr19	2096326	-	MOB3A	MOB3A
chr9	27529814	-	MOB3B	MOB3B
chr1	46615133	-	MOB3C	MOB3C
chr2	197515553	+	MOB4	MOB4
chr3	39467679	+	MOBP	MOBP
chr18	36187496	+	MOCOS	MOCOS
chr6	39927716	-	MOCS1	MOCS1
chr5	53109757	-	MOCS2	MOCS2
chr20	50958817	+	MOCS3	MOCS3
chr6	29657091	+	MOG	MOG
chr2	222671657	+	MOGAT1	MOGAT1
chr11	75717837	+	MOGAT2	MOGAT2
chr7	101201036	-	MOGAT3	MOGAT3
chr2	74465382	-	MOGS	MOGS
chr14	102235426	-	MOK	MOK
chr3	49930012	-	MON1A	MON1A
chr16	77191189	+	MON1B	MON1B
chr12	62466825	+	MON2	MON2
chr3	109118134	-	MORC1	MORC1
chr3	109101455	+	MORC1-AS1	MORC1-AS1
chr22	30968287	-	MORC2	MORC2
chr22	30922307	+	MORC2-AS1	MORC2-AS1
chr21	36320188	+	MORC3	MORC3
chrX	107000212	-	MORC4	MORC4
chr15	78872780	+	MORF4L1	MORF4L1
chrX	103686699	-	MORF4L2	MORF4L2
chrX	103687283	+	MORF4L2-AS1	MORF4L2-AS1
chr1	2391554	-	MORN1	MORN1
chr2	38875961	+	MORN2	MORN2
chr12	121669654	-	MORN3	MORN3
chr10	97633500	-	MORN4	MORN4
chr9	122159907	+	MORN5	MORN5
chr8	56113982	-	MOS	MOS
chr16	22008110	+	MOSMO	MOSMO
chrX	134915257	-	MOSPD1	MOSPD1
chrX	14873420	+	MOSPD2	MOSPD2
chr7	100612161	+	MOSPD3	MOSPD3
chr1	112674311	+	MOV10	MOV10
chr22	50090005	+	MOV10L1	MOV10L1
chr6	132401475	-	MOXD1	MOXD1
chr7	142247067	-	MOXD2P	MOXD2P
chr6	166382940	-	MPC1	MPC1
chrX	40623565	+	MPC1L	MPC1L
chr1	167935996	-	MPC2	MPC2
chr17	7583646	+	MPDU1	MPDU1
chr9	13279692	-	MPDZ	MPDZ
chr11	59212927	-	MPEG1	MPEG1
chr16	77018	+	MPG	MPG
chr2	71130633	+	MPHOSPH10	MPHOSPH10
chr16	82170224	-	MPHOSPH6	MPHOSPH6
chr13	19633658	+	MPHOSPH8	MPHOSPH8
chr12	123233141	-	MPHOSPH9	MPHOSPH9
chr15	74890041	+	MPI	MPI
chr6	31723343	+	MPIG6B	MPIG6B
chr1	43337817	+	MPL	MPL
chr7	40134622	-	MPLKIP	MPLKIP
chr19	4343526	+	MPND	MPND
chr17	58280935	-	MPO	MPO
chrX	154805485	-	MPP1	MPP1
chr17	43900624	-	MPP2	MPP2
chr17	43833146	-	MPP3	MPP3
chr2	201698644	-	MPP4	MPP4
chr14	67241434	+	MPP5	MPP5
chr7	24573451	+	MPP6	MPP6
chr10	28282123	-	MPP7	MPP7
chr18	11908317	-	MPPE1	MPPE1
chr22	43412013	+	MPPED1	MPPED1
chr11	30583947	-	MPPED2	MPPED2
chr17	17042456	+	MPRIP	MPRIP
chr22	37019741	+	MPST	MPST
chr2	27323097	-	MPV17	MPV17
chr16	15395753	+	MPV17L	MPV17L
chr19	18193217	+	MPV17L2	MPV17L2
chr1	161309968	-	MPZ	MPZ
chr1	167721981	+	MPZL1	MPZL1
chr11	118264297	-	MPZL2	MPZL2
chr11	118252365	-	MPZL3	MPZL3
chr1	181033386	+	MR1	MR1
chr21	32291812	+	MRAP	MRAP
chr6	84033771	+	MRAP2	MRAP2
chr3	138347647	+	MRAS	MRAS
chr10	17809347	+	MRC1	MRC1
chr17	62627669	+	MRC2	MRC2
chr11	94493844	-	MRE11	MRE11
chr2	216013551	-	MREG	MREG
chr4	6640090	+	MRFAP1	MRFAP1
chr4	6709865	-	MRFAP1L1	MRFAP1L1
chr20	62796472	+	MRGBP	MRGBP
chr11	68980986	-	MRGPRD	MRGPRD
chr11	3232417	-	MRGPRE	MRGPRE
chr11	69013246	-	MRGPRF	MRGPRF
chr11	69012353	+	MRGPRF-AS1	MRGPRF-AS1
chr11	3218813	-	MRGPRG	MRGPRG
chr11	3218331	+	MRGPRG-AS1	MRGPRG-AS1
chr11	18935002	-	MRGPRX1	MRGPRX1
chr11	19060017	-	MRGPRX2	MRGPRX2
chr11	18120954	+	MRGPRX3	MRGPRX3
chr11	18172836	+	MRGPRX4	MRGPRX4
chr19	13764521	+	MRI1	MRI1
chr10	59753455	-	MRLN	MRLN
chr17	36601582	+	MRM1	MRM1
chr7	2242205	-	MRM2	MRM2
chr17	782352	+	MRM3	MRM3
chr5	179858817	-	MRNIP	MRNIP
chr18	50820016	-	MRO	MRO
chr6	113873347	-	MROCKI	MROCKI
chr8	144148015	+	MROH1	MROH1
chr2	233775723	+	MROH2A	MROH2A
chr5	41071342	-	MROH2B	MROH2B
chr1	200928943	+	MROH3P	MROH3P
chr8	141507229	-	MROH5	MROH5
chr8	143572772	-	MROH6	MROH6
chr1	54641739	+	MROH7	MROH7
chr1	54641739	+	MROH7-TTC4	MROH7-TTC4
chr20	37179548	-	MROH8	MROH8
chr1	170935470	+	MROH9	MROH9
chr4	77862829	+	MRPL1	MRPL1
chr17	47831541	-	MRPL10	MRPL10
chr11	66438848	-	MRPL11	MRPL11
chr17	81703366	+	MRPL12	MRPL12
chr8	120445150	-	MRPL13	MRPL13
chr6	44126267	-	MRPL14	MRPL14
chr8	54135240	+	MRPL15	MRPL15
chr11	59810778	-	MRPL16	MRPL16
chr11	6683340	-	MRPL17	MRPL17
chr6	159789811	+	MRPL18	MRPL18
chr2	75646782	+	MRPL19	MRPL19
chr6	43059434	-	MRPL2	MRPL2
chr1	1407293	-	MRPL20	MRPL20
chr1	1399529	+	MRPL20-AS1	MRPL20-AS1
chr11	68903832	-	MRPL21	MRPL21
chr5	154941072	+	MRPL22	MRPL22
chr11	1947331	+	MRPL23	MRPL23
chr11	1989920	-	MRPL23-AS1	MRPL23-AS1
chr1	156741088	-	MRPL24	MRPL24
chr17	50373184	-	MRPL27	MRPL27
chr16	370538	-	MRPL28	MRPL28
chr3	131502971	-	MRPL3	MRPL3
chr2	99181183	+	MRPL30	MRPL30
chr7	42932375	+	MRPL32	MRPL32
chr2	27771716	+	MRPL33	MRPL33
chr19	17302864	+	MRPL34	MRPL34
chr2	86199432	+	MRPL35	MRPL35
chr5	1799837	-	MRPL36	MRPL36
chr1	54200166	+	MRPL37	MRPL37
chr17	75904884	-	MRPL38	MRPL38
chr21	25607481	-	MRPL39	MRPL39
chr19	10251963	+	MRPL4	MRPL4
chr22	19431901	+	MRPL40	MRPL40
chr9	137551878	+	MRPL41	MRPL41
chr12	93467513	+	MRPL42	MRPL42
chr15	40532550	-	MRPL42P5	MRPL42P5
chr10	100987497	-	MRPL43	MRPL43
chr2	223957462	+	MRPL44	MRPL44
chr17	38297022	+	MRPL45	MRPL45
chr17	47492620	-	MRPL45P2	MRPL45P2
chr15	88467388	-	MRPL46	MRPL46
chr3	179604638	-	MRPL47	MRPL47
chr11	73787873	+	MRPL48	MRPL48
chr11	65122182	+	MRPL49	MRPL49
chr9	101398618	-	MRPL50	MRPL50
chr12	6493262	-	MRPL51	MRPL51
chr14	22829886	+	MRPL52	MRPL52
chr2	74472680	-	MRPL53	MRPL53
chr19	3762681	+	MRPL54	MRPL54
chr1	228109299	-	MRPL55	MRPL55
chr13	21176657	+	MRPL57	MRPL57
chr17	75012669	+	MRPL58	MRPL58
chr1	151763496	-	MRPL9	MRPL9
chr6	42217861	-	MRPS10	MRPS10
chr15	88467707	+	MRPS11	MRPS11
chr19	38930943	+	MRPS12	MRPS12
chr1	175023425	-	MRPS14	MRPS14
chr1	36464384	-	MRPS15	MRPS15
chr10	73252644	-	MRPS16	MRPS16
chr7	55951876	+	MRPS17	MRPS17
chr6	43687791	-	MRPS18A	MRPS18A
chr6	30617839	+	MRPS18B	MRPS18B
chr4	83455931	+	MRPS18C	MRPS18C
chr9	135499964	+	MRPS2	MRPS2
chr1	150293841	+	MRPS21	MRPS21
chr3	139343993	+	MRPS22	MRPS22
chr17	57850044	-	MRPS23	MRPS23
chr7	43869517	-	MRPS24	MRPS24
chr3	15065315	-	MRPS25	MRPS25
chr20	3046051	+	MRPS26	MRPS26
chr5	72320240	-	MRPS27	MRPS27
chr8	80030259	-	MRPS28	MRPS28
chr5	44808946	+	MRPS30	MRPS30
chr5	44808793	-	MRPS30-DT	MRPS30-DT
chr13	40771190	-	MRPS31	MRPS31
chr13	52194467	-	MRPS31P5	MRPS31P5
chr7	141014679	-	MRPS33	MRPS33
chr16	1773134	-	MRPS34	MRPS34
chr12	27710772	+	MRPS35	MRPS35
chr5	69217759	+	MRPS36	MRPS36
chr2	95121557	-	MRPS5	MRPS5
chr21	34073577	+	MRPS6	MRPS6
chr17	75261878	+	MRPS7	MRPS7
chr2	105038068	+	MRPS9	MRPS9
chr2	105102944	-	MRPS9-AS1	MRPS9-AS1
chr2	105038496	-	MRPS9-AS2	MRPS9-AS2
chr9	122264602	+	MRRF	MRRF
chr6	24402907	+	MRS2	MRS2
chr12	71850983	-	MRS2P2	MRS2P2
chr22	40463440	-	MRTFA	MRTFA
chr22	40521799	+	MRTFA-AS1	MRTFA-AS1
chr16	14071061	+	MRTFB	MRTFB
chr1	19251804	+	MRTO4	MRTO4
chr11	60455808	+	MS4A1	MS4A1
chr11	60785332	+	MS4A10	MS4A10
chr11	60492777	+	MS4A12	MS4A12
chr11	60515391	+	MS4A13	MS4A13
chr11	60396013	+	MS4A14	MS4A14
chr11	60756866	+	MS4A15	MS4A15
chr11	60724008	+	MS4A18	MS4A18
chr11	60088663	+	MS4A2	MS4A2
chr11	60056627	+	MS4A3	MS4A3
chr11	60280665	+	MS4A4A	MS4A4A
chr11	60243137	-	MS4A4E	MS4A4E
chr11	60429571	+	MS4A5	MS4A5
chr11	60183331	-	MS4A6A	MS4A6A
chr11	60327254	+	MS4A6E	MS4A6E
chr11	60378484	+	MS4A7	MS4A7
chr11	60699611	+	MS4A8	MS4A8
chr4	3244368	+	MSANTD1	MSANTD1
chr11	124776242	-	MSANTD2	MSANTD2
chr9	100427142	+	MSANTD3	MSANTD3
chr9	100441905	+	MSANTD3-TMEFF1	MSANTD3-TMEFF1
chr11	106022240	-	MSANTD4	MSANTD4
chr8	71844412	-	MSC	MSC
chr8	71843122	+	MSC-AS1	MSC-AS1
chr2	17816459	+	MSGN1	MSGN1
chr2	47403066	+	MSH2	MSH2
chr2	47527536	+	MSH2-OT1	MSH2-OT1
chr5	80654651	+	MSH3	MSH3
chr1	75796881	+	MSH4	MSH4
chr6	31739947	+	MSH5	MSH5
chr6	31739947	+	MSH5-SAPCD1	MSH5-SAPCD1
chr2	47783081	+	MSH6	MSH6
chr12	120369164	-	MSI1	MSI1
chr17	57255850	+	MSI2	MSI2
chr17	40121970	+	MSL1	MSL1
chr3	136194468	-	MSL2	MSL2
chrX	11758158	+	MSL3	MSL3
chr2	233868409	-	MSL3P1	MSL3P1
chr16	760733	+	MSLN	MSLN
chr10	46046269	-	MSMB	MSMB
chr4	165327665	+	MSMO1	MSMO1
chr9	35754276	-	MSMP	MSMP
chrX	65667653	+	MSN	MSN
chr8	16186272	-	MSR1	MSR1
chr8	10054291	+	MSRA	MSRA
chr16	1943199	-	MSRB1	MSRB1
chr10	23095578	+	MSRB2	MSRB2
chr12	65278682	+	MSRB3	MSRB3
chr10	73433561	-	MSS51	MSS51
chr3	49688763	-	MST1	MST1
chr1	16764480	-	MST1L	MST1L
chr1	16645573	+	MST1P2	MST1P2
chr3	49903637	-	MST1R	MST1R
chr2	190062729	-	MSTN	MSTN
chr1	155610169	+	MSTO1	MSTO1
chr1	155610187	+	MSTO2P	MSTO2P
chr4	4859664	+	MSX1	MSX1
chr5	174724581	+	MSX2	MSX2
chr17	58156958	+	MSX2P1	MSX2P1
chr16	56638665	+	MT1A	MT1A
chr16	56651885	+	MT1B	MT1B
chr16	56643686	+	MT1DP	MT1DP
chr16	56625780	+	MT1E	MT1E
chr16	56657942	+	MT1F	MT1F
chr16	56668065	-	MT1G	MT1G
chr16	56669813	+	MT1H	MT1H
chr1	237004441	-	MT1HL1	MT1HL1
chr16	56676115	+	MT1IP	MT1IP
chr16	56635738	+	MT1JP	MT1JP
chr16	56617460	+	MT1L	MT1L
chr16	56632658	+	MT1M	MT1M
chr16	56682469	+	MT1X	MT1X
chr16	56608583	+	MT2A	MT2A
chr16	56589527	+	MT3	MT3
chr16	56565072	+	MT4	MT4
chr14	105419826	+	MTA1	MTA1
chr11	62601250	-	MTA2	MTA2
chr2	42494568	+	MTA3	MTA3
chr9	21802635	+	MTAP	MTAP
chr1	220786912	+	MTARC1	MTARC1
chr1	220748321	+	MTARC2	MTARC2
chr8	120445418	+	MTBP	MTBP
chr6	36986196	-	MTCH1	MTCH1
chr11	47642559	-	MTCH2	MTCH2
chr18	8705555	+	MTCL1	MTCL1
chrX	155071136	-	MTCP1	MTCP1
chr8	97644183	+	MTDH	MTDH
chr7	91880702	-	MTERF1	MTERF1
chr12	106987146	-	MTERF2	MTERF2
chr8	96261610	-	MTERF3	MTERF3
chr2	241102287	-	MTERF4	MTERF4
chr1	37859592	-	MTF1	MTF1
chr1	93079234	+	MTF2	MTF2
chr15	65029639	-	MTFMT	MTFMT
chr22	30425767	+	MTFP1	MTFP1
chr8	65644652	+	MTFR1	MTFR1
chr1	25819905	+	MTFR1L	MTFR1L
chr6	136250311	-	MTFR2	MTFR2
chr10	133394156	+	MTG1	MTG1
chr20	62183027	+	MTG2	MTG2
chr14	64388352	+	MTHFD1	MTHFD1
chr6	150865678	+	MTHFD1L	MTHFD1L
chr2	74198562	+	MTHFD2	MTHFD2
chr4	74123272	+	MTHFD2L	MTHFD2L
chr3	95683193	-	MTHFD2P1	MTHFD2P1
chr1	11803677	-	MTHFR	MTHFR
chr15	79896997	-	MTHFS	MTHFS
chr16	86555235	-	MTHFSD	MTHFSD
chr2	55269179	-	MTIF2	MTIF2
chr13	27450189	-	MTIF3	MTIF3
chr2	110212547	-	MTLN	MTLN
chrX	150568620	+	MTM1	MTM1
chrX	150692961	+	MTMR1	MTMR1
chr15	30991628	-	MTMR10	MTMR10
chr1	149936373	-	MTMR11	MTMR11
chr5	32312939	-	MTMR12	MTMR12
chr3	9649504	+	MTMR14	MTMR14
chr11	95924107	-	MTMR2	MTMR2
chr22	29883168	+	MTMR3	MTMR3
chr17	58514638	-	MTMR4	MTMR4
chr13	25287488	-	MTMR6	MTMR6
chr8	17413351	-	MTMR7	MTMR7
chrX	64395452	-	MTMR8	MTMR8
chr8	11284815	+	MTMR9	MTMR9
chr1	32241710	-	MTMR9LP	MTMR9LP
chr4	186555567	-	MTNR1A	MTNR1A
chr11	92969650	+	MTNR1B	MTNR1B
chr6	73461736	+	MTO1	MTO1
chr1	11262551	-	MTOR	MTOR
chr1	11143897	+	MTOR-AS1	MTOR-AS1
chr10	30349278	-	MTPAP	MTPAP
chr7	135977359	-	MTPN	MTPN
chr1	236795280	+	MTR	MTR
chr6	107028198	+	MTRES1	MTRES1
chr5	55307988	+	MTREX	MTREX
chr13	41263576	-	MTRF1	MTRF1
chr6	153002709	-	MTRF1L	MTRF1L
chr17	22523110	+	MTRNR2L1	MTRNR2L1
chrX	55182442	-	MTRNR2L10	MTRNR2L10
chr5	80651008	-	MTRNR2L2	MTRNR2L2
chr20	57359498	-	MTRNR2L3	MTRNR2L3
chr16	3372668	-	MTRNR2L4	MTRNR2L4
chr10	55599041	+	MTRNR2L5	MTRNR2L5
chr7	142666298	+	MTRNR2L6	MTRNR2L6
chr10	37602931	-	MTRNR2L7	MTRNR2L7
chr11	10509186	-	MTRNR2L8	MTRNR2L8
chr6	61574129	+	MTRNR2L9	MTRNR2L9
chr5	7869147	+	MTRR	MTRR
chr8	124728473	-	MTSS1	MTSS1
chr16	70686053	-	MTSS2	MTSS2
chr4	99564077	+	MTTP	MTTP
chr7	30134985	+	MTURN	MTURN
chr8	17676501	-	MTUS1	MTUS1
chr13	28819962	+	MTUS2	MTUS2
chr13	29487750	-	MTUS2-AS1	MTUS2-AS1
chr17	56884913	-	MTVR2	MTVR2
chr1	155208698	+	MTX1	MTX1
chr2	176269441	+	MTX2	MTX2
chr5	79991262	-	MTX3	MTX3
chr1	155192909	-	MUC1	MUC1
chr7	100969622	+	MUC12	MUC12
chr7	101017608	-	MUC12-AS1	MUC12-AS1
chr3	124934751	-	MUC13	MUC13
chr11	26572263	-	MUC15	MUC15
chr19	8981342	-	MUC16	MUC16
chr7	101020080	+	MUC17	MUC17
chr12	40393393	+	MUC19	MUC19
chr11	1074874	+	MUC2	MUC2
chr3	195720881	+	MUC20	MUC20
chr6	30983707	+	MUC21	MUC21
chr6	31005951	+	MUC22	MUC22
chr7	100949533	+	MUC3A	MUC3A
chr3	195811929	-	MUC4	MUC4
chr11	1157952	+	MUC5AC	MUC5AC
chr11	1223065	+	MUC5B	MUC5B
chr11	1249676	-	MUC5B-AS1	MUC5B-AS1
chr11	1036718	-	MUC6	MUC6
chr4	70430491	+	MUC7	MUC7
chr12	54854515	+	MUCL1	MUCL1
chr6	30940972	+	MUCL3	MUCL3
chr1	20508151	-	MUL1	MUL1
chr11	65860432	+	MUS81	MUS81
chr9	110668790	+	MUSK	MUSK
chr3	52835019	-	MUSTN1	MUSTN1
chr1	45339957	-	MUTYH	MUTYH
chr19	17405740	+	MVB12A	MVB12A
chr9	126326828	+	MVB12B	MVB12B
chr16	88663091	-	MVD	MVD
chr12	109573793	+	MVK	MVK
chr16	29820393	+	MVP	MVP
chr21	41420557	+	MX1	MX1
chr21	41362026	+	MX2	MX2
chr2	69915040	+	MXD1	MXD1
chr5	177311898	-	MXD3	MXD3
chr4	2262109	-	MXD4	MXD4
chr10	110207604	+	MXI1	MXI1
chrX	3346652	-	MXRA5	MXRA5
chr17	76688663	-	MXRA7	MXRA7
chr1	1358547	-	MXRA8	MXRA8
chr19	53865627	+	MYADM	MYADM
chr2	33728217	-	MYADML	MYADML
chr17	81947233	-	MYADML2	MYADML2
chr6	135181307	+	MYB	MYB
chr17	4555384	-	MYBBP1A	MYBBP1A
chr8	66613218	-	MYBL1	MYBL1
chr20	43667018	+	MYBL2	MYBL2
chr12	101594930	+	MYBPC1	MYBPC1
chr19	50432891	+	MYBPC2	MYBPC2
chr11	47352702	-	MYBPC3	MYBPC3
chr1	203175826	-	MYBPH	MYBPH
chr1	109307011	-	MYBPHL	MYBPHL
chr8	127735433	+	MYC	MYC
chr1	38873348	-	MYCBP	MYCBP
chr13	77327094	-	MYCBP2	MYCBP2
chr13	77075513	+	MYCBP2-AS1	MYCBP2-AS1
chr17	50508438	+	MYCBPAP	MYCBPAP
chr1	39901917	-	MYCL	MYCL
chr2	15940549	+	MYCN	MYCN
chr2	15941685	-	MYCNOS	MYCNOS
chr2	15920398	+	MYCNUT	MYCNUT
chr6	152697894	+	MYCT1	MYCT1
chr3	38138660	+	MYD88	MYD88
chr19	4670342	-	MYDGF	MYDGF
chr15	48178295	-	MYEF2	MYEF2
chr11	69294154	+	MYEOV	MYEOV
chr12	80716911	+	MYF5	MYF5
chr12	80707633	+	MYF6	MYF6
chr12	53299694	+	MYG1	MYG1
chr17	10518542	-	MYH1	MYH1
chr17	8630725	-	MYH10	MYH10
chr16	15857028	-	MYH11	MYH11
chr17	10373006	-	MYH13	MYH13
chr19	50203621	+	MYH14	MYH14
chr3	108529322	-	MYH15	MYH15
chr7	99273300	+	MYH16	MYH16
chr17	10549623	-	MYH2	MYH2
chr17	10657309	-	MYH3	MYH3
chr17	10469559	-	MYH4	MYH4
chr14	23408273	-	MYH6	MYH6
chr14	23435660	-	MYH7	MYH7
chr20	34955867	+	MYH7B	MYH7B
chr17	10421950	-	MYH8	MYH8
chr22	36387967	-	MYH9	MYH9
chr17	10383131	+	MYHAS	MYHAS
chr2	210303615	-	MYL1	MYL1
chr7	101629296	-	MYL10	MYL10
chr18	3247481	+	MYL12A	MYL12A
chr18	3262132	+	MYL12B	MYL12B
chr12	110920579	-	MYL2	MYL2
chr3	46863444	-	MYL3	MYL3
chr17	47209061	+	MYL4	MYL4
chr4	674541	+	MYL5	MYL5
chr12	56158358	+	MYL6	MYL6
chr12	56152586	+	MYL6B	MYL6B
chr7	44141332	-	MYL7	MYL7
chr20	36541518	+	MYL9	MYL9
chr6	16129085	+	MYLIP	MYLIP
chr3	123620548	-	MYLK	MYLK
chr3	123585512	+	MYLK-AS1	MYLK-AS1
chr3	123689643	+	MYLK-AS2	MYLK-AS2
chr20	31819355	+	MYLK2	MYLK2
chr16	46748344	-	MYLK3	MYLK3
chr6	2750922	-	MYLK4	MYLK4
chr16	30370933	+	MYLPF	MYLPF
chr9	133524959	-	MYMK	MYMK
chr6	44216925	+	MYMX	MYMX
chr3	169773395	+	MYNN	MYNN
chr5	16936288	-	MYO10	MYO10
chr17	18108755	+	MYO15A	MYO15A
chr17	75588057	+	MYO15B	MYO15B
chr13	108595904	+	MYO16	MYO16
chr13	109167303	-	MYO16-AS1	MYO16-AS1
chr17	29140389	-	MYO18A	MYO18A
chr22	25742187	+	MYO18B	MYO18B
chr17	36535457	-	MYO19	MYO19
chr12	57050129	-	MYO1A	MYO1A
chr2	191245403	+	MYO1B	MYO1B
chr17	1485401	-	MYO1C	MYO1C
chr17	32877124	-	MYO1D	MYO1D
chr15	59372871	-	MYO1E	MYO1E
chr19	8577442	-	MYO1F	MYO1F
chr7	44979015	-	MYO1G	MYO1G
chr12	109388718	+	MYO1H	MYO1H
chr10	25934228	+	MYO3A	MYO3A
chr2	170178146	+	MYO3B	MYO3B
chr2	170350943	-	MYO3B-AS1	MYO3B-AS1
chr15	52528880	-	MYO5A	MYO5A
chr18	50195147	-	MYO5B	MYO5B
chr15	52295804	-	MYO5C	MYO5C
chr6	75749238	+	MYO6	MYO6
chr11	77128245	+	MYO7A	MYO7A
chr2	127535801	+	MYO7B	MYO7B
chr15	72118150	-	MYO9A	MYO9A
chr19	17075776	+	MYO9B	MYO9B
chr1	171652688	-	MYOC	MYOC
chr17	12665889	+	MYOCD	MYOCD
chr17	12706135	-	MYOCD-AS1	MYOCD-AS1
chr1	171619762	+	MYOCOS	MYOCOS
chr11	17719570	+	MYOD1	MYOD1
chr10	93482334	-	MYOF	MYOF
chr1	203086012	-	MYOG	MYOG
chr18	3219968	-	MYOM1	MYOM1
chr8	2045045	+	MYOM2	MYOM2
chr1	24112135	-	MYOM3	MYOM3
chr1	203083794	+	MYOPARR	MYOPARR
chr9	34376898	-	MYORG	MYORG
chr2	207239810	+	MYOSLID	MYOSLID
chr2	207254316	-	MYOSLID-AS1	MYOSLID-AS1
chr5	137867859	+	MYOT	MYOT
chr10	73641474	-	MYOZ1	MYOZ1
chr4	119135831	+	MYOZ2	MYOZ2
chr5	150660840	+	MYOZ3	MYOZ3
chr10	68106006	+	MYPN	MYPN
chr19	45902613	-	MYPOP	MYPOP
chr11	61752635	+	MYRF	MYRF
chr11	61757664	-	MYRF-AS1	MYRF-AS1
chr12	69825226	+	MYRFL	MYRFL
chr3	39808913	+	MYRIP	MYRIP
chr1	58700062	-	MYSM1	MYSM1
chr20	64164451	+	MYT1	MYT1
chr2	2324345	-	MYT1L	MYT1L
chr2	2319231	+	MYT1L-AS1	MYT1L-AS1
chr15	57591903	+	MYZAP	MYZAP
chr5	139389913	-	MZB1	MZB1
chr19	58573335	-	MZF1	MZF1
chr19	58559185	+	MZF1-AS1	MZF1-AS1
chr13	72727629	-	MZT1	MZT1
chr2	131492397	-	MZT2A	MZT2A
chr2	130182261	+	MZT2B	MZT2B
chr16	48610180	-	N4BP1	N4BP1
chr4	40056849	+	N4BP2	N4BP2
chr13	32428130	-	N4BP2L1	N4BP2L1
chr13	32538795	-	N4BP2L2	N4BP2L2
chr13	32509395	-	N4BP2L2-IT2	N4BP2L2-IT2
chr5	178113531	+	N4BP3	N4BP3
chr21	28885367	-	N6AMT1	N6AMT1
chrX	153935037	-	NAA10	NAA10
chr4	79326061	-	NAA11	NAA11
chr4	139301504	+	NAA15	NAA15
chr13	41311266	+	NAA16	NAA16
chr20	20017289	+	NAA20	NAA20
chr12	112108783	-	NAA25	NAA25
chr14	57390585	+	NAA30	NAA30
chr9	85941141	+	NAA35	NAA35
chr17	7857891	-	NAA38	NAA38
chr11	63939001	+	NAA40	NAA40
chr3	113746249	-	NAA50	NAA50
chr16	3443610	+	NAA60	NAA60
chr3	50298860	-	NAA80	NAA80
chr4	75941013	-	NAAA	NAAA
chr11	90134662	+	NAALAD2	NAALAD2
chr11	65058553	-	NAALADL1	NAALADL1
chr3	174859333	+	NAALADL2	NAALADL2
chr3	175776333	-	NAALADL2-AS1	NAALADL2-AS1
chr3	175271096	-	NAALADL2-AS2	NAALADL2-AS2
chr3	175115242	-	NAALADL2-AS3	NAALADL2-AS3
chr2	190648894	+	NAB1	NAB1
chr12	57089113	+	NAB2	NAB2
chr2	191678071	+	NABP1	NABP1
chr2	191690180	+	NABP1-OT1	NABP1-OT1
chr12	56224341	+	NABP2	NABP2
chr12	56725299	-	NACA	NACA
chr17	61591219	-	NACA2	NACA2
chr8	101368892	+	NACA4P	NACA4P
chr7	45088969	-	NACAD	NACAD
chr19	13118263	+	NACC1	NACC1
chr9	136095289	-	NACC2	NACC2
chr1	1758642	-	NADK	NADK
chr5	36241391	-	NADK2	NADK2
chr11	71453202	+	NADSYN1	NADSYN1
chr16	66830976	-	NAE1	NAE1
chr4	163166890	-	NAF1	NAF1
chr22	42070812	-	NAGA	NAGA
chr2	71068295	+	NAGK	NAGK
chr17	42536240	+	NAGLU	NAGLU
chr16	5033935	-	NAGPA	NAGPA
chr16	5033701	+	NAGPA-AS1	NAGPA-AS1
chr17	44004621	+	NAGS	NAGS
chr9	128067320	-	NAIF1	NAIF1
chr5	71023545	-	NAIP	NAIP
chr13	101416508	-	NALCN	NALCN
chr13	100708324	+	NALCN-AS1	NALCN-AS1
chr9	136547841	+	NALT1	NALT1
chr9	99375257	-	NAMA	NAMA
chr7	106284983	-	NAMPT	NAMPT
chr12	7789401	+	NANOG	NANOG
chr12	7765215	+	NANOGNB	NANOGNB
chr15	35085295	-	NANOGP8	NANOGP8
chr10	119029713	+	NANOS1	NANOS1
chr19	45914778	-	NANOS2	NANOS2
chr19	13862035	+	NANOS3	NANOS3
chr20	25624014	-	NANP	NANP
chr9	98056731	+	NANS	NANS
chr12	76084685	-	NAP1L1	NAP1L1
chrX	73214851	-	NAP1L2	NAP1L2
chrX	93673578	-	NAP1L3	NAP1L3
chr11	2991103	-	NAP1L4	NAP1L4
chr4	88697829	-	NAP1L5	NAP1L5
chrX	73128080	-	NAP1L6P	NAP1L6P
chr19	47515063	-	NAPA	NAPA
chr19	47484281	+	NAPA-AS1	NAPA-AS1
chr20	23421488	-	NAPB	NAPB
chr7	103149099	-	NAPEPLD	NAPEPLD
chr18	10526026	+	NAPG	NAPG
chr8	143578330	-	NAPRT	NAPRT
chr19	50365639	-	NAPSA	NAPSA
chr19	50344748	-	NAPSB	NAPSB
chr17	82458197	+	NARF	NARF
chr18	57621836	-	NARS1	NARS1
chr11	78574864	-	NARS2	NARS2
chr1	45583987	+	NASP	NASP
chr8	18170466	+	NAT1	NAT1
chr11	34105628	+	NAT10	NAT10
chr19	55485187	+	NAT14	NAT14
chr7	101179236	-	NAT16	NAT16
chr8	18391281	+	NAT2	NAT2
chr2	73642422	-	NAT8	NAT8
chr2	73701340	-	NAT8B	NAT8B
chr4	2059326	+	NAT8L	NAT8L
chr17	74776345	-	NAT9	NAT9
chr17	21253410	-	NATD1	NATD1
chr1	201648321	+	NAV1	NAV1
chr11	19345235	+	NAV2	NAV2
chr11	20049303	-	NAV2-AS2	NAV2-AS2
chr11	19524078	-	NAV2-AS4	NAV2-AS4
chr11	19507229	-	NAV2-AS5	NAV2-AS5
chr12	77830893	+	NAV3	NAV3
chr13	110615459	+	NAXD	NAXD
chr1	156591775	+	NAXE	NAXE
chr2	15561334	-	NBAS	NBAS
chr6	22147193	-	NBAT1	NBAT1
chrX	56729242	+	NBDY	NBDY
chr13	34942269	+	NBEA	NBEA
chr2	203014874	+	NBEAL1	NBEAL1
chr3	46979665	+	NBEAL2	NBEAL2
chr15	20756151	-	NBEAP1	NBEAP1
chr1	19643228	+	NBL1	NBL1
chr8	89984667	-	NBN	NBN
chr1	16613564	-	NBPF1	NBPF1
chr1	146144804	-	NBPF10	NBPF10
chr1	148152281	-	NBPF11	NBPF11
chr1	146938544	+	NBPF12	NBPF12
chr1	147114346	-	NBPF13P	NBPF13P
chr1	148595717	-	NBPF14	NBPF14
chr1	144461669	-	NBPF15	NBPF15
chr1	152018277	+	NBPF18P	NBPF18P
chr1	149475897	+	NBPF19	NBPF19
chr1	145405778	-	NBPF20	NBPF20
chr5	86282443	+	NBPF22P	NBPF22P
chr1	145607858	-	NBPF25P	NBPF25P
chr1	120805555	+	NBPF26	NBPF26
chr1	21440136	+	NBPF3	NBPF3
chr1	108244081	-	NBPF4	NBPF4
chr1	108450342	+	NBPF6	NBPF6
chr1	119844880	-	NBPF7	NBPF7
chr1	120415026	+	NBPF8	NBPF8
chr1	149082311	-	NBPF9	NBPF9
chr17	43170408	+	NBR1	NBR1
chr17	43125556	+	NBR2	NBR2
chr8	101790969	-	NCALD	NCALD
chr11	112961419	+	NCAM1	NCAM1
chr11	113273901	-	NCAM1-AS1	NCAM1-AS1
chr21	20998408	+	NCAM2	NCAM2
chr19	19211957	+	NCAN	NCAN
chr12	6494101	+	NCAPD2	NCAPD2
chr11	134223967	-	NCAPD3	NCAPD3
chr4	17810978	+	NCAPG	NCAPG
chr7	158704804	-	NCAPG2	NCAPG2
chr2	96335765	+	NCAPH	NCAPH
chr22	50508215	+	NCAPH2	NCAPH2
chr9	97633422	+	NCBP1	NCBP1
chr3	196942440	-	NCBP2	NCBP2
chr3	196939876	+	NCBP2-AS1	NCBP2-AS1
chr3	196942673	+	NCBP2AS2	NCBP2AS2
chrX	107777732	+	NCBP2L	NCBP2L
chr17	3846246	-	NCBP3	NCBP3
chr19	39196963	+	NCCRP1	NCCRP1
chr1	35557791	+	NCDN	NCDN
chr3	172711067	-	NCEH1	NCEH1
chr7	74773961	+	NCF1	NCF1
chr7	73220638	+	NCF1B	NCF1B
chr7	75171998	-	NCF1C	NCF1C
chr1	183590459	-	NCF2	NCF2
chr22	36861005	+	NCF4	NCF4
chr22	36870443	-	NCF4-AS1	NCF4-AS1
chr3	136862207	+	NCK1	NCK1
chr3	136862063	-	NCK1-DT	NCK1-DT
chr2	105744911	+	NCK2	NCK2
chr2	183038457	-	NCKAP1	NCKAP1
chr12	54497751	+	NCKAP1L	NCKAP1L
chr2	133568463	-	NCKAP5	NCKAP5
chr2	132915556	+	NCKAP5-AS1	NCKAP5-AS1
chr2	133266194	+	NCKAP5-AS2	NCKAP5-AS2
chr12	49828413	-	NCKAP5L	NCKAP5L
chr3	48685915	-	NCKIPSD	NCKIPSD
chr2	231464484	-	NCL	NCL
chr19	3185929	+	NCLN	NCLN
chr1	24556086	+	NCMAP	NCMAP
chr1	24556024	-	NCMAP-DT	NCMAP-DT
chr2	24491253	+	NCOA1	NCOA1
chr8	70403390	-	NCOA2	NCOA2
chr20	47501886	+	NCOA3	NCOA3
chr10	46019537	-	NCOA4	NCOA4
chr20	46089962	-	NCOA5	NCOA5
chr20	34782404	-	NCOA6	NCOA6
chr6	125781114	+	NCOA7	NCOA7
chr6	125818858	-	NCOA7-AS1	NCOA7-AS1
chr17	16194639	-	NCOR1	NCOR1
chr20	26114041	-	NCOR1P1	NCOR1P1
chr21	9543029	+	NCOR1P4	NCOR1P4
chr12	124567612	-	NCOR2	NCOR2
chr19	54906147	+	NCR1	NCR1
chr6	41335607	+	NCR2	NCR2
chr6	31593006	-	NCR3	NCR3
chr11	17351799	+	NCR3LG1	NCR3LG1
chr8	134838068	+	NCRNA00250	NCRNA00250
chr5	76712402	+	NCRUPAR	NCRUPAR
chr9	130172403	+	NCS1	NCS1
chr1	160343382	+	NCSTN	NCSTN
chr1	53838296	-	NDC1	NDC1
chr18	2571556	+	NDC80	NDC80
chr16	15643381	+	NDE1	NDE1
chr17	8435883	+	NDEL1	NDEL1
chr5	142108778	+	NDFIP1	NDFIP1
chr13	79481123	+	NDFIP2	NDFIP2
chr13	79481231	-	NDFIP2-AS1	NDFIP2-AS1
chr15	23687305	-	NDN	NDN
chr4	121072535	-	NDNF	NDNF
chr9	137205666	+	NDOR1	NDOR1
chrX	43973390	-	NDP	NDP
chrX	43949731	+	NDP-AS1	NDP-AS1
chr8	133296690	-	NDRG1	NDRG1
chr14	21024789	-	NDRG2	NDRG2
chr20	36746090	-	NDRG3	NDRG3
chr16	58463714	+	NDRG4	NDRG4
chr5	150497778	+	NDST1	NDST1
chr5	150485992	-	NDST1-AS1	NDST1-AS1
chr10	73811598	-	NDST2	NDST2
chr4	118033321	+	NDST3	NDST3
chr4	115113620	-	NDST4	NDST4
chrX	119871831	+	NDUFA1	NDUFA1
chr2	240025342	-	NDUFA10	NDUFA10
chr19	5903790	-	NDUFA11	NDUFA11
chr12	95003697	-	NDUFA12	NDUFA12
chr19	19516224	+	NDUFA13	NDUFA13
chr5	140647630	-	NDUFA2	NDUFA2
chr19	54102854	+	NDUFA3	NDUFA3
chr7	10940153	-	NDUFA4	NDUFA4
chr12	57240692	-	NDUFA4L2	NDUFA4L2
chr7	123557771	-	NDUFA5	NDUFA5
chr22	42090772	-	NDUFA6	NDUFA6
chr22	42090932	+	NDUFA6-DT	NDUFA6-DT
chr19	8321375	-	NDUFA7	NDUFA7
chr9	122159779	-	NDUFA8	NDUFA8
chr12	4649113	+	NDUFA9	NDUFA9
chr16	23596316	-	NDUFAB1	NDUFAB1
chr15	41402496	-	NDUFAF1	NDUFAF1
chr5	60945204	+	NDUFAF2	NDUFAF2
chr3	49020474	+	NDUFAF3	NDUFAF3
chr6	96897891	-	NDUFAF4	NDUFAF4
chr15	49156297	+	NDUFAF4P1	NDUFAF4P1
chr20	13785025	+	NDUFAF5	NDUFAF5
chr8	94895767	+	NDUFAF6	NDUFAF6
chr2	37231630	+	NDUFAF7	NDUFAF7
chr17	81239310	+	NDUFAF8	NDUFAF8
chr14	92121706	-	NDUFB1	NDUFB1
chr16	1959537	+	NDUFB10	NDUFB10
chrX	47144702	-	NDUFB11	NDUFB11
chr7	140696707	+	NDUFB2	NDUFB2
chr7	140697077	-	NDUFB2-AS1	NDUFB2-AS1
chr2	201072000	+	NDUFB3	NDUFB3
chr3	120596335	+	NDUFB4	NDUFB4
chr3	179604786	+	NDUFB5	NDUFB5
chr9	32573159	-	NDUFB6	NDUFB6
chr19	14572066	-	NDUFB7	NDUFB7
chr10	100529871	-	NDUFB8	NDUFB8
chr8	124539101	+	NDUFB9	NDUFB9
chr4	139301210	-	NDUFC1	NDUFC1
chr11	78079862	-	NDUFC2	NDUFC2
chr11	78079862	-	NDUFC2-KCTD14	NDUFC2-KCTD14
chr2	206159194	-	NDUFS1	NDUFS1
chr1	161197416	+	NDUFS2	NDUFS2
chr11	47579073	+	NDUFS3	NDUFS3
chr5	53560638	+	NDUFS4	NDUFS4
chr1	39026294	+	NDUFS5	NDUFS5
chr5	1801406	+	NDUFS6	NDUFS6
chr19	1383906	+	NDUFS7	NDUFS7
chr11	68030680	+	NDUFS8	NDUFS8
chr11	67606935	+	NDUFV1	NDUFV1
chr18	9102698	+	NDUFV2	NDUFV2
chr18	9136720	-	NDUFV2-AS1	NDUFV2-AS1
chr21	42893308	+	NDUFV3	NDUFV3
chr11	65422797	+	NEAT1	NEAT1
chr2	151734476	-	NEB	NEB
chr10	20897311	-	NEBL	NEBL
chr10	21173989	+	NEBL-AS1	NEBL-AS1
chr8	90791774	+	NECAB1	NECAB1
chr16	83968243	+	NECAB2	NECAB2
chr20	33674428	-	NECAB3	NECAB3
chr12	8082210	+	NECAP1	NECAP1
chr1	16440671	+	NECAP2	NECAP2
chr11	119729200	-	NECTIN1	NECTIN1
chr19	44846296	+	NECTIN2	NECTIN2
chr3	111071815	+	NECTIN3	NECTIN3
chr3	111069959	-	NECTIN3-AS1	NECTIN3-AS1
chr1	161089558	-	NECTIN4	NECTIN4
chr12	96907256	+	NEDD1	NEDD1
chr15	55917131	-	NEDD4	NEDD4
chr18	58044225	+	NEDD4L	NEDD4L
chr14	24232367	-	NEDD8	NEDD8
chr14	24232385	-	NEDD8-MDP1	NEDD8-MDP1
chr6	11232668	-	NEDD9	NEDD9
chr22	29480217	+	NEFH	NEFH
chr8	24956612	-	NEFL	NEFL
chr8	24913760	+	NEFM	NEFM
chr1	72282539	-	NEGR1	NEGR1
chr1	71837012	-	NEGR1-IT1	NEGR1-IT1
chr15	75346989	+	NEIL1	NEIL1
chr8	11769709	+	NEIL2	NEIL2
chr4	177309873	+	NEIL3	NEIL3
chr4	169612583	-	NEK1	NEK1
chr3	27216523	-	NEK10	NEK10
chr3	131026876	+	NEK11	NEK11
chr1	211675621	-	NEK2	NEK2
chr13	52159535	-	NEK3	NEK3
chr3	52770940	-	NEK4	NEK4
chr13	52129073	-	NEK5	NEK5
chr9	124257605	+	NEK6	NEK6
chr1	198156997	+	NEK7	NEK7
chr17	28728787	+	NEK8	NEK8
chr14	75127048	-	NEK9	NEK9
chr4	2008974	-	NELFA	NELFA
chr9	137255326	+	NELFB	NELFB
chr20	58981255	+	NELFCD	NELFCD
chr6	31958971	-	NELFE	NELFE
chr11	20669550	+	NELL1	NELL1
chr12	44875661	-	NELL2	NELL2
chr14	49852788	-	NEMF	NEMF
chr12	57078791	-	NEMP1	NEMP1
chr2	190534722	-	NEMP2	NEMP2
chr1	212432919	+	NENF	NENF
chr15	73052462	+	NEO1	NEO1
chr3	113019671	-	NEPRO	NEPRO
chr1	156677407	-	NES	NES
chr10	5412556	+	NET1	NET1
chr18	72865686	-	NETO1	NETO1
chr16	47143945	-	NETO2	NETO2
chr6	31862821	-	NEU1	NEU1
chr2	233032671	+	NEU2	NEU2
chr11	74988643	+	NEU3	NEU3
chr2	241809192	+	NEU4	NEU4
chr10	103493704	+	NEURL1	NEURL1
chr10	103517442	-	NEURL1-AS1	NEURL1-AS1
chr5	172641262	+	NEURL1B	NEURL1B
chr20	45891287	-	NEURL2	NEURL2
chr2	96505357	-	NEURL3	NEURL3
chr17	7329335	-	NEURL4	NEURL4
chr2	181680517	-	NEUROD1	NEUROD1
chr17	39607920	-	NEUROD2	NEUROD2
chr12	55019973	+	NEUROD4	NEUROD4
chr7	31340726	-	NEUROD6	NEUROD6
chr5	135535964	-	NEUROG1	NEUROG1
chr4	112516180	-	NEUROG2	NEUROG2
chr4	112515378	+	NEUROG2-AS1	NEUROG2-AS1
chr10	69573422	-	NEUROG3	NEUROG3
chrX	74925452	-	NEXMIF	NEXMIF
chr1	77888514	+	NEXN	NEXN
chr1	77889539	-	NEXN-AS1	NEXN-AS1
chr17	31094926	+	NF1	NF1
chr15	20929296	-	NF1P2	NF1P2
chr22	29603555	+	NF2	NF2
chr22	42432403	-	NFAM1	NFAM1
chr1	204828651	+	NFASC	NFASC
chr16	69565965	+	NFAT5	NFAT5
chr18	79395929	+	NFATC1	NFATC1
chr20	51542719	-	NFATC2	NFATC2
chr16	28950996	+	NFATC2IP	NFATC2IP
chr16	68085369	+	NFATC3	NFATC3
chr14	24366910	+	NFATC4	NFATC4
chr12	54295779	-	NFE2	NFE2
chr17	48048358	+	NFE2L1	NFE2L1
chr2	177264131	-	NFE2L2	NFE2L2
chr7	26152197	+	NFE2L3	NFE2L3
chr7	102973429	+	NFE4	NFE4
chr1	61077226	+	NFIA	NFIA
chr1	61253518	-	NFIA-AS1	NFIA-AS1
chr1	60970776	-	NFIA-AS2	NFIA-AS2
chr9	14180802	-	NFIB	NFIB
chr19	3359629	+	NFIC	NFIC
chr9	91423832	-	NFIL3	NFIL3
chr19	8630632	+	NFILZ	NFILZ
chr19	12995474	+	NFIX	NFIX
chr4	102501358	+	NFKB1	NFKB1
chr10	102394109	+	NFKB2	NFKB2
chr14	35404749	-	NFKBIA	NFKBIA
chr19	38899665	+	NFKBIB	NFKBIB
chr19	35899737	-	NFKBID	NFKBID
chr6	44265551	-	NFKBIE	NFKBIE
chr6	31546850	+	NFKBIL1	NFKBIL1
chr3	101827989	+	NFKBIZ	NFKBIZ
chr11	129893009	-	NFRKB	NFRKB
chr20	35699352	-	NFS1	NFS1
chr2	69437435	-	NFU1	NFU1
chr9	33290515	+	NFX1	NFX1
chr4	47914583	-	NFXL1	NFXL1
chr6	41072973	+	NFYA	NFYA
chr12	104138210	-	NFYB	NFYB
chr1	40691703	+	NFYC	NFYC
chr1	40692261	-	NFYC-AS1	NFYC-AS1
chr9	87085225	-	NFYCP2	NFYCP2
chr14	77271312	-	NGB	NGB
chr14	23469702	+	NGDN	NGDN
chr2	232928151	-	NGEF	NGEF
chr1	115338249	-	NGF	NGF
chr1	115283033	+	NGF-AS1	NGF-AS1
chr17	49495292	+	NGFR	NGFR
chr3	25783443	-	NGLY1	NGLY1
chr15	90265662	+	NGRN	NGRN
chr6	136993231	-	NHEG1	NHEG1
chr2	219160555	-	NHEJ1	NHEJ1
chr1	160367070	+	NHLH1	NHLH1
chr1	115840703	-	NHLH2	NHLH2
chr6	18122677	-	NHLRC1	NHLRC1
chr10	113854660	+	NHLRC2	NHLRC2
chr13	39038310	+	NHLRC3	NHLRC3
chr16	567004	+	NHLRC4	NHLRC4
chr5	178153885	-	NHP2	NHP2
chrX	17375199	+	NHS	NHS
chrX	17559127	-	NHS-AS1	NHS-AS1
chr6	138499494	-	NHSL1	NHSL1
chrX	71911087	+	NHSL2	NHSL2
chr1	184974508	-	NIBAN1	NIBAN1
chr9	127569073	-	NIBAN2	NIBAN2
chr19	17523300	+	NIBAN3	NIBAN3
chr3	49429324	-	NICN1	NICN1
chr1	236065090	-	NID1	NID1
chr14	52069059	-	NID2	NID2
chr2	200889326	+	NIF3L1	NIF3L1
chr2	121736875	-	NIFK	NIFK
chr2	121649653	+	NIFK-AS1	NIFK-AS1
chr5	43192224	+	NIM1K	NIM1K
chr14	50831121	-	NIN	NIN
chr9	93134251	-	NINJ1	NINJ1
chr12	610416	-	NINJ2	NINJ2
chr12	630890	+	NINJ2-AS1	NINJ2-AS1
chr20	25585531	-	NINL	NINL
chr16	69339511	+	NIP7	NIP7
chr15	22786224	+	NIPA1	NIPA1
chr15	22838640	+	NIPA2	NIPA2
chr4	48016771	+	NIPAL1	NIPAL1
chr8	98294235	-	NIPAL2	NIPAL2
chr1	24413486	+	NIPAL3	NIPAL3
chr5	157460018	+	NIPAL4	NIPAL4
chr5	36876768	+	NIPBL	NIPBL
chr5	36876694	-	NIPBL-DT	NIPBL-DT
chr22	29581096	-	NIPSNAP1	NIPSNAP1
chr7	55964584	+	NIPSNAP2	NIPSNAP2
chr9	104747682	+	NIPSNAP3A	NIPSNAP3A
chr9	104764128	+	NIPSNAP3B	NIPSNAP3B
chr3	52455603	+	NISCH	NISCH
chr1	161118104	+	NIT1	NIT1
chr3	100334756	+	NIT2	NIT2
chr1	31239887	-	NKAIN1	NKAIN1
chr6	123803845	+	NKAIN2	NKAIN2
chr8	62248853	+	NKAIN3	NKAIN3
chr20	63253495	-	NKAIN4	NKAIN4
chrX	119943751	-	NKAP	NKAP
chr11	112074298	+	NKAPD1	NKAPD1
chr6	28259296	+	NKAPL	NKAPL
chrX	120245267	-	NKAPP1	NKAPP1
chr16	50548395	+	NKD1	NKD1
chr5	1008801	+	NKD2	NKD2
chr19	51372654	-	NKG7	NKG7
chr20	57710182	+	NKILA	NKILA
chr3	23916990	-	NKIRAS1	NKIRAS1
chr17	42017575	+	NKIRAS2	NKIRAS2
chr19	45160150	-	NKPD1	NKPD1
chrX	119606424	-	NKRF	NKRF
chr3	42600685	+	NKTR	NKTR
chr4	1406442	-	NKX1-1	NKX1-1
chr10	124450035	-	NKX1-2	NKX1-2
chr14	36519556	-	NKX2-1	NKX2-1
chr14	36519277	+	NKX2-1-AS1	NKX2-1-AS1
chr20	21514064	-	NKX2-2	NKX2-2
chr10	99532941	+	NKX2-3	NKX2-3
chr20	21397526	-	NKX2-4	NKX2-4
chr5	173235206	-	NKX2-5	NKX2-5
chr8	23706756	-	NKX2-6	NKX2-6
chr14	36582614	-	NKX2-8	NKX2-8
chr8	23682889	-	NKX3-1	NKX3-1
chr4	13544508	-	NKX3-2	NKX3-2
chr4	84499292	-	NKX6-1	NKX6-1
chr10	132786147	-	NKX6-2	NKX6-2
chr8	41647359	-	NKX6-3	NKX6-3
chr17	35142251	-	NLE1	NLE1
chr3	173395951	+	NLGN1	NLGN1
chr3	173920796	-	NLGN1-AS1	NLGN1-AS1
chr17	7407844	+	NLGN2	NLGN2
chrX	71144830	+	NLGN3	NLGN3
chrX	6227203	-	NLGN4X	NLGN4X
chrY	14522615	+	NLGN4Y	NLGN4Y
chrY	14804033	-	NLGN4Y-AS1	NLGN4Y-AS1
chr17	28042676	+	NLK	NLK
chr5	65722204	+	NLN	NLN
chr16	3577403	-	NLRC3	NLRC3
chr2	32264886	-	NLRC4	NLRC4
chr16	56989556	+	NLRC5	NLRC5
chr17	5584509	-	NLRP1	NLRP1
chr11	7963674	-	NLRP10	NLRP10
chr19	55836575	-	NLRP11	NLRP11
chr19	53824314	-	NLRP12	NLRP12
chr19	55932336	-	NLRP13	NLRP13
chr11	7020478	+	NLRP14	NLRP14
chr19	54965283	+	NLRP2	NLRP2
chrX	57680260	-	NLRP2B	NLRP2B
chr1	247416172	+	NLRP3	NLRP3
chr19	55836539	+	NLRP4	NLRP4
chr19	55999725	+	NLRP5	NLRP5
chr11	278406	+	NLRP6	NLRP6
chr19	54947505	-	NLRP7	NLRP7
chr19	55947831	+	NLRP8	NLRP8
chr19	55738402	-	NLRP9	NLRP9
chr11	119168333	+	NLRX1	NLRX1
chr15	84658199	-	NMB	NMB
chr6	142147122	-	NMBR	NMBR
chr3	161221289	+	NMD3	NMD3
chr17	51153558	+	NME1	NME1
chr17	51153558	+	NME1-NME2	NME1-NME2
chr17	51165535	+	NME2	NME2
chr16	1771709	-	NME3	NME3
chr16	396728	+	NME4	NME4
chr5	138139428	-	NME5	NME5
chr3	48301411	-	NME6	NME6
chr1	169367797	-	NME7	NME7
chr7	37848596	+	NME8	NME8
chr3	138329851	-	NME9	NME9
chr2	151289668	-	NMI	NMI
chr1	9942922	+	NMNAT1	NMNAT1
chr1	183304874	-	NMNAT2	NMNAT2
chr3	139677972	-	NMNAT3	NMNAT3
chr16	4474625	-	NMRAL1	NMRAL1
chr3	185959942	+	NMRAL2P	NMRAL2P
chr9	75088155	-	NMRK1	NMRK1
chr19	3933102	+	NMRK2	NMRK2
chr2	100470481	+	NMS	NMS
chr17	45061316	+	NMT1	NMT1
chr10	15168693	-	NMT2	NMT2
chr4	55636298	-	NMU	NMU
chr2	231530445	-	NMUR1	NMUR1
chr5	152405279	-	NMUR2	NMUR2
chr20	37521249	+	NNAT	NNAT
chr11	114257805	+	NNMT	NNMT
chr5	43602674	+	NNT	NNT
chr5	43603230	-	NNT-AS1	NNT-AS1
chr4	56977606	-	NOA1	NOA1
chr16	69754926	-	NOB1	NOB1
chr7	144410227	-	NOBOX	NOBOX
chr1	959256	-	NOC2L	NOC2L
chr2	131444894	-	NOC2LP2	NOC2LP2
chr10	94362939	-	NOC3L	NOC3L
chr12	132144456	+	NOC4L	NOC4L
chr4	139015780	+	NOCT	NOCT
chr7	30478784	-	NOD1	NOD1
chr16	50693605	+	NOD2	NOD2
chr10	70441681	-	NODAL	NODAL
chr17	56593698	+	NOG	NOG
chr2	10689975	-	NOL10	NOL10
chr17	67717832	+	NOL11	NOL11
chr22	37686342	+	NOL12	NOL12
chr16	67170496	+	NOL3	NOL3
chr18	34048612	-	NOL4	NOL4
chr20	32483490	-	NOL4L	NOL4L
chr20	32587478	+	NOL4L-DT	NOL4L-DT
chr9	33473924	-	NOL6	NOL6
chr6	13615326	+	NOL7	NOL7
chr9	92325350	-	NOL8	NOL8
chr1	6554513	-	NOL9	NOL9
chr10	102152175	+	NOLC1	NOLC1
chr7	156949711	+	NOM1	NOM1
chr16	14833720	+	NOMO1	NOMO1
chr16	16232594	+	NOMO2	NOMO2
chr16	14833713	+	NOMO3	NOMO3
chrX	71283191	+	NONO	NONO
chr15	34343136	-	NOP10	NOP10
chr4	2963406	-	NOP14	NOP14
chr4	2935545	+	NOP14-AS1	NOP14-AS1
chr5	176388598	-	NOP16	NOP16
chr12	6568291	-	NOP2	NOP2
chr19	47745545	+	NOP53	NOP53
chr19	47768840	-	NOP53-AS1	NOP53-AS1
chr20	2652631	+	NOP56	NOP56
chr2	202265762	+	NOP58	NOP58
chr14	24299849	+	NOP9	NOP9
chr20	36050960	-	NORAD	NORAD
chr12	117305052	-	NOS1	NOS1
chr1	162069690	+	NOS1AP	NOS1AP
chr17	27800529	-	NOS2	NOS2
chr17	20436823	+	NOS2P3	NOS2P3
chr7	150991016	+	NOS3	NOS3
chr19	49580556	-	NOSIP	NOSIP
chr2	168786538	+	NOSTRIN	NOSTRIN
chr9	136546048	-	NOTCH1	NOTCH1
chr1	120069662	-	NOTCH2	NOTCH2
chr1	146229032	-	NOTCH2NLA	NOTCH2NLA
chr1	148679746	-	NOTCH2NLB	NOTCH2NLB
chr1	149390620	+	NOTCH2NLC	NOTCH2NLC
chr1	120723938	+	NOTCH2NLR	NOTCH2NLR
chr19	15200995	-	NOTCH3	NOTCH3
chr6	32224067	-	NOTCH4	NOTCH4
chr2	73202573	+	NOTO	NOTO
chr17	81961187	-	NOTUM	NOTUM
chr14	26553430	-	NOVA1	NOVA1
chr19	45973865	-	NOVA2	NOVA2
chrX	100874345	-	NOX1	NOX1
chr6	155455839	-	NOX3	NOX3
chr11	89490760	-	NOX4	NOX4
chr15	68930524	+	NOX5	NOX5
chr9	137423392	+	NOXA1	NOXA1
chr16	1981469	-	NOXO1	NOXO1
chr14	77423056	-	NOXRED1	NOXRED1
chr15	24675774	+	NPAP1	NPAP1
chr19	47019836	+	NPAS1	NPAS1
chr2	100820138	+	NPAS2	NPAS2
chr2	100977161	-	NPAS2-AS1	NPAS2-AS1
chr14	32938878	+	NPAS3	NPAS3
chr11	66421003	+	NPAS4	NPAS4
chr11	108222638	-	NPAT	NPAT
chr17	81902237	+	NPB	NPB
chr8	52939181	+	NPBWR1	NPBWR1
chr20	64107565	-	NPBWR2	NPBWR2
chr18	23586506	-	NPC1	NPC1
chr7	44541330	-	NPC1L1	NPC1L1
chr14	74493305	-	NPC2	NPC2
chr9	137046177	-	NPDC1	NPDC1
chr20	58689130	+	NPEPL1	NPEPL1
chr17	47522932	+	NPEPPS	NPEPPS
chr17	36274196	+	NPEPPSP1	NPEPPSP1
chr12	53507484	-	NPFF	NPFF
chr10	70284004	-	NPFFR1	NPFFR1
chr4	72031999	+	NPFFR2	NPFFR2
chr2	110205013	-	NPHP1	NPHP1
chr3	132722409	-	NPHP3	NPHP3
chr3	132722459	-	NPHP3-ACAD11	NPHP3-ACAD11
chr3	132721749	+	NPHP3-AS1	NPHP3-AS1
chr1	5992425	-	NPHP4	NPHP4
chr19	35852504	-	NPHS1	NPHS1
chr1	179575948	-	NPHS2	NPHS2
chr16	14937442	+	NPIPA1	NPIPA1
chr16	14711688	+	NPIPA2	NPIPA2
chr16	14711688	+	NPIPA3	NPIPA3
chr16	15378294	-	NPIPA5	NPIPA5
chr16	16379244	+	NPIPA7	NPIPA7
chr16	16376046	+	NPIPA8	NPIPA8
chr16	29404545	-	NPIPB11	NPIPB11
chr16	29505874	-	NPIPB12	NPIPB12
chr16	30248413	-	NPIPB13	NPIPB13
chr16	74377951	+	NPIPB15	NPIPB15
chr16	11964438	-	NPIPB2	NPIPB2
chr16	21425378	-	NPIPB3	NPIPB3
chr16	21857756	-	NPIPB4	NPIPB4
chr16	21857657	-	NPIPB5	NPIPB5
chr16	28362860	-	NPIPB6	NPIPB6
chr16	28638360	+	NPIPB8	NPIPB8
chr16	28752434	+	NPIPB9	NPIPB9
chr1	182789448	+	NPL	NPL
chr17	81566602	-	NPLOC4	NPLOC4
chr5	171387115	+	NPM1	NPM1
chr8	22024133	+	NPM2	NPM2
chr10	101783413	-	NPM3	NPM3
chr4	105895470	+	NPNT	NPNT
chr1	11847783	-	NPPA	NPPA
chr1	11840318	+	NPPA-AS1	NPPA-AS1
chr1	11858945	-	NPPB	NPPB
chr2	231926396	-	NPPC	NPPC
chr1	153678687	+	NPR1	NPR1
chr9	35791590	+	NPR2	NPR2
chr5	32690871	+	NPR3	NPR3
chr3	50350775	-	NPRL2	NPRL2
chr16	138673	-	NPRL3	NPRL3
chr10	127549308	+	NPS	NPS
chr7	34658217	+	NPSR1	NPSR1
chr7	34758272	-	NPSR1-AS1	NPSR1-AS1
chr15	73633389	-	NPTN	NPTN
chr15	73569543	-	NPTN-IT1	NPTN-IT1
chr17	80476607	-	NPTX1	NPTX1
chr7	98617284	+	NPTX2	NPTX2
chr22	38844028	-	NPTXR	NPTXR
chr7	25228486	-	NPVF	NPVF
chr16	2019784	+	NPW	NPW
chr7	24284189	+	NPY	NPY
chr4	163332596	-	NPY1R	NPY1R
chr4	155173722	+	NPY2R	NPY2R
chr10	46465881	-	NPY4R	NPY4R
chr10	47917027	+	NPY4R2	NPY4R2
chr4	163343846	+	NPY5R	NPY5R
chr5	137801192	+	NPY6R	NPY6R
chr16	69726560	-	NQO1	NQO1
chr6	2999815	+	NQO2	NQO2
chrX	30309390	-	NR0B1	NR0B1
chr1	26913975	-	NR0B2	NR0B2
chr17	40100589	-	NR1D1	NR1D1
chr3	23945285	+	NR1D2	NR1D2
chr19	50376456	+	NR1H2	NR1H2
chr11	47248299	+	NR1H3	NR1H3
chr12	100473865	+	NR1H4	NR1H4
chr3	119780483	+	NR1I2	NR1I2
chr1	161238203	-	NR1I3	NR1I3
chr12	95073618	-	NR2C1	NR2C1
chr3	14947582	+	NR2C2	NR2C2
chr19	19203414	-	NR2C2AP	NR2C2AP
chr6	108166021	+	NR2E1	NR2E1
chr15	71810553	+	NR2E3	NR2E3
chr5	93583221	+	NR2F1	NR2F1
chr5	93571343	-	NR2F1-AS1	NR2F1-AS1
chr15	96326045	+	NR2F2	NR2F2
chr15	96327118	-	NR2F2-AS1	NR2F2-AS1
chr19	17245342	-	NR2F6	NR2F6
chr5	143403283	-	NR3C1	NR3C1
chr4	148442414	-	NR3C2	NR3C2
chr12	52022831	+	NR4A1	NR4A1
chr2	156332721	-	NR4A2	NR4A2
chr9	99821854	+	NR4A3	NR4A3
chr9	124507399	-	NR5A1	NR5A1
chr1	200027709	+	NR5A2	NR5A2
chr9	124771311	-	NR6A1	NR6A1
chr13	44022334	+	NRAD1	NRAD1
chr3	47011541	+	NRADDP	NRADDP
chr10	113664041	-	NRAP	NRAP
chr9	137302271	-	NRARP	NRARP
chr1	114716771	-	NRAS	NRAS
chr12	120495946	-	NRAV	NRAV
chr10	63133246	+	NRBF2	NRBF2
chr2	27427789	+	NRBP1	NRBP1
chr8	143840973	-	NRBP2	NRBP2
chr7	108243385	-	NRCAM	NRCAM
chr1	51878040	-	NRDC	NRDC
chr14	90331941	-	NRDE2	NRDE2
chr5	111756251	-	NREP	NREP
chr5	111912507	+	NREP-AS1	NREP-AS1
chr7	129611719	+	NRF1	NRF1
chr8	31639751	+	NRG1	NRG1
chr8	32025735	+	NRG1-IT1	NRG1-IT1
chr8	32440745	+	NRG1-IT3	NRG1-IT3
chr5	140043299	-	NRG2	NRG2
chr10	81875193	+	NRG3	NRG3
chr10	82232920	-	NRG3-AS1	NRG3-AS1
chr15	76012424	-	NRG4	NRG4
chr11	124739941	+	NRGN	NRGN
chr21	15065000	-	NRIP1	NRIP1
chr12	2835035	-	NRIP2	NRIP2
chr11	9004001	-	NRIP3	NRIP3
chr2	6840464	-	NRIR	NRIR
chrX	105822538	+	NRK	NRK
chr14	24095130	-	NRL	NRL
chr6	30690729	-	NRM	NRM
chr6	6004044	-	NRN1	NRN1
chr16	67884884	+	NRN1L	NRN1L
chr9	126410504	-	NRON	NRON
chr10	33334667	-	NRP1	NRP1
chr2	205682499	+	NRP2	NRP2
chr3	196639693	+	NRROS	NRROS
chr6	24126214	+	NRSN1	NRSN1
chr20	347110	+	NRSN2	NRSN2
chr20	325252	-	NRSN2-AS1	NRSN2-AS1
chr19	5805066	+	NRTN	NRTN
chr2	49974203	-	NRXN1	NRXN1
chr11	64643545	-	NRXN2	NRXN2
chr14	78170372	+	NRXN3	NRXN3
chr5	74767248	+	NSA2	NSA2
chr5	177133078	+	NSD1	NSD1
chr4	1871392	+	NSD2	NSD2
chr8	38382271	-	NSD3	NSD3
chrX	152830966	+	NSDHL	NSDHL
chr17	46590668	+	NSF	NSF
chr20	1467692	-	NSFL1C	NSFL1C
chr17	46372812	+	NSFP1	NSFP1
chr4	4386531	+	NSG1	NSG1
chr5	174045705	+	NSG2	NSG2
chr1	212791777	-	NSL1	NSL1
chr8	58659407	-	NSMAF	NSMAF
chr16	27268772	-	NSMCE1	NSMCE1
chr16	27268204	+	NSMCE1-DT	NSMCE1-DT
chr8	125091822	+	NSMCE2	NSMCE2
chr15	29269822	-	NSMCE3	NSMCE3
chr10	121975217	-	NSMCE4A	NSMCE4A
chr9	137459334	-	NSMF	NSMF
chr17	30116806	+	NSRP1	NSRP1
chr5	6633044	-	NSUN2	NSUN2
chr3	94063060	+	NSUN3	NSUN3
chr1	46340176	+	NSUN4	NSUN4
chr7	73308826	-	NSUN5	NSUN5
chr7	75410321	+	NSUN5P1	NSUN5P1
chr7	72954763	-	NSUN5P2	NSUN5P2
chr10	18651587	-	NSUN6	NSUN6
chr4	40749954	+	NSUN7	NSUN7
chr17	75131742	-	NT5C	NT5C
chr1	39672038	-	NT5C1A	NT5C1A
chr2	18589569	-	NT5C1B	NT5C1B
chr2	18589580	-	NT5C1B-RDH14	NT5C1B-RDH14
chr10	103153821	-	NT5C2	NT5C2
chr7	33040906	-	NT5C3A	NT5C3A
chr17	41836232	-	NT5C3B	NT5C3B
chr6	116100852	+	NT5DC1	NT5DC1
chr3	52533857	-	NT5DC2	NT5DC2
chr12	103841234	-	NT5DC3	NT5DC3
chr2	112721485	+	NT5DC4	NT5DC4
chr6	85449583	+	NT5E	NT5E
chr17	17303372	+	NT5M	NT5M
chr16	15056074	-	NTAN1	NTAN1
chr8	123416724	+	NTAQ1	NTAQ1
chr12	5432107	+	NTF3	NTF3
chr19	49063867	-	NTF4	NTF4
chr16	2047834	-	NTHL1	NTHL1
chr11	131370614	+	NTM	NTM
chr11	131663556	-	NTM-AS1	NTM-AS1
chr11	132284301	+	NTM-IT	NTM-IT
chr9	129608883	+	NTMT1	NTMT1
chr17	9021509	+	NTN1	NTN1
chr16	2471296	+	NTN3	NTN3
chr12	95790195	-	NTN4	NTN4
chr19	48673017	-	NTN5	NTN5
chr1	107140087	+	NTNG1	NTNG1
chr9	132162057	+	NTNG2	NTNG2
chr1	232950610	+	NTPCR	NTPCR
chr1	156815749	+	NTRK1	NTRK1
chr9	84668521	+	NTRK2	NTRK2
chr15	88205974	-	NTRK3	NTRK3
chr15	88252729	+	NTRK3-AS1	NTRK3-AS1
chr12	85874294	+	NTS	NTS
chr20	62708835	+	NTSR1	NTSR1
chr2	11670195	-	NTSR2	NTSR2
chr12	106140033	-	NUAK1	NUAK1
chr1	205321745	-	NUAK2	NUAK2
chr7	151341811	+	NUB1	NUB1
chr16	10743785	+	NUBP1	NUBP1
chr16	1782959	+	NUBP2	NUBP2
chr14	31561403	+	NUBPL	NUBPL
chr19	48900311	+	NUCB1	NUCB1
chr19	48918891	-	NUCB1-AS1	NUCB1-AS1
chr11	17276713	+	NUCB2	NUCB2
chr1	205750182	-	NUCKS1	NUCKS1
chr1	26921742	+	NUDC	NUDC
chr8	109329933	-	NUDCD1	NUDCD1
chr5	163460102	-	NUDCD2	NUDCD2
chr7	44490658	-	NUDCD3	NUDCD3
chr7	2242221	+	NUDT1	NUDT1
chrX	51332230	+	NUDT10	NUDT10
chrX	51496592	-	NUDT11	NUDT11
chr5	103562789	-	NUDT12	NUDT12
chr10	73110374	+	NUDT13	NUDT13
chr14	105181312	-	NUDT14	NUDT14
chr13	48037566	+	NUDT15	NUDT15
chr3	131381670	+	NUDT16	NUDT16
chr16	4693692	+	NUDT16L1	NUDT16L1
chr3	131361844	+	NUDT16P1	NUDT16P1
chr1	145845629	+	NUDT17	NUDT17
chr8	22109419	-	NUDT18	NUDT18
chr19	32691960	+	NUDT19	NUDT19
chr9	34329505	+	NUDT2	NUDT2
chr16	56451332	-	NUDT21	NUDT21
chr11	64226257	+	NUDT22	NUDT22
chr6	34392669	-	NUDT3	NUDT3
chr12	93377924	+	NUDT4	NUDT4
chr1	146297990	+	NUDT4B	NUDT4B
chr1	146297772	+	NUDT4P2	NUDT4P2
chr10	12195891	-	NUDT5	NUDT5
chr4	122922597	-	NUDT6	NUDT6
chr16	77722491	+	NUDT7	NUDT7
chr11	67629937	-	NUDT8	NUDT8
chr4	87422572	+	NUDT9	NUDT9
chr10	91153080	-	NUDT9P1	NUDT9P1
chr1	163321953	+	NUF2	NUF2
chr13	44989471	-	NUFIP1	NUFIP1
chr17	29294148	-	NUFIP2	NUFIP2
chr8	28083936	-	NUGGC	NUGGC
chr11	72080542	-	NUMA1	NUMA1
chr14	73458580	-	NUMB	NUMB
chr19	40690164	-	NUMBL	NUMBL
chr12	68686977	+	NUP107	NUP107
chr1	229508341	-	NUP133	NUP133
chr6	17706834	-	NUP153	NUP153
chr5	37371106	-	NUP155	NUP155
chr11	47848350	-	NUP160	NUP160
chr9	128947698	+	NUP188	NUP188
chr7	135557916	+	NUP205	NUP205
chr3	13420322	-	NUP210	NUP210
chr1	154155116	-	NUP210L	NUP210L
chr3	126662080	+	NUP210P1	NUP210P1
chr9	131125585	+	NUP214	NUP214
chr2	183117489	+	NUP35	NUP35
chr12	102120114	-	NUP37	NUP37
chr7	23182047	+	NUP42	NUP42
chr6	149746529	-	NUP43	NUP43
chr22	45163924	+	NUP50	NUP50
chr22	45152584	-	NUP50-DT	NUP50-DT
chr4	76148397	-	NUP54	NUP54
chr13	25301624	+	NUP58	NUP58
chr19	49929504	-	NUP62	NUP62
chrX	107206433	-	NUP62CL	NUP62CL
chr17	75205435	+	NUP85	NUP85
chr17	5419662	-	NUP88	NUP88
chr16	56730128	+	NUP93	NUP93
chr11	3797546	-	NUP98	NUP98
chr16	28538974	-	NUPR1	NUPR1
chr7	56116417	-	NUPR2	NUPR2
chr6	117675468	+	NUS1	NUS1
chr15	41332880	+	NUSAP1	NUSAP1
chr16	67846932	+	NUTF2	NUTF2
chr15	34343314	+	NUTM1	NUTM1
chr10	87225447	+	NUTM2A	NUTM2A
chr10	87342558	-	NUTM2A-AS1	NUTM2A-AS1
chr10	79703226	+	NUTM2B	NUTM2B
chr10	79826594	-	NUTM2B-AS1	NUTM2B-AS1
chr10	87357743	+	NUTM2D	NUTM2D
chr10	79826738	+	NUTM2E	NUTM2E
chr9	94328644	-	NUTM2F	NUTM2F
chr9	96928842	+	NUTM2G	NUTM2G
chr1	224330172	-	NVL	NVL
chr19	16719846	+	NWD1	NWD1
chr4	37244742	+	NWD2	NWD2
chr11	62805440	-	NXF1	NXF1
chrX	102247166	+	NXF2	NXF2
chrX	102247099	+	NXF2B	NXF2B
chrX	103093143	-	NXF3	NXF3
chrX	102549964	+	NXF4	NXF4
chrX	101857577	-	NXF5	NXF5
chr17	864111	-	NXN	NXN
chr19	17460926	-	NXNL1	NXNL1
chr9	88535100	+	NXNL2	NXNL2
chr11	114559881	-	NXPE1	NXPE1
chr11	114678526	+	NXPE2	NXPE2
chr3	101779210	+	NXPE3	NXPE3
chr11	114595786	-	NXPE4	NXPE4
chr7	8433608	+	NXPH1	NXPH1
chr2	138780390	-	NXPH2	NXPH2
chr17	49575870	+	NXPH3	NXPH3
chr12	57216793	+	NXPH4	NXPH4
chr20	23350790	+	NXT1	NXT1
chrX	109535823	+	NXT2	NXT2
chr7	100483926	+	NYAP1	NYAP1
chr2	225399709	+	NYAP2	NYAP2
chr14	24399002	+	NYNRIN	NYNRIN
chrX	41447342	+	NYX	NYX
chr18	59035678	+	OACYLP	OACYLP
chr11	120211031	+	OAF	OAF
chr6	41071840	-	OARD1	OARD1
chr12	112906776	+	OAS1	OAS1
chr12	112978518	+	OAS2	OAS2
chr12	112938473	+	OAS3	OAS3
chr12	121039242	-	OASL	OASL
chr10	124418923	-	OAT	OAT
chr19	2269485	+	OAZ1	OAZ1
chr15	64703281	-	OAZ2	OAZ2
chr1	151762968	+	OAZ3	OAZ3
chr13	78659155	-	OBI1	OBI1
chr13	78054854	+	OBI1-AS1	OBI1-AS1
chr9	135546125	+	OBP2A	OBP2A
chr9	133209250	-	OBP2B	OBP2B
chr1	228208043	+	OBSCN	OBSCN
chr1	228213655	-	OBSCN-AS1	OBSCN-AS1
chr2	219571539	-	OBSL1	OBSL1
chr8	132059382	-	OC90	OC90
chr15	28099315	-	OCA2	OCA2
chr19	17226225	+	OCEL1	OCEL1
chr4	48831042	+	OCIAD1	OCIAD1
chr4	48860203	-	OCIAD1-AS1	OCIAD1-AS1
chr4	48906774	-	OCIAD2	OCIAD2
chr5	69492546	+	OCLN	OCLN
chr5	71093070	-	OCLNP1	OCLNP1
chr7	5880797	+	OCM	OCM
chr7	97990104	-	OCM2	OCM2
chrX	129540258	+	OCRL	OCRL
chr20	46550654	-	OCSTAMP	OCSTAMP
chr4	70195724	+	ODAM	ODAM
chr4	75556047	+	ODAPH	ODAPH
chr2	10448012	-	ODC1	ODC1
chr2	10449727	+	ODC1-DT	ODC1-DT
chr8	102551588	+	ODF1	ODF1
chr9	128455154	+	ODF2	ODF2
chr1	86396061	-	ODF2L	ODF2L
chr11	196760	+	ODF3	ODF3
chr22	50532157	-	ODF3B	ODF3B
chr15	75724040	+	ODF3L1	ODF3L1
chr19	472631	-	ODF3L2	ODF3L2
chr17	8339839	+	ODF4	ODF4
chr1	186375757	+	ODR4	ODR4
chrX	13734712	+	OFD1	OFD1
chr10	101818444	-	OGA	OGA
chr7	44606626	+	OGDH	OGDH
chr10	49761999	-	OGDHL	OGDHL
chr16	56451523	+	OGFOD1	OGFOD1
chr12	122974725	+	OGFOD2	OGFOD2
chr17	82418586	-	OGFOD3	OGFOD3
chr20	62804834	+	OGFR	OGFR
chr20	62805587	-	OGFR-AS1	OGFR-AS1
chr6	71288810	+	OGFRL1	OGFRL1
chr22	42269752	+	OGFRP1	OGFRP1
chr3	9749943	+	OGG1	OGG1
chr9	92404578	-	OGN	OGN
chrX	71533103	+	OGT	OGT
chr15	41332591	-	OIP5	OIP5
chr15	41283989	+	OIP5-AS1	OIP5-AS1
chr10	72893738	+	OIT3	OIT3
chr2	174248532	-	OLA1	OLA1
chr10	15043942	+	OLAH	OLAH
chr9	135075504	+	OLFM1	OLFM1
chr19	9858175	-	OLFM2	OLFM2
chr1	101847080	-	OLFM3	OLFM3
chr13	53028812	+	OLFM4	OLFM4
chr11	5521785	-	OLFM5P	OLFM5P
chr11	7485505	+	OLFML1	OLFML1
chr9	124777132	+	OLFML2A	OLFML2A
chr1	162024465	-	OLFML2B	OLFML2B
chr1	113979390	+	OLFML3	OLFML3
chr21	33070140	+	OLIG1	OLIG1
chr21	33025934	+	OLIG2	OLIG2
chr6	137494394	-	OLIG3	OLIG3
chr10	100373575	+	OLMALINC	OLMALINC
chr12	10172132	-	OLR1	OLR1
chr1	58546726	-	OMA1	OMA1
chr9	92424554	-	OMD	OMD
chr17	31297239	-	OMG	OMG
chr11	77102839	+	OMP	OMP
chr15	52780884	-	ONECUT1	ONECUT1
chr18	57435373	+	ONECUT2	ONECUT2
chr19	1753505	+	ONECUT3	ONECUT3
chr6	73369792	-	OOEP	OOEP
chr11	59942878	+	OOSP1	OOSP1
chr11	60040408	+	OOSP2	OOSP2
chr11	60023802	+	OOSP4B	OOSP4B
chr3	193593207	+	OPA1	OPA1
chr3	193627332	-	OPA1-AS1	OPA1-AS1
chr19	45584802	-	OPA3	OPA3
chr10	96357159	-	OPALIN	OPALIN
chr11	132943637	-	OPCML	OPCML
chrX	68433495	-	OPHN1	OPHN1
chr8	144060692	-	OPLAH	OPLAH
chrX	154144242	+	OPN1LW	OPN1LW
chrX	154182595	+	OPN1MW	OPN1MW
chrX	154182595	+	OPN1MW2	OPN1MW2
chrX	154182617	+	OPN1MW3	OPN1MW3
chr7	128775790	-	OPN1SW	OPN1SW
chr1	241640369	-	OPN3	OPN3
chr10	86654546	+	OPN4	OPN4
chr6	47782038	+	OPN5	OPN5
chr1	28812169	+	OPRD1	OPRD1
chr8	53251637	-	OPRK1	OPRK1
chr20	64080081	+	OPRL1	OPRL1
chr6	154010495	+	OPRM1	OPRM1
chr4	70397939	+	OPRPN	OPRPN
chr1	203494152	+	OPTC	OPTC
chr10	13100081	+	OPTN	OPTN
chr11	6869754	+	OR10A2	OR10A2
chr11	7939520	-	OR10A3	OR10A3
chr11	6876624	+	OR10A4	OR10A4
chr11	6845682	+	OR10A5	OR10A5
chr11	7928662	-	OR10A6	OR10A6
chr12	55221024	+	OR10A7	OR10A7
chr7	143512011	-	OR10AC1	OR10AC1
chr12	48203292	-	OR10AD1	OR10AD1
chr11	55968463	-	OR10AG1	OR10AG1
chr6	29439938	+	OR10C1	OR10C1
chr11	124183218	+	OR10D3	OR10D3
chr14	21634940	-	OR10G2	OR10G2
chr14	21570744	-	OR10G3	OR10G3
chr11	124015574	+	OR10G4	OR10G4
chr11	123995161	-	OR10G6	OR10G6
chr11	124039001	-	OR10G7	OR10G7
chr11	124026797	+	OR10G8	OR10G8
chr11	124023012	+	OR10G9	OR10G9
chr19	15808126	-	OR10H1	OR10H1
chr19	15728023	+	OR10H2	OR10H2
chr19	15741392	+	OR10H3	OR10H3
chr19	15949007	+	OR10H4	OR10H4
chr19	15794048	+	OR10H5	OR10H5
chr1	159397464	+	OR10J1	OR10J1
chr1	159314659	-	OR10J3	OR10J3
chr1	159432191	+	OR10J4	OR10J4
chr1	159536007	-	OR10J5	OR10J5
chr1	158465561	+	OR10K1	OR10K1
chr1	158420866	-	OR10K2	OR10K2
chr12	55636891	+	OR10P1	OR10P1
chr11	58228918	-	OR10Q1	OR10Q1
chr1	158479877	+	OR10R2	OR10R2
chr11	123977691	-	OR10S1	OR10S1
chr1	158399466	-	OR10T2	OR10T2
chr11	59713845	-	OR10V1	OR10V1
chr11	59748811	+	OR10V2P	OR10V2P
chr11	58268260	-	OR10W1	OR10W1
chr1	158579899	-	OR10X1	OR10X1
chr1	158606438	+	OR10Z1	OR10Z1
chr6	29432072	-	OR11A1	OR11A1
chr14	20197335	+	OR11G2	OR11G2
chr22	15528158	+	OR11H1	OR11H1
chr14	18601116	+	OR11H12	OR11H12
chr14	19714332	-	OR11H2	OR11H2
chr14	20242791	+	OR11H4	OR11H4
chr14	20223709	+	OR11H6	OR11H6
chr14	20228980	+	OR11H7	OR11H7
chr1	247841896	-	OR11L1	OR11L1
chr6	29417064	+	OR12D1	OR12D1
chr6	29396638	+	OR12D2	OR12D2
chr6	29375291	-	OR12D3	OR12D3
chr10	45315608	-	OR13A1	OR13A1
chr9	104605627	-	OR13C2	OR13C2
chr9	104536813	-	OR13C3	OR13C3
chr9	104527209	-	OR13C4	OR13C4
chr9	104599413	-	OR13C5	OR13C5
chr9	104569167	+	OR13C8	OR13C8
chr9	104618204	-	OR13C9	OR13C9
chr9	104694421	+	OR13D1	OR13D1
chr9	104504262	+	OR13F1	OR13F1
chr1	247673041	-	OR13G1	OR13G1
chrX	131544073	+	OR13H1	OR13H1
chr9	35870401	-	OR13J1	OR13J1
chr1	247815729	-	OR14A16	OR14A16
chr1	247748158	-	OR14A2	OR14A2
chr1	248348774	+	OR14C36	OR14C36
chr1	248682304	-	OR14I1	OR14I1
chr6	29301700	+	OR14J1	OR14J1
chr1	247738614	+	OR14K1	OR14K1
chr17	3215620	+	OR1A1	OR1A1
chr17	3197516	+	OR1A2	OR1A2
chr9	122629535	-	OR1B1	OR1B1
chr1	247758406	-	OR1C1	OR1C1
chr17	3092996	-	OR1D2	OR1D2
chr17	3240675	+	OR1D4	OR1D4
chr17	3063607	-	OR1D5	OR1D5
chr17	3398410	-	OR1E1	OR1E1
chr17	3433841	-	OR1E2	OR1E2
chr17	3116592	+	OR1E3	OR1E3
chr16	3188203	+	OR1F1	OR1F1
chr6	28073315	+	OR1F12	OR1F12
chr16	3215561	+	OR1F2P	OR1F2P
chr17	3127551	-	OR1G1	OR1G1
chr19	15087065	+	OR1I1	OR1I1
chr9	122477926	-	OR1J1	OR1J1
chr9	122510801	+	OR1J2	OR1J2
chr9	122519140	+	OR1J4	OR1J4
chr9	122800122	+	OR1K1	OR1K1
chr9	122661715	+	OR1L1	OR1L1
chr9	122675129	+	OR1L3	OR1L3
chr9	122723989	+	OR1L4	OR1L4
chr9	122742302	+	OR1L6	OR1L6
chr9	122568477	-	OR1L8	OR1L8
chr19	9093244	+	OR1M1	OR1M1
chr9	122527293	-	OR1N1	OR1N1
chr9	122553111	+	OR1N2	OR1N2
chr9	122614737	+	OR1Q1	OR1Q1
chr11	58212719	+	OR1S1	OR1S1
chr11	58204181	-	OR1S2	OR1S2
chr7	144312418	+	OR2A1	OR2A1
chr7	144195320	+	OR2A1-AS1	OR2A1-AS1
chr7	144086277	+	OR2A12	OR2A12
chr7	144123175	+	OR2A14	OR2A14
chr7	144109582	+	OR2A2	OR2A2
chr7	144251603	-	OR2A20P	OR2A20P
chr7	144074219	+	OR2A25	OR2A25
chr6	131701401	-	OR2A4	OR2A4
chr7	144232843	-	OR2A42	OR2A42
chr7	144048947	+	OR2A5	OR2A5
chr7	144259628	-	OR2A7	OR2A7
chr7	144251455	-	OR2A9P	OR2A9P
chr7	99877033	-	OR2AE1	OR2AE1
chr11	6785016	+	OR2AG1	OR2AG1
chr11	6768957	-	OR2AG2	OR2AG2
chr1	247933765	+	OR2AJ1	OR2AJ1
chr1	247965331	+	OR2AK2	OR2AK2
chr12	55574414	+	OR2AP1	OR2AP1
chr11	75096890	-	OR2AT4	OR2AT4
chr1	247451982	-	OR2B11	OR2B11
chr6	27912396	-	OR2B2	OR2B2
chr6	29087313	-	OR2B3	OR2B3
chr6	27957240	+	OR2B6	OR2B6
chr16	3355888	+	OR2C1	OR2C1
chr1	247533839	-	OR2C3	OR2C3
chr11	6892500	-	OR2D2	OR2D2
chr11	6921001	+	OR2D3	OR2D3
chr7	143959926	+	OR2F1	OR2F1
chr7	143935232	+	OR2F2	OR2F2
chr1	247588359	+	OR2G2	OR2G2
chr1	247605585	+	OR2G3	OR2G3
chr1	248521646	+	OR2G6	OR2G6
chr6	29457154	+	OR2H1	OR2H1
chr6	29587905	+	OR2H2	OR2H2
chr6	29099489	+	OR2J1	OR2J1
chr6	29173533	+	OR2J2	OR2J2
chr6	29111809	+	OR2J3	OR2J3
chr9	111330224	-	OR2K2	OR2K2
chr1	247937028	+	OR2L13	OR2L13
chr1	247990266	+	OR2L1P	OR2L1P
chr1	248038171	+	OR2L2	OR2L2
chr1	248060681	+	OR2L3	OR2L3
chr1	248021947	+	OR2L5	OR2L5
chr1	247948857	+	OR2L8	OR2L8
chr1	248122135	+	OR2M1P	OR2M1P
chr1	248179985	+	OR2M2	OR2M2
chr1	248203067	+	OR2M3	OR2M3
chr1	248238928	+	OR2M4	OR2M4
chr1	248145147	+	OR2M5	OR2M5
chr1	248324568	-	OR2M7	OR2M7
chr9	35958154	-	OR2S2	OR2S2
chr1	248405994	+	OR2T1	OR2T1
chr1	248593768	-	OR2T10	OR2T10
chr1	248627128	-	OR2T11	OR2T11
chr1	248295578	-	OR2T12	OR2T12
chr1	248452797	+	OR2T2	OR2T2
chr1	248650884	-	OR2T27	OR2T27
chr1	248559491	-	OR2T29	OR2T29
chr1	248473350	+	OR2T3	OR2T3
chr1	248273814	-	OR2T33	OR2T33
chr1	248574757	-	OR2T34	OR2T34
chr1	248639258	-	OR2T35	OR2T35
chr1	248361580	+	OR2T4	OR2T4
chr1	248488588	+	OR2T5	OR2T5
chr1	248387608	+	OR2T6	OR2T6
chr1	248441116	+	OR2T7	OR2T7
chr1	247921017	+	OR2T8	OR2T8
chr5	181125304	-	OR2V1	OR2V1
chr5	181154942	+	OR2V2	OR2V2
chr6	29045175	-	OR2W1	OR2W1
chr1	247895586	+	OR2W3	OR2W3
chr1	247491067	+	OR2W5	OR2W5
chr5	180740058	-	OR2Y1	OR2Y1
chr19	8730953	+	OR2Z1	OR2Z1
chr17	3292582	-	OR3A1	OR3A1
chr17	3278974	-	OR3A2	OR3A2
chr17	3420567	+	OR3A3	OR3A3
chr17	3310244	+	OR3A4P	OR3A4P
chr11	55367883	+	OR4A15	OR4A15
chr11	55343200	+	OR4A16	OR4A16
chr11	48488792	+	OR4A47	OR4A47
chr11	54706831	+	OR4A5	OR4A5
chr11	48216809	+	OR4B1	OR4B1
chr11	55604398	-	OR4C11	OR4C11
chr11	49982535	-	OR4C12	OR4C12
chr11	49952390	+	OR4C13	OR4C13
chr11	55554268	+	OR4C15	OR4C15
chr11	55572127	+	OR4C16	OR4C16
chr11	48324919	+	OR4C3	OR4C3
chr11	50032873	+	OR4C45	OR4C45
chr11	54603998	-	OR4C46	OR4C46
chr11	48366488	-	OR4C5	OR4C5
chr11	55665166	+	OR4C6	OR4C6
chr17	58155153	+	OR4D1	OR4D1
chr11	59477429	+	OR4D10	OR4D10
chr11	59503575	+	OR4D11	OR4D11
chr17	58169655	+	OR4D2	OR4D2
chr11	123939616	+	OR4D5	OR4D5
chr11	59456960	+	OR4D6	OR4D6
chr11	59514912	+	OR4D9	OR4D9
chr14	21671017	-	OR4E1	OR4E1
chr14	21665082	+	OR4E2	OR4E2
chr15	101842118	+	OR4F13P	OR4F13P
chr15	101818186	+	OR4F15	OR4F15
chr1	451678	-	OR4F16	OR4F16
chr19	107145	+	OR4F17	OR4F17
chr8	167024	-	OR4F21	OR4F21
chr1	451678	-	OR4F29	OR4F29
chr1	451678	-	OR4F3	OR4F3
chr15	101923059	-	OR4F4	OR4F4
chr1	69090	+	OR4F5	OR4F5
chr15	101805719	+	OR4F6	OR4F6
chr14	19935607	+	OR4K1	OR4K1
chr14	20034758	-	OR4K13	OR4K13
chr14	20015193	-	OR4K14	OR4K14
chr14	19975518	+	OR4K15	OR4K15
chr14	20117467	+	OR4K17	OR4K17
chr14	19876267	+	OR4K2	OR4K2
chr14	19869173	-	OR4K3	OR4K3
chr14	19920606	+	OR4K5	OR4K5
chr14	20060044	+	OR4L1	OR4L1
chr14	19780322	+	OR4M1	OR4M1
chr15	22080526	+	OR4M2	OR4M2
chr14	19803769	+	OR4N2	OR4N2
chr15	22125510	+	OR4N3P	OR4N3P
chr15	22094430	+	OR4N4	OR4N4
chr15	21638578	+	OR4N4C	OR4N4C
chr14	20143735	+	OR4N5	OR4N5
chr11	55638357	+	OR4P4	OR4P4
chr14	20002061	+	OR4Q2	OR4Q2
chr14	19747427	+	OR4Q3	OR4Q3
chr11	48306222	+	OR4S1	OR4S1
chr11	55650903	+	OR4S2	OR4S2
chr11	48263860	+	OR4X1	OR4X1
chr11	48245103	+	OR4X2	OR4X2
chr11	4955713	-	OR51A2	OR51A2
chr11	4947100	-	OR51A4	OR51A4
chr11	4907369	+	OR51A7	OR51A7
chr11	5324352	-	OR51B2	OR51B2
chr11	5301946	-	OR51B4	OR51B4
chr11	5505652	-	OR51B5	OR51B5
chr11	5351507	+	OR51B6	OR51B6
chr11	4639714	+	OR51D1	OR51D1
chr11	4643981	+	OR51E1	OR51E1
chr11	4697853	-	OR51E2	OR51E2
chr11	4769938	-	OR51F1	OR51F1
chr11	4821320	+	OR51F2	OR51F2
chr11	4924339	-	OR51G1	OR51G1
chr11	4919350	-	OR51G2	OR51G2
chr11	4863652	-	OR51H1	OR51H1
chr11	5441553	-	OR51I1	OR51I1
chr11	5453407	+	OR51I2	OR51I2
chr11	5402396	+	OR51J1	OR51J1
chr11	4994850	+	OR51L1	OR51L1
chr11	5389376	+	OR51M1	OR51M1
chr11	5422110	+	OR51Q1	OR51Q1
chr11	4849208	-	OR51S1	OR51S1
chr11	4881699	+	OR51T1	OR51T1
chr11	5200700	-	OR51V1	OR51V1
chr11	5152369	-	OR52A1	OR52A1
chr11	5138356	-	OR52A5	OR52A5
chr11	6170326	-	OR52B2	OR52B2
chr11	4368386	-	OR52B4	OR52B4
chr11	5580876	+	OR52B6	OR52B6
chr11	5488684	+	OR52D1	OR52D1
chr11	5069371	+	OR52E1	OR52E1
chr11	5059627	-	OR52E2	OR52E2
chr11	5884292	+	OR52E4	OR52E4
chr11	5893207	+	OR52E5	OR52E5
chr11	5841897	-	OR52E6	OR52E6
chr11	5857702	-	OR52E8	OR52E8
chr11	5545523	-	OR52H1	OR52H1
chr11	4594038	+	OR52I1	OR52I1
chr11	4586790	+	OR52I2	OR52I2
chr11	5046525	+	OR52J3	OR52J3
chr11	4482645	+	OR52K1	OR52K1
chr11	4449294	+	OR52K2	OR52K2
chr11	5986985	-	OR52L1	OR52L1
chr11	4545190	+	OR52M1	OR52M1
chr11	5788816	-	OR52N1	OR52N1
chr11	5820335	+	OR52N2	OR52N2
chr11	5754692	+	OR52N4	OR52N4
chr11	5778667	-	OR52N5	OR52N5
chr11	4804380	-	OR52R1	OR52R1
chr11	6199223	+	OR52W1	OR52W1
chr11	5178711	-	OR52Z1	OR52Z1
chr11	6027741	-	OR56A1	OR56A1
chr11	5947346	+	OR56A3	OR56A3
chr11	6003192	-	OR56A4	OR56A4
chr11	5968494	-	OR56A5	OR56A5
chr11	5736447	+	OR56B1	OR56B1
chr11	6107683	+	OR56B4	OR56B4
chr11	59436468	+	OR5A1	OR5A1
chr11	59422953	-	OR5A2	OR5A2
chr3	98087172	+	OR5AC2	OR5AC2
chr11	56988913	+	OR5AK2	OR5AK2
chr11	57037533	+	OR5AK4P	OR5AK4P
chr11	56412596	+	OR5AL1	OR5AL1
chr11	59358894	+	OR5AN1	OR5AN1
chr11	56642439	-	OR5AP2	OR5AP2
chr11	56663685	+	OR5AR1	OR5AR1
chr11	56030418	+	OR5AS1	OR5AS1
chr14	21156063	-	OR5AU1	OR5AU1
chr11	58442236	-	OR5B12	OR5B12
chr11	58359069	-	OR5B17	OR5B17
chr11	58423313	-	OR5B2	OR5B2
chr11	58508300	-	OR5B21	OR5B21
chr11	58403409	-	OR5B3	OR5B3
chr9	122788932	+	OR5C1	OR5C1
chr11	55773437	+	OR5D13	OR5D13
chr11	55795555	+	OR5D14	OR5D14
chr11	55838751	+	OR5D16	OR5D16
chr11	55819629	+	OR5D18	OR5D18
chr11	7849050	+	OR5E1P	OR5E1P
chr11	55994625	-	OR5F1	OR5F1
chr3	98132697	+	OR5H1	OR5H1
chr3	98149385	+	OR5H14	OR5H14
chr3	98168699	+	OR5H15	OR5H15
chr3	98282887	+	OR5H2	OR5H2
chr3	98264243	+	OR5H6	OR5H6
chr11	55936400	-	OR5I1	OR5I1
chr11	56176617	+	OR5J2	OR5J2
chr3	98469479	+	OR5K1	OR5K1
chr3	98497680	+	OR5K2	OR5K2
chr3	98390665	+	OR5K3	OR5K3
chr3	98353853	+	OR5K4	OR5K4
chr11	55811366	+	OR5L1	OR5L1
chr11	55827218	+	OR5L2	OR5L2
chr11	56614874	-	OR5M1	OR5M1
chr11	56577721	-	OR5M10	OR5M10
chr11	56543257	-	OR5M11	OR5M11
chr11	56470538	-	OR5M3	OR5M3
chr11	56491370	-	OR5M8	OR5M8
chr11	56463401	-	OR5M9	OR5M9
chr11	7796942	-	OR5P2	OR5P2
chr11	7825972	-	OR5P3	OR5P3
chr11	56418232	-	OR5R1	OR5R1
chr11	56274153	+	OR5T1	OR5T1
chr11	56234255	-	OR5T2	OR5T2
chr11	56252199	+	OR5T3	OR5T3
chr6	29368865	-	OR5V1	OR5V1
chr11	55914582	-	OR5W2	OR5W2
chr11	6795908	-	OR6A2	OR6A2
chr7	144003928	+	OR6B1	OR6B1
chr2	240030429	-	OR6B2	OR6B2
chr2	240046072	-	OR6B3	OR6B3
chr12	55320599	+	OR6C1	OR6C1
chr12	55452213	+	OR6C2	OR6C2
chr12	55331700	+	OR6C3	OR6C3
chr12	55551226	+	OR6C4	OR6C4
chr12	55295232	-	OR6C6	OR6C6
chr12	55400528	+	OR6C65	OR6C65
chr12	55492377	+	OR6C68	OR6C68
chr12	55470138	-	OR6C70	OR6C70
chr12	55247287	+	OR6C74	OR6C74
chr12	55365110	+	OR6C75	OR6C75
chr12	55426253	+	OR6C76	OR6C76
chr1	247712755	-	OR6F1	OR6F1
chr14	22634844	-	OR6J1	OR6J1
chr1	158700696	-	OR6K2	OR6K2
chr1	158718115	-	OR6K3	OR6K3
chr1	158754815	+	OR6K6	OR6K6
chr11	123806349	-	OR6M1	OR6M1
chr1	158766682	-	OR6N1	OR6N1
chr1	158777635	-	OR6N2	OR6N2
chr1	158563604	-	OR6P1	OR6P1
chr11	58030952	+	OR6Q1	OR6Q1
chr14	20641691	-	OR6S1	OR6S1
chr11	123943838	-	OR6T1	OR6T1
chr7	143052340	+	OR6V1	OR6V1
chr7	143063785	-	OR6W1P	OR6W1P
chr11	123754518	-	OR6X1	OR6X1
chr1	158548105	-	OR6Y1	OR6Y1
chr19	14841877	-	OR7A10	OR7A10
chr19	14881355	-	OR7A17	OR7A17
chr19	14835185	-	OR7A5	OR7A5
chr19	14800136	-	OR7C1	OR7C1
chr19	14941488	+	OR7C2	OR7C2
chr19	9185593	+	OR7D2	OR7D2
chr19	9214871	-	OR7D4	OR7D4
chr11	3391915	-	OR7E12P	OR7E12P
chr11	17051885	+	OR7E14P	OR7E14P
chr13	63737434	+	OR7E156P	OR7E156P
chr19	9251043	+	OR7E24	OR7E24
chr11	86857954	-	OR7E2P	OR7E2P
chr13	41442563	+	OR7E37P	OR7E37P
chr12	52084745	+	OR7E47P	OR7E47P
chr11	55986405	-	OR7E5P	OR7E5P
chr2	71024074	+	OR7E91P	OR7E91P
chr19	9115763	-	OR7G1	OR7G1
chr19	9103306	-	OR7G2	OR7G2
chr19	9126950	-	OR7G3	OR7G3
chr11	124569996	+	OR8A1	OR8A1
chr11	124543654	-	OR8B12	OR8B12
chr11	124383343	-	OR8B2	OR8B2
chr11	124399024	-	OR8B3	OR8B3
chr11	124424871	-	OR8B4	OR8B4
chr11	124441085	-	OR8B8	OR8B8
chr11	124310766	-	OR8D1	OR8D1
chr11	124320197	-	OR8D2	OR8D2
chr11	123906431	+	OR8D4	OR8D4
chr11	124249675	+	OR8G1	OR8G1
chr11	124224638	+	OR8G2P	OR8G2P
chr11	124256375	+	OR8G5	OR8G5
chr11	56291062	-	OR8H1	OR8H1
chr11	56105042	+	OR8H2	OR8H2
chr11	56122372	+	OR8H3	OR8H3
chr11	56093307	+	OR8I2	OR8I2
chr11	56360214	+	OR8J1	OR8J1
chr11	56137718	-	OR8J3	OR8J3
chr11	56346038	+	OR8K1	OR8K1
chr11	56318306	+	OR8K3	OR8K3
chr11	56160317	-	OR8K5	OR8K5
chr12	48525631	+	OR8S1	OR8S1
chr11	56375623	+	OR8U1	OR8U1
chr11	56375623	+	OR8U8	OR8U8
chr7	143027132	-	OR9A2	OR9A2
chr7	141916398	+	OR9A4	OR9A4
chr11	56699094	+	OR9G1	OR9G1
chr11	56743811	-	OR9G4	OR9G4
chr11	56700387	+	OR9G9	OR9G9
chr11	58119444	-	OR9I1	OR9I1
chr12	55129768	+	OR9K2	OR9K2
chr11	58023880	+	OR9Q1	OR9Q1
chr11	58190433	+	OR9Q2	OR9Q2
chr12	121626549	+	ORAI1	ORAI1
chr7	102433529	+	ORAI2	ORAI2
chr16	30949067	+	ORAI3	ORAI3
chr1	52404423	-	ORC1	ORC1
chr2	200963660	-	ORC2	ORC2
chr6	87590066	+	ORC3	ORC3
chr2	148020737	-	ORC4	ORC4
chr7	104208013	-	ORC5	ORC5
chr16	46689658	+	ORC6	ORC6
chr9	114323097	+	ORM1	ORM1
chr9	114329868	+	ORM2	ORM2
chr2	189783993	-	ORMDL1	ORMDL1
chr12	55818040	+	ORMDL2	ORMDL2
chr17	39926846	-	ORMDL3	ORMDL3
chr12	57693954	+	OS9	OS9
chr11	59615774	-	OSBP	OSBP
chr22	30693781	+	OSBP2	OSBP2
chr3	31981850	-	OSBPL10	OSBPL10
chr3	31704212	+	OSBPL10-AS1	OSBPL10-AS1
chr3	125595497	-	OSBPL11	OSBPL11
chr18	24272232	-	OSBPL1A	OSBPL1A
chr20	62238520	+	OSBPL2	OSBPL2
chr7	24892621	-	OSBPL3	OSBPL3
chr11	3165310	-	OSBPL5	OSBPL5
chr2	178194480	+	OSBPL6	OSBPL6
chr17	47821794	-	OSBPL7	OSBPL7
chr12	76423285	-	OSBPL8	OSBPL8
chr1	51617091	+	OSBPL9	OSBPL9
chr19	54102686	-	OSCAR	OSCAR
chr1	36450451	-	OSCP1	OSCP1
chr20	44210771	-	OSER1	OSER1
chr20	44210959	+	OSER1-DT	OSER1-DT
chr14	20454812	-	OSGEP	OSGEP
chr2	189762792	-	OSGEPL1	OSGEPL1
chr2	189762779	+	OSGEPL1-AS1	OSGEPL1-AS1
chr16	83953239	+	OSGIN1	OSGIN1
chr8	89901867	+	OSGIN2	OSGIN2
chr22	30266240	-	OSM	OSM
chr5	38845857	+	OSMR	OSMR
chr5	38845829	-	OSMR-AS1	OSMR-AS1
chr2	19358623	-	OSR1	OSR1
chr8	98944402	+	OSR2	OSR2
chr2	27071654	-	OST4	OST4
chr4	108650584	+	OSTC	OSTC
chr6	158857632	-	OSTCP1	OSTCP1
chr9	75088513	+	OSTF1	OSTF1
chr6	108074741	-	OSTM1	OSTM1
chr6	108123632	+	OSTM1-AS1	OSTM1-AS1
chr3	191199240	+	OSTN	OSTN
chr3	191234605	-	OSTN-AS1	OSTN-AS1
chrX	38352603	+	OTC	OTC
chr16	21663967	+	OTOA	OTOA
chr16	21729570	+	OTOAP1	OTOAP1
chr2	26478124	-	OTOF	OTOF
chr11	17547258	+	OTOG	OTOG
chr12	80099536	+	OTOGL	OTOGL
chr3	161496807	+	OTOL1	OTOL1
chr4	4226929	-	OTOP1	OTOP1
chr17	74924272	+	OTOP2	OTOP2
chr17	74935801	+	OTOP3	OTOP3
chr20	16748357	+	OTOR	OTOR
chr2	240140658	-	OTOS	OTOS
chr5	77638713	-	OTP	OTP
chr11	63985852	+	OTUB1	OTUB1
chr14	94026339	+	OTUB2	OTUB2
chr10	23439074	+	OTUD1	OTUD1
chr1	19882394	+	OTUD3	OTUD3
chr4	145178158	-	OTUD4	OTUD4
chrX	48957607	-	OTUD5	OTUD5
chrX	70062456	+	OTUD6A	OTUD6A
chr8	91070343	+	OTUD6B	OTUD6B
chr8	91070189	-	OTUD6B-AS1	OTUD6B-AS1
chr15	31870673	-	OTUD7A	OTUD7A
chr1	150010726	-	OTUD7B	OTUD7B
chr5	14664717	+	OTULIN	OTULIN
chr5	14581791	+	OTULINL	OTULINL
chr2	63049734	+	OTX1	OTX1
chr14	56805667	-	OTX2	OTX2
chr14	56812005	+	OTX2-AS1	OTX2-AS1
chr1	180558973	+	OVAAL	OVAAL
chr17	2042021	+	OVCA2	OVCA2
chr12	29499693	-	OVCH1	OVCH1
chr12	29389293	+	OVCH1-AS1	OVCH1-AS1
chr11	7706477	-	OVCH2	OVCH2
chr1	111427735	-	OVGP1	OVGP1
chr11	65787062	+	OVOL1	OVOL1
chr11	65790868	-	OVOL1-AS1	OVOL1-AS1
chr20	18057916	-	OVOL2	OVOL2
chr19	36111202	+	OVOL3	OVOL3
chr12	31201235	-	OVOS2	OVOS2
chr14	22766687	+	OXA1L	OXA1L
chr5	41843657	-	OXCT1	OXCT1
chr5	41870029	+	OXCT1-AS1	OXCT1-AS1
chr1	39771348	-	OXCT2	OXCT2
chr1	39514865	+	OXCT2P1	OXCT2P1
chr2	42764261	-	OXER1	OXER1
chr13	96994476	-	OXGR1	OXGR1
chr17	81666605	-	OXLD1	OXLD1
chr3	16265077	+	OXNAD1	OXNAD1
chr8	106270177	+	OXR1	OXR1
chr3	25790071	+	OXSM	OXSM
chr3	38165536	+	OXSR1	OXSR1
chr20	3071619	+	OXT	OXT
chr3	8768731	-	OXTR	OXTR
chr17	3916465	-	P2RX1	P2RX1
chr12	132618775	+	P2RX2	P2RX2
chr11	57338351	+	P2RX3	P2RX3
chr12	121210128	+	P2RX4	P2RX4
chr17	3696155	-	P2RX5	P2RX5
chr17	3696404	-	P2RX5-TAX1BP3	P2RX5-TAX1BP3
chr22	21015152	+	P2RX6	P2RX6
chr22	21044249	-	P2RX6P	P2RX6P
chr12	121132875	+	P2RX7	P2RX7
chr3	152835130	+	P2RY1	P2RY1
chrX	78945331	+	P2RY10	P2RY10
chr19	10111692	+	P2RY11	P2RY11
chr3	151340822	-	P2RY12	P2RY12
chr3	151329549	-	P2RY13	P2RY13
chr3	151248991	-	P2RY14	P2RY14
chr11	73218280	+	P2RY2	P2RY2
chrX	70259804	-	P2RY4	P2RY4
chr11	73264504	+	P2RY6	P2RY6
chrX	1537185	-	P2RY8	P2RY8
chr1	42767028	-	P3H1	P3H1
chr3	190120897	-	P3H2	P3H2
chr3	190120963	+	P3H2-AS1	P3H2-AS1
chr12	6828406	+	P3H3	P3H3
chr17	41811949	-	P3H4	P3H4
chr1	46176488	-	P3R3URF	P3R3URF
chr1	46176488	-	P3R3URF-PIK3R3	P3R3URF-PIK3R3
chr10	73096974	-	P4HA1	P4HA1
chr5	132227091	-	P4HA2	P4HA2
chr5	132184875	+	P4HA2-AS1	P4HA2-AS1
chr11	74311640	-	P4HA3	P4HA3
chr11	74311361	+	P4HA3-AS1	P4HA3-AS1
chr17	81860535	-	P4HB	P4HB
chr3	48989907	+	P4HTM	P4HTM
chr12	56104558	+	PA2G4	PA2G4
chr3	156812021	-	PA2G4P4	PA2G4P4
chr11	73876698	+	PAAF1	PAAF1
chr8	100722088	-	PABPC1	PABPC1
chr20	44910059	+	PABPC1L	PABPC1L
chrX	73079512	-	PABPC1L2A	PABPC1L2A
chrX	73002938	+	PABPC1L2B	PABPC1L2B
chrX	73002856	-	PABPC1L2B-AS1	PABPC1L2B-AS1
chr2	146587056	+	PABPC1P2	PABPC1P2
chr13	25096135	+	PABPC3	PABPC3
chr1	39576790	-	PABPC4	PABPC4
chr1	39565069	+	PABPC4-AS1	PABPC4-AS1
chr4	134201789	-	PABPC4L	PABPC4L
chrX	91434838	+	PABPC5	PABPC5
chrX	91434999	-	PABPC5-AS1	PABPC5-AS1
chr14	23320187	+	PABPN1	PABPN1
chr16	88870152	-	PABPN1L	PABPN1L
chr1	212414886	-	PACC1	PACC1
chr1	186680653	+	PACERR	PACERR
chr6	162727131	+	PACRG	PACRG
chr6	163324473	-	PACRG-AS1	PACRG-AS1
chr6	163054161	-	PACRG-AS2	PACRG-AS2
chr6	163192002	-	PACRG-AS3	PACRG-AS3
chr4	20696281	+	PACRGL	PACRGL
chr11	66070271	+	PACS1	PACS1
chr14	105300773	+	PACS2	PACS2
chr6	34466075	+	PACSIN1	PACSIN1
chr22	42947041	-	PACSIN2	PACSIN2
chr11	47185881	-	PACSIN3	PACSIN3
chr1	17205127	+	PADI1	PADI1
chr1	17119451	-	PADI2	PADI2
chr1	17249097	+	PADI3	PADI3
chr1	17308196	+	PADI4	PADI4
chr1	17372195	+	PADI6	PADI6
chr9	135561755	+	PAEP	PAEP
chr19	39391106	-	PAF1	PAF1
chr17	2593653	+	PAFAH1B1	PAFAH1B1
chr11	117144283	+	PAFAH1B2	PAFAH1B2
chr12	97753598	-	PAFAH1B2P2	PAFAH1B2P2
chr19	42302624	-	PAFAH1B3	PAFAH1B3
chr1	25998063	-	PAFAH2	PAFAH2
chr8	81112068	-	PAG1	PAG1
chrX	49695984	-	PAGE1	PAGE1
chrX	55089017	+	PAGE2	PAGE2
chrX	55075029	+	PAGE2B	PAGE2B
chrX	55264846	-	PAGE3	PAGE3
chrX	49829259	+	PAGE4	PAGE4
chrX	55220345	+	PAGE5	PAGE5
chr16	29816151	+	PAGR1	PAGR1
chr12	102917244	-	PAH	PAH
chr4	56435748	+	PAICS	PAICS
chr5	43557077	-	PAIP1	PAIP1
chr5	139341831	+	PAIP2	PAIP2
chr2	71227103	-	PAIP2B	PAIP2B
chr11	77411971	-	PAK1	PAK1
chr6	10694971	+	PAK1IP1	PAK1IP1
chr3	196739856	+	PAK2	PAK2
chrX	110944240	+	PAK3	PAK3
chr19	39125785	+	PAK4	PAK4
chr20	9839076	-	PAK5	PAK5
chr15	40239062	+	PAK6	PAK6
chr16	23641310	-	PALB2	PALB2
chr10	70478766	+	PALD1	PALD1
chr4	168497051	+	PALLD	PALLD
chr19	708934	+	PALM	PALM
chr9	109640787	+	PALM2AKAP2	PALM2AKAP2
chr19	14057638	-	PALM3	PALM3
chr1	99646112	+	PALMD	PALMD
chr5	102754782	+	PAM	PAM
chr16	4351321	-	PAM16	PAM16
chr11	35525616	-	PAMR1	PAMR1
chr12	56333718	-	PAN2	PAN2
chr13	28138544	+	PAN3	PAN3
chr13	28139174	-	PAN3-AS1	PAN3-AS1
chr4	110615458	-	PANCR	PANCR
chr6	36675126	-	PANDAR	PANDAR
chr10	89643916	-	PANK1	PANK1
chr20	3888780	+	PANK2	PANK2
chr5	168579368	-	PANK3	PANK3
chr1	2526596	-	PANK4	PANK4
chr2	104851476	-	PANTR1	PANTR1
chr11	94128840	+	PANX1	PANX1
chr22	50170730	+	PANX2	PANX2
chr11	124611427	+	PANX3	PANX3
chr10	133379261	+	PAOX	PAOX
chr14	73237505	+	PAPLN	PAPLN
chr14	96502375	+	PAPOLA	PAPOLA
chr7	4862030	-	PAPOLB	PAPOLB
chr2	60756267	+	PAPOLG	PAPOLG
chr9	116153790	+	PAPPA	PAPPA
chr9	116400606	-	PAPPA-AS1	PAPPA-AS1
chr1	176463174	+	PAPPA2	PAPPA2
chr4	107720234	-	PAPSS1	PAPSS1
chr10	87659877	+	PAPSS2	PAPSS2
chr4	78939438	-	PAQR3	PAQR3
chr16	2969347	+	PAQR4	PAQR4
chr15	69298911	+	PAQR5	PAQR5
chr1	156248056	-	PAQR6	PAQR6
chr1	25875708	-	PAQR7	PAQR7
chr6	52362150	+	PAQR8	PAQR8
chr3	142963674	-	PAQR9	PAQR9
chr3	142964057	+	PAQR9-AS1	PAQR9-AS1
chr20	9986332	+	PARAL1	PARAL1
chr10	34815296	-	PARD3	PARD3
chr10	34815767	+	PARD3-AS1	PARD3-AS1
chr2	204545474	+	PARD3B	PARD3B
chr16	67660959	+	PARD6A	PARD6A
chr20	50731579	+	PARD6B	PARD6B
chr18	80247514	-	PARD6G	PARD6G
chr18	80147923	+	PARD6G-AS1	PARD6G-AS1
chr10	49942027	-	PARG	PARG
chr10	45972428	-	PARGP1	PARGP1
chr10	45972374	-	PARGP1-AGAP4	PARGP1-AGAP4
chr1	7961653	+	PARK7	PARK7
chr3	183884880	-	PARL	PARL
chr4	74933115	+	PARM1	PARM1
chr4	74970362	-	PARM1-AS1	PARM1-AS1
chr16	14630260	-	PARN	PARN
chr1	226408093	-	PARP1	PARP1
chr8	143986460	-	PARP10	PARP10
chr12	3873399	-	PARP11	PARP11
chr7	140062951	-	PARP12	PARP12
chr3	122680838	+	PARP14	PARP14
chr3	122577649	+	PARP15	PARP15
chr15	65286883	-	PARP16	PARP16
chr14	20343634	+	PARP2	PARP2
chr3	51942304	+	PARP3	PARP3
chr13	24512778	-	PARP4	PARP4
chr15	72272554	-	PARP6	PARP6
chr5	50665930	+	PARP8	PARP8
chr3	122564300	-	PARP9	PARP9
chr12	102120182	+	PARPBP	PARPBP
chr1	54764523	-	PARS2	PARS2
chr5	60487712	+	PART1	PART1
chr2	85538886	-	PARTICL	PARTICL
chr11	12377570	+	PARVA	PARVA
chr22	43999210	+	PARVB	PARVB
chr22	44172955	+	PARVG	PARVG
chrX	151563674	+	PASD1	PASD1
chr2	241149472	-	PASK	PASK
chr11	125746278	+	PATE1	PATE1
chr11	125778828	-	PATE2	PATE2
chr11	125788126	+	PATE3	PATE3
chr11	125833315	+	PATE4	PATE4
chr1	61742479	+	PATJ	PATJ
chr11	59669037	-	PATL1	PATL1
chr15	44676888	-	PATL2	PATL2
chr22	31346346	-	PATZ1	PATZ1
chr11	31826566	+	PAUPAR	PAUPAR
chr12	79690580	-	PAWR	PAWR
chr20	21705658	+	PAX1	PAX1
chr10	100735395	+	PAX2	PAX2
chr2	222298998	-	PAX3	PAX3
chr7	127616027	-	PAX4	PAX4
chr9	37034268	-	PAX5	PAX5
chr11	31800661	-	PAX6	PAX6
chr11	31816565	+	PAX6-AS1	PAX6-AS1
chr1	18630845	+	PAX7	PAX7
chr2	113278921	-	PAX8	PAX8
chr2	113235526	+	PAX8-AS1	PAX8-AS1
chr14	36657567	+	PAX9	PAX9
chr21	32771755	-	PAXBP1	PAXBP1
chr21	32728113	+	PAXBP1-AS1	PAXBP1-AS1
chr7	155003124	-	PAXIP1	PAXIP1
chr7	154928516	+	PAXIP1-AS2	PAXIP1-AS2
chr7	155003432	+	PAXIP1-DT	PAXIP1-DT
chr9	136992421	+	PAXX	PAXX
chrX	76172928	+	PBDC1	PBDC1
chr8	27837817	-	PBK	PBK
chr10	68332928	-	PBLD	PBLD
chr6	138218490	-	PBOV1	PBOV1
chr3	52685599	-	PBRM1	PBRM1
chr1	164559183	+	PBX1	PBX1
chr1	164774641	-	PBX1-AS1	PBX1-AS1
chr6	32190202	-	PBX2	PBX2
chr9	125747372	+	PBX3	PBX3
chr19	19618687	-	PBX4	PBX4
chr1	154956099	-	PBXIP1	PBXIP1
chr11	66907953	-	PC	PC
chr9	76764435	+	PCA3	PCA3
chr2	29074523	-	PCARE	PCARE
chr8	127013153	+	PCAT1	PCAT1
chr22	23538101	+	PCAT14	PCAT14
chr18	26703638	-	PCAT18	PCAT18
chr19	41500649	-	PCAT19	PCAT19
chr8	127082221	-	PCAT2	PCAT2
chr15	69592199	+	PCAT29	PCAT29
chr4	79827470	+	PCAT4	PCAT4
chr10	35778301	+	PCAT5	PCAT5
chr1	202810945	+	PCAT6	PCAT6
chr9	94555044	+	PCAT7	PCAT7
chr10	70887881	-	PCBD1	PCBD1
chr5	134905130	+	PCBD2	PCBD2
chr2	70087476	+	PCBP1	PCBP1
chr2	70087015	-	PCBP1-AS1	PCBP1-AS1
chr12	53452101	+	PCBP2	PCBP2
chr12	53464467	+	PCBP2-OT1	PCBP2-OT1
chr21	45643724	+	PCBP3	PCBP3
chr21	45836419	-	PCBP3-AS1	PCBP3-AS1
chr3	51962892	-	PCBP4	PCBP4
chr13	100089014	+	PCCA	PCCA
chr13	100481015	-	PCCA-AS1	PCCA-AS1
chr13	100088943	-	PCCA-DT	PCCA-DT
chr3	136250324	+	PCCB	PCCB
chr5	141866202	-	PCDH1	PCDH1
chr4	133149293	+	PCDH10	PCDH10
chrX	91835460	+	PCDH11X	PCDH11X
chrY	5000295	+	PCDH11Y	PCDH11Y
chr5	141958202	-	PCDH12	PCDH12
chr10	54801231	-	PCDH15	PCDH15
chr13	57631743	+	PCDH17	PCDH17
chr4	137532494	-	PCDH18	PCDH18
chrX	100410273	-	PCDH19	PCDH19
chr13	61415522	-	PCDH20	PCDH20
chr4	30720368	+	PCDH7	PCDH7
chr13	52848640	-	PCDH8	PCDH8
chr13	67230336	-	PCDH9	PCDH9
chr13	66825168	+	PCDH9-AS2	PCDH9-AS2
chr13	66977388	+	PCDH9-AS3	PCDH9-AS3
chr13	66990885	+	PCDH9-AS4	PCDH9-AS4
chr5	140786135	+	PCDHA1	PCDHA1
chr5	140855896	+	PCDHA10	PCDHA10
chr5	140867512	+	PCDHA11	PCDHA11
chr5	140875307	+	PCDHA12	PCDHA12
chr5	140882123	+	PCDHA13	PCDHA13
chr5	140794851	+	PCDHA2	PCDHA2
chr5	140801056	+	PCDHA3	PCDHA3
chr5	140807067	+	PCDHA4	PCDHA4
chr5	140821612	+	PCDHA5	PCDHA5
chr5	140827959	+	PCDHA6	PCDHA6
chr5	140834268	+	PCDHA7	PCDHA7
chr5	140841186	+	PCDHA8	PCDHA8
chr5	140847771	+	PCDHA9	PCDHA9
chr5	140926298	+	PCDHAC1	PCDHAC1
chr5	140966475	+	PCDHAC2	PCDHAC2
chr5	141051373	+	PCDHB1	PCDHB1
chr5	141192352	+	PCDHB10	PCDHB10
chr5	141199626	+	PCDHB11	PCDHB11
chr5	141208718	+	PCDHB12	PCDHB12
chr5	141213918	+	PCDHB13	PCDHB13
chr5	141222325	+	PCDHB14	PCDHB14
chr5	141245394	+	PCDHB15	PCDHB15
chr5	141181689	+	PCDHB16	PCDHB16
chr5	141155998	+	PCDHB17P	PCDHB17P
chr5	141234332	+	PCDHB18P	PCDHB18P
chr5	141240120	+	PCDHB19P	PCDHB19P
chr5	141094614	+	PCDHB2	PCDHB2
chr5	141100472	+	PCDHB3	PCDHB3
chr5	141121817	+	PCDHB4	PCDHB4
chr5	141135205	+	PCDHB5	PCDHB5
chr5	141150056	+	PCDHB6	PCDHB6
chr5	141172643	+	PCDHB7	PCDHB7
chr5	141177789	+	PCDHB8	PCDHB8
chr5	141187160	+	PCDHB9	PCDHB9
chr5	141330684	+	PCDHGA1	PCDHGA1
chr5	141413175	+	PCDHGA10	PCDHGA10
chr5	141421050	+	PCDHGA11	PCDHGA11
chr5	141430506	+	PCDHGA12	PCDHGA12
chr5	141338759	+	PCDHGA2	PCDHGA2
chr5	141343828	+	PCDHGA3	PCDHGA3
chr5	141355020	+	PCDHGA4	PCDHGA4
chr5	141364330	+	PCDHGA5	PCDHGA5
chr5	141373890	+	PCDHGA6	PCDHGA6
chr5	141382741	+	PCDHGA7	PCDHGA7
chr5	141391915	+	PCDHGA8	PCDHGA8
chr5	141402952	+	PCDHGA9	PCDHGA9
chr5	141350260	+	PCDHGB1	PCDHGB1
chr5	141360135	+	PCDHGB2	PCDHGB2
chr5	141370241	+	PCDHGB3	PCDHGB3
chr5	141387697	+	PCDHGB4	PCDHGB4
chr5	141398127	+	PCDHGB5	PCDHGB5
chr5	141408202	+	PCDHGB6	PCDHGB6
chr5	141417676	+	PCDHGB7	PCDHGB7
chr5	141426285	+	PCDHGB8P	PCDHGB8P
chr5	141475965	+	PCDHGC3	PCDHGC3
chr5	141485173	+	PCDHGC4	PCDHGC4
chr5	141489080	+	PCDHGC5	PCDHGC5
chr20	2840655	-	PCED1A	PCED1A
chr12	47079602	+	PCED1B	PCED1B
chr12	47216443	-	PCED1B-AS1	PCED1B-AS1
chr11	83157130	+	PCF11	PCF11
chr11	83187484	-	PCF11-AS1	PCF11-AS1
chr2	192749844	+	PCGEM1	PCGEM1
chr2	74507695	-	PCGF1	PCGF1
chr17	38746628	-	PCGF2	PCGF2
chr4	705831	+	PCGF3	PCGF3
chr10	91163011	+	PCGF5	PCGF5
chr10	103351140	-	PCGF6	PCGF6
chr13	113208669	-	PCID2	PCID2
chr20	45934682	+	PCIF1	PCIF1
chr20	57561109	+	PCK1	PCK1
chr14	24094310	+	PCK2	PCK2
chr15	64381441	-	PCLAF	PCLAF
chr7	83162884	-	PCLO	PCLO
chr8	17922856	+	PCM1	PCM1
chr6	149749694	+	PCMT1	PCMT1
chr8	51899036	-	PCMTD1	PCMTD1
chr20	64255694	+	PCMTD2	PCMTD2
chr20	5119958	-	PCNA	PCNA
chr20	5119585	+	PCNA-AS1	PCNA-AS1
chr4	99161647	-	PCNAP1	PCNAP1
chr3	101574093	+	PCNP	PCNP
chr21	46324155	+	PCNT	PCNT
chr14	70907458	+	PCNX1	PCNX1
chr1	233295725	-	PCNX2	PCNX2
chr11	65616311	+	PCNX3	PCNX3
chr14	60091910	+	PCNX4	PCNX4
chr7	100602362	+	PCOLCE	PCOLCE
chr7	100604038	-	PCOLCE-AS1	PCOLCE-AS1
chr3	142889083	-	PCOLCE2	PCOLCE2
chr13	23888867	+	PCOTH	PCOTH
chr19	7632992	-	PCP2	PCP2
chr21	39867437	+	PCP4	PCP4
chr1	161258744	+	PCP4L1	PCP4L1
chr21	41580474	+	PCSEAT	PCSEAT
chr5	96432159	-	PCSK1	PCSK1
chrX	48835610	-	PCSK1N	PCSK1N
chr20	17226106	+	PCSK2	PCSK2
chr19	1490450	-	PCSK4	PCSK4
chr9	75890643	+	PCSK5	PCSK5
chr15	101489707	-	PCSK6	PCSK6
chr15	101334436	+	PCSK6-AS1	PCSK6-AS1
chr11	117232073	-	PCSK7	PCSK7
chr1	55039547	+	PCSK9	PCSK9
chr17	55751050	+	PCTP	PCTP
chr2	70258136	+	PCYOX1	PCYOX1
chr5	149358045	+	PCYOX1L	PCYOX1L
chr3	196287726	-	PCYT1A	PCYT1A
chrX	24647347	-	PCYT1B	PCYT1B
chrX	24650072	+	PCYT1B-AS1	PCYT1B-AS1
chr17	81911175	-	PCYT2	PCYT2
chr7	99408597	-	PDAP1	PDAP1
chr1	186448724	-	PDC	PDC
chr1	186435160	+	PDC-AS1	PDC-AS1
chr2	241858894	-	PDCD1	PDCD1
chr3	167734842	-	PDCD10	PDCD10
chr10	103396625	+	PDCD11	PDCD11
chr9	5510530	+	PDCD1LG2	PDCD1LG2
chr6	170584637	-	PDCD2	PDCD2
chr19	34404397	+	PDCD2L	PDCD2L
chr10	110871794	+	PDCD4	PDCD4
chr10	110870904	-	PDCD4-AS1	PDCD4-AS1
chr19	32581189	+	PDCD5	PDCD5
chr5	271620	+	PDCD6	PDCD6
chr5	271645	+	PDCD6-AHRR	PDCD6-AHRR
chr3	33798570	+	PDCD6IP	PDCD6IP
chr15	28789833	+	PDCD6IPP2	PDCD6IPP2
chr15	65133808	-	PDCD7	PDCD7
chr9	122828588	-	PDCL	PDCL
chr4	55592245	-	PDCL2	PDCL2
chr2	100562992	+	PDCL3	PDCL3
chr3	101712433	+	PDCL3P4	PDCL3P4
chr6	165662280	-	PDE10A	PDE10A
chr2	177888756	-	PDE11A	PDE11A
chr2	177673321	+	PDE11A-AS1	PDE11A-AS1
chr3	57556273	+	PDE12	PDE12
chr2	182242063	-	PDE1A	PDE1A
chr12	54549392	+	PDE1B	PDE1B
chr7	32070407	-	PDE1C	PDE1C
chr11	72642443	-	PDE2A	PDE2A
chr12	20368536	+	PDE3A	PDE3A
chr11	14643722	+	PDE3B	PDE3B
chr19	10416772	+	PDE4A	PDE4A
chr1	65792509	+	PDE4B	PDE4B
chr1	66050718	-	PDE4B-AS1	PDE4B-AS1
chr19	18224493	-	PDE4C	PDE4C
chr5	58999898	-	PDE4D	PDE4D
chr1	148808341	+	PDE4DIP	PDE4DIP
chr1	148049301	+	PDE4DIPP1	PDE4DIPP1
chr1	120665436	-	PDE4DIPP2	PDE4DIPP2
chr1	121052167	-	PDE4DIPP4	PDE4DIPP4
chr1	148402505	+	PDE4DIPP6	PDE4DIPP6
chr4	119627737	-	PDE5A	PDE5A
chr5	149944793	-	PDE6A	PDE6A
chr4	625572	+	PDE6B	PDE6B
chr10	93612536	+	PDE6C	PDE6C
chr2	231781282	-	PDE6D	PDE6D
chr17	81653714	-	PDE6G	PDE6G
chr12	14973041	+	PDE6H	PDE6H
chr8	65789057	-	PDE7A	PDE7A
chr6	135851700	+	PDE7B	PDE7B
chr15	84980466	+	PDE8A	PDE8A
chr5	77180303	+	PDE8B	PDE8B
chr21	42653620	+	PDE9A	PDE9A
chr16	69330588	-	PDF	PDF
chr7	519844	-	PDGFA	PDGFA
chr22	39240909	-	PDGFB	PDGFB
chr4	156971799	-	PDGFC	PDGFC
chr11	104164147	-	PDGFD	PDGFD
chr4	54229292	+	PDGFRA	PDGFRA
chr5	150155845	-	PDGFRB	PDGFRB
chr8	17576432	+	PDGFRL	PDGFRL
chrX	19343926	+	PDHA1	PDHA1
chr4	95840092	+	PDHA2	PDHA2
chr3	58433832	-	PDHB	PDHB
chr11	34916129	+	PDHX	PDHX
chr16	283163	+	PDIA2	PDIA2
chr15	43746437	+	PDIA3	PDIA3
chr1	147177850	+	PDIA3P1	PDIA3P1
chr7	149025309	-	PDIA4	PDIA4
chr3	123067024	+	PDIA5	PDIA5
chr2	10812785	-	PDIA6	PDIA6
chr1	26111164	+	PDIK1L	PDIK1L
chr16	20404737	-	PDILT	PDILT
chr2	172555372	+	PDK1	PDK1
chr17	50094736	+	PDK2	PDK2
chrX	24465285	+	PDK3	PDK3
chr7	95596516	-	PDK4	PDK4
chr10	95291003	-	PDLIM1	PDLIM1
chr8	22578740	+	PDLIM2	PDLIM2
chr4	185535507	-	PDLIM3	PDLIM3
chr5	132257657	+	PDLIM4	PDLIM4
chr4	94451856	+	PDLIM5	PDLIM5
chr5	177497604	-	PDLIM7	PDLIM7
chr8	93916922	+	PDP1	PDP1
chr16	66880514	+	PDP2	PDP2
chr16	2538020	+	PDPK1	PDPK1
chr1	13583756	+	PDPN	PDPN
chr16	70113625	+	PDPR	PDPR
chr20	31952046	-	PDRG1	PDRG1
chr4	39977911	-	PDS5A	PDS5A
chr13	32586451	+	PDS5B	PDS5B
chr10	26697423	+	PDSS1	PDSS1
chr6	107459564	-	PDSS2	PDSS2
chr13	27919999	+	PDX1	PDX1
chr16	14974734	+	PDXDC1	PDXDC1
chr16	70065948	-	PDXDC2P-NPIPB14P	PDXDC2P-NPIPB14P
chr21	43719128	+	PDXK	PDXK
chr22	37658722	+	PDXP	PDXP
chr22	37658377	-	PDXP-DT	PDXP-DT
chr20	1992806	-	PDYN	PDYN
chr20	1947209	+	PDYN-AS1	PDYN-AS1
chrX	70289860	-	PDZD11	PDZD11
chr5	31639130	+	PDZD2	PDZD2
chr11	119185474	+	PDZD3	PDZD3
chrX	153829959	-	PDZD4	PDZD4
chr10	101031129	-	PDZD7	PDZD7
chr10	117375440	-	PDZD8	PDZD8
chr16	22001116	-	PDZD9	PDZD9
chr1	145707368	-	PDZK1	PDZK1
chr1	47190036	-	PDZK1IP1	PDZK1IP1
chr1	148014956	-	PDZK1P1	PDZK1P1
chr3	73433995	-	PDZRN3	PDZRN3
chr3	73623567	+	PDZRN3-AS1	PDZRN3-AS1
chr12	41188319	+	PDZRN4	PDZRN4
chr1	160205383	+	PEA15	PEA15
chr15	77420104	-	PEAK1	PEAK1
chr19	2282175	-	PEAK3	PEAK3
chr1	156893717	+	PEAR1	PEAR1
chr12	118136123	+	PEBP1	PEBP1
chr8	22927914	-	PEBP4	PEBP4
chr17	64390860	-	PECAM1	PECAM1
chr2	216081809	-	PECR	PECR
chr20	50153723	-	PEDS1	PEDS1
chr20	50153723	-	PEDS1-UBE2V1	PEDS1-UBE2V1
chr1	31644617	-	PEF1	PEF1
chr7	94656324	+	PEG10	PEG10
chr8	140100535	-	PEG13	PEG13
chr19	56837808	-	PEG3	PEG3
chr19	56812479	+	PEG3-AS1	PEG3-AS1
chr20	50267485	+	PELATON	PELATON
chr2	64144420	-	PELI1	PELI1
chr14	56118410	+	PELI2	PELI2
chr11	66466326	+	PELI3	PELI3
chr5	52787915	+	PELO	PELO
chr17	4704137	-	PELP1	PELP1
chr17	17577496	-	PEMT	PEMT
chr8	56446641	-	PENK	PENK
chr19	33521791	-	PEPD	PEPD
chr17	8152404	-	PER1	PER1
chr2	238288610	-	PER2	PER2
chr1	7784290	+	PER3	PER3
chr7	9634269	+	PER3P1	PER3P1
chr16	1431077	+	PERCC1	PERCC1
chr1	981173	-	PERM1	PERM1
chr6	138107419	-	PERP	PERP
chr22	30591910	-	PES1	PES1
chr19	7629792	+	PET100	PET100
chr20	18137862	+	PET117	PET117
chr7	92528520	-	PEX1	PEX1
chr1	2412564	-	PEX10	PEX10
chr15	89690754	-	PEX11A	PEX11A
chr1	145918458	-	PEX11B	PEX11B
chr19	7489035	-	PEX11G	PEX11G
chr17	35578571	-	PEX12	PEX12
chr2	61017719	+	PEX13	PEX13
chr1	10474949	+	PEX14	PEX14
chr11	45917877	-	PEX16	PEX16
chr1	160285133	-	PEX19	PEX19
chr8	77000078	-	PEX2	PEX2
chr22	18077989	+	PEX26	PEX26
chr6	143450804	+	PEX3	PEX3
chr12	7188652	+	PEX5	PEX5
chr3	179974225	-	PEX5L	PEX5L
chr3	179898193	+	PEX5L-AS2	PEX5L-AS2
chr6	42979181	-	PEX6	PEX6
chr6	136822591	+	PEX7	PEX7
chr4	73982027	-	PF4	PF4
chr4	73853295	+	PF4V1	PF4V1
chr17	8249288	+	PFAS	PFAS
chr5	140303101	-	PFDN1	PFDN1
chr1	161118037	-	PFDN2	PFDN2
chr20	54208086	+	PFDN4	PFDN4
chr12	53295450	+	PFDN5	PFDN5
chr6	33289596	+	PFDN6	PFDN6
chrX	54994188	-	PFKFB1	PFKFB1
chr1	207053274	+	PFKFB2	PFKFB2
chr10	6144920	+	PFKFB3	PFKFB3
chr3	48556803	-	PFKFB4	PFKFB4
chr21	44300052	+	PFKL	PFKL
chr12	48105252	+	PFKM	PFKM
chr10	3067547	+	PFKP	PFKP
chr17	4948530	-	PFN1	PFN1
chr1	120434109	-	PFN1P2	PFN1P2
chr3	149970895	-	PFN2	PFN2
chr5	177400661	-	PFN3	PFN3
chr2	24123334	-	PFN4	PFN4
chr11	61203514	+	PGA3	PGA3
chr11	61222348	+	PGA4	PGA4
chr11	61241174	+	PGA5	PGA5
chr10	97426190	+	PGAM1	PGAM1
chr12	95649254	+	PGAM1P5	PGAM1P5
chr7	44065567	-	PGAM2	PGAM2
chrX	77969638	-	PGAM4	PGAM4
chr12	132710841	+	PGAM5	PGAM5
chr2	196926707	-	PGAP1	PGAP1
chr11	3797723	+	PGAP2	PGAP2
chr17	39688057	-	PGAP3	PGAP3
chr9	101486468	-	PGAP4	PGAP4
chr16	381978	-	PGAP6	PGAP6
chr6	28281536	+	PGBD1	PGBD1
chr1	248906234	+	PGBD2	PGBD2
chr10	49524281	-	PGBD3	PGBD3
chr15	34102082	+	PGBD4	PGBD4
chr1	230426332	-	PGBD5	PGBD5
chr1	111389851	-	PGBP	PGBP
chr6	41747397	-	PGC	PGC
chr1	10399063	+	PGD	PGD
chr14	74955764	-	PGF	PGF
chr11	289125	+	PGGHG	PGGHG
chr5	115262877	-	PGGT1B	PGGT1B
chrX	78104247	+	PGK1	PGK1
chr6	49787285	-	PGK2	PGK2
chr19	17511648	+	PGLS	PGLS
chr19	46023053	-	PGLYRP1	PGLYRP1
chr19	15479501	-	PGLYRP2	PGLYRP2
chr1	153312952	-	PGLYRP3	PGLYRP3
chr1	153348841	-	PGLYRP4	PGLYRP4
chr1	63593410	+	PGM1	PGM1
chr4	37826685	+	PGM2	PGM2
chr11	74398433	-	PGM2L1	PGM2L1
chr6	83193265	-	PGM3	PGM3
chr9	68356610	+	PGM5	PGM5
chr9	68357866	-	PGM5-AS1	PGM5-AS1
chr9	41074625	-	PGM5P2	PGM5P2
chr9	72689	+	PGM5P3-AS1	PGM5P3-AS1
chr2	113539513	+	PGM5P4	PGM5P4
chr2	113542690	-	PGM5P4-AS1	PGM5P4-AS1
chr16	2214840	-	PGP	PGP
chr19	18340597	+	PGPEP1	PGPEP1
chr15	99005656	-	PGPEP1L	PGPEP1L
chr11	101129063	-	PGR	PGR
chr11	101129076	+	PGR-AS1	PGR-AS1
chrX	119236244	+	PGRMC1	PGRMC1
chr4	128287813	-	PGRMC2	PGRMC2
chr17	78378648	+	PGS1	PGS1
chr6	12716766	+	PHACTR1	PHACTR1
chr6	143608179	+	PHACTR2	PHACTR2
chr6	143562051	-	PHACTR2-AS1	PHACTR2-AS1
chr20	59577508	+	PHACTR3	PHACTR3
chr20	59628289	-	PHACTR3-AS1	PHACTR3-AS1
chr1	28369739	+	PHACTR4	PHACTR4
chr5	126600946	+	PHAX	PHAX
chr17	49414858	-	PHB	PHB
chr12	6970664	-	PHB2	PHB2
chr12	8914508	+	PHC1	PHC1
chr1	33349899	-	PHC2	PHC2
chr1	33350351	+	PHC2-AS1	PHC2-AS1
chr3	170181733	-	PHC3	PHC3
chr12	111369095	-	PHETA1	PHETA1
chr22	42074247	+	PHETA2	PHETA2
chrX	22032324	+	PHEX	PHEX
chrX	22172983	-	PHEX-AS1	PHEX-AS1
chr6	33411013	+	PHF1	PHF1
chr6	169724500	-	PHF10	PHF10
chr13	49495952	+	PHF11	PHF11
chr17	28951518	-	PHF12	PHF12
chr1	6613730	+	PHF13	PHF13
chr7	10973871	+	PHF14	PHF14
chr9	120868911	-	PHF19	PHF19
chr9	93576583	+	PHF2	PHF2
chr20	35772014	+	PHF20	PHF20
chr8	132775357	+	PHF20L1	PHF20L1
chr11	46120819	-	PHF21A	PHF21A
chr22	45008903	-	PHF21B	PHF21B
chr17	7238930	-	PHF23	PHF23
chr9	34957486	+	PHF24	PHF24
chr6	63635801	+	PHF3	PHF3
chr22	41468692	-	PHF5A	PHF5A
chrX	134373311	+	PHF6	PHF6
chr3	52410659	+	PHF7	PHF7
chrX	54043147	-	PHF8	PHF8
chr1	119711933	+	PHGDH	PHGDH
chr15	40351032	+	PHGR1	PHGR1
chr6	79078254	-	PHIP	PHIP
chrX	72714181	-	PHKA1	PHKA1
chrX	72688948	+	PHKA1-AS1	PHKA1-AS1
chrX	18984114	-	PHKA2	PHKA2
chrX	18890295	+	PHKA2-AS1	PHKA2-AS1
chr16	47461298	+	PHKB	PHKB
chr7	56092952	-	PHKG1	PHKG1
chr16	30748298	+	PHKG2	PHKG2
chr12	76031776	-	PHLDA1	PHLDA1
chr11	2929420	-	PHLDA2	PHLDA2
chr1	201469171	-	PHLDA3	PHLDA3
chr11	118606435	+	PHLDB1	PHLDB1
chr3	111732495	+	PHLDB2	PHLDB2
chr19	43504833	-	PHLDB3	PHLDB3
chr18	62715540	+	PHLPP1	PHLPP1
chr16	71715840	-	PHLPP2	PHLPP2
chr17	49230766	-	PHOSPHO1	PHOSPHO1
chr2	169694453	+	PHOSPHO2	PHOSPHO2
chr2	169694468	+	PHOSPHO2-KLHL23	PHOSPHO2-KLHL23
chr11	72244176	-	PHOX2A	PHOX2A
chr4	41748725	-	PHOX2B	PHOX2B
chr9	136849408	+	PHPT1	PHPT1
chr11	576469	+	PHRF1	PHRF1
chr1	113759155	-	PHTF1	PHTF1
chr7	77798772	+	PHTF2	PHTF2
chr10	13299746	-	PHYH	PHYH
chr9	128920981	+	PHYHD1	PHYHD1
chr8	22232099	-	PHYHIP	PHYHIP
chr10	59176642	+	PHYHIPL	PHYHIPL
chr5	178232802	-	PHYKPL	PHYKPL
chr8	74824533	+	PI15	PI15
chr6	36948262	+	PI16	PI16
chr20	45174901	+	PI3	PI3
chr10	97640685	+	PI4K2A	PI4K2A
chr4	25234032	+	PI4K2B	PI4K2B
chr22	20858811	-	PI4KA	PI4KA
chr22	18548828	-	PI4KAP1	PI4KAP1
chr22	21517491	-	PI4KAP2	PI4KAP2
chr1	151327416	-	PI4KB	PI4KB
chr12	6700415	-	PIANP	PIANP
chr15	68054314	+	PIAS1	PIAS1
chr18	46917507	-	PIAS2	PIAS2
chr1	145859081	-	PIAS3	PIAS3
chr19	4007735	+	PIAS4	PIAS4
chr13	72782132	+	PIBF1	PIBF1
chr11	86069084	-	PICALM	PICALM
chr17	50055739	-	PICART1	PICART1
chr22	38057254	+	PICK1	PICK1
chr21	45004727	-	PICSAR	PICSAR
chr2	229232092	-	PID1	PID1
chr11	805231	-	PIDD1	PIDD1
chr16	88785220	-	PIEZO1	PIEZO1
chr18	11149569	-	PIEZO2	PIEZO2
chr15	64825647	-	PIF1	PIF1
chr1	111346559	+	PIFO	PIFO
chrX	15335523	-	PIGA	PIGA
chr15	55319221	+	PIGB	PIGB
chr15	55319123	-	PIGBOS1	PIGBOS1
chr1	172444069	-	PIGC	PIGC
chr2	46617041	-	PIGF	PIGF
chr4	499199	+	PIGG	PIGG
chr14	67600268	-	PIGH	PIGH
chr1	77219430	-	PIGK	PIGK
chr17	16217209	+	PIGL	PIGL
chr1	160031990	-	PIGM	PIGM
chr18	62187056	-	PIGN	PIGN
chr9	35096549	-	PIGO	PIGO
chr21	37072803	-	PIGP	PIGP
chr16	569967	+	PIGQ	PIGQ
chr1	206946466	-	PIGR	PIGR
chr17	28571524	-	PIGS	PIGS
chr20	45416140	+	PIGT	PIGT
chr20	34677092	-	PIGU	PIGU
chr1	26787053	+	PIGV	PIGV
chr17	36534761	+	PIGW	PIGW
chr3	196712376	+	PIGX	PIGX
chr4	88523776	-	PIGY	PIGY
chr4	88523809	+	PIGY-DT	PIGY-DT
chr3	196968833	-	PIGZ	PIGZ
chr19	49451814	-	PIH1D1	PIH1D1
chr11	112074171	-	PIH1D2	PIH1D2
chr10	96720514	-	PIK3AP1	PIK3AP1
chr11	17207986	-	PIK3C2A	PIK3C2A
chr1	204494805	-	PIK3C2B	PIK3C2B
chr12	18261517	+	PIK3C2G	PIK3C2G
chr18	41955233	+	PIK3C3	PIK3C3
chr3	179148356	+	PIK3CA	PIK3CA
chr3	138707621	-	PIK3CB	PIK3CB
chr1	9651730	+	PIK3CD	PIK3CD
chr1	9654586	-	PIK3CD-AS1	PIK3CD-AS1
chr1	9687574	-	PIK3CD-AS2	PIK3CD-AS2
chr7	106865281	+	PIK3CG	PIK3CG
chr22	31292488	-	PIK3IP1	PIK3IP1
chr22	31335348	+	PIK3IP1-DT	PIK3IP1-DT
chr5	68215755	+	PIK3R1	PIK3R1
chr19	18153162	+	PIK3R2	PIK3R2
chr1	46130673	-	PIK3R3	PIK3R3
chr3	130746829	-	PIK3R4	PIK3R4
chr17	8912517	-	PIK3R5	PIK3R5
chr17	8867674	-	PIK3R6	PIK3R6
chr2	208266254	+	PIKFYVE	PIKFYVE
chr7	100373486	+	PILRA	PILRA
chr7	100358002	+	PILRB	PILRB
chr6	37170151	+	PIM1	PIM1
chrX	48919024	-	PIM2	PIM2
chr22	49960771	+	PIM3	PIM3
chr17	6444454	+	PIMREG	PIMREG
chr19	9835206	+	PIN1	PIN1
chr1	69919321	+	PIN1P1	PIN1P1
chrX	72181675	+	PIN4	PIN4
chr15	43878171	-	PIN4P1	PIN4P1
chrX	43176993	+	PINCR	PINCR
chr1	20633457	+	PINK1	PINK1
chr1	20652193	-	PINK1-AS	PINK1-AS
chr19	43576799	+	PINLYP	PINLYP
chr8	10839875	-	PINX1	PINX1
chr7	143132076	+	PIP	PIP
chr10	22714108	-	PIP4K2A	PIP4K2A
chr17	38799905	-	PIP4K2B	PIP4K2B
chr12	57591191	+	PIP4K2C	PIP4K2C
chr14	20461434	-	PIP4P1	PIP4P1
chr8	91040859	-	PIP4P2	PIP4P2
chr1	151198551	+	PIP5K1A	PIP5K1A
chr9	68705239	+	PIP5K1B	PIP5K1B
chr19	3700468	-	PIP5K1C	PIP5K1C
chr6	7986101	+	PIP5K1P1	PIP5K1P1
chr9	127927491	-	PIP5KL1	PIP5KL1
chr17	29043140	+	PIPOX	PIPOX
chr10	93961915	-	PIPSL	PIPSL
chrX	15493333	-	PIR	PIR
chrX	15491309	-	PIR-FIGF	PIR-FIGF
chr17	10838087	-	PIRT	PIRT
chr22	31630824	-	PISD	PISD
chr3	139233522	-	PISRT1	PISRT1
chr1	23778417	+	PITHD1	PITHD1
chr17	1562792	-	PITPNA	PITPNA
chr17	1516918	+	PITPNA-AS1	PITPNA-AS1
chr22	27919214	-	PITPNB	PITPNB
chr17	67377280	+	PITPNC1	PITPNC1
chr11	67505363	-	PITPNM1	PITPNM1
chr12	123105516	-	PITPNM2	PITPNM2
chr12	123081383	+	PITPNM2-AS1	PITPNM2-AS1
chr17	6556555	-	PITPNM3	PITPNM3
chr10	3172716	-	PITRM1	PITRM1
chr10	3141600	+	PITRM1-AS1	PITRM1-AS1
chr5	135034228	-	PITX1	PITX1
chr4	110623077	-	PITX2	PITX2
chr10	102241512	-	PITX3	PITX3
chr12	130337886	+	PIWIL1	PIWIL1
chr8	22275315	+	PIWIL2	PIWIL2
chr22	24774720	-	PIWIL3	PIWIL3
chr11	94567367	+	PIWIL4	PIWIL4
chrX	69165453	-	PJA1	PJA1
chr5	109409974	-	PJA2	PJA2
chr2	178451377	+	PJVK	PJVK
chr16	2135898	-	PKD1	PKD1
chr7	47948466	-	PKD1L1	PKD1L1
chr16	81181331	-	PKD1L2	PKD1L2
chr16	71999978	-	PKD1L3	PKD1L3
chr16	16317608	+	PKD1P1	PKD1P1
chr16	14911761	+	PKD1P3-NPIPA1	PKD1P3-NPIPA1
chr16	16316221	+	PKD1P4-NPIPA8	PKD1P4-NPIPA8
chr16	18401925	-	PKD1P5-LOC105376752	PKD1P5-LOC105376752
chr16	15131601	-	PKD1P6-NPIPP1	PKD1P6-NPIPP1
chr4	88007634	+	PKD2	PKD2
chr10	100330228	-	PKD2L1	PKD2L1
chr5	137889456	+	PKD2L2	PKD2L2
chr2	42048020	+	PKDCC	PKDCC
chr22	46263343	-	PKDREJ	PKDREJ
chr6	52087613	-	PKHD1	PKHD1
chr8	109362460	+	PKHD1L1	PKHD1L1
chr8	78516339	+	PKIA	PKIA
chr8	78558503	-	PKIA-AS1	PKIA-AS1
chr6	122471916	+	PKIB	PKIB
chr20	44531780	+	PKIG	PKIG
chr1	155300952	-	PKLR	PKLR
chr15	72229911	-	PKM	PKM
chr16	2980446	-	PKMYT1	PKMYT1
chr19	14433305	+	PKN1	PKN1
chr1	88684143	+	PKN2	PKN2
chr1	88685204	-	PKN2-AS1	PKN2-AS1
chr9	128702502	+	PKN3	PKN3
chr21	42974509	+	PKNOX1	PKNOX1
chr11	125164750	+	PKNOX2	PKNOX2
chr11	125164609	-	PKNOX2-AS1	PKNOX2-AS1
chr1	201283451	+	PKP1	PKP1
chr12	32896777	-	PKP2	PKP2
chr11	392595	+	PKP3	PKP3
chr2	158456951	+	PKP4	PKP4
chr2	158735002	-	PKP4-AS1	PKP4-AS1
chr3	119597847	+	PLA1A	PLA1A
chr16	14694308	-	PLA2G10	PLA2G10
chr4	109730070	-	PLA2G12A	PLA2G12A
chr10	72954806	-	PLA2G12B	PLA2G12B
chr16	68245372	+	PLA2G15	PLA2G15
chr12	120327779	-	PLA2G1B	PLA2G1B
chr1	19979659	-	PLA2G2A	PLA2G2A
chr1	20186486	-	PLA2G2C	PLA2G2C
chr1	20119536	-	PLA2G2D	PLA2G2D
chr1	19923617	-	PLA2G2E	PLA2G2E
chr1	20139322	+	PLA2G2F	PLA2G2F
chr22	31140508	-	PLA2G3	PLA2G3
chr1	186828948	+	PLA2G4A	PLA2G4A
chr15	41838812	+	PLA2G4B	PLA2G4B
chr19	48110817	-	PLA2G4C	PLA2G4C
chr19	48061370	+	PLA2G4C-AS1	PLA2G4C-AS1
chr15	42094562	-	PLA2G4D	PLA2G4D
chr15	42050703	-	PLA2G4E	PLA2G4E
chr15	41972762	+	PLA2G4E-AS1	PLA2G4E-AS1
chr15	42156636	-	PLA2G4F	PLA2G4F
chr1	20070193	+	PLA2G5	PLA2G5
chr22	38181830	-	PLA2G6	PLA2G6
chr6	46735375	-	PLA2G7	PLA2G7
chr2	160062615	-	PLA2R1	PLA2R1
chr9	26947242	-	PLAA	PLAA
chr3	193241221	+	PLAAT1	PLAAT1
chr11	63563379	-	PLAAT2	PLAAT2
chr11	63614437	-	PLAAT3	PLAAT3
chr11	63536807	+	PLAAT4	PLAAT4
chr11	63491167	-	PLAAT5	PLAAT5
chrX	134658471	-	PLAC1	PLAC1
chr21	41185239	-	PLAC4	PLAC4
chr4	83109889	-	PLAC8	PLAC8
chr5	146105577	-	PLAC8L1	PLAC8L1
chr10	80131660	+	PLAC9	PLAC9
chr2	129934317	-	PLAC9P1	PLAC9P1
chr8	56211273	-	PLAG1	PLAG1
chr6	143961410	-	PLAGL1	PLAGL1
chr20	32207743	-	PLAGL2	PLAGL2
chr8	42207565	-	PLAT	PLAT
chr10	73911131	+	PLAU	PLAU
chr19	43670169	-	PLAUR	PLAUR
chr2	28496059	+	PLB1	PLB1
chr12	14567883	-	PLBD1	PLBD1
chr12	14567731	+	PLBD1-AS1	PLBD1-AS1
chr12	113358586	+	PLBD2	PLBD2
chr20	8132265	+	PLCB1	PLCB1
chr20	8248703	+	PLCB1-IT1	PLCB1-IT1
chr15	40307935	-	PLCB2	PLCB2
chr11	64251529	+	PLCB3	PLCB3
chr20	9068677	+	PLCB4	PLCB4
chr3	38024520	-	PLCD1	PLCD1
chr17	45132515	-	PLCD3	PLCD3
chr2	218607898	+	PLCD4	PLCD4
chr10	93993930	+	PLCE1	PLCE1
chr10	94287070	-	PLCE1-AS1	PLCE1-AS1
chr10	94108794	-	PLCE1-AS2	PLCE1-AS2
chr20	41137542	+	PLCG1	PLCG1
chr20	41138000	-	PLCG1-AS1	PLCG1-AS1
chr16	81779290	+	PLCG2	PLCG2
chr3	155676343	-	PLCH1	PLCH1
chr3	155485802	+	PLCH1-AS2	PLCH1-AS2
chr1	2467450	+	PLCH2	PLCH2
chr2	197804592	+	PLCL1	PLCL1
chr3	16884954	+	PLCL2	PLCL2
chrX	276355	+	PLCXD1	PLCXD1
chr3	111674675	+	PLCXD2	PLCXD2
chr3	111677433	-	PLCXD2-AS1	PLCXD2-AS1
chr5	41510601	-	PLCXD3	PLCXD3
chr12	18737509	-	PLCZ1	PLCZ1
chr3	171810483	-	PLD1	PLD1
chr17	4807151	+	PLD2	PLD2
chr19	40348424	+	PLD3	PLD3
chr14	104924878	+	PLD4	PLD4
chr1	242449468	-	PLD5	PLD5
chr17	17206333	-	PLD6	PLD6
chr8	143939597	-	PLEC	PLEC
chr2	68365281	+	PLEK	PLEK
chr14	67412165	-	PLEK2	PLEK2
chr10	122374707	+	PLEKHA1	PLEKHA1
chr8	38901345	+	PLEKHA2	PLEKHA2
chr2	178480456	+	PLEKHA3	PLEKHA3
chr19	48868617	-	PLEKHA4	PLEKHA4
chr12	19129732	+	PLEKHA5	PLEKHA5
chr1	204359929	-	PLEKHA6	PLEKHA6
chr11	17014414	-	PLEKHA7	PLEKHA7
chr7	30028360	+	PLEKHA8	PLEKHA8
chr12	45216006	-	PLEKHA8P1	PLEKHA8P1
chr11	73646580	+	PLEKHB1	PLEKHB1
chr2	131104846	+	PLEKHB2	PLEKHB2
chr14	69484727	+	PLEKHD1	PLEKHD1
chr19	29665460	+	PLEKHF1	PLEKHF1
chr8	95133784	+	PLEKHF2	PLEKHF2
chr6	150599884	+	PLEKHG1	PLEKHG1
chr19	39412668	+	PLEKHG2	PLEKHG2
chr14	64704423	+	PLEKHG3	PLEKHG3
chr16	67278161	+	PLEKHG4	PLEKHG4
chr5	92167	+	PLEKHG4B	PLEKHG4B
chr1	6485469	-	PLEKHG5	PLEKHG5
chr12	6310331	+	PLEKHG6	PLEKHG6
chr12	92702842	+	PLEKHG7	PLEKHG7
chr14	67533289	+	PLEKHH1	PLEKHH1
chr2	43637259	+	PLEKHH2	PLEKHH2
chr17	42676011	-	PLEKHH3	PLEKHH3
chr19	2236329	-	PLEKHJ1	PLEKHJ1
chr17	45490721	-	PLEKHM1	PLEKHM1
chr17	64837184	-	PLEKHM1P1	PLEKHM1P1
chr1	15684319	+	PLEKHM2	PLEKHM2
chr2	208025527	-	PLEKHM3	PLEKHM3
chr1	966481	+	PLEKHN1	PLEKHN1
chr1	150149433	+	PLEKHO1	PLEKHO1
chr15	64841882	+	PLEKHO2	PLEKHO2
chr10	113751681	+	PLEKHS1	PLEKHS1
chr11	112260860	-	PLET1	PLET1
chr6	160702192	+	PLG	PLG
chr2	106382113	+	PLGLA	PLGLA
chr2	87021844	-	PLGLB1	PLGLB1
chr2	87021850	-	PLGLB2	PLGLB2
chr9	5437925	-	PLGRKT	PLGRKT
chr15	89679367	-	PLIN1	PLIN1
chr9	19127492	-	PLIN2	PLIN2
chr19	4867667	-	PLIN3	PLIN3
chr19	4518486	-	PLIN4	PLIN4
chr19	4535224	-	PLIN5	PLIN5
chr16	23678888	+	PLK1	PLK1
chr5	58460086	-	PLK2	PLK2
chr1	44800376	+	PLK3	PLK3
chr4	127880892	+	PLK4	PLK4
chr19	1524076	+	PLK5	PLK5
chr16	57284672	-	PLLP	PLLP
chr6	118548295	+	PLN	PLN
chr1	11934716	+	PLOD1	PLOD1
chr3	146161184	-	PLOD2	PLOD2
chr7	101217581	-	PLOD3	PLOD3
chrX	103776505	+	PLP1	PLP1
chrX	49171897	+	PLP2	PLP2
chr8	37762545	+	PLPBP	PLPBP
chr5	55534964	-	PLPP1	PLPP1
chr19	291139	-	PLPP2	PLPP2
chr1	56579563	-	PLPP3	PLPP3
chr10	120456953	+	PLPP4	PLPP4
chr8	38269220	-	PLPP5	PLPP5
chr9	4662293	+	PLPP6	PLPP6
chr9	131289722	+	PLPP7	PLPP7
chr9	101028726	+	PLPPR1	PLPPR1
chr19	11355431	+	PLPPR2	PLPPR2
chr19	821952	-	PLPPR3	PLPPR3
chr1	99264291	+	PLPPR4	PLPPR4
chr1	99004861	-	PLPPR5	PLPPR5
chr4	154550400	-	PLRG1	PLRG1
chr3	142596392	+	PLS1	PLS1
chrX	115561173	+	PLS3	PLS3
chrX	115562731	-	PLS3-AS1	PLS3-AS1
chr3	146544555	-	PLSCR1	PLSCR1
chr3	146469301	-	PLSCR2	PLSCR2
chr17	7394525	-	PLSCR3	PLSCR3
chr3	146250615	-	PLSCR4	PLSCR4
chr3	146606216	-	PLSCR5	PLSCR5
chr20	45910994	-	PLTP	PLTP
chr13	27917291	-	PLUT	PLUT
chr19	17377342	-	PLVAP	PLVAP
chr17	39151637	-	PLXDC1	PLXDC1
chr10	19816431	+	PLXDC2	PLXDC2
chr3	126988593	+	PLXNA1	PLXNA1
chr1	208244384	-	PLXNA2	PLXNA2
chrX	154458280	+	PLXNA3	PLXNA3
chr7	132576470	-	PLXNA4	PLXNA4
chr3	48429463	-	PLXNB1	PLXNB1
chr22	50300335	-	PLXNB2	PLXNB2
chrX	153764195	+	PLXNB3	PLXNB3
chr12	94148576	+	PLXNC1	PLXNC1
chr3	129606676	-	PLXND1	PLXND1
chr1	205850132	-	PM20D1	PM20D1
chr6	89146054	+	PM20D2	PM20D2
chr18	59899995	+	PMAIP1	PMAIP1
chr12	102197833	-	PMCH	PMCH
chr5	22142351	+	PMCHL1	PMCHL1
chr5	71375784	+	PMCHL2	PMCHL2
chr12	55966042	-	PMEL	PMEL
chr20	57690686	-	PMEPA1	PMEPA1
chr1	156212987	+	PMF1	PMF1
chr1	156212987	+	PMF1-BGLAP	PMF1-BGLAP
chr16	72172155	-	PMFBP1	PMFBP1
chr15	73994672	+	PML	PML
chr22	41589840	-	PMM1	PMM1
chr16	8797838	+	PMM2	PMM2
chr8	81447439	-	PMP2	PMP2
chr17	15260820	-	PMP22	PMP22
chr9	136410572	+	PMPCA	PMPCA
chr7	103297434	+	PMPCB	PMPCB
chr2	189784084	+	PMS1	PMS1
chr7	6009049	-	PMS2	PMS2
chr7	6735304	+	PMS2CL	PMS2CL
chr7	100336307	-	PMS2P1	PMS2P1
chr7	75358997	-	PMS2P2	PMS2P2
chr7	75528123	-	PMS2P3	PMS2P3
chr7	67302442	-	PMS2P4	PMS2P4
chr7	74890767	+	PMS2P5	PMS2P5
chr7	73006079	+	PMS2P7	PMS2P7
chr7	77039479	+	PMS2P9	PMS2P9
chr1	154936719	-	PMVK	PMVK
chrX	153673288	-	PNCK	PNCK
chr6	99425308	-	PNISR	PNISR
chr2	218270518	+	PNKD	PNKD
chr19	49867576	-	PNKP	PNKP
chr6	98831700	-	PNKY	PNKY
chr6	159800248	+	PNLDC1	PNLDC1
chr10	116545930	+	PNLIP	PNLIP
chr10	116590958	+	PNLIPRP1	PNLIPRP1
chr10	116620952	+	PNLIPRP2	PNLIPRP2
chr10	116427846	+	PNLIPRP3	PNLIPRP3
chr14	73714384	-	PNMA1	PNMA1
chr8	26513872	-	PNMA2	PNMA2
chrX	153056469	+	PNMA3	PNMA3
chrX	152992213	-	PNMA5	PNMA5
chrX	153072453	+	PNMA6A	PNMA6A
chrX	153400696	-	PNMA6E	PNMA6E
chrX	153321767	-	PNMA6F	PNMA6F
chr19	46471563	-	PNMA8A	PNMA8A
chr19	46495867	-	PNMA8B	PNMA8B
chr17	39668018	+	PNMT	PNMT
chr14	39175253	+	PNN	PNN
chr2	68157829	+	PNO1	PNO1
chr8	28317267	+	PNOC	PNOC
chr14	20469405	+	PNP	PNP
chr6	36243167	+	PNPLA1	PNPLA1
chr11	818913	+	PNPLA2	PNPLA2
chr22	43923804	+	PNPLA3	PNPLA3
chrX	7927413	-	PNPLA4	PNPLA4
chr22	43892013	-	PNPLA5	PNPLA5
chr19	7534163	+	PNPLA6	PNPLA6
chr9	137550402	-	PNPLA7	PNPLA7
chr7	108526135	-	PNPLA8	PNPLA8
chr17	47941570	+	PNPO	PNPO
chr2	55693844	-	PNPT1	PNPT1
chr6	89080750	+	PNRC1	PNRC1
chr1	23959827	+	PNRC2	PNRC2
chr3	52154423	-	POC1A	POC1A
chr12	89525430	-	POC1B	POC1B
chr12	89525569	+	POC1B-AS1	POC1B-AS1
chr12	89526047	-	POC1B-GALNT4	POC1B-GALNT4
chr5	75712455	-	POC5	POC5
chr1	53062212	+	PODN	PODN
chr19	13938417	-	PODNL1	PODNL1
chr7	131556628	-	PODXL	PODXL
chr3	127629184	+	PODXL2	PODXL2
chrX	85379665	-	POF1B	POF1B
chr20	32207879	+	POFUT1	POFUT1
chr21	45287895	-	POFUT2	POFUT2
chr1	166839474	+	POGK	POGK
chr3	119468962	+	POGLUT1	POGLUT1
chr13	102798976	-	POGLUT2	POGLUT2
chr11	108498384	-	POGLUT3	POGLUT3
chr1	151442205	-	POGZ	POGZ
chrX	24693917	+	POLA1	POLA1
chr11	65261961	+	POLA2	POLA2
chr8	42338493	+	POLB	POLB
chr19	50384322	+	POLD1	POLD1
chr7	44123508	-	POLD2	POLD2
chr11	74592581	+	POLD3	POLD3
chr11	67353546	-	POLD4	POLD4
chr17	28357527	-	POLDIP2	POLDIP2
chr22	42614883	-	POLDIP3	POLDIP3
chr12	132687342	-	POLE	POLE
chr14	49688214	-	POLE2	POLE2
chr9	113410675	-	POLE3	POLE3
chr2	74958642	+	POLE4	POLE4
chr15	89334824	-	POLG	POLG
chr17	64497054	-	POLG2	POLG2
chr6	43576184	+	POLH	POLH
chr18	54269478	+	POLI	POLI
chr5	75511749	+	POLK	POLK
chr10	101588257	-	POLL	POLL
chr7	44082530	-	POLM	POLM
chr4	2242121	-	POLN	POLN
chr3	121545988	-	POLQ	POLQ
chr2	86105886	-	POLR1A	POLR1A
chr2	112542035	+	POLR1B	POLR1B
chr6	43517023	+	POLR1C	POLR1C
chr13	27620742	+	POLR1D	POLR1D
chr9	37485934	+	POLR1E	POLR1E
chr7	19709037	-	POLR1F	POLR1F
chr19	45406643	+	POLR1G	POLR1G
chr6	30061264	+	POLR1H	POLR1H
chr17	7484365	+	POLR2A	POLR2A
chr4	56978639	+	POLR2B	POLR2B
chr16	57462678	+	POLR2C	POLR2C
chr2	127858155	-	POLR2D	POLR2D
chr19	1095375	-	POLR2E	POLR2E
chr22	37953662	+	POLR2F	POLR2F
chr11	62761579	+	POLR2G	POLR2G
chr3	184361709	+	POLR2H	POLR2H
chr19	36114875	-	POLR2I	POLR2I
chr7	102478922	-	POLR2J	POLR2J
chr7	102671735	-	POLR2J2	POLR2J2
chr7	102572621	-	POLR2J3	POLR2J3
chr7	44019194	-	POLR2J4	POLR2J4
chr8	100150635	+	POLR2K	POLR2K
chr11	842529	-	POLR2L	POLR2L
chr15	57706520	+	POLR2M	POLR2M
chr10	78029515	-	POLR3A	POLR3A
chr12	106357747	+	POLR3B	POLR3B
chr1	145824199	+	POLR3C	POLR3C
chr8	22245132	+	POLR3D	POLR3D
chr16	22297374	+	POLR3E	POLR3E
chr20	18467389	+	POLR3F	POLR3F
chr5	90473928	+	POLR3G	POLR3G
chr1	145964681	+	POLR3GL	POLR3GL
chr22	41544470	-	POLR3H	POLR3H
chr16	53608	-	POLR3K	POLR3K
chr19	633537	-	POLRMT	POLRMT
chr7	72879356	+	POM121	POM121
chr7	75486299	-	POM121C	POM121C
chr22	24659147	-	POM121L10P	POM121L10P
chr7	53035632	+	POM121L12	POM121L12
chr22	22644541	-	POM121L1P	POM121L1P
chr6	27312232	-	POM121L2	POM121L2
chr22	20689554	+	POM121L4P	POM121L4P
chr22	21282424	+	POM121L8P	POM121L8P
chr22	24251620	+	POM121L9P	POM121L9P
chr2	25168580	-	POMC	POMC
chr1	46197499	-	POMGNT1	POMGNT1
chr3	43106079	-	POMGNT2	POMGNT2
chr8	43093505	+	POMK	POMK
chr13	28659129	+	POMP	POMP
chr9	131502917	+	POMT1	POMT1
chr14	77320883	-	POMT2	POMT2
chr7	76627303	-	POMZP3	POMZP3
chr7	95324532	-	PON1	PON1
chr7	95435028	-	PON2	PON2
chr7	95396375	-	PON3	PON3
chr8	98117292	+	POP1	POP1
chr19	29606282	+	POP4	POP4
chr12	120581398	-	POP5	POP5
chr7	100706120	+	POP7	POP7
chr3	119660589	-	POPDC2	POPDC2
chr6	105176255	-	POPDC3	POPDC3
chr7	75915154	+	POR	POR
chrX	48508991	+	PORCN	PORCN
chr13	37598768	-	POSTN	POSTN
chr7	124929825	-	POT1	POT1
chr7	124929872	+	POT1-AS1	POT1-AS1
chr8	43292441	+	POTEA	POTEA
chr15	20866314	-	POTEB	POTEB
chr15	20866314	-	POTEB2	POTEB2
chr15	21440382	-	POTEB3	POTEB3
chr18	14543600	-	POTEC	POTEC
chr21	13609776	+	POTED	POTED
chr2	131209535	+	POTEE	POTEE
chr2	130129222	-	POTEF	POTEF
chr14	19434341	-	POTEG	POTEG
chr22	15690025	+	POTEH	POTEH
chr22	15703354	-	POTEH-AS1	POTEH-AS1
chr2	130509328	-	POTEI	POTEI
chr2	130611439	+	POTEJ	POTEJ
chr2	131592041	+	POTEKP	POTEKP
chr14	18967433	+	POTEM	POTEM
chr3	87276584	-	POU1F1	POU1F1
chr11	111379275	-	POU2AF1	POU2AF1
chr1	167220884	+	POU2F1	POU2F1
chr19	42132446	-	POU2F2	POU2F2
chr11	120236637	+	POU2F3	POU2F3
chr1	38046793	-	POU3F1	POU3F1
chr6	98834573	+	POU3F2	POU3F2
chr2	104854114	+	POU3F3	POU3F3
chrX	83508289	+	POU3F4	POU3F4
chr13	78603552	-	POU4F1	POU4F1
chr4	146638892	+	POU4F2	POU4F2
chr5	146338838	+	POU4F3	POU4F3
chr6	31167170	-	POU5F1	POU5F1
chr8	127415824	+	POU5F1B	POU5F1B
chr12	8134852	-	POU5F1P3	POU5F1P3
chr1	155433179	+	POU5F1P4	POU5F1P4
chr10	68010883	-	POU5F1P5	POU5F1P5
chr5	93741600	-	POU5F2	POU5F2
chr12	51217305	-	POU6F1	POU6F1
chr7	38977908	+	POU6F2	POU6F2
chr7	39406346	-	POU6F2-AS1	POU6F2-AS1
chr7	39013567	-	POU6F2-AS2	POU6F2-AS2
chr4	121764584	+	PP12613	PP12613
chr1	234760056	-	PP2672	PP2672
chr3	20012264	-	PP2D1	PP2D1
chr5	472965	-	PP7080	PP7080
chr10	70233429	-	PPA1	PPA1
chr4	105474062	-	PPA2	PPA2
chr19	10106222	+	PPAN	PPAN
chr19	10106361	+	PPAN-P2RY11	PPAN-P2RY11
chr22	46150525	+	PPARA	PPARA
chr6	35342557	+	PPARD	PPARD
chr3	12287367	+	PPARG	PPARG
chr4	23881292	-	PPARGC1A	PPARGC1A
chr5	149730309	+	PPARGC1B	PPARGC1B
chr4	56435615	-	PPAT	PPAT
chr4	73988190	-	PPBP	PPBP
chr4	74055399	-	PPBPP2	PPBPP2
chr15	75023589	+	PPCDC	PPCDC
chr1	42456340	+	PPCS	PPCS
chr20	63520740	+	PPDPF	PPDPF
chr8	49054335	+	PPDPFL	PPDPFL
chrX	18675066	+	PPEF1	PPEF1
chrX	18692687	-	PPEF1-AS1	PPEF1-AS1
chr4	75902452	-	PPEF2	PPEF2
chr11	70270689	+	PPFIA1	PPFIA1
chr12	81369369	-	PPFIA2	PPFIA2
chr12	81279188	+	PPFIA2-AS1	PPFIA2-AS1
chr19	49119543	+	PPFIA3	PPFIA3
chr1	203026490	+	PPFIA4	PPFIA4
chr12	27524205	+	PPFIBP1	PPFIBP1
chr11	7513998	+	PPFIBP2	PPFIBP2
chr12	42326144	+	PPHLN1	PPHLN1
chr7	44796680	+	PPIA	PPIA
chr1	120889745	+	PPIAL4A	PPIAL4A
chr1	149583822	+	PPIAL4C	PPIAL4C
chr1	144373659	-	PPIAL4D	PPIAL4D
chr1	144373659	-	PPIAL4E	PPIAL4E
chr1	144373659	-	PPIAL4F	PPIAL4F
chr1	148483302	-	PPIAL4G	PPIAL4G
chr1	146344907	-	PPIAL4H	PPIAL4H
chr10	15155347	-	PPIAP30	PPIAP30
chr15	74361551	+	PPIAP46	PPIAP46
chr15	64163022	-	PPIB	PPIB
chr5	123036725	-	PPIC	PPIC
chr4	158723396	-	PPID	PPID
chr1	39738844	+	PPIE	PPIE
chr1	39559698	-	PPIEL	PPIEL
chr10	79347468	+	PPIF	PPIF
chr2	169584350	+	PPIG	PPIG
chr1	42658422	+	PPIH	PPIH
chr6	36874803	-	PPIL1	PPIL1
chr22	21665983	+	PPIL2	PPIL2
chr2	200889077	-	PPIL3	PPIL3
chr6	149546043	-	PPIL4	PPIL4
chr6	109440628	-	PPIL6	PPIL6
chr15	43584892	-	PPIP5K1	PPIP5K1
chr15	43690031	-	PPIP5K1P1-CATSPER2	PPIP5K1P1-CATSPER2
chr5	103120300	+	PPIP5K2	PPIP5K2
chr16	4937148	-	PPL	PPL
chr14	60245749	+	PPM1A	PPM1A
chr2	44168802	+	PPM1B	PPM1B
chr17	60600192	+	PPM1D	PPM1D
chr17	58755853	+	PPM1E	PPM1E
chr22	21952848	-	PPM1F	PPM1F
chr22	21938236	+	PPM1F-AS1	PPM1F-AS1
chr2	27409591	-	PPM1G	PPM1G
chr12	62935150	-	PPM1H	PPM1H
chr1	112715328	-	PPM1J	PPM1J
chr4	88284561	-	PPM1K	PPM1K
chr4	88284929	+	PPM1K-DT	PPM1K-DT
chr3	160756230	+	PPM1L	PPM1L
chr3	52245758	+	PPM1M	PPM1M
chr19	45498472	+	PPM1N	PPM1N
chr11	74171288	+	PPME1	PPME1
chr1	161166425	+	PPOX	PPOX
chr11	67401858	-	PPP1CA	PPP1CA
chr2	28751747	+	PPP1CB	PPP1CB
chr12	110742891	-	PPP1CC	PPP1CC
chr6	30617243	-	PPP1R10	PPP1R10
chr6	30067197	+	PPP1R11	PPP1R11
chr12	79913911	-	PPP1R12A	PPP1R12A
chr12	79935280	+	PPP1R12A-AS1	PPP1R12A-AS1
chr1	202348698	+	PPP1R12B	PPP1R12B
chr19	55117637	-	PPP1R12C	PPP1R12C
chr14	103847575	-	PPP1R13B	PPP1R13B
chr19	45405069	-	PPP1R13L	PPP1R13L
chr19	38256374	-	PPP1R14A	PPP1R14A
chr11	64246943	-	PPP1R14B	PPP1R14B
chr11	64245865	+	PPP1R14B-AS1	PPP1R14B-AS1
chr6	150143043	+	PPP1R14C	PPP1R14C
chr15	40828708	-	PPP1R14D	PPP1R14D
chr19	48872391	+	PPP1R15A	PPP1R15A
chr1	204411817	-	PPP1R15B	PPP1R15B
chr8	144477981	+	PPP1R16A	PPP1R16A
chr20	38805696	+	PPP1R16B	PPP1R16B
chr7	31687016	+	PPP1R17	PPP1R17
chr6	30686645	-	PPP1R18	PPP1R18
chr12	54588659	-	PPP1R1A	PPP1R1A
chr17	39626951	+	PPP1R1B	PPP1R1B
chr2	181954240	+	PPP1R1C	PPP1R1C
chr3	195543325	-	PPP1R2	PPP1R2
chr2	48440765	+	PPP1R21	PPP1R21
chr9	135479781	+	PPP1R26	PPP1R26
chr9	135472249	-	PPP1R26-AS1	PPP1R26-AS1
chr17	81835050	-	PPP1R27	PPP1R27
chr5	156850294	+	PPP1R2B	PPP1R2B
chrX	42778163	-	PPP1R2C	PPP1R2C
chr21	35886444	+	PPP1R2P2	PPP1R2P2
chr11	61481119	+	PPP1R32	PPP1R32
chr7	100436497	-	PPP1R35	PPP1R35
chr14	64549960	+	PPP1R36	PPP1R36
chr19	45093178	+	PPP1R37	PPP1R37
chr7	113919009	-	PPP1R3A	PPP1R3A
chr8	9150658	-	PPP1R3B	PPP1R3B
chr10	91633071	-	PPP1R3C	PPP1R3C
chr20	59940305	-	PPP1R3D	PPP1R3D
chr14	23302859	-	PPP1R3E	PPP1R3E
chrX	49269792	+	PPP1R3F	PPP1R3F
chr6	5085340	+	PPP1R3G	PPP1R3G
chr8	67028551	-	PPP1R42	PPP1R42
chr2	241149572	+	PPP1R7	PPP1R7
chr1	27830781	+	PPP1R8	PPP1R8
chr7	94907593	+	PPP1R9A	PPP1R9A
chr17	50150677	-	PPP1R9B	PPP1R9B
chr5	134225554	-	PPP2CA	PPP2CA
chr8	30812818	-	PPP2CB	PPP2CB
chr19	52190051	+	PPP2R1A	PPP2R1A
chr11	111766389	-	PPP2R1B	PPP2R1B
chr8	26291507	+	PPP2R2A	PPP2R2A
chr5	146878757	-	PPP2R2B	PPP2R2B
chr5	146919506	-	PPP2R2B-IT1	PPP2R2B-IT1
chr4	6381868	-	PPP2R2C	PPP2R2C
chr10	131901007	+	PPP2R2D	PPP2R2D
chr3	135965727	+	PPP2R3A	PPP2R3A
chrX	386907	-	PPP2R3B	PPP2R3B
chr14	35122542	-	PPP2R3C	PPP2R3C
chr1	212285409	+	PPP2R5A	PPP2R5A
chr11	64924688	+	PPP2R5B	PPP2R5B
chr14	101760572	+	PPP2R5C	PPP2R5C
chr6	42984569	+	PPP2R5D	PPP2R5D
chr14	63508238	-	PPP2R5E	PPP2R5E
chr4	101347526	-	PPP3CA	PPP3CA
chr10	73496024	-	PPP3CB	PPP3CB
chr10	73495751	+	PPP3CB-AS1	PPP3CB-AS1
chr8	22440969	+	PPP3CC	PPP3CC
chr2	68252532	-	PPP3R1	PPP3R1
chr9	101594969	-	PPP3R2	PPP3R2
chr16	30075993	+	PPP4C	PPP4C
chr18	9614559	-	PPP4R1	PPP4R1
chr18	9614806	+	PPP4R1-AS1	PPP4R1-AS1
chr20	58309439	-	PPP4R1L	PPP4R1L
chr3	72996742	+	PPP4R2	PPP4R2
chr14	91510310	-	PPP4R3A	PPP4R3A
chr2	55617622	-	PPP4R3B	PPP4R3B
chrX	27463341	-	PPP4R3C	PPP4R3C
chr14	94174311	+	PPP4R4	PPP4R4
chr19	46347086	+	PPP5C	PPP5C
chr19	46600916	-	PPP5D1	PPP5D1
chr9	125189803	-	PPP6C	PPP6C
chr19	55259017	-	PPP6R1	PPP6R1
chr22	50343326	+	PPP6R2	PPP6R2
chr11	68460751	+	PPP6R3	PPP6R3
chr10	102132993	+	PPRC1	PPRC1
chr1	40097252	-	PPT1	PPT1
chr6	32153527	+	PPT2	PPT2
chr6	32153998	+	PPT2-EGFL8	PPT2-EGFL8
chr12	110583318	-	PPTC7	PPTC7
chr5	65563238	+	PPWD1	PPWD1
chr17	43942274	-	PPY	PPY
chr17	28247443	+	PPY2P	PPY2P
chrX	48897911	+	PQBP1	PQBP1
chr17	48722518	-	PRAC1	PRAC1
chr17	48723184	+	PRAC2	PRAC2
chr2	73233239	-	PRADC1	PRADC1
chrX	49074002	-	PRAF2	PRAF2
chr8	8386244	-	PRAG1	PRAG1
chr19	8502640	-	PRAM1	PRAM1
chr22	22554182	-	PRAME	PRAME
chr1	12791396	+	PRAMEF1	PRAMEF1
chr1	12898270	-	PRAMEF10	PRAMEF10
chr1	12831410	-	PRAMEF11	PRAMEF11
chr1	12773737	+	PRAMEF12	PRAMEF12
chr1	13201409	-	PRAMEF13	PRAMEF13
chr1	13347134	-	PRAMEF14	PRAMEF14
chr1	13315580	+	PRAMEF15	PRAMEF15
chr1	13389631	+	PRAMEF17	PRAMEF17
chr1	13226154	-	PRAMEF18	PRAMEF18
chr1	13371999	-	PRAMEF19	PRAMEF19
chr1	12857085	+	PRAMEF2	PRAMEF2
chr1	13410449	+	PRAMEF20	PRAMEF20
chr1	13226112	-	PRAMEF22	PRAMEF22
chr1	13073677	+	PRAMEF25	PRAMEF25
chr1	13073677	+	PRAMEF26	PRAMEF26
chr1	13056575	-	PRAMEF27	PRAMEF27
chr1	13303538	+	PRAMEF33	PRAMEF33
chr1	13099717	-	PRAMEF34P	PRAMEF34P
chr1	13099717	-	PRAMEF36P	PRAMEF36P
chr1	12886201	-	PRAMEF4	PRAMEF4
chr1	13254176	+	PRAMEF5	PRAMEF5
chr1	12947580	-	PRAMEF6	PRAMEF6
chr1	12916646	+	PRAMEF7	PRAMEF7
chr1	13285137	-	PRAMEF8	PRAMEF8
chr1	13175280	+	PRAMEF9	PRAMEF9
chr22	22043934	-	PRAMENP	PRAMENP
chr12	70243360	-	PRANCR	PRANCR
chr10	133347372	+	PRAP1	PRAP1
chr12	11355590	-	PRB1	PRB1
chr12	11395567	-	PRB2	PRB2
chr12	11269707	-	PRB3	PRB3
chr12	11310435	-	PRB4	PRB4
chr15	90994535	-	PRC1	PRC1
chr15	90966368	+	PRC1-AS1	PRC1-AS1
chr1	156767534	+	PRCC	PRCC
chr17	76527585	+	PRCD	PRCD
chr11	82900430	-	PRCP	PRCP
chr6	106086335	+	PRDM1	PRDM1
chr11	129947584	-	PRDM10	PRDM10
chr11	45094158	+	PRDM11	PRDM11
chr9	130664593	+	PRDM12	PRDM12
chr6	99606832	+	PRDM13	PRDM13
chr8	70071252	-	PRDM14	PRDM14
chr21	41863302	-	PRDM15	PRDM15
chr1	3069202	+	PRDM16	PRDM16
chr1	3067725	-	PRDM16-DT	PRDM16-DT
chr1	13700187	+	PRDM2	PRDM2
chr12	107761137	-	PRDM4	PRDM4
chr4	120922726	-	PRDM5	PRDM5
chr5	123089240	+	PRDM6	PRDM6
chr16	90077331	-	PRDM7	PRDM7
chr4	80185269	+	PRDM8	PRDM8
chr5	23507154	+	PRDM9	PRDM9
chr1	45521884	-	PRDX1	PRDX1
chr19	12801800	-	PRDX2	PRDX2
chr10	119178812	-	PRDX3	PRDX3
chrX	23667492	+	PRDX4	PRDX4
chr11	64318120	+	PRDX5	PRDX5
chr1	173477334	+	PRDX6	PRDX6
chr1	173461362	-	PRDX6-AS1	PRDX6-AS1
chr2	27134636	-	PREB	PREB
chr13	110870308	-	PRECSIT	PRECSIT
chr5	177303798	+	PRELID1	PRELID1
chr5	145835342	-	PRELID2	PRELID2
chr18	12407928	+	PRELID3A	PRELID3A
chr20	59042786	-	PRELID3B	PRELID3B
chr1	203475805	+	PRELP	PRELP
chr6	105403082	-	PREP	PREP
chr2	44359749	-	PREPL	PREPL
chr20	48827999	-	PREX1	PREX1
chr8	67952045	+	PREX2	PREX2
chr10	70602741	-	PRF1	PRF1
chr19	43349055	+	PRG1	PRG1
chr11	57390650	-	PRG2	PRG2
chr11	57381150	-	PRG3	PRG3
chr1	186296272	+	PRG4	PRG4
chr12	11171611	-	PRH1	PRH1
chr12	11171625	-	PRH1-PRR4	PRH1-PRR4
chr12	11171611	-	PRH1-TAS2R14	PRH1-TAS2R14
chr12	10929235	+	PRH2	PRH2
chr12	42483615	-	PRICKLE1	PRICKLE1
chr3	64225466	-	PRICKLE2	PRICKLE2
chr3	64067963	+	PRICKLE2-AS1	PRICKLE2-AS1
chr3	64103469	+	PRICKLE2-AS2	PRICKLE2-AS2
chr3	64187543	+	PRICKLE2-AS3	PRICKLE2-AS3
chrX	49184893	-	PRICKLE3	PRICKLE3
chr6	41780781	+	PRICKLE4	PRICKLE4
chr12	56752323	-	PRIM1	PRIM1
chr6	57314804	+	PRIM2	PRIM2
chr14	93788485	-	PRIMA1	PRIMA1
chr4	184649737	+	PRIMPOL	PRIMPOL
chr5	40798177	-	PRKAA1	PRKAA1
chr1	56645313	+	PRKAA2	PRKAA2
chr12	119668132	+	PRKAB1	PRKAB1
chr1	147172470	-	PRKAB2	PRKAB2
chr19	14108390	-	PRKACA	PRKACA
chr1	84077974	+	PRKACB	PRKACB
chr9	69014113	-	PRKACG	PRKACG
chr12	49018776	-	PRKAG1	PRKAG1
chr7	151632258	-	PRKAG2	PRKAG2
chr7	151877041	+	PRKAG2-AS1	PRKAG2-AS1
chr2	218831803	-	PRKAG3	PRKAG3
chr17	68413622	+	PRKAR1A	PRKAR1A
chr7	712524	-	PRKAR1B	PRKAR1B
chr7	602844	+	PRKAR1B-AS1	PRKAR1B-AS1
chr7	561957	+	PRKAR1B-AS2	PRKAR1B-AS2
chr3	48847874	-	PRKAR2A	PRKAR2A
chr3	48847936	+	PRKAR2A-AS1	PRKAR2A-AS1
chr7	107044704	+	PRKAR2B	PRKAR2B
chr17	66302612	+	PRKCA	PRKCA
chr17	66416854	-	PRKCA-AS1	PRKCA-AS1
chr16	23835982	+	PRKCB	PRKCB
chr3	53161208	+	PRKCD	PRKCD
chr2	45651674	+	PRKCE	PRKCE
chr19	53882196	+	PRKCG	PRKCG
chr14	61321442	+	PRKCH	PRKCH
chr3	170222423	+	PRKCI	PRKCI
chr10	6580276	-	PRKCQ	PRKCQ
chr10	6580424	+	PRKCQ-AS1	PRKCQ-AS1
chr19	11435256	+	PRKCSH	PRKCSH
chr1	2050410	+	PRKCZ	PRKCZ
chr1	2183875	-	PRKCZ-AS1	PRKCZ-AS1
chr14	29927096	-	PRKD1	PRKD1
chr19	46714320	-	PRKD2	PRKD2
chr2	37324833	-	PRKD3	PRKD3
chr8	47960136	-	PRKDC	PRKDC
chr10	50990887	+	PRKG1	PRKG1
chr10	52314128	-	PRKG1-AS1	PRKG1-AS1
chr4	81154157	-	PRKG2	PRKG2
chr4	81164939	+	PRKG2-AS1	PRKG2-AS1
chr6	162727766	-	PRKN	PRKN
chr2	178450628	-	PRKRA	PRKRA
chr7	102396362	+	PRKRIP1	PRKRIP1
chrX	3713649	-	PRKX	PRKX
chrX	3659486	+	PRKX-AS1	PRKX-AS1
chr15	100559283	-	PRKXP1	PRKXP1
chrY	7273971	+	PRKY	PRKY
chr6	22297036	-	PRL	PRL
chr2	237566573	+	PRLH	PRLH
chr10	118595648	-	PRLHR	PRLHR
chr5	35118122	-	PRLR	PRLR
chr16	11281330	-	PRM1	PRM1
chr16	11276480	-	PRM2	PRM2
chr16	11273629	-	PRM3	PRM3
chr19	49677270	+	PRMT1	PRMT1
chr21	46635594	+	PRMT2	PRMT2
chr11	20387529	+	PRMT3	PRMT3
chr14	22929376	-	PRMT5	PRMT5
chr14	22919455	+	PRMT5-AS1	PRMT5-AS1
chr1	107056673	+	PRMT6	PRMT6
chr16	68311018	+	PRMT7	PRMT7
chr12	3381348	+	PRMT8	PRMT8
chr4	147684163	-	PRMT9	PRMT9
chr8	127079873	+	PRNCR1	PRNCR1
chr20	4721908	+	PRND	PRND
chr20	4686455	+	PRNP	PRNP
chr20	4740668	-	PRNT	PRNT
chr17	69235012	-	PRO1804	PRO1804
chr5	139395104	-	PROB1	PROB1
chr2	127418426	+	PROC	PROC
chr17	28710104	-	PROCA1	PROCA1
chr20	35172071	+	PROCR	PROCR
chr22	18936293	-	PRODH	PRODH
chr19	35812845	-	PRODH2	PRODH2
chr1	110451148	+	PROK1	PROK1
chr3	71785148	-	PROK2	PROK2
chr2	68643578	+	PROKR1	PROKR1
chr20	5316954	-	PROKR2	PROKR2
chr4	16076118	-	PROM1	PROM1
chr2	95274448	+	PROM2	PROM2
chr5	177996242	-	PROP1	PROP1
chr14	35122551	+	PRORP	PRORP
chr2	55282318	+	PRORSD1P	PRORSD1P
chrY	21386360	-	PRORY	PRORY
chr3	93973896	-	PROS1	PROS1
chr13	39038076	-	PROSER1	PROSER1
chr10	11823355	+	PROSER2	PROSER2
chr10	11894710	-	PROSER2-AS1	PROSER2-AS1
chr19	35758175	+	PROSER3	PROSER3
chr1	213987972	+	PROX1	PROX1
chr1	213986153	-	PROX1-AS1	PROX1-AS1
chr14	74876145	-	PROX2	PROX2
chr13	113158647	+	PROZ	PROZ
chr10	13586964	+	PRPF18	PRPF18
chr11	60906585	-	PRPF19	PRPF19
chr1	150321467	+	PRPF3	PRPF3
chr19	54115753	+	PRPF31	PRPF31
chr1	52404601	+	PRPF38A	PRPF38A
chr1	108692309	+	PRPF38B	PRPF38B
chr14	45084115	+	PRPF39	PRPF39
chr9	113275657	+	PRPF4	PRPF4
chr2	152717461	-	PRPF40A	PRPF40A
chr12	49623560	+	PRPF40B	PRPF40B
chr6	4021299	+	PRPF4B	PRPF4B
chr20	63981131	+	PRPF6	PRPF6
chr17	1684867	-	PRPF8	PRPF8
chr12	49295146	+	PRPH	PRPH
chr6	42722597	-	PRPH2	PRPH2
chrX	107628423	+	PRPS1	PRPS1
chr7	18027846	-	PRPS1L1	PRPS1L1
chrX	12791354	+	PRPS2	PRPS2
chr17	76353916	-	PRPSAP1	PRPSAP1
chr17	18856298	+	PRPSAP2	PRPSAP2
chr17	59155745	+	PRR11	PRR11
chr19	49591181	+	PRR12	PRR12
chr12	53441648	+	PRR13	PRR13
chr16	30650777	+	PRR14	PRR14
chr22	31750132	-	PRR14L	PRR14L
chr7	29563834	+	PRR15	PRR15
chr17	47957883	-	PRR15L	PRR15L
chr5	120464277	+	PRR16	PRR16
chr6	166308392	-	PRR18	PRR18
chr19	42302131	+	PRR19	PRR19
chr13	57140917	+	PRR20A	PRR20A
chr13	57140917	+	PRR20B	PRR20B
chr13	57140917	+	PRR20C	PRR20C
chr13	57140917	+	PRR20D	PRR20D
chr13	57140917	+	PRR20E	PRR20E
chr3	127288046	-	PRR20G	PRR20G
chr19	5784746	-	PRR22	PRR22
chr3	139006268	-	PRR23A	PRR23A
chr3	139020926	-	PRR23B	PRR23B
chr3	139044892	-	PRR23C	PRR23C
chr8	7539626	+	PRR23D1	PRR23D1
chr8	7539627	+	PRR23D2	PRR23D2
chr16	805442	+	PRR25	PRR25
chr4	70154236	+	PRR27	PRR27
chr17	63998350	+	PRR29	PRR29
chr17	63999899	-	PRR29-AS1	PRR29-AS1
chr6	30556708	+	PRR3	PRR3
chr2	27139410	-	PRR30	PRR30
chrX	126819728	+	PRR32	PRR32
chr22	46054225	-	PRR34	PRR34
chr22	46053845	+	PRR34-AS1	PRR34-AS1
chr16	560393	+	PRR35	PRR35
chr19	7874390	-	PRR36	PRR36
chr12	10849475	-	PRR4	PRR4
chr22	44668546	+	PRR5	PRR5
chr22	44702197	+	PRR5-ARHGAP8	PRR5-ARHGAP8
chr11	36296287	+	PRR5L	PRR5L
chr5	177445994	+	PRR7	PRR7
chr5	177447944	-	PRR7-AS1	PRR7-AS1
chr1	153217583	+	PRR9	PRR9
chr5	127517639	+	PRRC1	PRRC1
chr6	31620714	+	PRRC2A	PRRC2A
chr9	131373650	+	PRRC2B	PRRC2B
chr1	171485529	+	PRRC2C	PRRC2C
chrX	37349329	+	PRRG1	PRRG1
chr19	49581315	+	PRRG2	PRRG2
chrX	151694606	+	PRRG3	PRRG3
chr11	32829926	+	PRRG4	PRRG4
chr6	32151939	-	PRRT1	PRRT1
chr9	131545522	+	PRRT1B	PRRT1B
chr16	29812192	+	PRRT2	PRRT2
chr3	9952408	-	PRRT3	PRRT3
chr3	9947403	+	PRRT3-AS1	PRRT3-AS1
chr7	128361685	-	PRRT4	PRRT4
chr1	170664130	+	PRRX1	PRRX1
chr9	129665646	+	PRRX2	PRRX2
chr9	129718706	-	PRRX2-AS1	PRRX2-AS1
chr7	142749471	+	PRSS1	PRSS1
chr4	118353003	-	PRSS12	PRSS12
chr6	27247700	+	PRSS16	PRSS16
chr7	142770942	+	PRSS2	PRSS2
chr16	2817236	+	PRSS21	PRSS21
chr16	2858170	-	PRSS22	PRSS22
chr11	86791070	+	PRSS23	PRSS23
chr16	2720224	-	PRSS27	PRSS27
chr9	33750465	+	PRSS3	PRSS3
chr16	2842751	-	PRSS30P	PRSS30P
chr16	2787560	-	PRSS33	PRSS33
chr6	83512533	+	PRSS35	PRSS35
chr16	31150066	-	PRSS36	PRSS36
chr7	141841421	-	PRSS37	PRSS37
chr1	227815684	+	PRSS38	PRSS38
chr2	130549895	-	PRSS40A	PRSS40A
chr2	130549915	-	PRSS40B	PRSS40B
chr16	2798469	+	PRSS41	PRSS41
chr3	46833823	-	PRSS42P	PRSS42P
chr3	46756855	-	PRSS43P	PRSS43P
chr3	46812574	-	PRSS44P	PRSS44P
chr3	46744755	-	PRSS45P	PRSS45P
chr3	46736427	-	PRSS46P	PRSS46P
chr9	92191156	-	PRSS47	PRSS47
chr4	151277172	+	PRSS48	PRSS48
chr3	46717869	-	PRSS50	PRSS50
chr16	31088809	-	PRSS53	PRSS53
chr16	58295025	-	PRSS54	PRSS54
chr8	10525531	+	PRSS55	PRSS55
chr2	232520387	+	PRSS56	PRSS56
chr19	695452	-	PRSS57	PRSS57
chr7	142258058	-	PRSS58	PRSS58
chr16	31135727	-	PRSS8	PRSS8
chr10	24952606	-	PRTFDC1	PRTFDC1
chr15	55743152	-	PRTG	PRTG
chr19	840998	+	PRTN3	PRTN3
chr1	151008448	+	PRUNE1	PRUNE1
chr9	76692415	-	PRUNE2	PRUNE2
chr19	40413364	-	PRX	PRX
chr10	80407828	+	PRXL2A	PRXL2A
chr1	2586522	+	PRXL2B	PRXL2B
chr9	96655317	-	PRXL2C	PRXL2C
chrY	22096007	-	PRY	PRY
chrY	22096007	-	PRY2	PRY2
chr10	71851251	-	PSAP	PSAP
chr4	7434930	-	PSAPL1	PSAPL1
chr9	78297124	+	PSAT1	PSAT1
chr8	142670296	+	PSCA	PSCA
chr10	102409277	-	PSD	PSD
chr5	139795807	+	PSD2	PSD2
chr5	139746223	-	PSD2-AS1	PSD2-AS1
chr8	18808867	-	PSD3	PSD3
chr2	113173970	+	PSD4	PSD4
chr14	73136506	+	PSEN1	PSEN1
chr1	226870571	+	PSEN2	PSEN2
chr19	35745650	+	PSENEN	PSENEN
chr19	42879713	-	PSG1	PSG1
chr19	42855718	-	PSG10P	PSG10P
chr19	43026469	-	PSG11	PSG11
chr19	43082701	-	PSG2	PSG2
chr19	42740481	-	PSG3	PSG3
chr19	43205638	-	PSG4	PSG4
chr19	43186536	-	PSG5	PSG5
chr19	42917894	-	PSG6	PSG6
chr19	42937207	-	PSG7	PSG7
chr19	42765678	-	PSG8	PSG8
chr19	42821862	+	PSG8-AS1	PSG8-AS1
chr19	43269530	-	PSG9	PSG9
chr9	15510289	-	PSIP1	PSIP1
chr16	67893253	+	PSKH1	PSKH1
chr8	86069668	-	PSKH2	PSKH2
chr22	15740892	+	PSLNR	PSLNR
chr11	14520386	-	PSMA1	PSMA1
chr7	42932174	-	PSMA2	PSMA2
chr14	58244804	+	PSMA3	PSMA3
chr14	58298137	-	PSMA3-AS1	PSMA3-AS1
chr15	78540404	+	PSMA4	PSMA4
chr1	109426448	-	PSMA5	PSMA5
chr14	35278557	+	PSMA6	PSMA6
chr20	62143394	-	PSMA7	PSMA7
chr18	26133868	+	PSMA8	PSMA8
chr6	170553307	-	PSMB1	PSMB1
chr16	67936850	-	PSMB10	PSMB10
chr14	23042211	+	PSMB11	PSMB11
chr1	35631537	-	PSMB2	PSMB2
chr17	38752740	+	PSMB3	PSMB3
chr1	151399572	+	PSMB4	PSMB4
chr14	23034900	-	PSMB5	PSMB5
chr17	4796143	+	PSMB6	PSMB6
chr9	124415442	-	PSMB7	PSMB7
chr6	32844047	-	PSMB8	PSMB8
chr6	32844085	+	PSMB8-AS1	PSMB8-AS1
chr6	32854191	+	PSMB9	PSMB9
chr14	90256552	+	PSMC1	PSMC1
chr7	103347523	+	PSMC2	PSMC2
chr11	47426439	-	PSMC3	PSMC3
chr17	42577716	-	PSMC3IP	PSMC3IP
chr19	39971004	+	PSMC4	PSMC4
chr17	63827430	+	PSMC5	PSMC5
chr14	52707199	+	PSMC6	PSMC6
chr2	231056863	+	PSMD1	PSMD1
chrX	108091542	-	PSMD10	PSMD10
chr17	32444509	+	PSMD11	PSMD11
chr17	67366577	-	PSMD12	PSMD12
chr11	236975	+	PSMD13	PSMD13
chr2	161308424	+	PSMD14	PSMD14
chr3	184299240	+	PSMD2	PSMD2
chr17	39980806	+	PSMD3	PSMD3
chr1	151254733	+	PSMD4	PSMD4
chr9	120842922	-	PSMD5	PSMD5
chr3	64023472	-	PSMD6	PSMD6
chr3	64004021	+	PSMD6-AS2	PSMD6-AS2
chr16	74296813	+	PSMD7	PSMD7
chr19	38374570	+	PSMD8	PSMD8
chr12	121888789	+	PSMD9	PSMD9
chr14	24136157	+	PSME1	PSME1
chr14	24146610	-	PSME2	PSME2
chr17	42833396	+	PSME3	PSME3
chr16	57182550	-	PSME3IP1	PSME3IP1
chr2	53970993	-	PSME4	PSME4
chr20	1113228	+	PSMF1	PSMF1
chr21	39183451	-	PSMG1	PSMG1
chr18	12658738	+	PSMG2	PSMG2
chr7	1570032	-	PSMG3	PSMG3
chr7	1570072	+	PSMG3-AS1	PSMG3-AS1
chr6	3258946	+	PSMG4	PSMG4
chr6	31114799	+	PSORS1C1	PSORS1C1
chr6	31139066	-	PSORS1C2	PSORS1C2
chr6	31186317	-	PSORS1C3	PSORS1C3
chr13	19782945	-	PSPC1	PSPC1
chr7	56051444	-	PSPH	PSPH
chr19	6375916	-	PSPN	PSPN
chr1	109283144	-	PSRC1	PSRC1
chr10	122980400	+	PSTK	PSTK
chr15	76994679	+	PSTPIP1	PSTPIP1
chr18	46072260	-	PSTPIP2	PSTPIP2
chr1	28176690	-	PTAFR	PTAFR
chr9	69760011	-	PTAR1	PTAR1
chr19	797451	+	PTBP1	PTBP1
chr1	96721604	+	PTBP2	PTBP2
chr9	112333026	-	PTBP3	PTBP3
chr7	99438798	-	PTCD1	PTCD1
chr5	72320366	+	PTCD2	PTCD2
chr2	86106234	+	PTCD3	PTCD3
chr9	95507199	-	PTCH1	PTCH1
chr1	44842944	-	PTCH2	PTCH2
chrX	23334848	+	PTCHD1	PTCHD1
chrX	23293146	-	PTCHD1-AS	PTCHD1-AS
chr10	27414368	-	PTCHD3	PTCHD3
chr6	48068689	-	PTCHD4	PTCHD4
chr6	42915988	+	PTCRA	PTCRA
chr8	133054958	+	PTCSC1	PTCSC1
chr9	97853080	-	PTCSC2	PTCSC2
chr14	36176651	-	PTCSC3	PTCSC3
chr8	96261901	+	PTDSS1	PTDSS1
chr11	448267	+	PTDSS2	PTDSS2
chr10	87863624	+	PTEN	PTEN
chr9	33677420	-	PTENP1	PTENP1
chr9	33677267	+	PTENP1-AS	PTENP1-AS
chr10	16436942	+	PTER	PTER
chr10	23192311	+	PTF1A	PTF1A
chr14	52267697	+	PTGDR	PTGDR
chr11	60855950	-	PTGDR2	PTGDR2
chr9	136977503	+	PTGDS	PTGDS
chr19	14475354	-	PTGER1	PTGER1
chr14	52314311	+	PTGER2	PTGER2
chr1	71047816	-	PTGER3	PTGER3
chr5	40679914	+	PTGER4	PTGER4
chr9	62838444	+	PTGER4P2-CDK2AP2P2	PTGER4P2-CDK2AP2P2
chr9	129753042	-	PTGES	PTGES
chr9	128127729	-	PTGES2	PTGES2
chr9	128128528	+	PTGES2-AS1	PTGES2-AS1
chr12	56688284	-	PTGES3	PTGES3
chr17	42980080	-	PTGES3L	PTGES3L
chr17	42980003	-	PTGES3L-AARSD1	PTGES3L-AARSD1
chr1	78490973	+	PTGFR	PTGFR
chr1	116909915	+	PTGFRN	PTGFRN
chr19	46625089	-	PTGIR	PTGIR
chr20	49568137	-	PTGIS	PTGIS
chr9	111599431	-	PTGR1	PTGR1
chr14	73851830	+	PTGR2	PTGR2
chr9	122370532	+	PTGS1	PTGS1
chr1	186680423	-	PTGS2	PTGS2
chr11	13495997	-	PTH	PTH
chr3	46877720	+	PTH1R	PTH1R
chr19	49423441	-	PTH2	PTH2
chr2	208359691	+	PTH2R	PTH2R
chr12	27969976	-	PTHLH	PTHLH
chr8	140718569	-	PTK2	PTK2
chr8	27311477	+	PTK2B	PTK2B
chr20	63537370	-	PTK6	PTK6
chr6	43076313	+	PTK7	PTK7
chr2	231708524	+	PTMA	PTMA
chr9	96909074	+	PTMAP11	PTMAP11
chr12	6766362	+	PTMS	PTMS
chr7	137268855	-	PTN	PTN
chr19	49850704	+	PTOV1	PTOV1
chr19	49851676	-	PTOV1-AS1	PTOV1-AS1
chr19	49859289	-	PTOV1-AS2	PTOV1-AS2
chr6	63516439	+	PTP4A1	PTP4A1
chr1	31937818	-	PTP4A2	PTP4A2
chr8	141392020	+	PTP4A3	PTP4A3
chr9	129110949	+	PTPA	PTPA
chr9	94030812	+	PTPDC1	PTPDC1
chr11	47565429	+	PTPMT1	PTPMT1
chr20	50510320	+	PTPN1	PTPN1
chr12	112418946	+	PTPN11	PTPN11
chr7	77537294	+	PTPN12	PTPN12
chr4	86594314	+	PTPN13	PTPN13
chr1	214551602	-	PTPN14	PTPN14
chr2	130356055	+	PTPN18	PTPN18
chr18	12840962	-	PTPN2	PTPN2
chr10	46911395	+	PTPN20	PTPN20
chr14	88555007	-	PTPN21	PTPN21
chr1	113871712	-	PTPN22	PTPN22
chr3	47381020	+	PTPN23	PTPN23
chr9	109417783	-	PTPN3	PTPN3
chr2	119759921	+	PTPN4	PTPN4
chr11	18791798	-	PTPN5	PTPN5
chr12	6946576	+	PTPN6	PTPN6
chr1	202159454	-	PTPN7	PTPN7
chr15	75579315	-	PTPN9	PTPN9
chr20	2864194	+	PTPRA	PTPRA
chr12	70610024	-	PTPRB	PTPRB
chr1	198638967	+	PTPRC	PTPRC
chr11	67437682	-	PTPRCAP	PTPRCAP
chr9	8733946	-	PTPRD	PTPRD
chr9	8858017	+	PTPRD-AS1	PTPRD-AS1
chr9	10613205	+	PTPRD-AS2	PTPRD-AS2
chr10	127907102	+	PTPRE	PTPRE
chr1	43526036	+	PTPRF	PTPRF
chr3	61561570	+	PTPRG	PTPRG
chr3	62318947	-	PTPRG-AS1	PTPRG-AS1
chr19	55209501	-	PTPRH	PTPRH
chr11	47980558	+	PTPRJ	PTPRJ
chr6	128520599	-	PTPRK	PTPRK
chr6	128027864	+	PTPRK-AS1	PTPRK-AS1
chr18	7567315	+	PTPRM	PTPRM
chr2	219308970	-	PTPRN	PTPRN
chr7	158541776	-	PTPRN2	PTPRN2
chr7	157854584	+	PTPRN2-AS1	PTPRN2-AS1
chr12	15322507	+	PTPRO	PTPRO
chr12	80444234	+	PTPRQ	PTPRQ
chr12	70754608	-	PTPRR	PTPRR
chr19	5340812	-	PTPRS	PTPRS
chr20	43189906	-	PTPRT	PTPRT
chr20	42968742	+	PTPRT-AS1	PTPRT-AS1
chr1	29236521	+	PTPRU	PTPRU
chr1	202168050	+	PTPRVP	PTPRVP
chr7	121873160	+	PTPRZ1	PTPRZ1
chr9	127715663	-	PTRH1	PTRH1
chr17	59707430	-	PTRH2	PTRH2
chr2	24793391	-	PTRHD1	PTRHD1
chr11	112226427	+	PTS	PTS
chr5	160421854	+	PTTG1	PTTG1
chr21	44873690	-	PTTG1IP	PTTG1IP
chr4	37960397	+	PTTG2	PTTG2
chr8	66768034	-	PTTG3P	PTTG3P
chr3	157436849	+	PTX3	PTX3
chr16	1488467	-	PTX4	PTX4
chrX	7148153	-	PUDP	PUDP
chr8	143829041	-	PUF60	PUF60
chr1	31065717	-	PUM1	PUM1
chr2	20327386	-	PUM2	PUM2
chr9	2844095	-	PUM3	PUM3
chr5	140114108	+	PURA	PURA
chr7	44885530	-	PURB	PURB
chr8	31032801	-	PURG	PURG
chr5	27472291	+	PURPL	PURPL
chr12	131929275	+	PUS1	PUS1
chr2	61017212	-	PUS10	PUS10
chr11	125903206	-	PUS3	PUS3
chr7	105508520	-	PUS7	PUS7
chr12	43758790	-	PUS7L	PUS7L
chr1	1308579	+	PUSL1	PUSL1
chr22	36817035	-	PVALB	PVALB
chr17	81165506	+	PVALEF	PVALEF
chr19	44643797	+	PVR	PVR
chr7	100219247	+	PVRIG	PVRIG
chr7	100352317	+	PVRIG2P	PVRIG2P
chr8	127794532	+	PVT1	PVT1
chr15	25135641	+	PWAR1	PWAR1
chr15	25211691	+	PWAR4	PWAR4
chr15	24984859	+	PWAR5	PWAR5
chr15	25031872	+	PWAR6	PWAR6
chr15	24981993	+	PWARSN	PWARSN
chr12	107685731	+	PWP1	PWP1
chr21	5154658	-	PWP2	PWP2
chr15	24558156	+	PWRN1	PWRN1
chr15	24169948	-	PWRN2	PWRN2
chr15	24441126	+	PWRN3	PWRN3
chr15	23975146	+	PWRN4	PWRN4
chr5	160119450	-	PWWP2A	PWWP2A
chr10	132397199	+	PWWP2B	PWWP2B
chr19	1354958	+	PWWP3A	PWWP3A
chrX	106168304	+	PWWP3B	PWWP3B
chr6	3751713	-	PXDC1	PXDC1
chr2	1744515	-	PXDN	PXDN
chr8	51809445	-	PXDNL	PXDNL
chr3	58332889	+	PXK	PXK
chr12	132687586	+	PXMP2	PXMP2
chr20	33720310	-	PXMP4	PXMP4
chr12	120250163	-	PXN	PXN
chr12	120201290	+	PXN-AS1	PXN-AS1
chr6	36442854	-	PXT1	PXT1
chr3	141231824	+	PXYLP1	PXYLP1
chr16	31202760	-	PYCARD	PYCARD
chr16	31201884	+	PYCARD-AS1	PYCARD-AS1
chr17	81937300	-	PYCR1	PYCR1
chr1	225924250	-	PYCR2	PYCR2
chr8	143609575	-	PYCR3	PYCR3
chr16	31217135	-	PYDC1	PYDC1
chr3	191461162	+	PYDC2	PYDC2
chr1	159000312	-	PYDC5	PYDC5
chr20	25248084	+	PYGB	PYGB
chr14	50944483	-	PYGL	PYGL
chr11	64759974	-	PYGM	PYGM
chr15	55588345	-	PYGO1	PYGO1
chr1	154961782	-	PYGO2	PYGO2
chr1	158931551	+	PYHIN1	PYHIN1
chr12	55927125	-	PYM1	PYM1
chr12	21437654	+	PYROXD1	PYROXD1
chr10	98415182	-	PYROXD2	PYROXD2
chr4	88523776	-	PYURF	PYURF
chr17	44004445	-	PYY	PYY
chr17	28226562	+	PYY2	PYY2
chr12	9208395	-	PZP	PZP
chr3	49104757	-	QARS1	QARS1
chr4	17512090	-	QDPR	QDPR
chr6	163414717	+	QKI	QKI
chr2	37344629	+	QPCT	QPCT
chr19	45692665	+	QPCTL	QPCTL
chr16	29679007	+	QPRT	QPRT
chr9	130896812	-	QRFP	QRFP
chr4	121381018	-	QRFPR	QRFPR
chr3	49093632	-	QRICH1	QRICH1
chr17	76307680	-	QRICH2	QRICH2
chr6	106629577	+	QRSL1	QRSL1
chr11	32892810	+	QSER1	QSER1
chr1	180154832	+	QSOX1	QSOX1
chr9	136245812	-	QSOX2	QSOX2
chr19	10701438	+	QTRT1	QTRT1
chr3	114056736	+	QTRT2	QTRT2
chr8	23288091	+	R3HCC1	R3HCC1
chr10	98134623	+	R3HCC1L	R3HCC1L
chr2	135531483	+	R3HDM1	R3HDM1
chr12	57341774	-	R3HDM2	R3HDM2
chr19	913219	-	R3HDM4	R3HDM4
chr20	44337042	+	R3HDML	R3HDML
chr2	26034083	+	RAB10	RAB10
chr15	65869490	+	RAB11A	RAB11A
chr19	8390359	+	RAB11B	RAB11B
chr19	8390691	-	RAB11B-AS1	RAB11B-AS1
chr8	37899497	-	RAB11FIP1	RAB11FIP1
chr10	118046884	-	RAB11FIP2	RAB11FIP2
chr16	425648	+	RAB11FIP3	RAB11FIP3
chr17	31391674	+	RAB11FIP4	RAB11FIP4
chr2	73112948	-	RAB11FIP5	RAB11FIP5
chr18	8609444	+	RAB12	RAB12
chr1	153985366	-	RAB13	RAB13
chr9	121201869	-	RAB14	RAB14
chr14	64972336	-	RAB15	RAB15
chr2	237590734	-	RAB17	RAB17
chr10	27504303	+	RAB18	RAB18
chr7	140404057	+	RAB19	RAB19
chr2	65130106	-	RAB1A	RAB1A
chr11	66268638	+	RAB1B	RAB1B
chr13	110561722	-	RAB20	RAB20
chr12	71754862	+	RAB21	RAB21
chr20	58309714	+	RAB22A	RAB22A
chr6	57221461	-	RAB23	RAB23
chr5	177303719	-	RAB24	RAB24
chr1	156061159	+	RAB25	RAB25
chr16	2148143	+	RAB26	RAB26
chr15	55270286	-	RAB27A	RAB27A
chr18	54717856	+	RAB27B	RAB27B
chr4	13484340	-	RAB28	RAB28
chr1	205775482	-	RAB29	RAB29
chr8	60516909	+	RAB2A	RAB2A
chr14	21476674	-	RAB2B	RAB2B
chr11	83034274	-	RAB30	RAB30
chr11	83072065	+	RAB30-DT	RAB30-DT
chr18	9708300	+	RAB31	RAB31
chr6	146543832	+	RAB32	RAB32
chrX	130171961	+	RAB33A	RAB33A
chr4	139454120	+	RAB33B	RAB33B
chr4	139454041	-	RAB33B-AS1	RAB33B-AS1
chr17	28717868	-	RAB34	RAB34
chr12	120116753	-	RAB35	RAB35
chr22	23145323	+	RAB36	RAB36
chr17	74671130	+	RAB37	RAB37
chr11	88175443	-	RAB38	RAB38
chr11	107928447	+	RAB39A	RAB39A
chrX	155264491	-	RAB39B	RAB39B
chr19	18204042	-	RAB3A	RAB3A
chr1	51990700	-	RAB3B	RAB3B
chr5	58582151	+	RAB3C	RAB3C
chr19	11339657	-	RAB3D	RAB3D
chr2	135052291	+	RAB3GAP1	RAB3GAP1
chr1	220272453	-	RAB3GAP2	RAB3GAP2
chr11	61917566	-	RAB3IL1	RAB3IL1
chr12	69738859	+	RAB3IP	RAB3IP
chrX	103519489	-	RAB40A	RAB40A
chrX	102937271	+	RAB40AL	RAB40AL
chr17	82698698	-	RAB40B	RAB40B
chr16	589356	+	RAB40C	RAB40C
chrX	70282171	+	RAB41	RAB41
chr1	28592264	+	RAB42	RAB42
chr3	129121804	-	RAB43	RAB43
chr6	36697825	+	RAB44	RAB44
chr1	229271061	+	RAB4A	RAB4A
chr19	40778246	+	RAB4B	RAB4B
chr19	40778218	+	RAB4B-EGLN2	RAB4B-EGLN2
chr3	19947079	+	RAB5A	RAB5A
chr12	55973912	+	RAB5B	RAB5B
chr17	42154989	-	RAB5C	RAB5C
chr20	36605778	+	RAB5IF	RAB5IF
chr11	73760093	-	RAB6A	RAB6A
chr3	133895847	-	RAB6B	RAB6B
chr2	129979665	+	RAB6C	RAB6C
chr2	129980472	-	RAB6C-AS1	RAB6C-AS1
chr2	131364168	-	RAB6D	RAB6D
chr3	128726182	+	RAB7A	RAB7A
chr1	205994439	-	RAB7B	RAB7B
chr19	16111888	+	RAB8A	RAB8A
chr15	63189605	+	RAB8B	RAB8B
chrX	13689120	+	RAB9A	RAB9A
chrX	103832257	-	RAB9B	RAB9B
chr5	105099473	+	RAB9BP1	RAB9BP1
chr19	41959321	-	RABAC1	RABAC1
chr17	5282283	+	RABEP1	RABEP1
chr16	28925238	-	RABEP2	RABEP2
chr9	125200541	+	RABEPK	RABEPK
chr9	122941019	+	RABGAP1	RABGAP1
chr1	174159413	+	RABGAP1L	RABGAP1L
chr1	174954261	-	RABGAP1L-AS1	RABGAP1L-AS1
chr1	174159287	-	RABGAP1L-DT	RABGAP1L-DT
chr7	66654566	+	RABGEF1	RABGEF1
chr14	24271627	-	RABGGTA	RABGGTA
chr1	75786193	+	RABGGTB	RABGGTB
chr1	202889149	-	RABIF	RABIF
chr2	113627265	+	RABL2A	RABL2A
chr22	50783636	-	RABL2B	RABL2B
chr3	120742516	-	RABL3	RABL3
chr9	136807947	+	RABL6	RABL6
chr7	6374526	+	RAC1	RAC1
chr22	37244269	-	RAC2	RAC2
chr17	82031677	+	RAC3	RAC3
chr12	50025494	-	RACGAP1	RACGAP1
chr12	45065411	-	RACGAP1P1	RACGAP1P1
chr5	181243906	-	RACK1	RACK1
chr5	34915504	-	RAD1	RAD1
chr5	69369296	+	RAD17	RAD17
chr3	8963472	-	RAD18	RAD18
chr8	116874776	-	RAD21	RAD21
chr8	116874423	+	RAD21-AS1	RAD21-AS1
chr20	1226043	+	RAD21L1	RAD21L1
chr19	12945813	+	RAD23A	RAD23A
chr9	107283278	+	RAD23B	RAD23B
chr5	132556976	+	RAD50	RAD50
chr15	40695173	+	RAD51	RAD51
chr15	40695105	-	RAD51-AS1	RAD51-AS1
chr12	4538889	+	RAD51AP1	RAD51AP1
chr2	17518440	-	RAD51AP2	RAD51AP2
chr14	67819778	+	RAD51B	RAD51B
chr17	58692572	+	RAD51C	RAD51C
chr17	35119758	-	RAD51D	RAD51D
chr17	35121522	-	RAD51L3-RFFL	RAD51L3-RFFL
chr12	933076	-	RAD52	RAD52
chr8	94436944	-	RAD54B	RAD54B
chr1	46247687	+	RAD54L	RAD54L
chr3	51538718	+	RAD54L2	RAD54L2
chr11	67391985	+	RAD9A	RAD9A
chr12	110502330	+	RAD9B	RAD9B
chr7	4883716	-	RADIL	RADIL
chrX	106611929	+	RADX	RADX
chr20	57351254	+	RAE1	RAE1
chr6	149891034	-	RAET1E	RAET1E
chr6	149863497	+	RAET1E-AS1	RAET1E-AS1
chr6	149923121	-	RAET1G	RAET1G
chr6	150005144	-	RAET1K	RAET1K
chr6	150025532	-	RAET1L	RAET1L
chr3	12663508	-	RAF1	RAF1
chr11	36510352	+	RAG1	RAG1
chr11	36598236	-	RAG2	RAG2
chr17	17681457	+	RAI1	RAI1
chr17	17766302	-	RAI1-AS1	RAI1-AS1
chr5	34656327	+	RAI14	RAI14
chrX	17860827	-	RAI2	RAI2
chr7	39623571	+	RALA	RALA
chr2	120252851	+	RALB	RALB
chr18	9475512	+	RALBP1	RALBP1
chr14	35809295	-	RALGAPA1	RALGAPA1
chr9	105519823	+	RALGAPA1P1	RALGAPA1P1
chr20	20712644	-	RALGAPA2	RALGAPA2
chr20	38472842	+	RALGAPB	RALGAPB
chr9	133121240	-	RALGDS	RALGDS
chr9	126914773	+	RALGPS1	RALGPS1
chr1	178725146	+	RALGPS2	RALGPS2
chr20	33993910	+	RALY	RALY
chr20	33994367	-	RALY-AS1	RALY-AS1
chr8	84182786	+	RALYL	RALYL
chr15	82986209	+	RAMAC	RAMAC
chr2	237859622	+	RAMP1	RAMP1
chr17	42761226	+	RAMP2	RAMP2
chr17	42761257	-	RAMP2-AS1	RAMP2-AS1
chr7	45157790	+	RAMP3	RAMP3
chr12	130871993	+	RAN	RAN
chr22	20116103	+	RANBP1	RANBP1
chr16	67806560	-	RANBP10	RANBP10
chr5	170862017	+	RANBP17	RANBP17
chr2	108719481	+	RANBP2	RANBP2
chr19	5978140	-	RANBP3	RANBP3
chr5	36301902	-	RANBP3L	RANBP3L
chr9	6015624	-	RANBP6	RANBP6
chr6	13711835	-	RANBP9	RANBP9
chr22	41286187	-	RANGAP1	RANGAP1
chr17	8288669	+	RANGRF	RANGRF
chr1	111542008	+	RAP1A	RAP1A
chr12	68610898	+	RAP1B	RAP1B
chr1	21651898	-	RAP1GAP	RAP1GAP
chr17	2776757	+	RAP1GAP2	RAP1GAP2
chr4	98261383	+	RAP1GDS1	RAP1GDS1
chr13	97434168	+	RAP2A	RAP2A
chr3	153162225	+	RAP2B	RAP2B
chrX	132218033	-	RAP2C	RAP2C
chrX	132218506	+	RAP2C-AS1	RAP2C-AS1
chr9	131651403	-	RAPGEF1	RAPGEF1
chr4	159104050	+	RAPGEF2	RAPGEF2
chr12	47758398	-	RAPGEF3	RAPGEF3
chr2	172735844	+	RAPGEF4	RAPGEF4
chr2	172736206	-	RAPGEF4-AS1	RAPGEF4-AS1
chr7	22193745	-	RAPGEF5	RAPGEF5
chr5	131635229	-	RAPGEF6	RAPGEF6
chr17	40177009	+	RAPGEFL1	RAPGEFL1
chr2	203535301	-	RAPH1	RAPH1
chr11	47449136	-	RAPSN	RAPSN
chr17	40309179	+	RARA	RARA
chr17	40343136	-	RARA-AS1	RARA-AS1
chr3	24829322	+	RARB	RARB
chr3	25384927	-	RARB-AS1	RARB-AS1
chr12	53220362	-	RARG	RARG
chr3	158732457	-	RARRES1	RARRES1
chr7	150341629	-	RARRES2	RARRES2
chr5	168486470	+	RARS1	RARS1
chr6	87589987	-	RARS2	RARS2
chr5	87267882	+	RASA1	RASA1
chr3	141487026	+	RASA2	RASA2
chr13	114077955	-	RASA3	RASA3
chr7	102616756	-	RASA4	RASA4
chr7	102517777	-	RASA4B	RASA4B
chr7	44040623	-	RASA4CP	RASA4CP
chr7	102748694	-	RASA4DP	RASA4DP
chr12	113135599	-	RASAL1	RASAL1
chr1	178094103	+	RASAL2	RASAL2
chr1	178093993	-	RASAL2-AS1	RASAL2-AS1
chr19	15464544	-	RASAL3	RASAL3
chr17	17496395	-	RASD1	RASD1
chr22	35532805	+	RASD2	RASD2
chr9	83063142	-	RASEF	RASEF
chr10	43229739	-	RASGEF1A	RASGEF1A
chr4	81471907	-	RASGEF1B	RASGEF1B
chr5	180209211	-	RASGEF1C	RASGEF1C
chr15	79005660	-	RASGRF1	RASGRF1
chr5	80960362	+	RASGRF2	RASGRF2
chr5	80960907	-	RASGRF2-AS1	RASGRF2-AS1
chr15	38564814	-	RASGRP1	RASGRP1
chr11	64744142	-	RASGRP2	RASGRP2
chr2	33436347	+	RASGRP3	RASGRP3
chr2	33569430	-	RASGRP3-AS1	RASGRP3-AS1
chr19	38426219	-	RASGRP4	RASGRP4
chr19	48740610	-	RASIP1	RASIP1
chr22	29315697	-	RASL10A	RASL10A
chr17	35731638	+	RASL10B	RASL10B
chr13	27270829	+	RASL11A	RASL11A
chr4	52862316	+	RASL11B	RASL11B
chr15	65067991	-	RASL12	RASL12
chr3	50337450	-	RASSF1	RASSF1
chr3	50337510	+	RASSF1-AS1	RASSF1-AS1
chr11	13009315	+	RASSF10	RASSF10
chr20	4815123	-	RASSF2	RASSF2
chr12	64610494	+	RASSF3	RASSF3
chr10	44959801	+	RASSF4	RASSF4
chr1	206507530	+	RASSF5	RASSF5
chr4	73620436	-	RASSF6	RASSF6
chr11	560969	+	RASSF7	RASSF7
chr12	25958681	+	RASSF8	RASSF8
chr12	25957585	-	RASSF8-AS1	RASSF8-AS1
chr12	85836409	-	RASSF9	RASSF9
chr19	10333529	-	RAVER1	RAVER1
chr1	64744972	+	RAVER2	RAVER2
chr18	59273454	-	RAX	RAX
chr19	3772228	-	RAX2	RAX2
chr13	48303750	+	RB1	RB1
chr13	48303702	-	RB1-DT	RB1-DT
chr8	52714435	-	RB1CC1	RB1CC1
chr7	5045859	+	RBAK	RBAK
chr7	5045859	+	RBAK-RBAKDN	RBAK-RBAKDN
chr7	5072059	+	RBAKDN	RBAKDN
chr1	32651207	+	RBBP4	RBBP4
chr1	205121978	-	RBBP5	RBBP5
chr16	24539565	+	RBBP6	RBBP6
chrX	16869863	-	RBBP7	RBBP7
chr18	22933327	+	RBBP8	RBBP8
chr20	62427539	-	RBBP8NL	RBBP8NL
chr20	18497225	-	RBBP9	RBBP9
chr20	408049	+	RBCK1	RBCK1
chr18	80034433	+	RBFA	RBFA
chr18	80067255	+	RBFADN	RBFADN
chr16	6019023	+	RBFOX1	RBFOX1
chr22	35840464	-	RBFOX2	RBFOX2
chr17	79516148	-	RBFOX3	RBFOX3
chr8	85220374	-	RBIS	RBIS
chr2	27890387	-	RBKS	RBKS
chr20	37095997	-	RBL1	RBL1
chr16	53434470	+	RBL2	RBL2
chrX	47145217	+	RBM10	RBM10
chr21	14216156	+	RBM11	RBM11
chr20	35664900	-	RBM12	RBM12
chr8	93740770	-	RBM12B	RBM12B
chr8	93740110	+	RBM12B-AS1	RBM12B-AS1
chr11	66616629	+	RBM14	RBM14
chr11	66616581	+	RBM14-RBM4	RBM14-RBM4
chr1	110339376	+	RBM15	RBM15
chr1	110339171	-	RBM15-AS1	RBM15-AS1
chr3	51391284	+	RBM15B	RBM15B
chr10	6089033	+	RBM17	RBM17
chr9	122264840	-	RBM18	RBM18
chr12	113966325	-	RBM19	RBM19
chr10	110644335	+	RBM20	RBM20
chr5	150701062	-	RBM22	RBM22
chr14	22919149	-	RBM23	RBM23
chr6	17281360	+	RBM24	RBM24
chr14	73058533	+	RBM25	RBM25
chr13	79406221	-	RBM26	RBM26
chr13	79406308	+	RBM26-AS1	RBM26-AS1
chr5	146203604	+	RBM27	RBM27
chr7	128343908	-	RBM28	RBM28
chrX	48574483	+	RBM3	RBM3
chr7	155644660	+	RBM33	RBM33
chr1	235161250	-	RBM34	RBM34
chr20	57391395	+	RBM38	RBM38
chr20	57393056	-	RBM38-AS1	RBM38-AS1
chr20	35742260	-	RBM39	RBM39
chr11	66638616	+	RBM4	RBM4
chrX	107118585	-	RBM41	RBM41
chr19	35629015	+	RBM42	RBM42
chr2	151261863	-	RBM43	RBM43
chr2	237798778	+	RBM44	RBM44
chr2	178112436	+	RBM45	RBM45
chr4	154781271	+	RBM46	RBM46
chr4	40514581	-	RBM47	RBM47
chr7	92528794	+	RBM48	RBM48
chr11	66677887	-	RBM4B	RBM4B
chr3	50088918	+	RBM5	RBM5
chr3	50100988	-	RBM5-AS1	RBM5-AS1
chr3	49940149	+	RBM6	RBM6
chr11	114400665	+	RBM7	RBM7
chr1	145927484	-	RBM8A	RBM8A
chr2	160493807	-	RBMS1	RBMS1
chr12	56521819	+	RBMS2	RBMS2
chr3	29281070	+	RBMS3	RBMS3
chr3	29934156	-	RBMS3-AS1	RBMS3-AS1
chr3	29280939	-	RBMS3-AS3	RBMS3-AS3
chrX	136880725	-	RBMX	RBMX
chrX	130401986	+	RBMX2	RBMX2
chr1	88992629	-	RBMXL1	RBMXL1
chr11	7088997	+	RBMXL2	RBMXL2
chrX	115189409	+	RBMXL3	RBMXL3
chrY	21511337	+	RBMY1A1	RBMY1A1
chrY	9322874	-	RBMY1A3P	RBMY1A3P
chrY	21511337	+	RBMY1B	RBMY1B
chrY	21511337	+	RBMY1D	RBMY1D
chrY	21511377	+	RBMY1E	RBMY1E
chrY	22182923	-	RBMY1F	RBMY1F
chrY	22183008	-	RBMY1J	RBMY1J
chrY	21401562	-	RBMY2EP	RBMY2EP
chrY	22308858	+	RBMY2FP	RBMY2FP
chrY	9615153	-	RBMY3AP	RBMY3AP
chr3	139539636	-	RBP1	RBP1
chr3	139476516	-	RBP2	RBP2
chr10	47348362	+	RBP3	RBP3
chr10	93601235	-	RBP4	RBP4
chr12	7128889	-	RBP5	RBP5
chr1	9997227	+	RBP7	RBP7
chr4	26163457	+	RBPJ	RBPJ
chr20	45306839	+	RBPJL	RBPJL
chr8	30384500	+	RBPMS	RBPMS
chr8	30385401	-	RBPMS-AS1	RBPMS-AS1
chr15	64761217	-	RBPMS2	RBPMS2
chr3	15099148	-	RBSN	RBSN
chr22	40951377	+	RBX1	RBX1
chr1	173993072	-	RC3H1	RC3H1
chr9	122905359	-	RC3H2	RC3H2
chr21	34524637	-	RCAN1	RCAN1
chr6	46325892	-	RCAN2	RCAN2
chr1	24502343	+	RCAN3	RCAN3
chr1	24502382	-	RCAN3AS	RCAN3AS
chr13	49585558	-	RCBTB1	RCBTB1
chr13	48533080	-	RCBTB2	RCBTB2
chr1	28506042	+	RCC1	RCC1
chr7	75073802	-	RCC1L	RCC1L
chr1	17438536	-	RCC2	RCC2
chr15	90954875	+	RCCD1	RCCD1
chr11	66843440	+	RCE1	RCE1
chr4	75509296	-	RCHY1	RCHY1
chr9	4792833	+	RCL1	RCL1
chr11	32091073	+	RCN1	RCN1
chr15	76931748	+	RCN2	RCN2
chr19	49528002	+	RCN3	RCN3
chr14	102592648	+	RCOR1	RCOR1
chr11	63917164	-	RCOR2	RCOR2
chr1	211259276	+	RCOR3	RCOR3
chr1	167630192	+	RCSD1	RCSD1
chr17	9905271	-	RCVRN	RCVRN
chr1	211492162	-	RD3	RD3
chr14	103942529	-	RD3L	RD3L
chr8	73294601	+	RDH10	RDH10
chr8	73356461	-	RDH10-AS1	RDH10-AS1
chr14	67695764	-	RDH11	RDH11
chr14	67701885	+	RDH12	RDH12
chr19	55063148	-	RDH13	RDH13
chr2	18560653	-	RDH14	RDH14
chr12	56959374	-	RDH16	RDH16
chr12	55720392	+	RDH5	RDH5
chr19	10013482	+	RDH8	RDH8
chr17	35930299	-	RDM1	RDM1
chr17	39057018	+	RDM1P5	RDM1P5
chr11	110296614	-	RDX	RDX
chr15	73443163	+	REC114	REC114
chr14	24172079	+	REC8	REC8
chr9	36036912	+	RECK	RECK
chr12	21501635	-	RECQL	RECQL
chr8	144517833	-	RECQL4	RECQL4
chr17	75667154	-	RECQL5	RECQL5
chr4	146214537	+	REELD1	REELD1
chr2	86337626	-	REEP1	REEP1
chr5	138439056	+	REEP2	REEP2
chr10	63521400	+	REEP3	REEP3
chr8	22141907	-	REEP4	REEP4
chr5	112922227	-	REEP5	REEP5
chr19	1491180	+	REEP6	REEP6
chr2	79120487	+	REG1A	REG1A
chr2	79087993	-	REG1B	REG1B
chr2	79138427	-	REG1CP	REG1CP
chr2	79159753	-	REG3A	REG3A
chr2	79025701	+	REG3G	REG3G
chr1	119811460	-	REG4	REG4
chr2	60881573	+	REL	REL
chr11	65662916	-	RELA	RELA
chr19	45001463	+	RELB	RELB
chr18	62187254	+	RELCH	RELCH
chr4	37686376	-	RELL1	RELL1
chr5	141636949	+	RELL2	RELL2
chr7	103989516	-	RELN	RELN
chr11	73376398	+	RELT	RELT
chr20	31475287	+	REM1	REM1
chr14	22883221	+	REM2	REM2
chr1	204166337	-	REN	REN
chrX	153944643	-	RENBP	RENBP
chr12	27696446	+	REP15	REP15
chr7	150368095	+	REPIN1	REPIN1
chr6	138988253	-	REPS1	REPS1
chrX	16946657	+	REPS2	REPS2
chr1	2391840	+	RER1	RER1
chr1	8423832	-	RERE	RERE
chr1	8424644	+	RERE-AS1	RERE-AS1
chr15	22258613	+	REREP3	REREP3
chr12	15221417	-	RERG	RERG
chr12	15151922	+	RERG-AS1	RERG-AS1
chr12	18090193	-	RERGL	RERGL
chr12	31959414	+	RESF1	RESF1
chr2	219333177	-	RESP18	RESP18
chr4	56907899	+	REST	REST
chr10	43077026	+	RET	RET
chr19	7669048	+	RETN	RETN
chr3	108757283	-	RETNLB	RETNLB
chr5	16508998	-	RETREG1	RETREG1
chr2	219178274	+	RETREG2	RETREG2
chr17	42609374	-	RETREG3	RETREG3
chr2	85354528	-	RETSAT	RETSAT
chr2	99490017	-	REV1	REV1
chr6	111483218	-	REV3L	REV3L
chr19	18588797	+	REX1BD	REX1BD
chr19	1848483	-	REXO1	REXO1
chr8	85655676	-	REXO1L2P	REXO1L2P
chr11	114439466	+	REXO2	REXO2
chr9	133418010	-	REXO4	REXO4
chr16	20806526	+	REXO5	REXO5
chr4	39366362	-	RFC1	RFC1
chr7	74254399	-	RFC2	RFC2
chr13	33818068	+	RFC3	RFC3
chr3	186806482	-	RFC4	RFC4
chr12	118016660	+	RFC5	RFC5
chr5	95646776	+	RFESD	RFESD
chr17	35063707	-	RFFL	RFFL
chr9	76394426	-	RFK	RFK
chr12	124289163	+	RFLNA	RFLNA
chr17	445940	-	RFLNB	RFLNB
chr17	82051811	-	RFNG	RFNG
chr22	29438582	+	RFPL1	RFPL1
chr22	29442129	-	RFPL1S	RFPL1S
chr22	32203477	-	RFPL2	RFPL2
chr22	32354884	+	RFPL3	RFPL3
chr22	32371076	-	RFPL3S	RFPL3S
chr19	55759140	+	RFPL4A	RFPL4A
chr19	55769117	+	RFPL4AL1	RFPL4AL1
chr6	112347329	+	RFPL4B	RFPL4B
chr3	53130435	-	RFT1	RFT1
chr3	16513699	-	RFTN1	RFTN1
chr2	197675587	-	RFTN2	RFTN2
chr16	74666877	-	RFWD3	RFWD3
chr19	14006320	-	RFX1	RFX1
chr19	6110500	-	RFX2	RFX2
chr9	3489434	-	RFX3	RFX3
chr9	3668085	+	RFX3-AS1	RFX3-AS1
chr12	106583003	+	RFX4	RFX4
chr1	151346856	-	RFX5	RFX5
chr1	151347009	+	RFX5-AS1	RFX5-AS1
chr6	116877241	+	RFX6	RFX6
chr15	56189932	-	RFX7	RFX7
chr2	101475112	-	RFX8	RFX8
chr19	19192198	+	RFXANK	RFXANK
chr13	36819221	+	RFXAP	RFXAP
chr13	41457549	+	RGCC	RGCC
chr1	183636108	+	RGL1	RGL1
chr6	33298942	-	RGL2	RGL2
chr19	11419314	-	RGL3	RGL3
chr22	23690860	+	RGL4	RGL4
chr15	93073156	-	RGMA	RGMA
chr5	98768631	+	RGMB	RGMB
chr5	98773084	-	RGMB-AS1	RGMB-AS1
chrX	47078354	+	RGN	RGN
chr9	35749286	+	RGP1	RGP1
chr2	86917614	+	RGPD1	RGPD1
chr2	86913811	+	RGPD2	RGPD2
chr2	106468413	-	RGPD3	RGPD3
chr2	107826891	+	RGPD4	RGPD4
chr2	107826769	-	RGPD4-AS1	RGPD4-AS1
chr2	109792757	+	RGPD5	RGPD5
chr2	109760438	+	RGPD6	RGPD6
chr2	109794273	+	RGPD8	RGPD8
chr10	84245052	+	RGR	RGR
chr1	192575772	+	RGS1	RGS1
chr10	119536533	-	RGS10	RGS10
chr16	275944	-	RGS11	RGS11
chr4	3314146	+	RGS12	RGS12
chr1	192636146	+	RGS13	RGS13
chr5	177357923	+	RGS14	RGS14
chr1	182604389	-	RGS16	RGS16
chr6	153131282	-	RGS17	RGS17
chr1	192158461	+	RGS18	RGS18
chr20	64079518	-	RGS19	RGS19
chr1	192809038	+	RGS2	RGS2
chr1	192948257	-	RGS2-AS1	RGS2-AS1
chr8	53851794	+	RGS20	RGS20
chr1	192316991	+	RGS21	RGS21
chr8	100105626	-	RGS22	RGS22
chr9	113444729	+	RGS3	RGS3
chr1	163068605	+	RGS4	RGS4
chr1	163202916	-	RGS5	RGS5
chr1	163161674	+	RGS5-AS1	RGS5-AS1
chr14	71932170	+	RGS6	RGS6
chr1	241355826	-	RGS7	RGS7
chr5	64506014	+	RGS7BP	RGS7BP
chr1	182671924	-	RGS8	RGS8
chr17	65137369	+	RGS9	RGS9
chr19	32675847	+	RGS9BP	RGS9BP
chr1	182450145	+	RGSL1	RGSL1
chr6	49636839	-	RHAG	RHAG
chr2	226800158	+	RHBDD1	RHBDD1
chr7	75878991	+	RHBDD2	RHBDD2
chr22	29267981	-	RHBDD3	RHBDD3
chr16	72631	-	RHBDF1	RHBDF1
chr17	76501423	-	RHBDF2	RHBDF2
chr16	675670	+	RHBDL1	RHBDL1
chr1	38929519	-	RHBDL2	RHBDL2
chr17	32265831	+	RHBDL3	RHBDL3
chr1	156369210	+	RHBG	RHBG
chr1	25420914	-	RHCE	RHCE
chr15	89496583	-	RHCG	RHCG
chr1	25272485	+	RHD	RHD
chr7	151519895	-	RHEB	RHEB
chr12	49069979	-	RHEBL1	RHEBL1
chr1	206053172	+	RHEX	RHEX
chr12	2876264	+	RHNO1	RHNO1
chr3	129528638	+	RHO	RHO
chr3	49411976	-	RHOA	RHOA
chr2	20447073	+	RHOB	RHOB
chr10	60944185	-	RHOBTB1	RHOBTB1
chr8	22987250	+	RHOBTB2	RHOBTB2
chr5	95731335	+	RHOBTB3	RHOBTB3
chr1	112707056	-	RHOC	RHOC
chr11	67056846	+	RHOD	RHOD
chr12	121793688	-	RHOF	RHOF
chr11	3840959	-	RHOG	RHOG
chr4	40191079	+	RHOH	RHOH
chr14	63204442	+	RHOJ	RHOJ
chr2	46542489	+	RHOQ	RHOQ
chr2	46580238	-	RHOQ-AS1	RHOQ-AS1
chr17	32142453	+	RHOT1	RHOT1
chr16	668082	+	RHOT2	RHOT2
chr1	228644646	+	RHOU	RHOU
chr15	40874234	-	RHOV	RHOV
chrX	120115913	-	RHOXF1	RHOXF1
chrX	120036235	+	RHOXF1-AS1	RHOXF1-AS1
chrX	120015551	-	RHOXF1P1	RHOXF1P1
chrX	120077690	-	RHOXF2	RHOXF2
chrX	120077690	-	RHOXF2B	RHOXF2B
chr8	143368875	+	RHPN1	RHPN1
chr8	143368635	-	RHPN1-AS1	RHPN1-AS1
chr19	33064888	-	RHPN2	RHPN2
chrX	53422855	+	RIBC1	RIBC1
chr22	45413692	+	RIBC2	RIBC2
chr9	5629106	+	RIC1	RIC1
chr11	8169025	-	RIC3	RIC3
chr11	207510	+	RIC8A	RIC8A
chr12	106774681	+	RIC8B	RIC8B
chr5	39074399	-	RICTOR	RICTOR
chr8	98117171	-	RIDA	RIDA
chr2	151409901	+	RIF1	RIF1
chr1	151721521	+	RIIAD1	RIIAD1
chr17	1649866	-	RILP	RILP
chr12	123520226	-	RILPL1	RILPL1
chr12	123436733	-	RILPL2	RILPL2
chr12	130628456	-	RIMBP2	RIMBP2
chr22	18611919	-	RIMBP3	RIMBP3
chr22	21383750	+	RIMBP3B	RIMBP3B
chr22	21383373	+	RIMBP3C	RIMBP3C
chr1	42380791	+	RIMKLA	RIMKLA
chr12	8681599	+	RIMKLB	RIMKLB
chr6	71886702	+	RIMS1	RIMS1
chr8	103500609	+	RIMS2	RIMS2
chr1	40665682	-	RIMS3	RIMS3
chr20	44810546	-	RIMS4	RIMS4
chr11	66336434	-	RIN1	RIN1
chr20	19758257	+	RIN2	RIN2
chr14	92513780	+	RIN3	RIN3
chr6	33208499	+	RING1	RING1
chr19	38878275	-	RINL	RINL
chr7	105532080	+	RINT1	RINT1
chr6	7389807	+	RIOK1	RIOK1
chr5	97183247	-	RIOK2	RIOK2
chr18	23453286	+	RIOK3	RIOK3
chr14	73490932	+	RIOX1	RIOX1
chr3	97972431	-	RIOX2	RIOX2
chr6	3063966	+	RIPK1	RIPK1
chr8	89757815	+	RIPK2	RIPK2
chr14	24339991	-	RIPK3	RIPK3
chr21	41767052	-	RIPK4	RIPK4
chr16	67528828	+	RIPOR1	RIPOR1
chr6	24877270	-	RIPOR2	RIPOR2
chr20	50636918	-	RIPOR3	RIPOR3
chr20	50645470	+	RIPOR3-AS1	RIPOR3-AS1
chrX	106903341	-	RIPPLY1	RIPPLY1
chr6	83853265	+	RIPPLY2	RIPPLY2
chr21	37006149	+	RIPPLY3	RIPPLY3
chr1	155910918	-	RIT1	RIT1
chr18	43115685	-	RIT2	RIT2
chr12	113185525	+	RITA1	RITA1
chr15	89221579	-	RLBP1	RLBP1
chr1	40161386	+	RLF	RLF
chrX	74614624	-	RLIM	RLIM
chr9	5339876	-	RLN1	RLN1
chr9	5304228	-	RLN2	RLN2
chr19	14028147	+	RLN3	RLN3
chr18	23503469	+	RMC1	RMC1
chr8	86508686	-	RMDN1	RMDN1
chr2	37925286	+	RMDN2	RMDN2
chr2	38036341	-	RMDN2-AS1	RMDN2-AS1
chr15	40755254	-	RMDN3	RMDN3
chr9	83980358	+	RMI1	RMI1
chr16	11345437	+	RMI2	RMI2
chr6	151452126	-	RMND1	RMND1
chr2	86720290	+	RMND5A	RMND5A
chr5	178130960	+	RMND5B	RMND5B
chr9	35658018	-	RMRP	RMRP
chr12	97462775	+	RMST	RMST
chr6	52995619	+	RN7SK	RN7SK
chr14	49586579	+	RN7SL1	RN7SL1
chr14	49862849	-	RN7SL2	RN7SL2
chr14	49853914	-	RN7SL3	RN7SL3
chr2	10690009	+	RN7SL832P	RN7SL832P
chr21	8209630	+	RNA18SN1	RNA18SN1
chr21	8209630	+	RNA18SN2	RNA18SN2
chr21	8209630	+	RNA18SN3	RNA18SN3
chr21	8209630	+	RNA18SN4	RNA18SN4
chr21	8209630	+	RNA18SN5	RNA18SN5
chr21	8441145	+	RNA28SN1	RNA28SN1
chr21	8213887	+	RNA28SN2	RNA28SN2
chr21	8396925	+	RNA28SN3	RNA28SN3
chr21	8213887	+	RNA28SN5	RNA28SN5
chr21	8433221	+	RNA45SN1	RNA45SN1
chr21	8205987	+	RNA45SN2	RNA45SN2
chr21	8389034	+	RNA45SN3	RNA45SN3
chr21	8433221	+	RNA45SN5	RNA45SN5
chr21	8212570	+	RNA5-8SN1	RNA5-8SN1
chr21	8212570	+	RNA5-8SN2	RNA5-8SN2
chr21	8212570	+	RNA5-8SN3	RNA5-8SN3
chr21	8212571	+	RNA5-8SN4	RNA5-8SN4
chr21	8212570	+	RNA5-8SN5	RNA5-8SN5
chr1	228610386	-	RNA5S1	RNA5S1
chr1	228610386	-	RNA5S10	RNA5S10
chr1	228610386	-	RNA5S11	RNA5S11
chr1	228610386	-	RNA5S12	RNA5S12
chr1	228610386	-	RNA5S13	RNA5S13
chr1	228610386	-	RNA5S14	RNA5S14
chr1	228610386	-	RNA5S15	RNA5S15
chr1	228610386	-	RNA5S16	RNA5S16
chr1	228610386	-	RNA5S17	RNA5S17
chr1	228610386	-	RNA5S2	RNA5S2
chr1	228610386	-	RNA5S3	RNA5S3
chr1	228610386	-	RNA5S4	RNA5S4
chr1	228610386	-	RNA5S5	RNA5S5
chr1	228610386	-	RNA5S6	RNA5S6
chr1	228610386	-	RNA5S7	RNA5S7
chr1	228610386	-	RNA5S8	RNA5S8
chr1	228628266	-	RNA5S9	RNA5S9
chr14	20802364	-	RNASE1	RNASE1
chr14	20504232	+	RNASE10	RNASE10
chr14	20590258	-	RNASE11	RNASE11
chr14	20590823	-	RNASE12	RNASE12
chr14	21034807	-	RNASE13	RNASE13
chr14	20955486	+	RNASE2	RNASE2
chr14	20891402	+	RNASE3	RNASE3
chr14	20684559	+	RNASE4	RNASE4
chr14	20781267	+	RNASE6	RNASE6
chr14	21042361	+	RNASE7	RNASE7
chr14	21057821	+	RNASE8	RNASE8
chr14	20560931	-	RNASE9	RNASE9
chr2	3558333	-	RNASEH1	RNASEH1
chr2	3558385	+	RNASEH1-AS1	RNASEH1-AS1
chr19	12806583	+	RNASEH2A	RNASEH2A
chr13	50909677	+	RNASEH2B	RNASEH2B
chr13	50910712	-	RNASEH2B-AS1	RNASEH2B-AS1
chr11	65720798	-	RNASEH2C	RNASEH2C
chr17	7012416	+	RNASEK	RNASEK
chr17	7012416	+	RNASEK-C17orf49	RNASEK-C17orf49
chr1	182589256	-	RNASEL	RNASEL
chr6	166956550	-	RNASET2	RNASET2
chr12	48865870	-	RND1	RND1
chr17	43025230	+	RND2	RND2
chr2	150487695	-	RND3	RND3
chr12	120534355	+	RNF10	RNF10
chr2	86623865	-	RNF103	RNF103
chr2	86721122	-	RNF103-CHMP3	RNF103-CHMP3
chr1	51236272	+	RNF11	RNF11
chr15	58987662	+	RNF111	RNF111
chr17	19411231	+	RNF112	RNF112
chrX	119871733	-	RNF113A	RNF113A
chr13	98177269	-	RNF113B	RNF113B
chr20	49936396	+	RNF114	RNF114
chr1	145824095	-	RNF115	RNF115
chr11	71928721	+	RNF121	RNF121
chr8	33567128	-	RNF122	RNF122
chr3	49689556	+	RNF123	RNF123
chr18	32018824	+	RNF125	RNF125
chr19	663214	-	RNF126	RNF126
chr17	57045477	+	RNF126P1	RNF126P1
chrX	106693837	+	RNF128	RNF128
chr3	149812687	+	RNF13	RNF13
chr5	180071759	-	RNF130	RNF130
chr7	122699117	-	RNF133	RNF133
chr17	30971038	+	RNF135	RNF135
chr18	32091873	+	RNF138	RNF138
chr5	55534542	-	RNF138P1	RNF138P1
chr8	124474879	+	RNF139	RNF139
chr8	124474354	-	RNF139-AS1	RNF139-AS1
chr5	141966836	+	RNF14	RNF14
chr11	10541187	-	RNF141	RNF141
chr2	6917411	+	RNF144A	RNF144A
chr6	18387349	+	RNF144B	RNF144B
chr5	159207648	-	RNF145	RNF145
chr6	127266681	+	RNF146	RNF146
chr7	122702922	-	RNF148	RNF148
chr2	101308701	-	RNF149	RNF149
chr4	141133469	-	RNF150	RNF150
chr16	1966855	+	RNF151	RNF151
chr18	61893007	-	RNF152	RNF152
chr17	76240493	-	RNF157	RNF157
chr17	76140555	+	RNF157-AS1	RNF157-AS1
chr18	46334017	+	RNF165	RNF165
chr16	88703581	-	RNF166	RNF166
chr17	4940091	+	RNF167	RNF167
chr3	196503768	-	RNF168	RNF168
chr11	74748848	+	RNF169	RNF169
chr13	24764168	+	RNF17	RNF17
chr8	42896605	-	RNF170	RNF170
chr4	153760024	-	RNF175	RNF175
chr5	64165842	+	RNF180	RNF180
chr2	85595744	+	RNF181	RNF181
chr6	13924445	+	RNF182	RNF182
chr9	113298865	-	RNF183	RNF183
chr22	31160181	+	RNF185	RNF185
chr1	19815283	-	RNF186	RNF186
chr1	228487381	+	RNF187	RNF187
chr8	100302193	-	RNF19A	RNF19A
chr1	32964809	-	RNF19B	RNF19B
chr1	185045557	+	RNF2	RNF2
chr9	101533852	+	RNF20	RNF20
chr1	6206118	+	RNF207	RNF207
chr1	6205780	-	RNF207-AS1	RNF207-AS1
chr9	137221323	-	RNF208	RNF208
chr4	1113564	-	RNF212	RNF212
chr14	23185320	+	RNF212B	RNF212B
chr17	80260851	+	RNF213	RNF213
chr17	80415168	-	RNF213-AS1	RNF213-AS1
chr11	117232670	+	RNF214	RNF214
chr22	30387411	-	RNF215	RNF215
chr7	5781663	-	RNF216	RNF216
chr7	5680461	-	RNF216-IT1	RNF216-IT1
chr7	4973984	+	RNF216P1	RNF216P1
chr6	124962544	+	RNF217	RNF217
chr6	124963027	-	RNF217-AS1	RNF217-AS1
chr1	44405159	+	RNF220	RNF220
chr17	8397827	-	RNF222	RNF222
chr1	1074306	-	RNF223	RNF223
chr9	137227501	+	RNF224	RNF224
chr19	58396089	+	RNF225	RNF225
chr17	7916289	-	RNF227	RNF227
chr20	4015558	-	RNF24	RNF24
chr2	218672002	-	RNF25	RNF25
chr11	119334526	+	RNF26	RNF26
chr14	24146874	+	RNF31	RNF31
chr7	156640746	+	RNF32	RNF32
chr12	121400082	+	RNF34	RNF34
chr9	36400269	-	RNF38	RNF38
chr6	30075849	-	RNF39	RNF39
chr4	2469105	+	RNF4	RNF4
chr16	30761611	+	RNF40	RNF40
chr12	56221701	-	RNF41	RNF41
chr17	58402721	-	RNF43	RNF43
chr5	176537402	-	RNF44	RNF44
chr6	32178404	+	RNF5	RNF5
chr8	38601257	-	RNF5P1	RNF5P1
chr13	26221757	-	RNF6	RNF6
chr3	141738208	+	RNF7	RNF7
chr6	37353982	+	RNF8	RNF8
chr17	59964740	-	RNFT1	RNFT1
chr17	59965095	+	RNFT1-DT	RNFT1-DT
chr12	116738290	+	RNFT2	RNFT2
chr6	88963618	-	RNGTT	RNGTT
chr11	506768	-	RNH1	RNH1
chr10	88583318	-	RNLS	RNLS
chr18	13726672	+	RNMT	RNMT
chr1	103525698	+	RNPC3	RNPC3
chr1	201982647	+	RNPEP	RNPEP
chr2	240568483	+	RNPEPL1	RNPEPL1
chr16	2267337	-	RNPS1	RNPS1
chr1	16514285	-	RNU1-1	RNU1-1
chr1	16514285	-	RNU1-2	RNU1-2
chr1	16514285	-	RNU1-3	RNU1-3
chr1	16514285	-	RNU1-4	RNU1-4
chr20	8831184	+	RNU105B	RNU105B
chr8	54330685	+	RNU105C	RNU105C
chr1	28648599	+	RNU11	RNU11
chr22	42615244	+	RNU12	RNU12
chr17	43233977	-	RNU2-1	RNU2-1
chr12	120293237	-	RNU4-1	RNU4-1
chr12	120291903	-	RNU4-2	RNU4-2
chr2	121530879	+	RNU4ATAC	RNU4ATAC
chr15	65296050	+	RNU5A-1	RNU5A-1
chr15	65304676	+	RNU5B-1	RNU5B-1
chr1	44731168	-	RNU5D-1	RNU5D-1
chr1	11908153	+	RNU5E-1	RNU5E-1
chr1	44721901	-	RNU5F-1	RNU5F-1
chr19	893483	+	RNU6-1	RNU6-1
chr19	893483	+	RNU6-2	RNU6-2
chr19	893483	+	RNU6-7	RNU6-7
chr19	893483	+	RNU6-8	RNU6-8
chr19	893483	+	RNU6-9	RNU6-9
chr9	134164564	-	RNU6ATAC	RNU6ATAC
chr1	220824270	+	RNU6ATAC35P	RNU6ATAC35P
chr12	6943815	+	RNU7-1	RNU7-1
chr1	148362533	-	RNVU1-1	RNVU1-1
chr1	145281115	+	RNVU1-14	RNVU1-14
chr1	144412575	+	RNVU1-15	RNVU1-15
chr1	143699619	-	RNVU1-17	RNVU1-17
chr1	16514285	-	RNVU1-18	RNVU1-18
chr1	120850985	-	RNVU1-19	RNVU1-19
chr1	120942599	+	RNVU1-20	RNVU1-20
chr1	144551943	-	RNVU1-2A	RNVU1-2A
chr1	148402714	+	RNVU1-3	RNVU1-3
chr1	120942599	+	RNVU1-4	RNVU1-4
chr1	146052244	-	RNVU1-6	RNVU1-6
chr1	148038916	-	RNVU1-7	RNVU1-7
chr1	147084756	-	RNVU1-8	RNVU1-8
chr7	148987248	-	RNY1	RNY1
chr7	148983754	+	RNY3	RNY3
chr7	148963314	+	RNY4	RNY4
chr7	148941487	+	RNY5	RNY5
chr1	193059611	+	RO60	RO60
chr3	79019459	-	ROBO1	ROBO1
chr3	76310879	+	ROBO2	ROBO2
chr11	124865431	+	ROBO3	ROBO3
chr11	124897865	-	ROBO4	ROBO4
chr18	21111813	-	ROCK1	ROCK1
chr18	109064	+	ROCK1P1	ROCK1P1
chr2	11344636	-	ROCK2	ROCK2
chr17	72025979	-	ROCR	ROCR
chr16	4802633	-	ROGDI	ROGDI
chr11	62613256	+	ROM1	ROM1
chr20	35699404	+	ROMO1	ROMO1
chr3	123991352	-	ROPN1	ROPN1
chr3	125969177	+	ROPN1B	ROPN1B
chr5	10441878	+	ROPN1L	ROPN1L
chr5	10441851	-	ROPN1L-AS1	ROPN1L-AS1
chr1	63774016	+	ROR1	ROR1
chr1	64112205	-	ROR1-AS1	ROR1-AS1
chr9	91950228	-	ROR2	ROR2
chr15	60592526	-	RORA	RORA
chr15	60479177	+	RORA-AS1	RORA-AS1
chr15	60681568	+	RORA-AS2	RORA-AS2
chr9	74497334	+	RORB	RORB
chr9	74498553	-	RORB-AS1	RORB-AS1
chr1	151826096	-	RORC	RORC
chr6	117425942	-	ROS1	ROS1
chr8	54559184	+	RP1	RP1
chr8	10655143	-	RP1L1	RP1L1
chrX	46837042	+	RP2	RP2
chr7	33109404	-	RP9	RP9
chr7	32943170	-	RP9P	RP9P
chr17	1830004	+	RPA1	RPA1
chr1	27914575	-	RPA2	RPA2
chr7	7718607	-	RPA3	RPA3
chrX	96883907	+	RPA4	RPA4
chr17	5419640	+	RPAIN	RPAIN
chr15	41544257	-	RPAP1	RPAP1
chr1	92299058	+	RPAP2	RPAP2
chr12	47706030	-	RPAP3	RPAP3
chr10	102449816	+	RPARP-AS1	RPARP-AS1
chr2	210002564	+	RPE	RPE
chr1	68449954	-	RPE65	RPE65
chr10	103245886	+	RPEL1	RPEL1
chr1	84479265	+	RPF1	RPF1
chr6	110982016	+	RPF2	RPF2
chrX	38326952	-	RPGR	RPGR
chr14	21280082	+	RPGRIP1	RPGRIP1
chr16	53703859	-	RPGRIP1L	RPGRIP1L
chr12	112575235	+	RPH3A	RPH3A
chr17	352807	-	RPH3AL	RPH3AL
chr2	88691672	+	RPIA	RPIA
chrX	154398064	+	RPL10	RPL10
chr6	35468400	+	RPL10A	RPL10A
chr14	46651781	-	RPL10L	RPL10L
chr1	23691778	+	RPL11	RPL11
chr9	127451406	-	RPL12	RPL12
chr16	89560656	+	RPL13	RPL13
chr19	49487553	+	RPL13A	RPL13A
chr7	78347241	+	RPL13AP17	RPL13AP17
chr12	12875476	+	RPL13AP20	RPL13AP20
chr14	55766244	+	RPL13AP3	RPL13AP3
chr10	96750265	+	RPL13AP5	RPL13AP5
chr10	110937255	-	RPL13AP6	RPL13AP6
chr12	6883980	+	RPL13P5	RPL13P5
chr3	40457338	+	RPL14	RPL14
chr3	23916544	+	RPL15	RPL15
chr18	49490929	-	RPL17	RPL17
chr18	49491584	-	RPL17-C18orf32	RPL17-C18orf32
chr19	48619178	-	RPL18	RPL18
chr19	17859909	+	RPL18A	RPL18A
chr17	39200282	+	RPL19	RPL19
chr7	103142403	-	RPL19P12	RPL19P12
chr13	27251554	+	RPL21	RPL21
chr1	212052051	-	RPL21P28	RPL21P28
chr4	53987282	-	RPL21P44	RPL21P44
chr1	6199595	-	RPL22	RPL22
chr3	170870195	-	RPL22L1	RPL22L1
chr17	38853721	-	RPL23	RPL23
chr17	28719984	+	RPL23A	RPL23A
chr2	54529221	+	RPL23AP32	RPL23AP32
chr8	232318	-	RPL23AP53	RPL23AP53
chr11	119003593	-	RPL23AP64	RPL23AP64
chr2	113627138	-	RPL23AP7	RPL23AP7
chr22	50757085	+	RPL23AP82	RPL23AP82
chr17	83226896	+	RPL23AP87	RPL23AP87
chr7	20827297	+	RPL23P8	RPL23P8
chr3	101686718	-	RPL24	RPL24
chr17	8383193	-	RPL26	RPL26
chr5	172958728	+	RPL26L1	RPL26L1
chr17	42998272	+	RPL27	RPL27
chr11	8682791	+	RPL27A	RPL27A
chr19	55385931	+	RPL28	RPL28
chr3	51995895	-	RPL29	RPL29
chr17	7754319	+	RPL29P2	RPL29P2
chr22	39319623	-	RPL3	RPL3
chr8	98045545	-	RPL30	RPL30
chr2	101002228	+	RPL31	RPL31
chr1	161685252	-	RPL31P11	RPL31P11
chr3	12840450	-	RPL32	RPL32
chr3	129399439	-	RPL32P3	RPL32P3
chr4	108620557	+	RPL34	RPL34
chr4	108620457	-	RPL34-DT	RPL34-DT
chr9	124861957	-	RPL35	RPL35
chr3	197950189	+	RPL35A	RPL35A
chr19	5690294	+	RPL36	RPL36
chrX	101391010	+	RPL36A	RPL36A
chrX	101391010	+	RPL36A-HNRNPH2	RPL36A-HNRNPH2
chr14	49620626	-	RPL36AL	RPL36AL
chr5	40835222	-	RPL37	RPL37
chr2	216498843	+	RPL37A	RPL37A
chr17	74203677	+	RPL38	RPL38
chrX	119791630	-	RPL39	RPL39
chr3	187139496	-	RPL39L	RPL39L
chr16	1954689	-	RPL3L	RPL3L
chr15	66504855	-	RPL4	RPL4
chr12	56116632	+	RPL41	RPL41
chr1	92831985	+	RPL5	RPL5
chr12	112409285	-	RPL6	RPL6
chr8	73293633	-	RPL7	RPL7
chr9	133348217	+	RPL7A	RPL7A
chr6	42879615	+	RPL7L1	RPL7L1
chr8	144792390	-	RPL8	RPL8
chr4	39458922	-	RPL9	RPL9
chr12	120201111	-	RPLP0	RPLP0
chr11	61615035	+	RPLP0P2	RPLP0P2
chr15	69452817	+	RPLP1	RPLP1
chr11	809966	+	RPLP2	RPLP2
chr3	128650818	-	RPN1	RPN1
chr20	37179045	+	RPN2	RPN2
chr3	58306244	+	RPP14	RPP14
chr6	30345155	+	RPP21	RPP21
chr15	74956772	-	RPP25	RPP25
chr9	34612097	-	RPP25L	RPP25L
chr10	90871973	+	RPP30	RPP30
chr10	15097179	+	RPP38	RPP38
chr10	15097319	-	RPP38-DT	RPP38-DT
chr6	5004037	-	RPP40	RPP40
chr14	20343411	-	RPPH1	RPPH1
chr18	36067559	-	RPRD1A	RPRD1A
chr20	38033745	+	RPRD1B	RPRD1B
chr1	150364110	+	RPRD2	RPRD2
chr2	153478762	-	RPRM	RPRM
chr17	46979253	-	RPRML	RPRML
chr6	34426069	-	RPS10	RPS10
chr6	34426125	-	RPS10-NUDT3	RPS10-NUDT3
chr1	201519903	+	RPS10P7	RPS10P7
chr19	49496433	+	RPS11	RPS11
chr6	132814568	+	RPS12	RPS12
chr11	17077667	-	RPS13	RPS13
chr5	150449739	-	RPS14	RPS14
chr1	19607806	+	RPS14P3	RPS14P3
chr19	1438395	+	RPS15	RPS15
chr16	18790334	-	RPS15A	RPS15A
chr1	45646685	-	RPS15AP10	RPS15AP10
chr19	39435949	-	RPS16	RPS16
chr6	53337617	-	RPS16P5	RPS16P5
chr15	82540457	-	RPS17	RPS17
chr6	33272074	+	RPS18	RPS18
chr6	149593615	+	RPS18P9	RPS18P9
chr19	41860254	+	RPS19	RPS19
chr22	39532748	-	RPS19BP1	RPS19BP1
chr16	1964826	-	RPS2	RPS2
chr8	56074506	-	RPS20	RPS20
chr20	62387102	+	RPS21	RPS21
chr5	82278354	-	RPS23	RPS23
chr10	78033759	+	RPS24	RPS24
chr11	119018343	-	RPS25	RPS25
chr12	56041917	+	RPS26	RPS26
chrX	72044408	+	RPS26P11	RPS26P11
chr1	153990754	+	RPS27	RPS27
chr2	55231902	+	RPS27A	RPS27A
chr15	63157477	-	RPS27L	RPS27L
chr19	8321495	+	RPS28	RPS28
chr14	49586380	-	RPS29	RPS29
chr7	23490387	+	RPS2P32	RPS2P32
chr11	75399490	+	RPS3	RPS3
chr4	151099572	+	RPS3A	RPS3A
chrX	72277248	-	RPS4X	RPS4X
chrY	2841601	+	RPS4Y1	RPS4Y1
chrY	20756107	+	RPS4Y2	RPS4Y2
chr19	58387268	+	RPS5	RPS5
chr9	19380236	-	RPS6	RPS6
chr1	26529760	+	RPS6KA1	RPS6KA1
chr6	166544690	-	RPS6KA2	RPS6KA2
chr6	166903697	+	RPS6KA2-AS1	RPS6KA2-AS1
chr6	166465383	-	RPS6KA2-IT1	RPS6KA2-IT1
chrX	20266909	-	RPS6KA3	RPS6KA3
chr11	64359161	+	RPS6KA4	RPS6KA4
chr14	91060124	-	RPS6KA5	RPS6KA5
chrX	84187935	-	RPS6KA6	RPS6KA6
chr17	59893045	+	RPS6KB1	RPS6KB1
chr11	67428493	+	RPS6KB2	RPS6KB2
chr1	213051232	+	RPS6KC1	RPS6KC1
chr14	74922442	-	RPS6KL1	RPS6KL1
chr2	3575259	+	RPS7	RPS7
chr1	240007523	+	RPS7P5	RPS7P5
chr1	44775539	+	RPS8	RPS8
chr19	54200857	+	RPS9	RPS9
chr3	39406719	+	RPSA	RPSA
chr12	65826974	-	RPSAP52	RPSAP52
chr19	23763003	+	RPSAP58	RPSAP58
chr9	76398598	+	RPSAP9	RPSAP9
chr1	152159228	-	RPTN	RPTN
chr17	80544837	+	RPTOR	RPTOR
chr16	788381	-	RPUSD1	RPUSD1
chr15	40569292	+	RPUSD2	RPUSD2
chr3	9844008	-	RPUSD3	RPUSD3
chr11	126211650	-	RPUSD4	RPUSD4
chr16	66925535	-	RRAD	RRAD
chr9	19049426	+	RRAGA	RRAGA
chrX	55717748	+	RRAGB	RRAGB
chr1	38859772	-	RRAGC	RRAGC
chr6	89412273	-	RRAGD	RRAGD
chr19	49640143	-	RRAS	RRAS
chr11	14358485	-	RRAS2	RRAS2
chr20	17682242	-	RRBP1	RRBP1
chr6	7107742	+	RREB1	RREB1
chr4	109827971	+	RRH	RRH
chr11	4094684	+	RRM1	RRM1
chr2	10122567	+	RRM2	RRM2
chr8	102238831	-	RRM2B	RRM2B
chr16	15094272	-	RRN3	RRN3
chr16	21819174	-	RRN3P1	RRN3P1
chr16	29074841	+	RRN3P2	RRN3P2
chr16	21501525	+	RRN3P3	RRN3P3
chr1	156728468	+	RRNAD1	RRNAD1
chr21	43789576	+	RRP1	RRP1
chr10	97401340	-	RRP12	RRP12
chr1	218285292	+	RRP15	RRP15
chr21	43659559	+	RRP1B	RRP1B
chr6	43021601	+	RRP36	RRP36
chr22	42519796	-	RRP7A	RRP7A
chr22	42582011	-	RRP7BP	RRP7BP
chr11	6603616	-	RRP8	RRP8
chr3	51941904	-	RRP9	RRP9
chr8	66429013	+	RRS1	RRS1
chr8	66428977	-	RRS1-AS1	RRS1-AS1
chrX	18672108	-	RS1	RS1
chr17	50478799	+	RSAD1	RSAD1
chr2	6877776	+	RSAD2	RSAD2
chr1	113812476	-	RSBN1	RSBN1
chr7	77696458	+	RSBN1L	RSBN1L
chr1	15659712	+	RSC1A1	RSC1A1
chr11	77820834	-	RSF1	RSF1
chr17	28614185	-	RSKR	RSKR
chr16	11851542	-	RSL1D1	RSL1D1
chr15	55196941	-	RSL24D1	RSL24D1
chr21	42496224	-	RSPH1	RSPH1
chr7	5970683	-	RSPH10B	RSPH10B
chr7	5970683	-	RSPH10B2	RSPH10B2
chr22	23141990	-	RSPH14	RSPH14
chr6	159000187	-	RSPH3	RSPH3
chr6	116616478	+	RSPH4A	RSPH4A
chr19	45815308	-	RSPH6A	RSPH6A
chr6	43645029	+	RSPH9	RSPH9
chr1	37634892	-	RSPO1	RSPO1
chr8	108081939	-	RSPO2	RSPO2
chr6	127118670	+	RSPO3	RSPO3
chr20	1002311	-	RSPO4	RSPO4
chr16	57186283	+	RSPRY1	RSPRY1
chr3	158110051	+	RSRC1	RSRC1
chr12	122526936	-	RSRC2	RSRC2
chr1	25247454	-	RSRP1	RSRP1
chr10	16817424	-	RSU1	RSU1
chr10	45154596	-	RSU1P2	RSU1P2
chr19	12830416	-	RTBDN	RTBDN
chr1	100266157	+	RTCA	RTCA
chr1	100266174	-	RTCA-AS1	RTCA-AS1
chr22	32412247	-	RTCB	RTCB
chr20	63657809	+	RTEL1	RTEL1
chr20	63657809	+	RTEL1-TNFRSF6B	RTEL1-TNFRSF6B
chr15	41417103	+	RTF1	RTF1
chr20	56468584	+	RTF2	RTF2
chr2	74440583	-	RTKN	RTKN
chr10	62268844	-	RTKN2	RTKN2
chr14	100903722	-	RTL1	RTL1
chr22	19854874	-	RTL10	RTL10
chrX	78659328	-	RTL3	RTL3
chrX	112083024	+	RTL4	RTL4
chrX	72131915	-	RTL5	RTL5
chr22	44498233	-	RTL6	RTL6
chrX	135052135	-	RTL8A	RTL8A
chrX	135022542	-	RTL8B	RTL8B
chrX	135032354	+	RTL8C	RTL8C
chrX	110358847	+	RTL9	RTL9
chr14	59610139	-	RTN1	RTN1
chr19	45493253	-	RTN2	RTN2
chr11	63681449	+	RTN3	RTN3
chr2	55010272	-	RTN4	RTN4
chr6	106629498	-	RTN4IP1	RTN4IP1
chr22	20268318	-	RTN4R	RTN4R
chr17	2025334	-	RTN4RL1	RTN4RL1
chr11	57460527	+	RTN4RL2	RTN4RL2
chr3	187197485	+	RTP1	RTP1
chr3	187702557	-	RTP2	RTP2
chr3	46497975	+	RTP3	RTP3
chr3	187368384	+	RTP4	RTP4
chr2	241869728	+	RTP5	RTP5
chr14	51989545	+	RTRAF	RTRAF
chr18	70205687	-	RTTN	RTTN
chr3	197736904	-	RUBCN	RUBCN
chr13	46387252	-	RUBCNL	RUBCNL
chr5	179550553	+	RUFY1	RUFY1
chr5	179603741	-	RUFY1-AS1	RUFY1-AS1
chr10	68407189	-	RUFY2	RUFY2
chr4	70704936	+	RUFY3	RUFY3
chr2	218034933	+	RUFY4	RUFY4
chr17	42980564	+	RUNDC1	RUNDC1
chr17	44308558	+	RUNDC3A	RUNDC3A
chr17	44308431	-	RUNDC3A-AS1	RUNDC3A-AS1
chr7	87628397	+	RUNDC3B	RUNDC3B
chr21	34888699	-	RUNX1	RUNX1
chr21	35039426	-	RUNX1-IT1	RUNX1-IT1
chr8	92017680	-	RUNX1T1	RUNX1T1
chr6	45328316	+	RUNX2	RUNX2
chr1	24930276	-	RUNX3	RUNX3
chr1	155320893	+	RUSC1	RUSC1
chr1	155323845	-	RUSC1-AS1	RUSC1-AS1
chr9	35490110	+	RUSC2	RUSC2
chr16	31508391	-	RUSF1	RUSF1
chr3	128123812	-	RUVBL1	RUVBL1
chr3	128075809	+	RUVBL1-AS1	RUVBL1-AS1
chr19	48993447	+	RUVBL2	RUVBL2
chr6	116571503	+	RWDD1	RWDD1
chr6	83193356	+	RWDD2A	RWDD2A
chr21	29019349	-	RWDD2B	RWDD2B
chr1	95234154	+	RWDD3	RWDD3
chr4	183659185	-	RWDD4	RWDD4
chr4	158521713	+	RXFP1	RXFP1
chr13	31739525	+	RXFP2	RXFP2
chr5	33936385	+	RXFP3	RXFP3
chr1	155941637	+	RXFP4	RXFP4
chr9	134326454	+	RXRA	RXRA
chr6	33200665	-	RXRB	RXRB
chr1	165424984	-	RXRG	RXRG
chr12	63779908	+	RXYLT1	RXYLT1
chr12	63822156	-	RXYLT1-AS1	RXYLT1-AS1
chr3	72446623	-	RYBP	RYBP
chr3	134250744	-	RYK	RYK
chr19	38433690	+	RYR1	RYR1
chr1	237042183	+	RYR2	RYR2
chr15	33310966	+	RYR3	RYR3
chr15	33310245	-	RYR3-DT	RYR3-DT
chr1	153628433	+	S100A1	S100A1
chr1	151993859	-	S100A10	S100A10
chr1	152037004	-	S100A11	S100A11
chr1	153375621	-	S100A12	S100A12
chr1	153627048	-	S100A13	S100A13
chr1	153616325	-	S100A14	S100A14
chr1	153609355	-	S100A16	S100A16
chr1	153563887	-	S100A2	S100A2
chr1	153549258	-	S100A3	S100A3
chr1	153545806	-	S100A4	S100A4
chr1	153541809	-	S100A5	S100A5
chr1	153535991	-	S100A6	S100A6
chr1	153460651	-	S100A7	S100A7
chr1	153416519	+	S100A7A	S100A7A
chr1	153390976	-	S100A8	S100A8
chr1	153357853	+	S100A9	S100A9
chr21	46605082	-	S100B	S100B
chrX	16650157	+	S100G	S100G
chr4	6693877	+	S100P	S100P
chr1	32817441	+	S100PBP	S100PBP
chr5	76850013	+	S100Z	S100Z
chr1	101236748	+	S1PR1	S1PR1
chr19	10231331	-	S1PR2	S1PR2
chr9	88991467	+	S1PR3	S1PR3
chr19	3178768	+	S1PR4	S1PR4
chr19	10517447	-	S1PR5	S1PR5
chr11	18266224	+	SAA1	SAA1
chr11	18248668	-	SAA2	SAA2
chr11	18248668	-	SAA2-SAA4	SAA2-SAA4
chr11	18116132	-	SAA3P	SAA3P
chr11	18236802	-	SAA4	SAA4
chr11	18106082	-	SAAL1	SAAL1
chr11	65040932	+	SAC3D1	SAC3D1
chr3	45689395	+	SACM1L	SACM1L
chr13	23375508	-	SACS	SACS
chr13	23418970	+	SACS-AS1	SACS-AS1
chr19	47130834	+	SAE1	SAE1
chr19	5623082	+	SAFB	SAFB
chr19	5622776	-	SAFB2	SAFB2
chr2	233307815	+	SAG	SAG
chrX	135893715	+	SAGE1	SAGE1
chrX	135686094	-	SAGE2P	SAGE2P
chr16	51150597	-	SALL1	SALL1
chr14	21526346	-	SALL2	SALL2
chr18	78980274	+	SALL3	SALL3
chr20	51802521	-	SALL4	SALL4
chr14	60639215	+	SALRNA1	SALRNA1
chr15	70635248	+	SALRNA2	SALRNA2
chr15	70615546	+	SALRNA3	SALRNA3
chr19	14090751	-	SAMD1	SAMD1
chr20	63979642	-	SAMD10	SAMD10
chr1	923922	+	SAMD11	SAMD11
chr8	118621963	-	SAMD12	SAMD12
chr8	118621000	+	SAMD12-AS1	SAMD12-AS1
chr1	84298537	+	SAMD13	SAMD13
chr17	50130160	-	SAMD14	SAMD14
chr14	77377377	+	SAMD15	SAMD15
chr6	130215885	-	SAMD3	SAMD3
chr14	54567127	+	SAMD4A	SAMD4A
chr19	39342420	+	SAMD4B	SAMD4B
chr6	147508689	+	SAMD5	SAMD5
chr3	169911571	+	SAMD7	SAMD7
chr10	75111655	+	SAMD8	SAMD8
chr7	93117979	-	SAMD9	SAMD9
chr7	93148385	-	SAMD9L	SAMD9L
chr20	36951708	-	SAMHD1	SAMHD1
chr22	43955441	+	SAMM50	SAMM50
chr3	69999743	+	SAMMSON	SAMMSON
chr21	14546315	-	SAMSN1	SAMSN1
chr21	14582201	+	SAMSN1-AS1	SAMSN1-AS1
chr2	128027295	-	SAP130	SAP130
chr13	21140513	+	SAP18	SAP18
chr7	100573900	-	SAP25	SAP25
chr4	173370953	+	SAP30	SAP30
chr17	75667115	+	SAP30BP	SAP30BP
chr5	154445996	+	SAP30L	SAP30L
chr5	154445822	-	SAP30L-AS1	SAP30L-AS1
chr6	31762995	+	SAPCD1	SAPCD1
chr6	31765588	-	SAPCD1-AS1	SAPCD1-AS1
chr9	137070557	-	SAPCD2	SAPCD2
chr10	70170514	-	SAR1A	SAR1A
chr5	134632828	-	SAR1B	SAR1B
chr8	30083064	-	SARAF	SARAF
chr9	133738352	-	SARDH	SARDH
chr17	28371693	+	SARM1	SARM1
chr12	55817724	-	SARNP	SARNP
chr1	109213892	+	SARS1	SARS1
chr19	38930763	-	SARS2	SARS2
chr11	65961733	+	SART1	SART1
chr12	108561173	-	SART3	SART3
chr6	148272327	+	SASH1	SASH1
chrX	129779948	+	SASH3	SASH3
chr1	100132930	-	SASS6	SASS6
chrX	23783157	+	SAT1	SAT1
chr17	7627821	-	SAT2	SAT2
chr3	18425339	-	SATB1	SATB1
chr3	18445236	+	SATB1-AS1	SATB1-AS1
chr2	199457939	-	SATB2	SATB2
chr2	199468097	+	SATB2-AS1	SATB2-AS1
chrX	85108968	-	SATL1	SATL1
chr14	50668306	-	SAV1	SAV1
chr9	19033209	-	SAXO1	SAXO1
chr15	82262817	+	SAXO2	SAXO2
chr6	39115186	-	SAYSD1	SAYSD1
chr7	66995586	-	SBDS	SBDS
chr7	72829372	+	SBDSP1	SBDSP1
chr22	50475035	-	SBF1	SBF1
chr8	55455321	-	SBF1P1	SBF1P1
chr11	10294207	-	SBF2	SBF2
chr11	9758292	+	SBF2-AS1	SBF2-AS1
chr16	28292524	+	SBK1	SBK1
chr19	55537133	-	SBK2	SBK2
chr19	55545543	-	SBK3	SBK3
chr12	123364847	-	SBNO1	SBNO1
chr12	123364947	+	SBNO1-AS1	SBNO1-AS1
chr19	1132221	-	SBNO2	SBNO2
chr19	35528311	-	SBSN	SBSN
chr8	73093172	-	SBSPON	SBSPON
chr11	121292770	+	SC5D	SC5D
chr3	63911772	-	SCAANT1	SCAANT1
chr19	49642208	+	SCAF1	SCAF1
chr12	45990574	-	SCAF11	SCAF11
chr21	31732118	-	SCAF4	SCAF4
chr6	154733377	+	SCAF8	SCAF8
chr9	125143528	-	SCAI	SCAI
chr5	78360616	+	SCAMP1	SCAMP1
chr5	78360541	-	SCAMP1-AS1	SCAMP1-AS1
chr15	74873365	-	SCAMP2	SCAMP2
chr1	155262360	-	SCAMP3	SCAMP3
chr19	1905398	+	SCAMP4	SCAMP4
chr15	74995562	+	SCAMP5	SCAMP5
chr20	35954502	-	SCAND1	SCAND1
chr15	84631459	+	SCAND2P	SCAND2P
chr3	47475941	-	SCAP	SCAP
chr15	76861944	-	SCAPER	SCAPER
chr8	27633901	+	SCARA3	SCARA3
chr8	27992673	-	SCARA5	SCARA5
chr12	124839671	-	SCARB1	SCARB1
chr4	76213824	-	SCARB2	SCARB2
chr17	1645732	-	SCARF1	SCARF1
chr22	20437825	-	SCARF2	SCARF2
chr1	27834400	+	SCARNA1	SCARNA1
chr12	6510221	+	SCARNA10	SCARNA10
chr12	6581609	-	SCARNA11	SCARNA11
chr12	6967606	-	SCARNA12	SCARNA12
chr14	95533629	-	SCARNA13	SCARNA13
chr15	66347342	-	SCARNA14	SCARNA14
chr15	82755944	+	SCARNA15	SCARNA15
chr17	77089306	+	SCARNA16	SCARNA16
chr18	49814022	+	SCARNA17	SCARNA17
chr5	83064337	-	SCARNA18	SCARNA18
chr1	193057415	-	SCARNA18B	SCARNA18B
chr1	109100192	+	SCARNA2	SCARNA2
chr17	60231645	-	SCARNA20	SCARNA20
chr17	7906122	+	SCARNA21	SCARNA21
chr1	15542165	+	SCARNA21B	SCARNA21B
chr4	1974635	+	SCARNA22	SCARNA22
chrX	24744440	+	SCARNA23	SCARNA23
chr1	155679255	-	SCARNA26A	SCARNA26A
chr1	155783832	-	SCARNA26B	SCARNA26B
chr6	8086533	-	SCARNA27	SCARNA27
chr7	98881696	+	SCARNA28	SCARNA28
chr1	175968540	-	SCARNA3	SCARNA3
chr1	155926086	-	SCARNA4	SCARNA4
chr2	233275725	+	SCARNA5	SCARNA5
chr2	233288675	+	SCARNA6	SCARNA6
chr3	160515236	-	SCARNA7	SCARNA7
chr9	19063786	-	SCARNA8	SCARNA8
chr11	93721513	+	SCARNA9	SCARNA9
chrX	20136413	-	SCARNA9L	SCARNA9L
chr10	133453927	+	SCART1	SCART1
chr17	78632057	-	SCAT1	SCAT1
chr12	54262614	+	SCAT2	SCAT2
chr6	63806835	+	SCAT8	SCAT8
chr1	246724408	+	SCCPDH	SCCPDH
chr10	100347232	+	SCD	SCD
chr4	82798796	-	SCD5	SCD5
chr13	77535673	+	SCEL	SCEL
chr13	77606551	-	SCEL-AS1	SCEL-AS1
chr14	30622253	+	SCFD1	SCFD1
chr4	53366061	-	SCFD2	SCFD2
chr2	223602361	-	SCG2	SCG2
chr15	51681352	+	SCG3	SCG3
chr15	32641612	+	SCG5	SCG5
chr15	32673065	-	SCG5-AS1	SCG5-AS1
chr11	62419032	+	SCGB1A1	SCGB1A1
chr19	34677031	-	SCGB1B2P	SCGB1B2P
chr11	193077	+	SCGB1C1	SCGB1C1
chr17	137568	+	SCGB1C2	SCGB1C2
chr11	62190215	+	SCGB1D1	SCGB1D1
chr11	62242238	+	SCGB1D2	SCGB1D2
chr11	62299075	-	SCGB1D4	SCGB1D4
chr11	62208672	+	SCGB2A1	SCGB2A1
chr11	62270157	+	SCGB2A2	SCGB2A2
chr19	34594585	-	SCGB2B2	SCGB2B2
chr19	34645872	+	SCGB2B3P	SCGB2B3P
chr5	180591499	-	SCGB3A1	SCGB3A1
chr5	147878710	+	SCGB3A2	SCGB3A2
chr6	25652214	+	SCGN	SCGN
chr3	159273246	+	SCHIP1	SCHIP1
chr2	180692103	+	SCHLAP1	SCHLAP1
chr17	5234860	-	SCIMP	SCIMP
chr7	12570719	+	SCIN	SCIN
chr4	129093539	-	SCLT1	SCLT1
chr2	238061000	+	SCLY	SCLY
chr1	41161432	-	SCMH1	SCMH1
chrX	17737448	+	SCML1	SCML1
chrX	18354688	-	SCML2	SCML2
chr6	107732150	-	SCML4	SCML4
chr3	38794010	-	SCN10A	SCN10A
chr3	38950561	-	SCN11A	SCN11A
chr2	166128020	-	SCN1A	SCN1A
chr2	166081530	+	SCN1A-AS1	SCN1A-AS1
chr19	35030469	+	SCN1B	SCN1B
chr2	165239413	+	SCN2A	SCN2A
chr11	118176639	-	SCN2B	SCN2B
chr2	165204050	-	SCN3A	SCN3A
chr11	123654624	-	SCN3B	SCN3B
chr17	63972918	-	SCN4A	SCN4A
chr11	118145433	-	SCN4B	SCN4B
chr3	38649687	-	SCN5A	SCN5A
chr2	166486971	-	SCN7A	SCN7A
chr12	51591232	+	SCN8A	SCN8A
chr2	166375944	-	SCN9A	SCN9A
chr1	151166143	+	SCNM1	SCNM1
chr12	6375450	-	SCNN1A	SCNN1A
chr16	23302301	+	SCNN1B	SCNN1B
chr1	1280435	+	SCNN1D	SCNN1D
chr16	23182744	+	SCNN1G	SCNN1G
chr17	10697533	-	SCO1	SCO1
chr22	50525598	-	SCO2	SCO2
chr4	140257307	+	SCOC	SCOC
chr4	140373392	-	SCOC-AS1	SCOC-AS1
chr1	52927228	+	SCP2	SCP2
chr20	18813782	+	SCP2D1	SCP2D1
chr20	18830203	-	SCP2D1-AS1	SCP2D1-AS1
chr17	56978130	+	SCPEP1	SCPEP1
chr4	173399116	-	SCRG1	SCRG1
chr8	143815773	-	SCRIB	SCRIB
chr7	29989801	-	SCRN1	SCRN1
chr17	47841273	-	SCRN2	SCRN2
chr2	174395728	+	SCRN3	SCRN3
chr8	144336482	-	SCRT1	SCRT1
chr20	675802	-	SCRT2	SCRT2
chr11	627181	-	SCT	SCT
chr2	119524483	-	SCTR	SCTR
chr2	119476453	+	SCTR-AS1	SCTR-AS1
chr22	43343372	-	SCUBE1	SCUBE1
chr22	43275941	+	SCUBE1-AS1	SCUBE1-AS1
chr22	43212673	+	SCUBE1-AS2	SCUBE1-AS2
chr11	9091599	-	SCUBE2	SCUBE2
chr6	35213955	+	SCUBE3	SCUBE3
chr8	144266452	+	SCX	SCX
chr11	65525082	+	SCYL1	SCYL1
chr12	100267139	+	SCYL2	SCYL2
chr1	169893896	-	SCYL3	SCYL3
chr4	75990945	-	SDAD1	SDAD1
chr4	75980789	+	SDAD1-AS1	SDAD1-AS1
chr8	26382953	-	SDAD1P1	SDAD1P1
chr2	20225130	-	SDC1	SDC1
chr8	96493812	+	SDC2	SDC2
chr1	30908758	-	SDC3	SDC3
chr20	45348424	-	SDC4	SDC4
chr22	30481756	-	SDC4P	SDC4P
chr8	58552923	+	SDCBP	SDCBP
chr20	1313673	-	SDCBP2	SDCBP2
chr20	1325342	+	SDCBP2-AS1	SDCBP2-AS1
chr1	243256004	+	SDCCAG8	SDCCAG8
chr1	225999343	-	SDE2	SDE2
chr17	28661906	-	SDF2	SDF2
chr22	21642301	+	SDF2L1	SDF2L1
chr1	1232001	-	SDF4	SDF4
chr5	218222	+	SDHA	SDHA
chr19	35995187	+	SDHAF1	SDHAF1
chr11	61430123	+	SDHAF2	SDHAF2
chr7	97117697	+	SDHAF3	SDHAF3
chr6	70566929	+	SDHAF4	SDHAF4
chr3	195990279	-	SDHAP1	SDHAP1
chr3	195658038	+	SDHAP2	SDHAP2
chr5	1594531	-	SDHAP3	SDHAP3
chr1	17054032	-	SDHB	SDHB
chr1	161314380	+	SDHC	SDHC
chr11	112086872	+	SDHD	SDHD
chr7	3301251	+	SDK1	SDK1
chr17	73644445	-	SDK2	SDK2
chr8	56320776	-	SDR16C5	SDR16C5
chr8	56390710	-	SDR16C6P	SDR16C6P
chr14	24442801	-	SDR39U1	SDR39U1
chr16	82011470	-	SDR42E1	SDR42E1
chr16	22162530	+	SDR42E2	SDR42E2
chr12	56934408	-	SDR9C7	SDR9C7
chr12	113403887	-	SDS	SDS
chr12	113422379	+	SDSL	SDSL
chr17	28365151	-	SEBOX	SEBOX
chr15	84716139	-	SEC11A	SEC11A
chr18	59139883	+	SEC11C	SEC11C
chr3	10321041	-	SEC13	SEC13
chr17	77088684	+	SEC14L1	SEC14L1
chr11	43897302	+	SEC14L1P1	SEC14L1P1
chr22	30396940	+	SEC14L2	SEC14L2
chr22	30472017	-	SEC14L3	SEC14L3
chr22	30505695	-	SEC14L4	SEC14L4
chr16	4958329	+	SEC14L5	SEC14L5
chr22	30542654	-	SEC14L6	SEC14L6
chr9	136483040	-	SEC16A	SEC16A
chr1	177969922	-	SEC16B	SEC16B
chr19	48638038	+	SEC1P	SEC1P
chr3	123201942	+	SEC22A	SEC22A
chr1	120176520	-	SEC22B	SEC22B
chr1	148791969	-	SEC22B2P	SEC22B2P
chr1	148791969	-	SEC22B3P	SEC22B3P
chr3	42581967	-	SEC22C	SEC22C
chr14	39103235	-	SEC23A	SEC23A
chr14	39103139	+	SEC23A-AS1	SEC23A-AS1
chr20	18507481	+	SEC23B	SEC23B
chr10	119892729	+	SEC23IP	SEC23IP
chr5	134648784	+	SEC24A	SEC24A
chr4	109433714	+	SEC24B	SEC24B
chr4	109433817	-	SEC24B-AS1	SEC24B-AS1
chr10	73744371	+	SEC24C	SEC24C
chr4	118836126	-	SEC24D	SEC24D
chr4	82891153	-	SEC31A	SEC31A
chr10	100519861	-	SEC31B	SEC31B
chr3	128052436	+	SEC61A1	SEC61A1
chr10	12129640	+	SEC61A2	SEC61A2
chr9	99222281	+	SEC61B	SEC61B
chr7	54759211	-	SEC61G	SEC61G
chr7	54759312	+	SEC61G-DT	SEC61G-DT
chr3	169966806	+	SEC62	SEC62
chr6	107958208	-	SEC63	SEC63
chr9	89318499	+	SECISBP2	SECISBP2
chr15	49046446	-	SECISBP2L	SECISBP2L
chr17	82333766	-	SECTM1	SECTM1
chr18	12947983	+	SEH1L	SEH1L
chr14	81533853	-	SEL1L	SEL1L
chr20	13990614	-	SEL1L2	SEL1L2
chr4	25862988	-	SEL1L3	SEL1L3
chr1	169734079	-	SELE	SELE
chr1	151372705	-	SELENBP1	SELENBP1
chr1	86914126	-	SELENOF	SELENOF
chr11	57741249	+	SELENOH	SELENOH
chr2	26346142	+	SELENOI	SELENOI
chr3	53891859	-	SELENOK	SELENOK
chr6	118782707	+	SELENOKP3	SELENOKP3
chr22	31107568	-	SELENOM	SELENOM
chr1	25800192	+	SELENON	SELENON
chr22	50201010	+	SELENOO	SELENOO
chr5	42811892	-	SELENOP	SELENOP
chr15	101277485	-	SELENOS	SELENOS
chr3	150603320	+	SELENOT	SELENOT
chr19	39515112	+	SELENOV	SELENOV
chr19	47778702	+	SELENOW	SELENOW
chr1	169708857	-	SELL	SELL
chr1	169630124	-	SELP	SELP
chr12	108632081	-	SELPLG	SELPLG
chr7	96503523	-	SEM1	SEM1
chr7	84194789	-	SEMA3A	SEMA3A
chr3	50267557	+	SEMA3B	SEMA3B
chr3	50267371	-	SEMA3B-AS1	SEMA3B-AS1
chr7	80919051	-	SEMA3C	SEMA3C
chr7	85187056	-	SEMA3D	SEMA3D
chr7	83641431	-	SEMA3E	SEMA3E
chr3	50155057	+	SEMA3F	SEMA3F
chr3	50156085	-	SEMA3F-AS1	SEMA3F-AS1
chr3	52445103	-	SEMA3G	SEMA3G
chr1	156149943	+	SEMA4A	SEMA4A
chr15	90184919	+	SEMA4B	SEMA4B
chr2	96870080	-	SEMA4C	SEMA4C
chr9	89479890	-	SEMA4D	SEMA4D
chr2	74654227	+	SEMA4F	SEMA4F
chr10	100972528	+	SEMA4G	SEMA4G
chr5	9546075	-	SEMA5A	SEMA5A
chr5	9511332	+	SEMA5A-AS1	SEMA5A-AS1
chr3	122976134	-	SEMA5B	SEMA5B
chr5	116574823	-	SEMA6A	SEMA6A
chr5	116447497	+	SEMA6A-AS1	SEMA6A-AS1
chr5	116574417	+	SEMA6A-AS2	SEMA6A-AS2
chr19	4559684	-	SEMA6B	SEMA6B
chr1	151146631	-	SEMA6C	SEMA6C
chr15	47184088	+	SEMA6D	SEMA6D
chr15	74433704	-	SEMA7A	SEMA7A
chr20	45207032	+	SEMG1	SEMG1
chr20	45221372	+	SEMG2	SEMG2
chr11	128696023	-	SENCR	SENCR
chr12	48105855	-	SENP1	SENP1
chr3	185586294	+	SENP2	SENP2
chr17	7561918	+	SENP3	SENP3
chr17	7561991	+	SENP3-EIF4A1	SENP3-EIF4A1
chr3	196867855	+	SENP5	SENP5
chr6	75601508	+	SENP6	SENP6
chr3	101513212	-	SENP7	SENP7
chr15	72114257	+	SENP8	SENP8
chr10	13348293	-	SEPHS1	SEPHS1
chr16	30445874	-	SEPHS2	SEPHS2
chr4	25160449	-	SEPSECS	SEPSECS
chr4	25160671	+	SEPSECS-AS1	SEPSECS-AS1
chr22	19717219	+	SEPT5-GP1BB	SEPT5-GP1BB
chr16	30382561	-	SEPTIN1	SEPTIN1
chr2	109613667	-	SEPTIN10	SEPTIN10
chr4	76949751	+	SEPTIN11	SEPTIN11
chr16	4788345	-	SEPTIN12	SEPTIN12
chr7	55862752	-	SEPTIN14	SEPTIN14
chr2	241315186	+	SEPTIN2	SEPTIN2
chr22	41969442	+	SEPTIN3	SEPTIN3
chr17	58528047	-	SEPTIN4	SEPTIN4
chr17	58519836	+	SEPTIN4-AS1	SEPTIN4-AS1
chr22	19714502	+	SEPTIN5	SEPTIN5
chrX	119693168	-	SEPTIN6	SEPTIN6
chr7	35800985	+	SEPTIN7	SEPTIN7
chr7	35800625	-	SEPTIN7-DT	SEPTIN7-DT
chr11	50298462	-	SEPTIN7P11	SEPTIN7P11
chr1	223992729	+	SEPTIN7P13	SEPTIN7P13
chr4	119454782	+	SEPTIN7P14	SEPTIN7P14
chr7	45769018	-	SEPTIN7P2	SEPTIN7P2
chr10	38402927	-	SEPTIN7P9	SEPTIN7P9
chr5	132777239	-	SEPTIN8	SEPTIN8
chr17	77281498	+	SEPTIN9	SEPTIN9
chr17	77281897	-	SEPTIN9-DT	SEPTIN9-DT
chr6	158168262	-	SERAC1	SERAC1
chr1	67430402	-	SERBP1	SERBP1
chr5	70025250	+	SERF1A	SERF1A
chr5	70025250	+	SERF1B	SERF1B
chr15	43777085	+	SERF2	SERF2
chr15	43791975	+	SERF2-C15ORF63	SERF2-C15ORF63
chr11	18013047	-	SERGEF	SERGEF
chr22	42500578	+	SERHL	SERHL
chr22	42553955	+	SERHL2	SERHL2
chr6	122471807	-	SERINC1	SERINC1
chr1	31409776	+	SERINC2	SERINC2
chr20	44522070	-	SERINC3	SERINC3
chr15	43800097	-	SERINC4	SERINC4
chr5	80256048	-	SERINC5	SERINC5
chr3	150546496	-	SERP1	SERP1
chr13	44373649	+	SERP2	SERP2
chr14	94388602	-	SERPINA1	SERPINA1
chr14	94293024	-	SERPINA10	SERPINA10
chr14	94452800	-	SERPINA11	SERPINA11
chr14	94504222	-	SERPINA12	SERPINA12
chr14	94640724	+	SERPINA13P	SERPINA13P
chr14	94366702	-	SERPINA2	SERPINA2
chr14	94612390	+	SERPINA3	SERPINA3
chr14	94561441	+	SERPINA4	SERPINA4
chr14	94581425	+	SERPINA5	SERPINA5
chr14	94323336	-	SERPINA6	SERPINA6
chrX	106038727	-	SERPINA7	SERPINA7
chr14	94476197	-	SERPINA9	SERPINA9
chr6	2841863	-	SERPINB1	SERPINB1
chr18	63907957	+	SERPINB10	SERPINB10
chr18	63702306	+	SERPINB11	SERPINB11
chr18	63542368	+	SERPINB12	SERPINB12
chr18	63587299	+	SERPINB13	SERPINB13
chr18	63887704	+	SERPINB2	SERPINB2
chr18	63661893	-	SERPINB3	SERPINB3
chr18	63644256	-	SERPINB4	SERPINB4
chr18	63476957	+	SERPINB5	SERPINB5
chr6	2962130	-	SERPINB6	SERPINB6
chr18	63753046	+	SERPINB7	SERPINB7
chr18	63970028	+	SERPINB8	SERPINB8
chr6	2903309	-	SERPINB9	SERPINB9
chr6	2876510	-	SERPINB9P1	SERPINB9P1
chr1	173917327	-	SERPINC1	SERPINC1
chr22	20774112	+	SERPIND1	SERPIND1
chr7	101127103	+	SERPINE1	SERPINE1
chr2	224031478	-	SERPINE2	SERPINE2
chr13	51341031	+	SERPINE3	SERPINE3
chr17	1761924	+	SERPINF1	SERPINF1
chr17	1742870	+	SERPINF2	SERPINF2
chr11	57597684	+	SERPING1	SERPING1
chr11	75562252	+	SERPINH1	SERPINH1
chr3	167735720	+	SERPINI1	SERPINI1
chr3	167474042	-	SERPINI2	SERPINI2
chr19	40425992	-	SERTAD1	SERTAD1
chr2	64653913	-	SERTAD2	SERTAD2
chr19	40442598	-	SERTAD3	SERTAD3
chr1	210232795	+	SERTAD4	SERTAD4
chr1	210233885	-	SERTAD4-AS1	SERTAD4-AS1
chr13	36674019	+	SERTM1	SERTM1
chrX	111511644	+	SERTM2	SERTM2
chr6	109008988	-	SESN1	SESN1
chr1	28259517	+	SESN2	SESN2
chr11	95231202	-	SESN3	SESN3
chr2	179264832	-	SESTD1	SESTD1
chr9	128683423	+	SET	SET
chr18	44680072	+	SETBP1	SETBP1
chr16	30957753	+	SETD1A	SETD1A
chr12	121804008	+	SETD1B	SETD1B
chr3	47164113	-	SETD2	SETD2
chr14	99480859	-	SETD3	SETD3
chr21	36060364	-	SETD4	SETD4
chr3	9397614	+	SETD5	SETD5
chr16	58515478	+	SETD6	SETD6
chr4	139556769	-	SETD7	SETD7
chr5	56909259	+	SETD9	SETD9
chr1	150926262	+	SETDB1	SETDB1
chr13	49444273	+	SETDB2	SETDB2
chr13	49444273	+	SETDB2-PHF11	SETDB2-PHF11
chr3	4303303	+	SETMAR	SETMAR
chr1	92075472	-	SETSIP	SETSIP
chr9	132354856	-	SETX	SETX
chr17	29006033	-	SEZ6	SEZ6
chr22	26169461	+	SEZ6L	SEZ6L
chr16	29899264	-	SEZ6L2	SEZ6L2
chr11	64777761	-	SF1	SF1
chr22	30356894	-	SF3A1	SF3A1
chr19	2236823	+	SF3A2	SF3A2
chr1	37990022	-	SF3A3	SF3A3
chr2	197435028	-	SF3B1	SF3B1
chr11	66052363	+	SF3B2	SF3B2
chr16	70523815	+	SF3B3	SF3B3
chr1	149927803	-	SF3B4	SF3B4
chr6	144095573	-	SF3B5	SF3B5
chr2	24076326	-	SF3B6	SF3B6
chr22	31496138	+	SFI1	SFI1
chr3	53046073	-	SFMBT1	SFMBT1
chr10	7409341	-	SFMBT2	SFMBT2
chr1	26863148	+	SFN	SFN
chr1	35193145	-	SFPQ	SFPQ
chr10	104120165	+	SFR1	SFR1
chr8	41309473	-	SFRP1	SFRP1
chr4	153789083	-	SFRP2	SFRP2
chr7	37916817	-	SFRP4	SFRP4
chr10	97771999	-	SFRP5	SFRP5
chr12	131711089	+	SFSWAP	SFSWAP
chr6	166342545	-	SFT2D1	SFT2D1
chr1	168226003	+	SFT2D2	SFT2D2
chr2	127701496	+	SFT2D3	SFT2D3
chr10	10794914	-	SFTA1P	SFTA1P
chr6	30932170	-	SFTA2	SFTA2
chr14	36513535	-	SFTA3	SFTA3
chr10	79610938	+	SFTPA1	SFTPA1
chr10	79559871	-	SFTPA2	SFTPA2
chr2	85668199	-	SFTPB	SFTPB
chr8	22157382	+	SFTPC	SFTPC
chr10	79949105	-	SFTPD	SFTPD
chr5	175478559	+	SFXN1	SFXN1
chr10	102714517	+	SFXN2	SFXN2
chr10	101031233	+	SFXN3	SFXN3
chr10	119165692	-	SFXN4	SFXN4
chr2	73059172	-	SFXN5	SFXN5
chr17	50166004	+	SGCA	SGCA
chr4	52038299	-	SGCB	SGCB
chr5	156327163	+	SGCD	SGCD
chr7	94656133	-	SGCE	SGCE
chr13	23160507	+	SGCG	SGCG
chr8	15238431	-	SGCZ	SGCZ
chr16	28553919	+	SGF29	SGF29
chr1	66533360	+	SGIP1	SGIP1
chr6	134174866	-	SGK1	SGK1
chr20	43559026	+	SGK2	SGK2
chr8	66712780	+	SGK3	SGK3
chr10	50623956	-	SGMS1	SGMS1
chr10	50624950	+	SGMS1-AS1	SGMS1-AS1
chr4	107824562	+	SGMS2	SGMS2
chr3	20186206	-	SGO1	SGO1
chr3	20174285	+	SGO1-AS1	SGO1-AS1
chr2	200526141	+	SGO2	SGO2
chr10	70815947	+	SGPL1	SGPL1
chr14	63728065	-	SGPP1	SGPP1
chr2	222423987	+	SGPP2	SGPP2
chr17	80220333	-	SGSH	SGSH
chr22	24806210	+	SGSM1	SGSM1
chr17	2337500	+	SGSM2	SGSM2
chr22	40370593	+	SGSM3	SGSM3
chr19	2783273	-	SGTA	SGTA
chr5	65722109	-	SGTB	SGTB
chr16	28846599	+	SH2B1	SH2B1
chr7	102285140	+	SH2B2	SH2B2
chr12	111405922	+	SH2B3	SH2B3
chrX	124346281	+	SH2D1A	SH2D1A
chr1	162412136	-	SH2D1B	SH2D1B
chr1	156816457	-	SH2D2A	SH2D2A
chr19	6767435	-	SH2D3A	SH2D3A
chr9	127755282	-	SH2D3C	SH2D3C
chr8	19313569	+	SH2D4A	SH2D4A
chr10	80537901	+	SH2D4B	SH2D4B
chr1	20732703	-	SH2D5	SH2D5
chr2	85418930	+	SH2D6	SH2D6
chr15	78092584	+	SH2D7	SH2D7
chr21	39445864	+	SH3BGR	SH3BGR
chrX	81202101	+	SH3BGRL	SH3BGRL
chr6	79631328	+	SH3BGRL2	SH3BGRL2
chr1	26280085	+	SH3BGRL3	SH3BGRL3
chr22	37639668	+	SH3BP1	SH3BP1
chr4	2793084	+	SH3BP2	SH3BP2
chr2	234952016	+	SH3BP4	SH3BP4
chr3	15332586	-	SH3BP5	SH3BP5
chr3	15254183	+	SH3BP5-AS1	SH3BP5-AS1
chr1	248825366	-	SH3BP5L	SH3BP5L
chr4	151175552	-	SH3D19	SH3D19
chr1	36306367	+	SH3D21	SH3D21
chr19	4400547	-	SH3GL1	SH3GL1
chr17	32040335	+	SH3GL1P1	SH3GL1P1
chr17	30624317	+	SH3GL1P2	SH3GL1P2
chr9	17579065	+	SH3GL2	SH3GL2
chr15	83447227	+	SH3GL3	SH3GL3
chr1	86704569	+	SH3GLB1	SH3GLB1
chr9	129028331	-	SH3GLB2	SH3GLB2
chrX	19670999	-	SH3KBP1	SH3KBP1
chr10	103678215	-	SH3PXD2A	SH3PXD2A
chr10	103746778	+	SH3PXD2A-AS1	SH3PXD2A-AS1
chr5	172454523	-	SH3PXD2B	SH3PXD2B
chr4	169270956	-	SH3RF1	SH3RF1
chr5	145936577	+	SH3RF2	SH3RF2
chr2	109129204	+	SH3RF3	SH3RF3
chr2	109130119	-	SH3RF3-AS1	SH3RF3-AS1
chr4	8199289	+	SH3TC1	SH3TC1
chr5	149063062	-	SH3TC2	SH3TC2
chr5	149063316	+	SH3TC2-DT	SH3TC2-DT
chr2	256340	-	SH3YL1	SH3YL1
chr19	50719802	-	SHANK1	SHANK1
chr11	70661841	-	SHANK2	SHANK2
chr11	70631093	+	SHANK2-AS1	SHANK2-AS1
chr11	70862789	+	SHANK2-AS3	SHANK2-AS3
chr22	50672822	+	SHANK3	SHANK3
chr8	144103773	-	SHARPIN	SHARPIN
chr9	38069227	-	SHB	SHB
chr17	7614063	+	SHBG	SHBG
chr1	154970747	-	SHC1	SHC1
chr19	460996	-	SHC2	SHC2
chr9	89178818	-	SHC3	SHC3
chr15	48963919	-	SHC4	SHC4
chr16	46621379	-	SHCBP1	SHCBP1
chr1	182953166	-	SHCBP1L	SHCBP1L
chr19	4279068	+	SHD	SHD
chr1	154502412	-	SHE	SHE
chr15	45181207	-	SHF	SHF
chr19	10086316	+	SHFL	SHFL
chr7	155809163	-	SHH	SHH
chr13	26052016	-	SHISA2	SHISA2
chr4	42397487	+	SHISA3	SHISA3
chr1	201888668	+	SHISA4	SHISA4
chr3	48473158	-	SHISA5	SHISA5
chr17	11241212	+	SHISA6	SHISA6
chr19	55442863	-	SHISA7	SHISA7
chr22	41915074	-	SHISA8	SHISA8
chr16	12901597	+	SHISA9	SHISA9
chr22	44312951	-	SHISAL1	SHISAL1
chr1	52633167	+	SHISAL2A	SHISAL2A
chr5	64690502	+	SHISAL2B	SHISAL2B
chr19	40576872	+	SHKBP1	SHKBP1
chr20	5750386	+	SHLD1	SHLD1
chr10	87095205	+	SHLD2	SHLD2
chr10	46651976	-	SHLD2P1	SHLD2P1
chr10	47689699	+	SHLD2P3	SHLD2P3
chr5	65625026	+	SHLD3	SHLD3
chr17	18363550	-	SHMT1	SHMT1
chr12	57229710	+	SHMT2	SHMT2
chr9	111759536	-	SHOC1	SHOC1
chr10	110919369	+	SHOC2	SHOC2
chrX	624343	+	SHOX	SHOX
chr3	158106163	-	SHOX2	SHOX2
chr17	3636250	-	SHPK	SHPK
chr6	145964097	-	SHPRH	SHPRH
chr3	72848445	-	SHQ1	SHQ1
chr5	132826310	-	SHROOM1	SHROOM1
chrX	9786428	+	SHROOM2	SHROOM2
chr4	76435228	+	SHROOM3	SHROOM3
chrX	50814044	-	SHROOM4	SHROOM4
chr10	117005187	-	SHTN1	SHTN1
chr3	165078496	-	SI	SI
chr11	124673739	-	SIAE	SIAE
chr16	48365887	-	SIAH1	SIAH1
chr3	150763169	-	SIAH2	SIAH2
chr13	45851753	-	SIAH3	SIAH3
chr3	113532370	+	SIDT1	SIDT1
chr11	117178742	+	SIDT2	SIDT2
chr11	414999	-	SIGIRR	SIGIRR
chr20	3707234	-	SIGLEC1	SIGLEC1
chr19	51417642	-	SIGLEC10	SIGLEC10
chr19	51415723	+	SIGLEC10-AS1	SIGLEC10-AS1
chr19	49961172	-	SIGLEC11	SIGLEC11
chr19	51500393	-	SIGLEC12	SIGLEC12
chr19	51646819	-	SIGLEC14	SIGLEC14
chr18	45825674	+	SIGLEC15	SIGLEC15
chr19	49969663	+	SIGLEC16	SIGLEC16
chr19	51167327	+	SIGLEC17P	SIGLEC17P
chr19	51630401	-	SIGLEC5	SIGLEC5
chr19	51531670	-	SIGLEC6	SIGLEC6
chr19	51142300	+	SIGLEC7	SIGLEC7
chr19	51458454	-	SIGLEC8	SIGLEC8
chr19	51124879	+	SIGLEC9	SIGLEC9
chr19	51246331	+	SIGLECL1	SIGLECL1
chr9	34637787	-	SIGMAR1	SIGMAR1
chr21	6111130	+	SIK1	SIK1
chr21	6111130	+	SIK1B	SIK1B
chr11	111602448	+	SIK2	SIK2
chr11	117098428	-	SIK3	SIK3
chr1	114780685	-	SIKE1	SIKE1
chr5	139198368	-	SIL1	SIL1
chr2	5932686	+	SILC1	SILC1
chr6	100464456	-	SIM1	SIM1
chr21	36699114	+	SIM2	SIM2
chr5	176238358	+	SIMC1	SIMC1
chr15	75451690	-	SIN3A	SIN3A
chr19	16829397	+	SIN3B	SIN3B
chr12	31326150	-	SINHCAF	SINHCAF
chr11	65638100	+	SIPA1	SIPA1
chr14	71320475	+	SIPA1L1	SIPA1L1
chr1	232630133	-	SIPA1L2	SIPA1L2
chr19	37907207	+	SIPA1L3	SIPA1L3
chr8	40343363	-	SIRLNT	SIRLNT
chr20	1894166	+	SIRPA	SIRPA
chr20	1588697	-	SIRPB1	SIRPB1
chr20	1491420	-	SIRPB2	SIRPB2
chr20	1722292	-	SIRPB3P	SIRPB3P
chr20	1557705	-	SIRPD	SIRPD
chr20	1657779	-	SIRPG	SIRPG
chr20	1633507	+	SIRPG-AS1	SIRPG-AS1
chr10	67884655	+	SIRT1	SIRT1
chr19	38894155	-	SIRT2	SIRT2
chr11	236342	-	SIRT3	SIRT3
chr12	120291779	+	SIRT4	SIRT4
chr6	13574273	+	SIRT5	SIRT5
chr19	4182306	-	SIRT6	SIRT6
chr17	81918176	-	SIRT7	SIRT7
chr9	35650931	-	SIT1	SIT1
chr14	104753146	+	SIVA1	SIVA1
chr14	60649477	-	SIX1	SIX1
chr2	45009452	-	SIX2	SIX2
chr2	44941701	+	SIX3	SIX3
chr2	44941507	-	SIX3-AS1	SIX3-AS1
chr14	60724351	-	SIX4	SIX4
chr19	45769252	-	SIX5	SIX5
chr14	60509145	+	SIX6	SIX6
chr18	50375045	+	SKA1	SKA1
chr17	59155186	-	SKA2	SKA2
chr13	21176552	-	SKA3	SKA3
chr17	48430214	-	SKAP1	SKAP1
chr7	26857723	-	SKAP2	SKAP2
chr1	2228318	+	SKI	SKI
chr10	21525682	-	SKIDA1	SKIDA1
chr3	170357714	+	SKIL	SKIL
chr1	48182428	-	SKINT1L	SKINT1L
chr6	31959174	+	SKIV2L	SKIV2L
chr15	67825508	+	SKOR1	SKOR1
chr18	47251660	-	SKOR2	SKOR2
chr5	134176950	-	SKP1	SKP1
chr12	16988746	+	SKP1P2	SKP1P2
chr5	36152042	+	SKP2	SKP2
chr8	133060354	-	SLA	SLA
chr20	36646196	-	SLA2	SLA2
chr13	77697686	+	SLAIN1	SLAIN1
chr4	48341528	+	SLAIN2	SLAIN2
chr1	160647044	-	SLAMF1	SLAMF1
chr1	160523255	-	SLAMF6	SLAMF6
chr1	160739056	+	SLAMF7	SLAMF7
chr1	159826872	+	SLAMF8	SLAMF8
chr1	159954237	-	SLAMF9	SLAMF9
chr4	1712319	-	SLBP	SLBP
chr14	69797241	-	SLC10A1	SLC10A1
chr13	103066417	-	SLC10A2	SLC10A2
chrX	154490629	-	SLC10A3	SLC10A3
chr4	48483342	+	SLC10A4	SLC10A4
chr8	81695058	-	SLC10A5	SLC10A5
chr4	86849384	-	SLC10A6	SLC10A6
chr4	146521940	-	SLC10A7	SLC10A7
chr2	218382272	+	SLC11A1	SLC11A1
chr12	51009215	-	SLC11A2	SLC11A2
chr15	48206301	+	SLC12A1	SLC12A1
chr5	128083765	+	SLC12A2	SLC12A2
chr16	56865206	+	SLC12A3	SLC12A3
chr16	67964052	-	SLC12A4	SLC12A4
chr20	46021685	+	SLC12A5	SLC12A5
chr20	46022073	-	SLC12A5-AS1	SLC12A5-AS1
chr15	34318820	-	SLC12A6	SLC12A6
chr5	1112063	-	SLC12A7	SLC12A7
chr3	125211399	-	SLC12A8	SLC12A8
chr7	100826868	+	SLC12A9	SLC12A9
chr7	100852614	-	SLC12A9-AS1	SLC12A9-AS1
chr7	123199969	-	SLC13A1	SLC13A1
chr17	28473643	+	SLC13A2	SLC13A2
chr20	46651459	-	SLC13A3	SLC13A3
chr7	135728186	-	SLC13A4	SLC13A4
chr17	6713369	-	SLC13A5	SLC13A5
chr18	45724180	+	SLC14A1	SLC14A1
chr18	45167962	+	SLC14A2	SLC14A2
chr18	45507036	-	SLC14A2-AS1	SLC14A2-AS1
chr13	98752672	-	SLC15A1	SLC15A1
chr3	121894400	+	SLC15A2	SLC15A2
chr11	60952176	-	SLC15A3	SLC15A3
chr12	128823958	-	SLC15A4	SLC15A4
chr12	16277685	-	SLC15A5	SLC15A5
chr1	112956063	-	SLC16A1	SLC16A1
chr1	112956414	+	SLC16A1-AS1	SLC16A1-AS1
chr6	111087502	+	SLC16A10	SLC16A10
chr17	7044092	-	SLC16A11	SLC16A11
chr10	89535594	-	SLC16A12	SLC16A12
chr10	89455990	+	SLC16A12-AS1	SLC16A12-AS1
chr17	7036014	+	SLC16A13	SLC16A13
chr2	230068924	-	SLC16A14	SLC16A14
chrX	74421492	+	SLC16A2	SLC16A2
chr17	82228405	+	SLC16A3	SLC16A3
chr1	110391026	-	SLC16A4	SLC16A4
chr17	75087764	+	SLC16A5	SLC16A5
chr17	68291127	-	SLC16A6	SLC16A6
chr12	59596028	+	SLC16A7	SLC16A7
chr22	38084184	-	SLC16A8	SLC16A8
chr10	59709891	-	SLC16A9	SLC16A9
chr6	25832052	-	SLC17A1	SLC17A1
chr6	25925879	-	SLC17A2	SLC17A2
chr6	25874243	-	SLC17A3	SLC17A3
chr6	25754698	+	SLC17A4	SLC17A4
chr6	73653992	-	SLC17A5	SLC17A5
chr11	22338380	+	SLC17A6	SLC17A6
chr19	49441527	-	SLC17A7	SLC17A7
chr12	100357073	+	SLC17A8	SLC17A8
chr20	62952708	+	SLC17A9	SLC17A9
chr8	20183136	-	SLC18A1	SLC18A1
chr10	117241113	+	SLC18A2	SLC18A2
chr10	49610309	+	SLC18A3	SLC18A3
chr6	132798637	-	SLC18B1	SLC18B1
chr21	45534756	-	SLC19A1	SLC19A1
chr1	169485944	-	SLC19A2	SLC19A2
chr2	227706656	-	SLC19A3	SLC19A3
chr9	4490467	+	SLC1A1	SLC1A1
chr11	35419558	-	SLC1A2	SLC1A2
chr5	36606354	+	SLC1A3	SLC1A3
chr2	64988478	+	SLC1A4	SLC1A4
chr19	46784814	-	SLC1A5	SLC1A5
chr19	14979864	-	SLC1A6	SLC1A6
chr1	53142638	-	SLC1A7	SLC1A7
chr2	112645938	+	SLC20A1	SLC20A1
chr8	42501231	-	SLC20A2	SLC20A2
chr6	160121814	+	SLC22A1	SLC22A1
chr11	63289902	+	SLC22A10	SLC22A10
chr11	64555940	+	SLC22A11	SLC22A11
chr11	64590809	+	SLC22A12	SLC22A12
chr3	38265811	+	SLC22A13	SLC22A13
chr3	38282293	+	SLC22A14	SLC22A14
chr1	115976512	+	SLC22A15	SLC22A15
chr6	110476613	-	SLC22A16	SLC22A16
chr14	23352451	-	SLC22A17	SLC22A17
chr11	2899690	+	SLC22A18	SLC22A18
chr11	2903575	-	SLC22A18AS	SLC22A18AS
chr6	160258821	-	SLC22A2	SLC22A2
chr11	65213839	+	SLC22A20P	SLC22A20P
chr6	3324150	-	SLC22A23	SLC22A23
chr11	63144221	-	SLC22A24	SLC22A24
chr11	63229652	-	SLC22A25	SLC22A25
chr6	160348377	+	SLC22A3	SLC22A3
chr16	89200537	-	SLC22A31	SLC22A31
chr5	132294393	+	SLC22A4	SLC22A4
chr5	132369708	+	SLC22A5	SLC22A5
chr11	62984967	-	SLC22A6	SLC22A6
chr6	43298259	+	SLC22A7	SLC22A7
chr11	63015841	-	SLC22A8	SLC22A8
chr11	63369784	+	SLC22A9	SLC22A9
chr5	139383297	-	SLC23A1	SLC23A1
chr20	5001510	-	SLC23A2	SLC23A2
chr2	219170029	-	SLC23A3	SLC23A3
chr15	65611349	+	SLC24A1	SLC24A1
chr9	19789037	-	SLC24A2	SLC24A2
chr20	19212641	+	SLC24A3	SLC24A3
chr20	19284596	-	SLC24A3-AS1	SLC24A3-AS1
chr14	92322580	+	SLC24A4	SLC24A4
chr15	48120989	+	SLC24A5	SLC24A5
chr22	19178505	-	SLC25A1	SLC25A1
chr17	81712235	+	SLC25A10	SLC25A10
chr17	4940046	-	SLC25A11	SLC25A11
chr2	171894244	-	SLC25A12	SLC25A12
chr7	96322098	-	SLC25A13	SLC25A13
chrX	130339887	+	SLC25A14	SLC25A14
chr13	40789610	+	SLC25A15	SLC25A15
chr10	68518218	-	SLC25A16	SLC25A16
chr22	40819346	-	SLC25A17	SLC25A17
chr22	17563438	+	SLC25A18	SLC25A18
chr17	75289433	-	SLC25A19	SLC25A19
chr5	141304049	-	SLC25A2	SLC25A2
chr3	48898882	-	SLC25A20	SLC25A20
chr14	37172606	-	SLC25A21	SLC25A21
chr14	37172025	+	SLC25A21-AS1	SLC25A21-AS1
chr11	796238	-	SLC25A22	SLC25A22
chr19	6459792	-	SLC25A23	SLC25A23
chr1	108192835	-	SLC25A24	SLC25A24
chr9	128068199	+	SLC25A25	SLC25A25
chr9	128118734	-	SLC25A25-AS1	SLC25A25-AS1
chr3	66133609	+	SLC25A26	SLC25A26
chr6	46652914	+	SLC25A27	SLC25A27
chr10	99620439	-	SLC25A28	SLC25A28
chr14	100306444	-	SLC25A29	SLC25A29
chr12	98593624	+	SLC25A3	SLC25A3
chr13	45418373	-	SLC25A30	SLC25A30
chr13	45418161	+	SLC25A30-AS1	SLC25A30-AS1
chr4	127730399	+	SLC25A31	SLC25A31
chr8	103415107	-	SLC25A32	SLC25A32
chr1	9539464	+	SLC25A33	SLC25A33
chr1	15736257	+	SLC25A34	SLC25A34
chr1	15749890	-	SLC25A34-AS1	SLC25A34-AS1
chr17	8295343	-	SLC25A35	SLC25A35
chr3	140941835	+	SLC25A36	SLC25A36
chr8	23528955	+	SLC25A37	SLC25A37
chr3	39383369	+	SLC25A38	SLC25A38
chr17	44324823	-	SLC25A39	SLC25A39
chr1	53440020	-	SLC25A3P1	SLC25A3P1
chr4	185143265	+	SLC25A4	SLC25A4
chr7	87876360	-	SLC25A40	SLC25A40
chr19	6433763	-	SLC25A41	SLC25A41
chr19	19063993	+	SLC25A42	SLC25A42
chrX	119399335	+	SLC25A43	SLC25A43
chr1	156194103	+	SLC25A44	SLC25A44
chr11	65381971	-	SLC25A45	SLC25A45
chr5	110738144	+	SLC25A46	SLC25A46
chr14	100323338	+	SLC25A47	SLC25A47
chr5	135579164	+	SLC25A48	SLC25A48
chr5	135653935	-	SLC25A48-AS1	SLC25A48-AS1
chrX	119468443	+	SLC25A5	SLC25A5
chrX	119468262	-	SLC25A5-AS1	SLC25A5-AS1
chr9	37904127	-	SLC25A51	SLC25A51
chr6	65787878	+	SLC25A51P1	SLC25A51P1
chr11	18209137	+	SLC25A51P4	SLC25A51P4
chr18	31760880	-	SLC25A52	SLC25A52
chrX	104157009	-	SLC25A53	SLC25A53
chrX	1392113	-	SLC25A6	SLC25A6
chr4	993404	-	SLC26A1	SLC26A1
chr12	57619526	+	SLC26A10	SLC26A10
chr17	80220426	+	SLC26A11	SLC26A11
chr5	149960757	+	SLC26A2	SLC26A2
chr7	107803223	-	SLC26A3	SLC26A3
chr7	107660827	+	SLC26A4	SLC26A4
chr7	107661798	-	SLC26A4-AS1	SLC26A4-AS1
chr7	103443211	-	SLC26A5	SLC26A5
chr3	48633846	-	SLC26A6	SLC26A6
chr8	91209495	+	SLC26A7	SLC26A7
chr6	36024500	-	SLC26A8	SLC26A8
chr1	205943456	-	SLC26A9	SLC26A9
chr1	205934912	+	SLC26A9-AS1	SLC26A9-AS1
chr19	17470523	+	SLC27A1	SLC27A1
chr15	50182195	+	SLC27A2	SLC27A2
chr1	153775406	+	SLC27A3	SLC27A3
chr9	128340526	+	SLC27A4	SLC27A4
chr19	58511992	-	SLC27A5	SLC27A5
chr5	128965126	+	SLC27A6	SLC27A6
chr15	84884660	+	SLC28A1	SLC28A1
chr15	45252233	+	SLC28A2	SLC28A2
chr9	84340758	-	SLC28A3	SLC28A3
chr6	44219614	+	SLC29A1	SLC29A1
chr11	66371760	-	SLC29A2	SLC29A2
chr10	71319252	+	SLC29A3	SLC29A3
chr7	5282942	+	SLC29A4	SLC29A4
chr1	42958868	-	SLC2A1	SLC2A1
chr1	42959048	+	SLC2A1-AS1	SLC2A1-AS1
chr20	46709648	+	SLC2A10	SLC2A10
chr22	23856702	+	SLC2A11	SLC2A11
chr6	134052624	-	SLC2A12	SLC2A12
chr12	40106081	-	SLC2A13	SLC2A13
chr12	7872915	-	SLC2A14	SLC2A14
chr3	171026720	-	SLC2A2	SLC2A2
chr12	7936187	-	SLC2A3	SLC2A3
chr17	7281717	+	SLC2A4	SLC2A4
chr20	63739775	+	SLC2A4RG	SLC2A4RG
chr1	9069635	-	SLC2A5	SLC2A5
chr9	133479099	-	SLC2A6	SLC2A6
chr1	9026345	-	SLC2A7	SLC2A7
chr9	127397137	+	SLC2A8	SLC2A8
chr4	10021497	-	SLC2A9	SLC2A9
chr1	211579161	-	SLC30A1	SLC30A1
chr1	219927637	-	SLC30A10	SLC30A10
chr1	26046118	-	SLC30A2	SLC30A2
chr2	27263047	-	SLC30A3	SLC30A3
chr15	45522755	-	SLC30A4	SLC30A4
chr5	69094013	+	SLC30A5	SLC30A5
chr2	32165840	+	SLC30A6	SLC30A6
chr1	100896089	+	SLC30A7	SLC30A7
chr8	116950216	+	SLC30A8	SLC30A8
chr4	41990529	+	SLC30A9	SLC30A9
chr9	113221543	+	SLC31A1	SLC31A1
chr9	113151006	+	SLC31A2	SLC31A2
chr20	38724485	+	SLC32A1	SLC32A1
chr3	155854406	-	SLC33A1	SLC33A1
chr5	177384433	+	SLC34A1	SLC34A1
chr4	25655850	+	SLC34A2	SLC34A2
chr9	137230756	+	SLC34A3	SLC34A3
chr6	87472924	+	SLC35A1	SLC35A1
chrX	48911646	-	SLC35A2	SLC35A2
chr1	99969995	+	SLC35A3	SLC35A3
chr5	140564564	+	SLC35A4	SLC35A4
chr3	112561319	+	SLC35A5	SLC35A5
chr17	49707964	-	SLC35B1	SLC35B1
chr6	44257288	-	SLC35B2	SLC35B2
chr6	8435545	-	SLC35B3	SLC35B3
chr7	134316930	-	SLC35B4	SLC35B4
chr11	45804071	+	SLC35C1	SLC35C1
chr20	46364425	-	SLC35C2	SLC35C2
chr1	67054148	-	SLC35D1	SLC35D1
chr9	96383710	-	SLC35D2	SLC35D2
chr6	136922300	+	SLC35D3	SLC35D3
chr19	16572415	-	SLC35E1	SLC35E1
chr1	1745999	-	SLC35E2A	SLC35E2A
chr1	1692795	-	SLC35E2B	SLC35E2B
chr12	68746175	+	SLC35E3	SLC35E3
chr22	30635780	+	SLC35E4	SLC35E4
chr6	117907263	+	SLC35F1	SLC35F1
chr11	107858787	-	SLC35F2	SLC35F2
chr1	233904675	+	SLC35F3	SLC35F3
chr14	57864999	-	SLC35F4	SLC35F4
chr2	113756642	-	SLC35F5	SLC35F5
chr2	26764283	+	SLC35F6	SLC35F6
chr10	93893977	+	SLC35G1	SLC35G1
chr3	136819018	+	SLC35G2	SLC35G2
chr17	35194393	-	SLC35G3	SLC35G3
chr18	11609557	+	SLC35G4	SLC35G4
chr8	11331011	+	SLC35G5	SLC35G5
chr17	7481401	+	SLC35G6	SLC35G6
chr5	151437045	+	SLC36A1	SLC36A1
chr5	151347559	-	SLC36A2	SLC36A2
chr5	151303766	-	SLC36A3	SLC36A3
chr11	93197426	-	SLC36A4	SLC36A4
chr21	42499621	+	SLC37A1	SLC37A1
chr11	125063304	+	SLC37A2	SLC37A2
chr7	140398530	-	SLC37A3	SLC37A3
chr11	119029480	-	SLC37A4	SLC37A4
chr12	46266516	-	SLC38A1	SLC38A1
chr17	81295307	-	SLC38A10	SLC38A10
chr2	164955525	-	SLC38A11	SLC38A11
chr12	46372773	-	SLC38A2	SLC38A2
chr3	50205270	+	SLC38A3	SLC38A3
chr12	46825997	-	SLC38A4	SLC38A4
chrX	48470260	-	SLC38A5	SLC38A5
chr14	60981113	+	SLC38A6	SLC38A6
chr16	58684331	-	SLC38A7	SLC38A7
chr16	84042795	-	SLC38A8	SLC38A8
chr5	55693053	-	SLC38A9	SLC38A9
chr1	153963492	-	SLC39A1	SLC39A1
chr2	195656957	+	SLC39A10	SLC39A10
chr17	73092688	-	SLC39A11	SLC39A11
chr10	17951838	+	SLC39A12	SLC39A12
chr10	18010562	-	SLC39A12-AS1	SLC39A12-AS1
chr11	47407275	+	SLC39A13	SLC39A13
chr8	22367277	+	SLC39A14	SLC39A14
chr14	20999292	+	SLC39A2	SLC39A2
chr19	2740017	-	SLC39A3	SLC39A3
chr8	144413585	-	SLC39A4	SLC39A4
chr12	56230050	+	SLC39A5	SLC39A5
chr18	36129340	-	SLC39A6	SLC39A6
chr6	33200866	+	SLC39A7	SLC39A7
chr4	102324312	-	SLC39A8	SLC39A8
chr14	69398383	+	SLC39A9	SLC39A9
chr2	44275479	+	SLC3A1	SLC3A1
chr11	62856108	+	SLC3A2	SLC3A2
chr2	189580786	-	SLC40A1	SLC40A1
chr1	205813198	-	SLC41A1	SLC41A1
chr12	104958290	-	SLC41A2	SLC41A2
chr3	126057125	-	SLC41A3	SLC41A3
chr11	57514909	-	SLC43A1	SLC43A1
chr17	1605034	-	SLC43A2	SLC43A2
chr11	57427121	-	SLC43A3	SLC43A3
chr9	105244604	+	SLC44A1	SLC44A1
chr19	10602454	+	SLC44A2	SLC44A2
chr1	94820356	+	SLC44A3	SLC44A3
chr1	94820232	-	SLC44A3-AS1	SLC44A3-AS1
chr6	31877671	-	SLC44A4	SLC44A4
chr1	75611114	-	SLC44A5	SLC44A5
chr1	8318113	+	SLC45A1	SLC45A1
chr5	33984693	-	SLC45A2	SLC45A2
chr1	205680509	-	SLC45A3	SLC45A3
chr8	141228574	-	SLC45A4	SLC45A4
chr17	28406212	-	SLC46A1	SLC46A1
chr9	112890876	-	SLC46A2	SLC46A2
chr13	28718970	-	SLC46A3	SLC46A3
chr17	19533853	+	SLC47A1	SLC47A1
chr17	19716584	-	SLC47A2	SLC47A2
chr12	47773237	+	SLC48A1	SLC48A1
chr4	689151	-	SLC49A3	SLC49A3
chr3	122795068	+	SLC49A4	SLC49A4
chr17	44268135	-	SLC4A1	SLC4A1
chr2	161624334	+	SLC4A10	SLC4A10
chr20	3237727	-	SLC4A11	SLC4A11
chr2	27663470	+	SLC4A1AP	SLC4A1AP
chr7	151058199	+	SLC4A2	SLC4A2
chr2	219627569	+	SLC4A3	SLC4A3
chr4	71186764	+	SLC4A4	SLC4A4
chr2	74315025	-	SLC4A5	SLC4A5
chr3	27456778	-	SLC4A7	SLC4A7
chr12	51391316	+	SLC4A8	SLC4A8
chr5	140360193	+	SLC4A9	SLC4A9
chr1	155135374	+	SLC50A1	SLC50A1
chr3	196216533	+	SLC51A	SLC51A
chr15	65045386	+	SLC51B	SLC51B
chr17	5035426	-	SLC52A1	SLC52A1
chr8	144358551	+	SLC52A2	SLC52A2
chr20	768500	-	SLC52A3	SLC52A3
chr22	32043260	+	SLC5A1	SLC5A1
chr17	18950675	+	SLC5A10	SLC5A10
chr16	24845862	+	SLC5A11	SLC5A11
chr11	26722060	-	SLC5A12	SLC5A12
chr16	31483122	+	SLC5A2	SLC5A2
chr21	34073577	+	SLC5A3	SLC5A3
chr22	32255347	-	SLC5A4	SLC5A4
chr22	32205114	+	SLC5A4-AS1	SLC5A4-AS1
chr19	17871944	+	SLC5A5	SLC5A5
chr2	27212268	-	SLC5A6	SLC5A6
chr2	107986523	+	SLC5A7	SLC5A7
chr12	101210238	-	SLC5A8	SLC5A8
chr1	48222715	+	SLC5A9	SLC5A9
chr1	19312325	+	SLC66A1	SLC66A1
chr3	157543311	+	SLC66A1L	SLC66A1L
chr18	79951653	-	SLC66A2	SLC66A2
chr2	11155371	+	SLC66A3	SLC66A3
chr3	10992733	+	SLC6A1	SLC6A1
chr3	11019224	-	SLC6A1-AS1	SLC6A1-AS1
chr16	32885142	-	SLC6A10P	SLC6A10P
chr3	10816227	+	SLC6A11	SLC6A11
chr12	213702	-	SLC6A12	SLC6A12
chr12	203644	+	SLC6A12-AS1	SLC6A12-AS1
chr12	262836	-	SLC6A13	SLC6A13
chrX	116436605	+	SLC6A14	SLC6A14
chr12	84912799	-	SLC6A15	SLC6A15
chr19	49325191	-	SLC6A16	SLC6A16
chr1	110150493	+	SLC6A17	SLC6A17
chr5	1225380	+	SLC6A18	SLC6A18
chr5	1201594	+	SLC6A19	SLC6A19
chr16	55656063	+	SLC6A2	SLC6A2
chr3	45796536	-	SLC6A20	SLC6A20
chr5	1445440	-	SLC6A3	SLC6A3
chr17	30235697	-	SLC6A4	SLC6A4
chr11	20599607	+	SLC6A5	SLC6A5
chr3	14402575	+	SLC6A6	SLC6A6
chr5	150190061	+	SLC6A7	SLC6A7
chrX	153687925	+	SLC6A8	SLC6A8
chr1	44017163	-	SLC6A9	SLC6A9
chr13	29595688	-	SLC7A1	SLC7A1
chr19	33225850	-	SLC7A10	SLC7A10
chr4	138242349	-	SLC7A11	SLC7A11
chr4	138089013	+	SLC7A11-AS1	SLC7A11-AS1
chr8	86230381	-	SLC7A13	SLC7A13
chr3	170586075	-	SLC7A14	SLC7A14
chr3	170467284	+	SLC7A14-AS1	SLC7A14-AS1
chr8	17497087	+	SLC7A2	SLC7A2
chrX	70931096	-	SLC7A3	SLC7A3
chr22	21032561	-	SLC7A4	SLC7A4
chr16	87869507	-	SLC7A5	SLC7A5
chr16	21520444	-	SLC7A5P2	SLC7A5P2
chr16	68264525	+	SLC7A6	SLC7A6
chr16	68310946	-	SLC7A6OS	SLC7A6OS
chr14	22815435	-	SLC7A7	SLC7A7
chr14	23154393	-	SLC7A8	SLC7A8
chr19	32869767	-	SLC7A9	SLC7A9
chr2	40430304	-	SLC8A1	SLC8A1
chr2	39917633	+	SLC8A1-AS1	SLC8A1-AS1
chr19	47471893	-	SLC8A2	SLC8A2
chr14	70080217	-	SLC8A3	SLC8A3
chr12	113335109	-	SLC8B1	SLC8B1
chr1	27155125	-	SLC9A1	SLC9A1
chr2	102619552	+	SLC9A2	SLC9A2
chr5	524449	-	SLC9A3	SLC9A3
chr5	473235	+	SLC9A3-AS1	SLC9A3-AS1
chr17	74748627	+	SLC9A3R1	SLC9A3R1
chr16	2026901	+	SLC9A3R2	SLC9A3R2
chr2	102473225	+	SLC9A4	SLC9A4
chr16	67248978	+	SLC9A5	SLC9A5
chrX	135985426	+	SLC9A6	SLC9A6
chrX	46759118	-	SLC9A7	SLC9A7
chr12	98457145	-	SLC9A7P1	SLC9A7P1
chr20	49812712	+	SLC9A8	SLC9A8
chr3	143848468	-	SLC9A9	SLC9A9
chr3	143342245	+	SLC9A9-AS1	SLC9A9-AS1
chr4	103019705	-	SLC9B1	SLC9B1
chr4	103076761	-	SLC9B2	SLC9B2
chr3	112294216	-	SLC9C1	SLC9C1
chr1	173603072	-	SLC9C2	SLC9C2
chr12	21334917	-	SLCO1A2	SLCO1A2
chr12	21131193	+	SLCO1B1	SLCO1B1
chr12	20810704	+	SLCO1B3	SLCO1B3
chr12	20815673	+	SLCO1B3-SLCO1B7	SLCO1B3-SLCO1B7
chr12	21015695	+	SLCO1B7	SLCO1B7
chr12	20695331	+	SLCO1C1	SLCO1C1
chr3	134029925	-	SLCO2A1	SLCO2A1
chr11	75151106	+	SLCO2B1	SLCO2B1
chr15	91853707	+	SLCO3A1	SLCO3A1
chr20	62642502	+	SLCO4A1	SLCO4A1
chr20	62666621	-	SLCO4A1-AS1	SLCO4A1-AS1
chr5	102296284	-	SLCO4C1	SLCO4C1
chr8	69833169	-	SLCO5A1	SLCO5A1
chr5	102499001	-	SLCO6A1	SLCO6A1
chr4	184799046	-	SLED1	SLED1
chr5	94618668	+	SLF1	SLF1
chr10	100912962	+	SLF2	SLF2
chr17	35373621	-	SLFN11	SLFN11
chr17	35432500	-	SLFN12	SLFN12
chr17	35487739	-	SLFN12L	SLFN12L
chr17	35448766	-	SLFN13	SLFN13
chr17	35560819	-	SLFN14	SLFN14
chr17	35243071	+	SLFN5	SLFN5
chr1	41021725	-	SLFNL1	SLFNL1
chr1	41014589	+	SLFNL1-AS1	SLFNL1-AS1
chr14	77708070	+	SLIRP	SLIRP
chr10	97185959	-	SLIT1	SLIT1
chr10	97102755	+	SLIT1-AS1	SLIT1-AS1
chr4	20251904	+	SLIT2	SLIT2
chr4	20392188	+	SLIT2-IT1	SLIT2-IT1
chr5	169301139	-	SLIT3	SLIT3
chr5	169013226	+	SLIT3-AS1	SLIT3-AS1
chr5	168706926	+	SLIT3-AS2	SLIT3-AS2
chr13	83882393	-	SLITRK1	SLITRK1
chrX	145817828	+	SLITRK2	SLITRK2
chr3	165196384	-	SLITRK3	SLITRK3
chrX	143634503	-	SLITRK4	SLITRK4
chr13	87671370	+	SLITRK5	SLITRK5
chr13	85799419	-	SLITRK6	SLITRK6
chr10	103967139	+	SLK	SLK
chr3	57756308	+	SLMAP	SLMAP
chr20	59042846	-	SLMO2-ATP5E	SLMO2-ATP5E
chr11	107712056	-	SLN	SLN
chr20	45254564	-	SLPI	SLPI
chr15	58933679	-	SLTM	SLTM
chr5	160419081	-	SLU7	SLU7
chr8	142742406	-	SLURP1	SLURP1
chr8	142769828	-	SLURP2	SLURP2
chr16	29454500	+	SLX1A	SLX1A
chr16	29455090	+	SLX1A-SULT1A3	SLX1A-SULT1A3
chr16	29454500	+	SLX1B	SLX1B
chr16	29455090	+	SLX1B-SULT1A4	SLX1B-SULT1A4
chr16	3611606	-	SLX4	SLX4
chr20	10435304	+	SLX4IP	SLX4IP
chr4	145481305	+	SMAD1	SMAD1
chr4	145517194	-	SMAD1-AS1	SMAD1-AS1
chr4	145502980	-	SMAD1-AS2	SMAD1-AS2
chr18	47930659	-	SMAD2	SMAD2
chr15	67065601	+	SMAD3	SMAD3
chr18	51030212	+	SMAD4	SMAD4
chr5	136132844	+	SMAD5	SMAD5
chr5	136134890	-	SMAD5-AS1	SMAD5-AS1
chr15	66702235	+	SMAD6	SMAD6
chr18	48942807	-	SMAD7	SMAD7
chr13	36920036	-	SMAD9	SMAD9
chr12	51270210	-	SMAGP	SMAGP
chr6	70667882	+	SMAP1	SMAP1
chr1	40373726	+	SMAP2	SMAP2
chrX	129523490	-	SMARCA1	SMARCA1
chr9	2015346	+	SMARCA2	SMARCA2
chr19	10961029	+	SMARCA4	SMARCA4
chr4	143513701	+	SMARCA5	SMARCA5
chr4	143514837	-	SMARCA5-AS1	SMARCA5-AS1
chr4	94207607	+	SMARCAD1	SMARCAD1
chr2	216412483	+	SMARCAL1	SMARCAL1
chr22	23786965	+	SMARCB1	SMARCB1
chr3	47781893	-	SMARCC1	SMARCC1
chr12	56189483	-	SMARCC2	SMARCC2
chr12	50085341	+	SMARCD1	SMARCD1
chr17	63838728	-	SMARCD2	SMARCD2
chr7	151248694	-	SMARCD3	SMARCD3
chr17	40647818	-	SMARCE1	SMARCE1
chrX	53422654	-	SMC1A	SMC1A
chr22	45413599	-	SMC1B	SMC1B
chr9	104094259	+	SMC2	SMC2
chr9	104092474	-	SMC2-AS1	SMC2-AS1
chr10	110567694	+	SMC3	SMC3
chr3	160399649	+	SMC4	SMC4
chr9	70258977	+	SMC5	SMC5
chr9	70258874	-	SMC5-AS1	SMC5-AS1
chr2	17753810	-	SMC6	SMC6
chr18	2655725	+	SMCHD1	SMCHD1
chr3	196515346	-	SMCO1	SMCO1
chr12	27466809	+	SMCO2	SMCO2
chr12	14814182	-	SMCO3	SMCO3
chr11	93543391	-	SMCO4	SMCO4
chr1	152878321	+	SMCP	SMCP
chr17	17677688	-	SMCR2	SMCR2
chr17	17779529	-	SMCR5	SMCR5
chr17	18315292	+	SMCR8	SMCR8
chr22	42079690	+	SMDT1	SMDT1
chr16	18926408	-	SMG1	SMG1
chr16	22437007	+	SMG1P1	SMG1P1
chr16	29595092	-	SMG1P2	SMG1P2
chr16	21502281	-	SMG1P3	SMG1P3
chr16	30335374	-	SMG1P5	SMG1P5
chr16	29447026	-	SMG1P6	SMG1P6
chr16	70226033	-	SMG1P7	SMG1P7
chr1	156282825	-	SMG5	SMG5
chr17	2088761	-	SMG6	SMG6
chr1	183472498	+	SMG7	SMG7
chr1	183471982	-	SMG7-AS1	SMG7-AS1
chr17	59210009	+	SMG8	SMG8
chr19	43754962	-	SMG9	SMG9
chr8	122568644	-	SMILR	SMILR
chr1	3772748	+	SMIM1	SMIM1
chrX	134990990	+	SMIM10	SMIM10
chr12	11171193	+	SMIM10L1	SMIM10L1
chrX	135421943	+	SMIM10L2A	SMIM10L2A
chrX	135098712	-	SMIM10L2B	SMIM10L2B
chrX	135120620	+	SMIM10L2B-AS1	SMIM10L2B-AS1
chr21	7744977	+	SMIM11A	SMIM11A
chr21	7744950	+	SMIM11B	SMIM11B
chr1	34859045	-	SMIM12	SMIM12
chr6	11093833	+	SMIM13	SMIM13
chr4	39627121	-	SMIM14	SMIM14
chr5	61162468	-	SMIM15	SMIM15
chr5	61162315	+	SMIM15-AS1	SMIM15-AS1
chr19	56643158	+	SMIM17	SMIM17
chr8	30638579	+	SMIM18	SMIM18
chr8	42541147	+	SMIM19	SMIM19
chr13	44161257	-	SMIM2	SMIM2
chr13	44110548	+	SMIM2-AS1	SMIM2-AS1
chr13	44158222	-	SMIM2-IT1	SMIM2-IT1
chr4	25914191	+	SMIM20	SMIM20
chr18	75427703	-	SMIM21	SMIM21
chr16	4788396	+	SMIM22	SMIM22
chr5	171785816	+	SMIM23	SMIM23
chr19	3480525	-	SMIM24	SMIM24
chr20	18567419	+	SMIM26	SMIM26
chr9	32551143	+	SMIM27	SMIM27
chr6	138377904	+	SMIM28	SMIM28
chr6	34249006	-	SMIM29	SMIM29
chr5	150777945	+	SMIM3	SMIM3
chr7	113118554	-	SMIM30	SMIM30
chr4	164754130	+	SMIM31	SMIM31
chr5	136193162	-	SMIM32	SMIM32
chr5	139471003	+	SMIM33	SMIM33
chr21	7793939	-	SMIM34A	SMIM34A
chr11	118086963	-	SMIM35	SMIM35
chr11	69155934	+	SMIM38	SMIM38
chr3	52536604	+	SMIM4	SMIM4
chr6	33329279	-	SMIM40	SMIM40
chr12	52079703	+	SMIM41	SMIM41
chr4	121765164	-	SMIM43	SMIM43
chr17	75633433	+	SMIM5	SMIM5
chr17	75646250	+	SMIM6	SMIM6
chr19	16660144	-	SMIM7	SMIM7
chr6	87322587	+	SMIM8	SMIM8
chrX	154834662	-	SMIM9	SMIM9
chr7	129502530	+	SMKR1	SMKR1
chr6	130827405	+	SMLR1	SMLR1
chr5	70049522	+	SMN1	SMN1
chr5	70049522	+	SMN2	SMN2
chr10	110304920	-	SMNDC1	SMNDC1
chr7	129188632	+	SMO	SMO
chr14	69879415	+	SMOC1	SMOC1
chr6	168441183	+	SMOC2	SMOC2
chr20	4148778	+	SMOX	SMOX
chr11	6390473	+	SMPD1	SMPD1
chr6	109440723	+	SMPD2	SMPD2
chr16	68448508	-	SMPD3	SMPD3
chr2	130181602	-	SMPD4	SMPD4
chr2	131492812	+	SMPD4BP	SMPD4BP
chr8	144049397	+	SMPD5	SMPD5
chr6	122789048	+	SMPDL3A	SMPDL3A
chr1	27934954	+	SMPDL3B	SMPDL3B
chrX	21758116	-	SMPX	SMPX
chr4	70360759	+	SMR3A	SMR3A
chr4	70383130	+	SMR3B	SMR3B
chrX	21940572	+	SMS	SMS
chr22	31064117	+	SMTN	SMTN
chr11	57537594	+	SMTNL1	SMTNL1
chr17	4584006	+	SMTNL2	SMTNL2
chr9	33076674	-	SMU1	SMU1
chr12	54188957	-	SMUG1	SMUG1
chr7	99144108	-	SMURF1	SMURF1
chr17	64662307	-	SMURF2	SMURF2
chr17	30576464	+	SMURF2P1-LRRC37BP1	SMURF2P1-LRRC37BP1
chr2	88067824	+	SMYD1	SMYD1
chr1	214281158	+	SMYD2	SMYD2
chr1	245988551	-	SMYD3	SMYD3
chr17	1829902	-	SMYD4	SMYD4
chr2	73214244	+	SMYD5	SMYD5
chr20	49982979	+	SNAI1	SNAI1
chr8	48921429	-	SNAI2	SNAI2
chr16	88686507	-	SNAI3	SNAI3
chr16	88663372	+	SNAI3-AS1	SNAI3-AS1
chr15	42495305	+	SNAP23	SNAP23
chr20	10218829	+	SNAP25	SNAP25
chr20	10219506	-	SNAP25-AS1	SNAP25-AS1
chr22	20859006	+	SNAP29	SNAP29
chr1	227728167	+	SNAP47	SNAP47
chr6	83702926	-	SNAP91	SNAP91
chr14	61762419	+	SNAPC1	SNAPC1
chr19	7920337	+	SNAPC2	SNAPC2
chr9	15422783	+	SNAPC3	SNAPC3
chr9	136398437	-	SNAPC4	SNAPC4
chr15	66497762	-	SNAPC5	SNAPC5
chr1	153658653	+	SNAPIN	SNAPIN
chr19	47918428	+	SNAR-A1	SNAR-A1
chr19	47923778	+	SNAR-A10	SNAR-A10
chr19	47923778	+	SNAR-A11	SNAR-A11
chr19	47907677	+	SNAR-A12	SNAR-A12
chr19	47907677	+	SNAR-A13	SNAR-A13
chr19	47923778	+	SNAR-A14	SNAR-A14
chr19	47918428	+	SNAR-A2	SNAR-A2
chr19	47923778	+	SNAR-A3	SNAR-A3
chr19	47923778	+	SNAR-A4	SNAR-A4
chr19	47923778	+	SNAR-A5	SNAR-A5
chr19	47923778	+	SNAR-A6	SNAR-A6
chr19	47923778	+	SNAR-A7	SNAR-A7
chr19	47923778	+	SNAR-A8	SNAR-A8
chr19	47923778	+	SNAR-A9	SNAR-A9
chr19	50133864	-	SNAR-B1	SNAR-B1
chr19	50133864	-	SNAR-B2	SNAR-B2
chr19	47913050	+	SNAR-C1	SNAR-C1
chr19	47913050	+	SNAR-C2	SNAR-C2
chr19	47950295	+	SNAR-C3	SNAR-C3
chr19	47939540	+	SNAR-C4	SNAR-C4
chr19	47913050	+	SNAR-C5	SNAR-C5
chr19	50140320	-	SNAR-D	SNAR-D
chr19	46830704	-	SNAR-E	SNAR-E
chr19	50604962	+	SNAR-F	SNAR-F
chr19	49037019	+	SNAR-G1	SNAR-G1
chr19	49031787	-	SNAR-G2	SNAR-G2
chr2	77955026	-	SNAR-H	SNAR-H
chr3	190877929	+	SNAR-I	SNAR-I
chr4	89771734	-	SNCA	SNCA
chr4	89836400	+	SNCA-AS1	SNCA-AS1
chr5	122311690	+	SNCAIP	SNCAIP
chr5	176630534	-	SNCB	SNCB
chr10	86955758	+	SNCG	SNCG
chr7	127652193	+	SND1	SND1
chr7	127997508	+	SND1-IT1	SND1-IT1
chr2	240998617	+	SNED1	SNED1
chr17	48944842	-	SNF8	SNF8
chr11	62855885	-	SNHG1	SNHG1
chr14	95534872	-	SNHG10	SNHG10
chr20	38446653	+	SNHG11	SNHG11
chr1	28581873	-	SNHG12	SNHG12
chr15	24823607	+	SNHG14	SNHG14
chr7	44986696	-	SNHG15	SNHG15
chr17	76557763	+	SNHG16	SNHG16
chr20	38435377	-	SNHG17	SNHG17
chr5	9546199	+	SNHG18	SNHG18
chr16	2155358	-	SNHG19	SNHG19
chr17	77088642	+	SNHG20	SNHG20
chr15	82750563	+	SNHG21	SNHG21
chr18	49814022	+	SNHG22	SNHG22
chr17	64145969	+	SNHG25	SNHG25
chr7	22854239	+	SNHG26	SNHG26
chr4	131764837	+	SNHG27	SNHG27
chr1	159855037	-	SNHG28	SNHG28
chr17	16438986	+	SNHG29	SNHG29
chr1	28505942	+	SNHG3	SNHG3
chr17	35568113	+	SNHG30	SNHG30
chr2	214810228	+	SNHG31	SNHG31
chr6	31834915	+	SNHG32	SNHG32
chr5	139273751	+	SNHG4	SNHG4
chr6	85678733	-	SNHG5	SNHG5
chr8	66925541	-	SNHG6	SNHG6
chr9	136728184	-	SNHG7	SNHG7
chr4	118278761	+	SNHG8	SNHG8
chr16	1964995	+	SNHG9	SNHG9
chr1	37554293	-	SNIP1	SNIP1
chr16	11668454	+	SNN	SNN
chr11	93732133	-	SNORA1	SNORA1
chr16	1962466	-	SNORA10	SNORA10
chr1	244854217	-	SNORA100	SNORA100
chr4	100395247	-	SNORA101A	SNORA101A
chr14	35762931	-	SNORA101B	SNORA101B
chr1	173866290	-	SNORA103	SNORA103
chr19	14622212	+	SNORA104	SNORA104
chr5	21884453	+	SNORA105A	SNORA105A
chr5	21884453	+	SNORA105B	SNORA105B
chr12	56512864	+	SNORA105C	SNORA105C
chr13	84783653	+	SNORA107	SNORA107
chr18	58600619	+	SNORA108	SNORA108
chrX	55183607	-	SNORA109	SNORA109
chr2	30187433	+	SNORA10B	SNORA10B
chrX	54814369	+	SNORA11	SNORA11
chr1	44252559	-	SNORA110	SNORA110
chr18	37466504	-	SNORA111	SNORA111
chr2	96214638	+	SNORA112	SNORA112
chr12	69515439	+	SNORA113	SNORA113
chr7	2089052	-	SNORA114	SNORA114
chr2	217833733	-	SNORA115	SNORA115
chr6	158322981	+	SNORA116	SNORA116
chr20	62882903	-	SNORA117	SNORA117
chr19	17092234	+	SNORA118	SNORA118
chr16	89953376	+	SNORA119	SNORA119
chr14	91126425	+	SNORA11B	SNORA11B
chrX	47388649	+	SNORA11C	SNORA11C
chrX	52063473	-	SNORA11D	SNORA11D
chrX	52063473	-	SNORA11E	SNORA11E
chr10	73126207	-	SNORA11F	SNORA11F
chrX	54927304	+	SNORA11G	SNORA11G
chr10	100237302	-	SNORA12	SNORA12
chr12	6040183	-	SNORA120	SNORA120
chr5	112161484	+	SNORA13	SNORA13
chr7	75943782	+	SNORA14A	SNORA14A
chr1	235127937	-	SNORA14B	SNORA14B
chr7	56060469	+	SNORA15	SNORA15
chr7	65070537	+	SNORA15B-1	SNORA15B-1
chr7	65070537	+	SNORA15B-2	SNORA15B-2
chr1	28581053	-	SNORA16A	SNORA16A
chr1	212352817	+	SNORA16B	SNORA16B
chr9	136726879	-	SNORA17A	SNORA17A
chr9	136726237	-	SNORA17B	SNORA17B
chr11	93733597	-	SNORA18	SNORA18
chr10	119060138	-	SNORA19	SNORA19
chr8	55902855	-	SNORA1B	SNORA1B
chr6	159780381	-	SNORA20	SNORA20
chr7	39329134	-	SNORA20B	SNORA20B
chr17	38852995	-	SNORA21	SNORA21
chr17	38851658	-	SNORA21B	SNORA21B
chr7	65755525	+	SNORA22	SNORA22
chr7	56055364	+	SNORA22B	SNORA22B
chr7	65065998	+	SNORA22C	SNORA22C
chr11	9428765	+	SNORA23	SNORA23
chr4	118279189	+	SNORA24	SNORA24
chr15	65285591	-	SNORA24B	SNORA24B
chr11	93730646	-	SNORA25	SNORA25
chr7	115581441	-	SNORA25B	SNORA25B
chr4	52713248	+	SNORA26	SNORA26
chr13	27255400	+	SNORA27	SNORA27
chr14	103337848	+	SNORA28	SNORA28
chr6	159785733	-	SNORA29	SNORA29
chr12	48656782	-	SNORA2A	SNORA2A
chr12	48667593	-	SNORA2B	SNORA2B
chr12	48654518	-	SNORA2C	SNORA2C
chr16	30710536	+	SNORA30	SNORA30
chr9	20786926	+	SNORA30B	SNORA30B
chr13	45337609	-	SNORA31	SNORA31
chr13	45336447	-	SNORA31B	SNORA31B
chr11	93731099	-	SNORA32	SNORA32
chr6	132817218	+	SNORA33	SNORA33
chrX	114630796	+	SNORA35	SNORA35
chrX	115126442	-	SNORA35B	SNORA35B
chrX	154768527	+	SNORA36A	SNORA36A
chr1	220200676	-	SNORA36B	SNORA36B
chr2	69520171	-	SNORA36C	SNORA36C
chr18	54222412	-	SNORA37	SNORA37
chr6	31623078	+	SNORA38	SNORA38
chr17	67740669	+	SNORA38B	SNORA38B
chr11	8684226	+	SNORA3A	SNORA3A
chr11	8685438	+	SNORA3B	SNORA3B
chr16	2796532	-	SNORA3C	SNORA3C
chr3	186787612	+	SNORA4	SNORA4
chr11	93735236	-	SNORA40	SNORA40
chr2	135136627	+	SNORA40B	SNORA40B
chr6	110848545	+	SNORA40C	SNORA40C
chr2	206162227	+	SNORA41	SNORA41
chr15	45537250	+	SNORA41B	SNORA41B
chr1	28580512	-	SNORA44	SNORA44
chr16	58548633	-	SNORA46	SNORA46
chr5	77080571	-	SNORA47	SNORA47
chr17	7574712	+	SNORA48	SNORA48
chrX	3532251	-	SNORA48B	SNORA48B
chr12	132031223	+	SNORA49	SNORA49
chr16	58559931	-	SNORA50A	SNORA50A
chr22	33704920	-	SNORA50B	SNORA50B
chr17	64146338	+	SNORA50C	SNORA50C
chr5	69160807	+	SNORA50D	SNORA50D
chr20	2655066	+	SNORA51	SNORA51
chr11	811680	+	SNORA52	SNORA52
chr12	98599634	+	SNORA53	SNORA53
chr11	2963893	-	SNORA54	SNORA54
chr1	39567510	-	SNORA55	SNORA55
chrX	154774997	+	SNORA56	SNORA56
chr11	62665421	+	SNORA57	SNORA57
chr3	131479233	-	SNORA58	SNORA58
chr1	154259726	+	SNORA58B	SNORA58B
chr1	12507245	+	SNORA59A	SNORA59A
chr1	12507245	+	SNORA59B	SNORA59B
chr7	45104482	-	SNORA5A	SNORA5A
chr7	45106099	-	SNORA5B	SNORA5B
chr7	45105042	-	SNORA5C	SNORA5C
chr3	39408390	+	SNORA6	SNORA6
chr20	38449368	+	SNORA60	SNORA60
chr1	28579893	-	SNORA61	SNORA61
chr3	39411053	+	SNORA62	SNORA62
chr3	186787298	+	SNORA63	SNORA63
chr3	186786322	+	SNORA63B	SNORA63B
chr1	36418578	-	SNORA63C	SNORA63C
chr3	183451858	+	SNORA63D	SNORA63D
chr3	183453813	+	SNORA63E	SNORA63E
chr16	1963106	-	SNORA64	SNORA64
chr9	127448637	-	SNORA65	SNORA65
chr1	92840718	+	SNORA66	SNORA66
chr17	7577954	+	SNORA67	SNORA67
chr19	17862587	+	SNORA68	SNORA68
chr19	32608469	-	SNORA68B	SNORA68B
chrX	119787484	-	SNORA69	SNORA69
chrX	154400280	+	SNORA70	SNORA70
chr2	61417377	-	SNORA70B	SNORA70B
chr9	117181201	-	SNORA70C	SNORA70C
chr16	71698701	-	SNORA70D	SNORA70D
chr11	83041598	-	SNORA70E	SNORA70E
chr2	164687777	-	SNORA70F	SNORA70F
chr12	68627375	-	SNORA70G	SNORA70G
chr1	201978460	+	SNORA70H	SNORA70H
chr2	214846946	+	SNORA70I	SNORA70I
chr5	171366117	+	SNORA70J	SNORA70J
chr20	38427443	-	SNORA71A	SNORA71A
chr20	38425330	-	SNORA71B	SNORA71B
chr20	38429804	-	SNORA71C	SNORA71C
chr20	38433999	-	SNORA71D	SNORA71D
chr20	38448082	+	SNORA71E	SNORA71E
chr8	98042217	-	SNORA72	SNORA72
chr1	28507364	+	SNORA73A	SNORA73A
chr1	28508557	+	SNORA73B	SNORA73B
chr5	139278779	+	SNORA74A	SNORA74A
chr5	173020725	+	SNORA74B	SNORA74B
chr10	45984607	+	SNORA74C-1	SNORA74C-1
chr10	49954211	+	SNORA74C-2	SNORA74C-2
chr5	139276179	+	SNORA74D	SNORA74D
chr2	231455936	-	SNORA75	SNORA75
chr4	17320882	-	SNORA75B	SNORA75B
chr1	203729580	+	SNORA77	SNORA77
chr22	20126401	+	SNORA77B	SNORA77B
chr16	1965183	+	SNORA78	SNORA78
chr14	81202834	-	SNORA79	SNORA79
chr14	20323326	-	SNORA79B	SNORA79B
chr3	12840450	-	SNORA7A	SNORA7A
chr3	129397348	-	SNORA7B	SNORA7B
chr11	93732499	-	SNORA8	SNORA8
chr21	32377322	-	SNORA80A	SNORA80A
chr2	10446849	-	SNORA80B	SNORA80B
chr16	30419759	-	SNORA80C	SNORA80C
chr7	6016876	+	SNORA80D	SNORA80D
chr1	155920042	-	SNORA80E	SNORA80E
chr3	186786674	+	SNORA81	SNORA81
chr9	92292593	-	SNORA84	SNORA84
chr10	32901472	-	SNORA86	SNORA86
chr10	113045354	+	SNORA87	SNORA87
chr11	32143912	-	SNORA88	SNORA88
chr14	33708936	+	SNORA89	SNORA89
chr7	44985510	-	SNORA9	SNORA9
chr17	37244800	+	SNORA90	SNORA90
chr21	41948282	-	SNORA91	SNORA91
chr22	38224720	-	SNORA92	SNORA92
chr3	13618380	+	SNORA93	SNORA93
chr3	48605150	-	SNORA94	SNORA94
chr3	85062264	-	SNORA95	SNORA95
chr6	144405654	+	SNORA98	SNORA98
chr8	11705361	+	SNORA99	SNORA99
chr12	123616709	+	SNORA9B	SNORA9B
chr2	232869013	+	SNORC	SNORC
chr17	7576810	+	SNORD10	SNORD10
chr6	132816801	+	SNORD100	SNORD100
chr6	132815306	+	SNORD101	SNORD101
chr13	27255063	+	SNORD102	SNORD102
chr1	30935776	-	SNORD103A	SNORD103A
chr1	30935776	-	SNORD103B	SNORD103B
chr1	30968237	-	SNORD103C	SNORD103C
chr17	64146077	+	SNORD104	SNORD104
chr19	10107650	+	SNORD105	SNORD105
chr19	10109748	+	SNORD105B	SNORD105B
chr15	24981993	+	SNORD107	SNORD107
chr15	24986924	+	SNORD108	SNORD108
chr15	25041973	+	SNORD109A	SNORD109A
chr15	25041973	+	SNORD109B	SNORD109B
chr2	202293050	+	SNORD11	SNORD11
chr20	2654211	+	SNORD110	SNORD110
chr16	70538004	+	SNORD111	SNORD111
chr16	70529498	+	SNORD111B	SNORD111B
chr14	100897919	+	SNORD112	SNORD112
chr14	100924820	+	SNORD113-1	SNORD113-1
chr14	100927341	+	SNORD113-2	SNORD113-2
chr14	100929918	+	SNORD113-3	SNORD113-3
chr14	100936490	+	SNORD113-4	SNORD113-4
chr14	100938186	+	SNORD113-5	SNORD113-5
chr14	100939555	+	SNORD113-6	SNORD113-6
chr14	100941125	+	SNORD113-7	SNORD113-7
chr14	100943450	+	SNORD113-8	SNORD113-8
chr14	100945648	+	SNORD113-9	SNORD113-9
chr14	100949832	+	SNORD114-1	SNORD114-1
chr14	100967051	+	SNORD114-10	SNORD114-10
chr14	100968110	+	SNORD114-11	SNORD114-11
chr14	100968947	+	SNORD114-12	SNORD114-12
chr14	100969878	+	SNORD114-13	SNORD114-13
chr14	100972102	+	SNORD114-14	SNORD114-14
chr14	100972669	+	SNORD114-15	SNORD114-15
chr14	100973594	+	SNORD114-16	SNORD114-16
chr14	100974805	+	SNORD114-17	SNORD114-17
chr14	100975824	+	SNORD114-18	SNORD114-18
chr14	100976476	+	SNORD114-19	SNORD114-19
chr14	100951855	+	SNORD114-2	SNORD114-2
chr14	100981003	+	SNORD114-20	SNORD114-20
chr14	100981974	+	SNORD114-21	SNORD114-21
chr14	100982925	+	SNORD114-22	SNORD114-22
chr14	100983875	+	SNORD114-23	SNORD114-23
chr14	100984776	+	SNORD114-24	SNORD114-24
chr14	100986056	+	SNORD114-25	SNORD114-25
chr14	100987045	+	SNORD114-26	SNORD114-26
chr14	100988160	+	SNORD114-27	SNORD114-27
chr14	100989129	+	SNORD114-28	SNORD114-28
chr14	100990090	+	SNORD114-29	SNORD114-29
chr14	100953348	+	SNORD114-3	SNORD114-3
chr14	100991918	+	SNORD114-30	SNORD114-30
chr14	100993235	+	SNORD114-31	SNORD114-31
chr14	100954343	+	SNORD114-4	SNORD114-4
chr14	100955369	+	SNORD114-5	SNORD114-5
chr14	100957165	+	SNORD114-6	SNORD114-6
chr14	100963053	+	SNORD114-7	SNORD114-7
chr14	100964780	+	SNORD114-8	SNORD114-8
chr14	100966028	+	SNORD114-9	SNORD114-9
chr15	25170722	+	SNORD115-1	SNORD115-1
chr15	25178740	+	SNORD115-10	SNORD115-10
chr15	25189413	+	SNORD115-11	SNORD115-11
chr15	25178740	+	SNORD115-12	SNORD115-12
chr15	25193320	+	SNORD115-13	SNORD115-13
chr15	25194920	+	SNORD115-14	SNORD115-14
chr15	25197575	+	SNORD115-15	SNORD115-15
chr15	25199447	+	SNORD115-16	SNORD115-16
chr15	25201322	+	SNORD115-17	SNORD115-17
chr15	25201322	+	SNORD115-18	SNORD115-18
chr15	25201322	+	SNORD115-19	SNORD115-19
chr15	25172634	+	SNORD115-2	SNORD115-2
chr15	25206261	+	SNORD115-20	SNORD115-20
chr15	25206261	+	SNORD115-21	SNORD115-21
chr15	25209917	+	SNORD115-22	SNORD115-22
chr15	25211795	+	SNORD115-23	SNORD115-23
chr15	25213658	+	SNORD115-24	SNORD115-24
chr15	25215540	+	SNORD115-25	SNORD115-25
chr15	25218616	+	SNORD115-26	SNORD115-26
chr15	25220502	+	SNORD115-27	SNORD115-27
chr15	25222353	+	SNORD115-28	SNORD115-28
chr15	25189413	+	SNORD115-29	SNORD115-29
chr15	25174926	+	SNORD115-3	SNORD115-3
chr15	25225202	+	SNORD115-30	SNORD115-30
chr15	25227108	+	SNORD115-31	SNORD115-31
chr15	25228966	+	SNORD115-32	SNORD115-32
chr15	25230837	+	SNORD115-33	SNORD115-33
chr15	25232386	+	SNORD115-34	SNORD115-34
chr15	25234246	+	SNORD115-35	SNORD115-35
chr15	25189413	+	SNORD115-36	SNORD115-36
chr15	25237985	+	SNORD115-37	SNORD115-37
chr15	25239837	+	SNORD115-38	SNORD115-38
chr15	25241745	+	SNORD115-39	SNORD115-39
chr15	25176831	+	SNORD115-4	SNORD115-4
chr15	25243613	+	SNORD115-40	SNORD115-40
chr15	25245477	+	SNORD115-41	SNORD115-41
chr15	25247344	+	SNORD115-42	SNORD115-42
chr15	25189413	+	SNORD115-43	SNORD115-43
chr15	25250858	+	SNORD115-44	SNORD115-44
chr15	25264526	+	SNORD115-45	SNORD115-45
chr15	25266590	+	SNORD115-46	SNORD115-46
chr15	25268516	+	SNORD115-47	SNORD115-47
chr15	25269782	+	SNORD115-48	SNORD115-48
chr15	25178737	+	SNORD115-5	SNORD115-5
chr15	25180496	+	SNORD115-6	SNORD115-6
chr15	25182384	+	SNORD115-7	SNORD115-7
chr15	25184305	+	SNORD115-8	SNORD115-8
chr15	25178740	+	SNORD115-9	SNORD115-9
chr15	25051475	+	SNORD116-1	SNORD116-1
chr15	25074112	+	SNORD116-10	SNORD116-10
chr15	25075927	+	SNORD116-11	SNORD116-11
chr15	25077049	+	SNORD116-12	SNORD116-12
chr15	25079056	+	SNORD116-13	SNORD116-13
chr15	25080140	+	SNORD116-14	SNORD116-14
chr15	25081285	+	SNORD116-15	SNORD116-15
chr15	25082766	+	SNORD116-16	SNORD116-16
chr15	25083586	+	SNORD116-17	SNORD116-17
chr15	25085383	+	SNORD116-18	SNORD116-18
chr15	25083586	+	SNORD116-19	SNORD116-19
chr15	25054208	+	SNORD116-2	SNORD116-2
chr15	25087660	+	SNORD116-20	SNORD116-20
chr15	25088802	+	SNORD116-21	SNORD116-21
chr15	25089921	+	SNORD116-22	SNORD116-22
chr15	25091784	+	SNORD116-23	SNORD116-23
chr15	25094035	+	SNORD116-24	SNORD116-24
chr15	25097661	+	SNORD116-25	SNORD116-25
chr15	25099497	+	SNORD116-26	SNORD116-26
chr15	25101573	+	SNORD116-27	SNORD116-27
chr15	25104640	+	SNORD116-28	SNORD116-28
chr15	25106519	+	SNORD116-29	SNORD116-29
chr15	25056858	+	SNORD116-3	SNORD116-3
chr15	25108267	+	SNORD116-30	SNORD116-30
chr15	25059536	+	SNORD116-4	SNORD116-4
chr15	25062331	+	SNORD116-5	SNORD116-5
chr15	25065024	+	SNORD116-6	SNORD116-6
chr15	25062331	+	SNORD116-7	SNORD116-7
chr15	25070430	+	SNORD116-8	SNORD116-8
chr15	25056858	+	SNORD116-9	SNORD116-9
chr6	31536449	-	SNORD117	SNORD117
chr17	8173588	-	SNORD118	SNORD118
chr20	2463047	-	SNORD119	SNORD119
chr2	202291316	+	SNORD11B	SNORD11B
chr20	49280682	+	SNORD12	SNORD12
chr9	33952854	-	SNORD121A	SNORD121A
chr9	33934375	-	SNORD121B	SNORD121B
chr5	9548826	+	SNORD123	SNORD123
chr17	40027645	-	SNORD124	SNORD124
chr22	29333258	-	SNORD125	SNORD125
chr14	20326539	-	SNORD126	SNORD126
chr14	45110874	+	SNORD127	SNORD127
chr1	8494913	-	SNORD128	SNORD128
chr10	7186784	-	SNORD129	SNORD129
chr20	49280312	+	SNORD12B	SNORD12B
chr20	49278944	+	SNORD12C	SNORD12C
chr8	33513474	+	SNORD13	SNORD13
chr10	28073378	-	SNORD130	SNORD130
chr11	1949330	+	SNORD131	SNORD131
chr2	110658249	-	SNORD132	SNORD132
chr12	50456570	+	SNORD133	SNORD133
chr17	82090140	-	SNORD134	SNORD134
chr19	12703671	-	SNORD135	SNORD135
chr3	52688886	+	SNORD136	SNORD136
chr9	12972633	-	SNORD137	SNORD137
chr5	86620505	+	SNORD138	SNORD138
chr22	39316896	-	SNORD139	SNORD139
chr5	69539264	-	SNORD13B-1	SNORD13B-1
chr5	69539264	-	SNORD13B-2	SNORD13B-2
chr1	150261693	+	SNORD13C	SNORD13C
chr15	57278657	-	SNORD13D	SNORD13D
chr15	65696936	-	SNORD13E	SNORD13E
chr11	66053143	+	SNORD13F	SNORD13F
chr13	95210343	+	SNORD13G	SNORD13G
chr16	69708675	-	SNORD13H	SNORD13H
chr11	100934273	+	SNORD13I	SNORD13I
chr3	47250609	-	SNORD13J	SNORD13J
chr22	41073721	-	SNORD140	SNORD140
chr5	14652382	-	SNORD141A	SNORD141A
chr5	14652382	-	SNORD141B	SNORD141B
chr10	3134103	+	SNORD142	SNORD142
chr4	82895928	-	SNORD143	SNORD143
chr4	82898225	-	SNORD144	SNORD144
chr1	44671056	-	SNORD145	SNORD145
chr3	47661694	-	SNORD146	SNORD146
chr11	16926022	-	SNORD147	SNORD147
chr16	46886474	-	SNORD148	SNORD148
chr8	143506248	-	SNORD149	SNORD149
chr11	17074744	-	SNORD14A	SNORD14A
chr11	17075868	-	SNORD14B	SNORD14B
chr11	123059422	-	SNORD14C	SNORD14C
chr11	123058995	-	SNORD14D	SNORD14D
chr11	123058156	-	SNORD14E	SNORD14E
chr11	119190641	-	SNORD150	SNORD150
chr7	47464803	-	SNORD151	SNORD151
chr19	38163095	+	SNORD152	SNORD152
chr11	134151363	-	SNORD153	SNORD153
chr20	40714623	-	SNORD154	SNORD154
chr3	115905126	-	SNORD155	SNORD155
chr6	75128782	-	SNORD156	SNORD156
chr19	55402657	-	SNORD157	SNORD157
chr10	116194789	-	SNORD158	SNORD158
chr21	46194159	-	SNORD159	SNORD159
chr11	75400390	+	SNORD15A	SNORD15A
chr11	75404420	+	SNORD15B	SNORD15B
chr15	66502910	-	SNORD16	SNORD16
chr1	44762034	+	SNORD160	SNORD160
chr4	78288984	+	SNORD161	SNORD161
chr4	4664325	+	SNORD162	SNORD162
chr17	16153196	-	SNORD163	SNORD163
chr11	35162949	+	SNORD164	SNORD164
chr7	4837450	-	SNORD165	SNORD165
chr6	111113833	+	SNORD166	SNORD166
chr1	1304812	-	SNORD167	SNORD167
chr8	117920913	-	SNORD168	SNORD168
chr14	69978132	+	SNORD169	SNORD169
chr20	17962946	-	SNORD17	SNORD17
chr5	14463982	+	SNORD170	SNORD170
chr10	75021732	+	SNORD172	SNORD172
chr8	103308977	+	SNORD173	SNORD173
chr19	39468221	+	SNORD175	SNORD175
chr15	66503314	-	SNORD18A	SNORD18A
chr15	66502091	-	SNORD18B	SNORD18B
chr15	66501318	-	SNORD18C	SNORD18C
chr3	52689239	+	SNORD19	SNORD19
chr3	52690737	+	SNORD19B	SNORD19B
chr3	52691377	+	SNORD19C	SNORD19C
chr17	76561632	+	SNORD1A	SNORD1A
chr17	76561107	+	SNORD1B	SNORD1B
chr17	76558789	+	SNORD1C	SNORD1C
chr3	186784795	+	SNORD2	SNORD2
chr2	231456523	-	SNORD20	SNORD20
chr1	92837288	+	SNORD21	SNORD21
chr11	62853035	-	SNORD22	SNORD22
chr19	47755852	+	SNORD23	SNORD23
chr9	133349395	+	SNORD24	SNORD24
chr11	62855631	-	SNORD25	SNORD25
chr11	62855366	-	SNORD26	SNORD26
chr11	62855083	-	SNORD27	SNORD27
chr11	62854695	-	SNORD28	SNORD28
chr6	156378749	+	SNORD28B	SNORD28B
chr11	62853968	-	SNORD29	SNORD29
chr11	62853732	-	SNORD30	SNORD30
chr11	62853393	-	SNORD31	SNORD31
chr13	107320963	-	SNORD31B	SNORD31B
chr19	49489965	+	SNORD32A	SNORD32A
chr6	29582251	+	SNORD32B	SNORD32B
chr19	49490616	+	SNORD33	SNORD33
chr19	49490906	+	SNORD34	SNORD34
chr19	49491174	+	SNORD35A	SNORD35A
chr19	49497718	+	SNORD35B	SNORD35B
chr9	133350455	+	SNORD36A	SNORD36A
chr9	133350093	+	SNORD36B	SNORD36B
chr9	133350845	+	SNORD36C	SNORD36C
chr19	3982572	-	SNORD37	SNORD37
chr1	44777841	+	SNORD38A	SNORD38A
chr1	44778389	+	SNORD38B	SNORD38B
chr3	53333127	-	SNORD38C	SNORD38C
chr8	39018685	-	SNORD38D	SNORD38D
chr17	19188015	+	SNORD3A	SNORD3A
chr17	19061911	+	SNORD3B-1	SNORD3B-1
chr17	19061911	+	SNORD3B-2	SNORD3B-2
chr17	19190245	-	SNORD3C	SNORD3C
chr17	19112636	-	SNORD3D	SNORD3D
chrX	70846295	-	SNORD3E	SNORD3E
chr8	20614926	-	SNORD3F	SNORD3F
chr1	90657749	+	SNORD3G	SNORD3G
chr8	97358264	+	SNORD3H	SNORD3H
chr8	9058630	-	SNORD3I	SNORD3I
chr10	43417440	-	SNORD3J	SNORD3J
chr2	169816278	+	SNORD3K	SNORD3K
chr14	85271931	+	SNORD3P3	SNORD3P3
chr19	12706518	-	SNORD41	SNORD41
chr17	28723428	+	SNORD42A	SNORD42A
chr17	28720549	+	SNORD42B	SNORD42B
chr22	39319113	-	SNORD43	SNORD43
chr1	173866028	-	SNORD44	SNORD44
chr1	75787888	+	SNORD45A	SNORD45A
chr1	75789476	+	SNORD45B	SNORD45B
chr1	75787071	+	SNORD45C	SNORD45C
chr1	44776491	+	SNORD46	SNORD46
chr1	173864445	-	SNORD47	SNORD47
chr6	31835262	+	SNORD48	SNORD48
chr17	16440035	+	SNORD49A	SNORD49A
chr17	16439508	+	SNORD49B	SNORD49B
chr17	28722581	+	SNORD4A	SNORD4A
chr17	28723680	+	SNORD4B	SNORD4B
chr11	93733300	-	SNORD5	SNORD5
chr6	85677368	-	SNORD50A	SNORD50A
chr6	85677659	-	SNORD50B	SNORD50B
chr2	206161880	+	SNORD51	SNORD51
chr6	31837075	+	SNORD52	SNORD52
chr2	28927066	+	SNORD53	SNORD53
chr2	28927982	+	SNORD53B	SNORD53B
chr8	56073901	-	SNORD54	SNORD54
chr1	44775864	+	SNORD55	SNORD55
chr20	2656623	+	SNORD56	SNORD56
chr14	71398336	+	SNORD56B	SNORD56B
chr20	2656938	+	SNORD57	SNORD57
chr18	49491347	-	SNORD58A	SNORD58A
chr18	49491729	-	SNORD58B	SNORD58B
chr18	49489324	-	SNORD58C	SNORD58C
chr12	56645101	-	SNORD59A	SNORD59A
chr12	56643754	-	SNORD59B	SNORD59B
chr11	93731573	-	SNORD6	SNORD6
chr16	2155105	-	SNORD60	SNORD60
chrX	136879271	-	SNORD61	SNORD61
chr9	131485664	+	SNORD62A	SNORD62A
chr9	131485664	+	SNORD62B	SNORD62B
chr5	138561110	-	SNORD63	SNORD63
chr5	138559041	-	SNORD63B	SNORD63B
chr15	24985099	+	SNORD64	SNORD64
chr17	16441225	+	SNORD65	SNORD65
chr8	41426654	+	SNORD65B	SNORD65B
chr7	23396445	+	SNORD65C	SNORD65C
chr3	184325695	+	SNORD66	SNORD66
chr11	46762499	-	SNORD67	SNORD67
chr16	89561429	+	SNORD68	SNORD68
chr3	52692735	+	SNORD69	SNORD69
chr17	35573656	+	SNORD7	SNORD7
chr2	202276430	+	SNORD70	SNORD70
chr2	202278112	+	SNORD70B	SNORD70B
chr16	71758487	-	SNORD71	SNORD71
chr5	40832735	-	SNORD72	SNORD72
chr4	151103826	+	SNORD73A	SNORD73A
chr4	151102056	+	SNORD73B	SNORD73B
chr1	173867745	-	SNORD74	SNORD74
chr21	16284768	-	SNORD74B	SNORD74B
chr1	173866938	-	SNORD75	SNORD75
chr1	173866715	-	SNORD76	SNORD76
chr1	173866370	-	SNORD77	SNORD77
chr8	100004581	+	SNORD77B	SNORD77B
chr1	173865686	-	SNORD78	SNORD78
chr1	173865430	-	SNORD79	SNORD79
chr14	21397401	-	SNORD8	SNORD8
chr1	173864903	-	SNORD80	SNORD80
chr1	173864222	-	SNORD81	SNORD81
chr2	231460442	-	SNORD82	SNORD82
chr22	39315307	-	SNORD83A	SNORD83A
chr22	39313911	-	SNORD83B	SNORD83B
chr6	31541178	-	SNORD84	SNORD84
chr20	2656096	+	SNORD86	SNORD86
chr8	66922549	-	SNORD87	SNORD87
chr19	50799535	-	SNORD88A	SNORD88A
chr19	50799125	-	SNORD88B	SNORD88B
chr19	50802421	-	SNORD88C	SNORD88C
chr2	101273049	-	SNORD89	SNORD89
chr14	21392253	-	SNORD9	SNORD9
chr9	122880319	-	SNORD90	SNORD90
chr17	2330370	-	SNORD91A	SNORD91A
chr17	2329210	-	SNORD91B	SNORD91B
chr2	28913661	+	SNORD92	SNORD92
chr7	22856612	+	SNORD93	SNORD93
chr2	86135869	+	SNORD94	SNORD94
chr5	181243376	-	SNORD95	SNORD95
chr5	181241889	-	SNORD96A	SNORD96A
chrX	110225060	-	SNORD96B	SNORD96B
chr11	10801608	-	SNORD97	SNORD97
chr10	68755171	+	SNORD98	SNORD98
chr1	28578822	-	SNORD99	SNORD99
chr20	1266293	+	SNPH	SNPH
chr3	43286511	+	SNRK	SNRK
chr3	43351962	-	SNRK-AS1	SNRK-AS1
chr2	96305546	-	SNRNP200	SNRNP200
chr16	53827	+	SNRNP25	SNRNP25
chr2	69893955	+	SNRNP27	SNRNP27
chr12	123458138	+	SNRNP35	SNRNP35
chr1	31296788	-	SNRNP40	SNRNP40
chr6	7590197	+	SNRNP48	SNRNP48
chr19	49085450	+	SNRNP70	SNRNP70
chr19	40751202	+	SNRPA	SNRPA
chr15	101295248	-	SNRPA1	SNRPA1
chr20	2470789	-	SNRPB	SNRPB
chr20	16730025	+	SNRPB2	SNRPB2
chr6	34757093	+	SNRPC	SNRPC
chr18	21612313	+	SNRPD1	SNRPD1
chr19	45691953	-	SNRPD2	SNRPD2
chr1	231476525	-	SNRPD2P2	SNRPD2P2
chr22	24555649	+	SNRPD3	SNRPD3
chr1	203861598	+	SNRPE	SNRPE
chr12	95858951	+	SNRPF	SNRPF
chr2	70293224	-	SNRPG	SNRPG
chr15	24823636	+	SNRPN	SNRPN
chr20	33443763	-	SNTA1	SNTA1
chr8	120812046	-	SNTB1	SNTB1
chr16	69187146	+	SNTB2	SNTB2
chr8	49909795	+	SNTG1	SNTG1
chr2	950848	+	SNTG2	SNTG2
chr2	951392	-	SNTG2-AS1	SNTG2-AS1
chr3	63652674	+	SNTN	SNTN
chr22	41688867	-	SNU13	SNU13
chr15	75625725	-	SNUPN	SNUPN
chr15	24954892	+	SNURF	SNURF
chr14	77761156	-	SNW1	SNW1
chr15	64095981	+	SNX1	SNX1
chr7	26291861	+	SNX10	SNX10
chr17	48107532	+	SNX11	SNX11
chrX	71068334	-	SNX12	SNX12
chr7	17940494	-	SNX13	SNX13
chr6	85593858	-	SNX14	SNX14
chr11	65027438	+	SNX15	SNX15
chr8	81842185	-	SNX16	SNX16
chr2	27370495	+	SNX17	SNX17
chr5	54517758	+	SNX18	SNX18
chr11	130916479	-	SNX19	SNX19
chr5	122774995	+	SNX2	SNX2
chr16	50681312	-	SNX20	SNX20
chr20	45833798	+	SNX21	SNX21
chr15	64151730	+	SNX22	SNX22
chr5	122845448	+	SNX24	SNX24
chr4	185204236	+	SNX25	SNX25
chr1	151612049	+	SNX27	SNX27
chr16	11976733	+	SNX29	SNX29
chr16	21349362	+	SNX29P1	SNX29P1
chr16	29302286	+	SNX29P2	SNX29P2
chr6	108261040	-	SNX3	SNX3
chr9	112750759	+	SNX30	SNX30
chr8	100618405	-	SNX31	SNX31
chr11	65833962	+	SNX32	SNX32
chr15	75647911	+	SNX33	SNX33
chr3	125520202	-	SNX4	SNX4
chr20	17968794	-	SNX5	SNX5
chr14	34630148	-	SNX6	SNX6
chr1	98661720	+	SNX7	SNX7
chr7	2314441	-	SNX8	SNX8
chr6	157823245	+	SNX9	SNX9
chr1	179293713	+	SOAT1	SOAT1
chr12	53103485	+	SOAT2	SOAT2
chr6	107490116	+	SOBP	SOBP
chr16	11256182	-	SOCS1	SOCS1
chr12	93569968	+	SOCS2	SOCS2
chr12	93571398	-	SOCS2-AS1	SOCS2-AS1
chr17	78359667	-	SOCS3	SOCS3
chr14	55027235	+	SOCS4	SOCS4
chr2	46698959	+	SOCS5	SOCS5
chr18	70289044	+	SOCS6	SOCS6
chr17	38351843	+	SOCS7	SOCS7
chr21	31659692	+	SOD1	SOD1
chr6	159693241	-	SOD2	SOD2
chr6	159762332	-	SOD2-OT1	SOD2-OT1
chr4	24795572	+	SOD3	SOD3
chr20	36859873	-	SOGA1	SOGA1
chr6	127519024	-	SOGA3	SOGA3
chr9	135699481	-	SOHLH1	SOHLH1
chr13	36214556	-	SOHLH2	SOHLH2
chr21	33543037	+	SON	SON
chr10	95441180	-	SORBS1	SORBS1
chr4	185656746	-	SORBS2	SORBS2
chr8	22551926	+	SORBS3	SORBS3
chr10	107164706	-	SORCS1	SORCS1
chr4	7192537	+	SORCS2	SORCS2
chr10	104641289	+	SORCS3	SORCS3
chr10	104666216	-	SORCS3-AS1	SORCS3-AS1
chr15	45023194	+	SORD	SORD
chr15	44882619	-	SORD2P	SORD2P
chr11	121452313	+	SORL1	SORL1
chr1	109393357	-	SORT1	SORT1
chr2	39121051	-	SOS1	SOS1
chr14	50231578	-	SOS2	SOS2
chr17	43758791	-	SOST	SOST
chr7	16465738	-	SOSTDC1	SOSTDC1
chr5	132813301	+	SOWAHA	SOWAHA
chr4	76898144	-	SOWAHB	SOWAHB
chr2	109614363	+	SOWAHC	SOWAHC
chrX	119758587	+	SOWAHD	SOWAHD
chr13	112067148	+	SOX1	SOX1
chr13	111972309	+	SOX1-OT	SOX1-OT
chr22	37984555	-	SOX10	SOX10
chr2	5692383	+	SOX11	SOX11
chr20	325570	+	SOX12	SOX12
chr1	204073114	+	SOX13	SOX13
chr3	137764314	+	SOX14	SOX14
chr17	7590094	-	SOX15	SOX15
chr8	54457934	+	SOX17	SOX17
chr20	64049639	-	SOX18	SOX18
chr3	181711924	+	SOX2	SOX2
chr3	181056679	+	SOX2-OT	SOX2-OT
chr13	94712545	-	SOX21	SOX21
chr13	94712715	+	SOX21-AS1	SOX21-AS1
chrX	140505069	-	SOX3	SOX3
chr5	157652420	-	SOX30	SOX30
chr6	21593750	+	SOX4	SOX4
chr12	23584586	-	SOX5	SOX5
chr12	24223270	+	SOX5-AS1	SOX5-AS1
chr11	16356546	-	SOX6	SOX6
chr8	10730511	-	SOX7	SOX7
chr16	981769	+	SOX8	SOX8
chr17	72121019	+	SOX9	SOX9
chr17	72116016	-	SOX9-AS1	SOX9-AS1
chr12	53380175	+	SP1	SP1
chr2	230416155	+	SP100	SP100
chr2	230219984	-	SP110	SP110
chr2	230225729	+	SP140	SP140
chr2	230327170	+	SP140L	SP140L
chr17	47896235	+	SP2	SP2
chr17	47941404	-	SP2-AS1	SP2-AS1
chr2	173963880	-	SP3	SP3
chr7	21428082	+	SP4	SP4
chr2	170715336	+	SP5	SP5
chr17	47851163	-	SP6	SP6
chr12	53335776	-	SP7	SP7
chr7	20786886	-	SP8	SP8
chr2	174334953	+	SP9	SP9
chr11	124673903	+	SPA17	SPA17
chr9	35909489	+	SPAAR	SPAAR
chr6	88047840	+	SPACA1	SPACA1
chr17	32991846	+	SPACA3	SPACA3
chr19	48606741	+	SPACA4	SPACA4
chrX	48004335	+	SPACA5	SPACA5
chrX	48007740	+	SPACA5B	SPACA5B
chr19	51689381	+	SPACA6	SPACA6
chr19	51693456	-	SPACA6P-AS	SPACA6P-AS
chr13	112376354	+	SPACA7	SPACA7
chr9	132878343	+	SPACA9	SPACA9
chr8	100158037	+	SPAG1	SPAG1
chr8	7463542	-	SPAG11A	SPAG11A
chr8	7452365	-	SPAG11B	SPAG11B
chr2	213284378	+	SPAG16	SPAG16
chr2	213284209	-	SPAG16-DT	SPAG16-DT
chr1	118185228	-	SPAG17	SPAG17
chr20	35615828	+	SPAG4	SPAG4
chr17	28599025	-	SPAG5	SPAG5
chr17	28599132	+	SPAG5-AS1	SPAG5-AS1
chr10	22345444	+	SPAG6	SPAG6
chr17	4967817	-	SPAG7	SPAG7
chr9	35812262	-	SPAG8	SPAG8
chr17	51046878	-	SPAG9	SPAG9
chr7	123925240	+	SPAM1	SPAM1
chrX	141584738	-	SPANXA1	SPANXA1
chrX	141584738	-	SPANXA2	SPANXA2
chrX	141502848	+	SPANXA2-OT1	SPANXA2-OT1
chrX	141002593	+	SPANXB1	SPANXB1
chrX	141242517	-	SPANXC	SPANXC
chrX	141698739	-	SPANXD	SPANXD
chrX	145247502	+	SPANXN1	SPANXN1
chrX	143720668	-	SPANXN2	SPANXN2
chrX	143517475	-	SPANXN3	SPANXN3
chrX	143025927	+	SPANXN4	SPANXN4
chrX	52797427	-	SPANXN5	SPANXN5
chr5	151686915	-	SPARC	SPARC
chr4	87529503	-	SPARCL1	SPARCL1
chr13	36346394	-	SPART	SPART
chr13	36346430	+	SPART-AS1	SPART-AS1
chr2	32063555	+	SPAST	SPAST
chr1	84506385	+	SPATA1	SPATA1
chr3	57060663	+	SPATA12	SPATA12
chr13	23979801	+	SPATA13	SPATA13
chr13	24254439	-	SPATA13-AS1	SPATA13-AS1
chr3	173141235	-	SPATA16	SPATA16
chr1	217631343	+	SPATA17	SPATA17
chr1	217785120	-	SPATA17-AS1	SPATA17-AS1
chr4	52051303	+	SPATA18	SPATA18
chr11	133845513	-	SPATA19	SPATA19
chr20	49913739	-	SPATA2	SPATA2
chr17	50547088	+	SPATA20	SPATA20
chr1	16437424	-	SPATA21	SPATA21
chr17	3471747	-	SPATA22	SPATA22
chr5	139404089	-	SPATA24	SPATA24
chr20	45887622	-	SPATA25	SPATA25
chr16	89701705	-	SPATA2L	SPATA2L
chr2	230996123	+	SPATA3	SPATA3
chr2	230996032	-	SPATA3-AS1	SPATA3-AS1
chr9	39355668	+	SPATA31A1	SPATA31A1
chr9	66992550	-	SPATA31A3	SPATA31A3
chr9	60914406	+	SPATA31A5	SPATA31A5
chr9	42183658	+	SPATA31A6	SPATA31A6
chr9	60914406	+	SPATA31A7	SPATA31A7
chr9	87917961	+	SPATA31C1	SPATA31C1
chr9	88134985	-	SPATA31C2	SPATA31C2
chr9	81988771	+	SPATA31D1	SPATA31D1
chr9	81943499	+	SPATA31D3	SPATA31D3
chr9	81928427	+	SPATA31D4	SPATA31D4
chr9	81913436	+	SPATA31D5P	SPATA31D5P
chr9	87882876	+	SPATA31E1	SPATA31E1
chr17	45262094	-	SPATA32	SPATA32
chr16	89657743	+	SPATA33	SPATA33
chr4	176195585	-	SPATA4	SPATA4
chr15	100350233	-	SPATA41	SPATA41
chr1	108857216	+	SPATA42	SPATA42
chr1	212847649	-	SPATA45	SPATA45
chr1	162376854	-	SPATA46	SPATA46
chr7	50095882	+	SPATA48	SPATA48
chr4	122923077	+	SPATA5	SPATA5
chr15	45402320	+	SPATA5L1	SPATA5L1
chr1	48472204	-	SPATA6	SPATA6
chr9	4662223	-	SPATA6L	SPATA6L
chr14	88385643	+	SPATA7	SPATA7
chr15	96783434	+	SPATA8	SPATA8
chr15	96781654	-	SPATA8-AS1	SPATA8-AS1
chr5	95682991	-	SPATA9	SPATA9
chr8	144012279	+	SPATC1	SPATC1
chr21	46184459	-	SPATC1L	SPATC1L
chr6	44342649	+	SPATS1	SPATS1
chr12	49367461	+	SPATS2	SPATS2
chr2	200305878	+	SPATS2L	SPATS2L
chr19	11155782	-	SPC24	SPC24
chr2	168890430	-	SPC25	SPC25
chr3	52706105	+	SPCS1	SPCS1
chr11	74949265	+	SPCS2	SPCS2
chr4	176319965	+	SPCS3	SPCS3
chr6	34556329	-	SPDEF	SPDEF
chr5	169583772	+	SPDL1	SPDL1
chr2	28810833	+	SPDYA	SPDYA
chr11	65170153	+	SPDYC	SPDYC
chr7	43997867	+	SPDYE1	SPDYE1
chr7	73155449	-	SPDYE10P	SPDYE10P
chr7	73029766	-	SPDYE11	SPDYE11
chr7	74915078	-	SPDYE12P	SPDYE12P
chr7	73028419	-	SPDYE13	SPDYE13
chr7	73155444	-	SPDYE14	SPDYE14
chr7	73029766	-	SPDYE15	SPDYE15
chr7	76540386	-	SPDYE16	SPDYE16
chr7	77032361	-	SPDYE17	SPDYE17
chr7	77060881	-	SPDYE18	SPDYE18
chr7	102551231	+	SPDYE2	SPDYE2
chr7	67278291	+	SPDYE21	SPDYE21
chr7	102551231	+	SPDYE2B	SPDYE2B
chr7	100307701	+	SPDYE3	SPDYE3
chr17	8758546	-	SPDYE4	SPDYE4
chr7	75493626	+	SPDYE5	SPDYE5
chr7	102356444	-	SPDYE6	SPDYE6
chr7	72871506	-	SPDYE7P	SPDYE7P
chr7	73029762	-	SPDYE8	SPDYE8
chr7	73029766	-	SPDYE9	SPDYE9
chr17	20009358	+	SPECC1	SPECC1
chr22	24270830	+	SPECC1L	SPECC1L
chr22	24270816	+	SPECC1L-ADORA2A	SPECC1L-ADORA2A
chr20	3781448	-	SPEF1	SPEF1
chr5	35617862	+	SPEF2	SPEF2
chr2	219434842	+	SPEG	SPEG
chr2	219496354	+	SPEGNB	SPEGNB
chr17	7420323	+	SPEM1	SPEM1
chr17	7425615	+	SPEM2	SPEM2
chr17	7428856	+	SPEM3	SPEM3
chr1	15847706	+	SPEN	SPEN
chr15	68930524	+	SPESP1	SPESP1
chr15	44663662	-	SPG11	SPG11
chr15	64989470	-	SPG21	SPG21
chr16	89508387	+	SPG7	SPG7
chr17	76383203	+	SPHK1	SPHK1
chr19	48619290	+	SPHK2	SPHK2
chr2	228181645	-	SPHKAP	SPHKAP
chr11	47378547	-	SPI1	SPI1
chr19	50418937	+	SPIB	SPIB
chr12	101475335	+	SPIC	SPIC
chr3	113514844	-	SPICE1	SPICE1
chr8	47260877	+	SPIDR	SPIDR
chr9	88388443	+	SPIN1	SPIN1
chrX	57137625	-	SPIN2A	SPIN2A
chrX	57121546	-	SPIN2B	SPIN2B
chrX	56995541	-	SPIN3	SPIN3
chrX	63351332	-	SPIN4	SPIN4
chr11	63813455	+	SPINDOC	SPINDOC
chr5	147831671	-	SPINK1	SPINK1
chr5	148268793	+	SPINK13	SPINK13
chr5	148168545	+	SPINK14	SPINK14
chr4	56821473	-	SPINK2	SPINK2
chr9	33240166	+	SPINK4	SPINK4
chr5	148063979	+	SPINK5	SPINK5
chr5	148202793	+	SPINK6	SPINK6
chr5	148312422	+	SPINK7	SPINK7
chr3	48328341	-	SPINK8	SPINK8
chr5	148335558	+	SPINK9	SPINK9
chr15	40844047	+	SPINT1	SPINT1
chr15	40844524	-	SPINT1-AS1	SPINT1-AS1
chr19	38264572	+	SPINT2	SPINT2
chr20	45515622	-	SPINT3	SPINT3
chr20	45722346	+	SPINT4	SPINT4
chr18	12656732	-	SPIRE1	SPIRE1
chr16	89828474	+	SPIRE2	SPIRE2
chr16	29662949	+	SPN	SPN
chr16	28974777	+	SPNS1	SPNS1
chr17	4498880	+	SPNS2	SPNS2
chr17	4433939	+	SPNS3	SPNS3
chr20	57329802	+	SPO11	SPO11
chr1	31816051	-	SPOCD1	SPOCD1
chr5	137499326	-	SPOCK1	SPOCK1
chr10	72088551	-	SPOCK2	SPOCK2
chr4	167234426	-	SPOCK3	SPOCK3
chr11	13962722	+	SPON1	SPON1
chr4	1172583	-	SPON2	SPON2
chr17	49626589	-	SPOP	SPOP
chr2	138501769	+	SPOPL	SPOPL
chr9	128829794	-	SPOUT1	SPOUT1
chr4	87975649	+	SPP1	SPP1
chr2	234050701	+	SPP2	SPP2
chr15	50765706	-	SPPL2A	SPPL2A
chr19	2328683	+	SPPL2B	SPPL2B
chr17	45844880	+	SPPL2C	SPPL2C
chr12	120904358	-	SPPL3	SPPL3
chr2	72887407	+	SPR	SPR
chr15	38252835	+	SPRED1	SPRED1
chr2	65366778	-	SPRED2	SPRED2
chr19	38390199	+	SPRED3	SPRED3
chr12	116738069	-	SPRING1	SPRING1
chr10	133424617	-	SPRN	SPRN
chr10	133569958	-	SPRNP1	SPRNP1
chr1	152984080	+	SPRR1A	SPRR1A
chr1	153031202	+	SPRR1B	SPRR1B
chr1	153057512	-	SPRR2A	SPRR2A
chr1	153071611	-	SPRR2B	SPRR2B
chr1	153141493	-	SPRR2C	SPRR2C
chr1	153041120	-	SPRR2D	SPRR2D
chr1	153094526	-	SPRR2E	SPRR2E
chr1	153113516	-	SPRR2F	SPRR2F
chr1	153150890	-	SPRR2G	SPRR2G
chr1	153001746	+	SPRR3	SPRR3
chr1	152970647	+	SPRR4	SPRR4
chr1	231338292	+	SPRTN	SPRTN
chr4	123396794	+	SPRY1	SPRY1
chr13	80339659	-	SPRY2	SPRY2
chrY	56954254	+	SPRY3	SPRY3
chr5	142324247	-	SPRY4	SPRY4
chr5	142325292	+	SPRY4-AS1	SPRY4-AS1
chr5	142318322	-	SPRY4-IT1	SPRY4-IT1
chr12	53079390	-	SPRYD3	SPRYD3
chr12	56468577	+	SPRYD4	SPRYD4
chr13	49936340	-	SPRYD7	SPRYD7
chr1	9292893	+	SPSB1	SPSB1
chr12	6873303	-	SPSB2	SPSB2
chr16	1781822	-	SPSB3	SPSB3
chr3	141051346	+	SPSB4	SPSB4
chr1	158686715	-	SPTA1	SPTA1
chr9	128552586	+	SPTAN1	SPTAN1
chr14	64823380	-	SPTB	SPTB
chr2	54456326	+	SPTBN1	SPTBN1
chr11	66729216	-	SPTBN2	SPTBN2
chr19	40467000	+	SPTBN4	SPTBN4
chr15	41894053	-	SPTBN5	SPTBN5
chr9	92115413	-	SPTLC1	SPTLC1
chr14	77616637	-	SPTLC2	SPTLC2
chr20	13008971	+	SPTLC3	SPTLC3
chr14	34462240	-	SPTSSA	SPTSSA
chr3	161372083	-	SPTSSB	SPTSSB
chr11	18634342	-	SPTY2D1	SPTY2D1
chr11	18599788	+	SPTY2D1OS	SPTY2D1OS
chr12	21526295	+	SPX	SPX
chr5	80320001	+	SPZ1	SPZ1
chr8	124998504	+	SQLE	SQLE
chr15	45631147	+	SQOR	SQOR
chr5	179806392	+	SQSTM1	SQSTM1
chr5	140557456	-	SRA1	SRA1
chr1	16004235	+	SRARP	SRARP
chr2	45611267	-	SRBD1	SRBD1
chr20	37344684	+	SRC	SRC
chr16	30699170	+	SRCAP	SRCAP
chr17	38605952	-	SRCIN1	SRCIN1
chr5	6633439	+	SRD5A1	SRD5A1
chrX	139446818	+	SRD5A1P1	SRD5A1P1
chr2	31580938	-	SRD5A2	SRD5A2
chr4	55346241	+	SRD5A3	SRD5A3
chr4	55385580	-	SRD5A3-AS1	SRD5A3-AS1
chr17	17823630	-	SREBF1	SREBF1
chr22	41833104	+	SREBF2	SREBF2
chr22	41834665	-	SREBF2-AS1	SREBF2-AS1
chr5	66144299	+	SREK1	SREK1
chr5	64768691	-	SREK1IP1	SREK1IP1
chr6	43171268	+	SRF	SRF
chr5	121961974	+	SRFBP1	SRFBP1
chr12	63844699	+	SRGAP1	SRGAP1
chr1	206203540	+	SRGAP2	SRGAP2
chr1	121397905	-	SRGAP2-AS1	SRGAP2-AS1
chr1	145095380	-	SRGAP2B	SRGAP2B
chr1	121184974	+	SRGAP2C	SRGAP2C
chr1	143972638	+	SRGAP2D	SRGAP2D
chr3	9249646	-	SRGAP3	SRGAP3
chr3	9192492	+	SRGAP3-AS2	SRGAP3-AS2
chr3	9216894	+	SRGAP3-AS3	SRGAP3-AS3
chr3	9249755	+	SRGAP3-AS4	SRGAP3-AS4
chr10	69087602	+	SRGN	SRGN
chr7	88220038	-	SRI	SRI
chr7	88216659	+	SRI-AS1	SRI-AS1
chr16	4242080	-	SRL	SRL
chr1	11060018	-	SRM	SRM
chr20	63547504	-	SRMS	SRMS
chr15	40039181	-	SRP14	SRP14
chr15	40039310	+	SRP14-AS1	SRP14-AS1
chr5	112861187	+	SRP19	SRP19
chr14	34982897	+	SRP54	SRP54
chr14	34982566	-	SRP54-AS1	SRP54-AS1
chr17	76053656	-	SRP68	SRP68
chr4	56467616	+	SRP72	SRP72
chr1	225777812	+	SRP9	SRP9
chr6	35921098	-	SRPK1	SRPK1
chr7	105269077	-	SRPK2	SRPK2
chrX	153781000	+	SRPK3	SRPK3
chr11	126268895	-	SRPRA	SRPRA
chr3	133784022	+	SRPRB	SRPRB
chrX	38220871	-	SRPX	SRPX
chrX	100644198	+	SRPX2	SRPX2
chr17	2303942	+	SRR	SRR
chr22	26483876	+	SRRD	SRRD
chr1	24643301	+	SRRM1	SRRM1
chr16	2752637	+	SRRM2	SRRM2
chr16	2744797	-	SRRM2-AS1	SRRM2-AS1
chr7	76201895	+	SRRM3	SRRM3
chr12	118981540	+	SRRM4	SRRM4
chr19	43612087	+	SRRM5	SRRM5
chr7	100875102	+	SRRT	SRRT
chr17	58007246	-	SRSF1	SRSF1
chr1	23980327	-	SRSF10	SRSF10
chr1	70205695	+	SRSF11	SRSF11
chr6	89118071	-	SRSF12	SRSF12
chr17	76737331	-	SRSF2	SRSF2
chr6	36594312	+	SRSF3	SRSF3
chr8	95948348	-	SRSF3P2	SRSF3P2
chr1	29181900	-	SRSF4	SRSF4
chr14	69767141	+	SRSF5	SRSF5
chr20	43457895	+	SRSF6	SRSF6
chr2	38751361	-	SRSF7	SRSF7
chr11	95066876	+	SRSF8	SRSF8
chr12	120469748	-	SRSF9	SRSF9
chr20	653200	-	SRXN1	SRXN1
chrY	2787682	-	SRY	SRY
chr18	26090613	-	SS18	SS18
chr20	62143768	+	SS18L1	SS18L1
chr3	42581839	+	SS18L2	SS18L2
chr2	169798870	+	SSB	SSB
chr7	141738320	+	SSBP1	SSBP1
chr5	81751253	-	SSBP2	SSBP2
chr1	54406394	-	SSBP3	SSBP3
chr1	54236442	+	SSBP3-AS1	SSBP3-AS1
chr19	18419397	+	SSBP4	SSBP4
chr7	76409697	-	SSC4D	SSC4D
chr19	55488435	+	SSC5D	SSC5D
chr12	108827551	-	SSH1	SSH1
chr17	29761432	-	SSH2	SSH2
chr11	67303529	+	SSH3	SSH3
chr7	130207859	+	SSMEM1	SSMEM1
chr9	137188675	+	SSNA1	SSNA1
chr12	26195335	+	SSPN	SSPN
chr7	149776041	+	SSPOP	SSPOP
chr6	7313199	-	SSR1	SSR1
chr1	156020951	-	SSR2	SSR2
chr3	156554125	-	SSR3	SSR3
chrX	153794158	+	SSR4	SSR4
chr21	45073211	-	SSR4P1	SSR4P1
chr11	57335892	-	SSRP1	SSRP1
chr3	187670394	-	SST	SST
chr14	38207903	+	SSTR1	SSTR1
chr17	73165009	+	SSTR2	SSTR2
chr22	37210689	-	SSTR3	SSTR3
chr20	23035311	+	SSTR4	SSTR4
chr16	1072755	+	SSTR5	SSTR5
chr16	1078731	-	SSTR5-AS1	SSTR5-AS1
chr1	1574863	-	SSU72	SSU72
chr3	8644798	-	SSUH2	SSUH2
chrX	48255391	+	SSX1	SSX1
chrX	52707227	-	SSX2	SSX2
chrX	52707178	-	SSX2B	SSX2B
chr1	84690461	-	SSX2IP	SSX2IP
chrX	48356703	-	SSX3	SSX3
chrX	48383526	+	SSX4	SSX4
chrX	48383515	+	SSX4B	SSX4B
chrX	48196763	-	SSX5	SSX5
chrX	48107981	+	SSX6P	SSX6P
chrX	52654900	-	SSX7	SSX7
chrX	52622934	+	SSX8P	SSX8P
chrX	48306179	-	SSX9P	SSX9P
chr22	40856639	-	ST13	ST13
chr13	50172017	+	ST13P4	ST13P4
chr11	130159781	+	ST14	ST14
chr8	52248644	-	ST18	ST18
chr15	79923752	-	ST20	ST20
chr15	79922770	+	ST20-AS1	ST20-AS1
chr15	79923106	-	ST20-MTHFS	ST20-MTHFS
chr8	133571887	-	ST3GAL1	ST3GAL1
chr16	70439100	-	ST3GAL2	ST3GAL2
chr1	43707496	+	ST3GAL3	ST3GAL3
chr1	43727343	-	ST3GAL3-AS1	ST3GAL3-AS1
chr11	126355685	+	ST3GAL4	ST3GAL4
chr2	85854171	-	ST3GAL5	ST3GAL5
chr2	85889279	+	ST3GAL5-AS1	ST3GAL5-AS1
chr3	98732235	+	ST3GAL6	ST3GAL6
chr3	98732651	-	ST3GAL6-AS1	ST3GAL6-AS1
chr3	186930525	+	ST6GAL1	ST6GAL1
chr2	106886028	-	ST6GAL2	ST6GAL2
chr17	76643757	-	ST6GALNAC1	ST6GALNAC1
chr17	76585860	-	ST6GALNAC2	ST6GALNAC2
chr1	76074745	+	ST6GALNAC3	ST6GALNAC3
chr9	127917026	-	ST6GALNAC4	ST6GALNAC4
chr1	76867479	+	ST6GALNAC5	ST6GALNAC5
chr9	127897408	-	ST6GALNAC6	ST6GALNAC6
chr7	116953500	+	ST7	ST7
chr7	116954334	-	ST7-AS1	ST7-AS1
chr7	117090781	-	ST7-AS2	ST7-AS2
chr7	117182680	+	ST7-OT3	ST7-OT3
chr7	116953847	+	ST7-OT4	ST7-OT4
chr1	112619141	-	ST7L	ST7L
chr12	22334714	-	ST8SIA1	ST8SIA1
chr15	92393880	+	ST8SIA2	ST8SIA2
chr18	57352556	+	ST8SIA3	ST8SIA3
chr5	100903282	-	ST8SIA4	ST8SIA4
chr18	46757053	-	ST8SIA5	ST8SIA5
chr10	17454595	-	ST8SIA6	ST8SIA6
chr10	17386935	+	ST8SIA6-AS1	ST8SIA6-AS1
chr3	52495337	+	STAB1	STAB1
chr12	103587272	+	STAB2	STAB2
chr3	36380486	+	STAC	STAC
chr17	39225945	-	STAC2	STAC2
chr12	57251187	-	STAC3	STAC3
chr3	136752378	-	STAG1	STAG1
chrX	123960559	+	STAG2	STAG2
chr7	100177723	+	STAG3	STAG3
chr7	75359199	+	STAG3L1	STAG3L1
chr7	74890612	-	STAG3L2	STAG3L2
chr7	73005943	-	STAG3L3	STAG3L3
chr7	67302637	+	STAG3L4	STAG3L4
chr7	100336078	+	STAG3L5P	STAG3L5P
chr7	100336064	+	STAG3L5P-PVRIG2P-PILRB	STAG3L5P-PVRIG2P-PILRB
chr10	17644150	+	STAM	STAM
chr10	17643918	-	STAM-AS1	STAM-AS1
chr2	152175763	-	STAM2	STAM2
chr2	73828910	+	STAMBP	STAMBP
chr10	88880244	+	STAMBPL1	STAMBPL1
chr4	67558726	+	STAP1	STAP1
chr19	4338827	-	STAP2	STAP2
chr8	38150952	-	STAR	STAR
chr11	72793705	-	STARD10	STARD10
chr13	33186091	-	STARD13	STARD13
chr13	33277553	+	STARD13-AS	STARD13-AS
chr17	39637079	+	STARD3	STARD3
chr7	38178244	+	STARD3NL	STARD3NL
chr5	111512535	-	STARD4	STARD4
chr5	111512225	+	STARD4-AS1	STARD4-AS1
chr15	81324141	-	STARD5	STARD5
chr18	54354573	-	STARD6	STARD6
chr2	96208827	-	STARD7	STARD7
chr2	96208415	+	STARD7-AS1	STARD7-AS1
chrX	68647668	+	STARD8	STARD8
chr15	42575605	+	STARD9	STARD9
chr2	191014171	-	STAT1	STAT1
chr12	56360107	-	STAT2	STAT2
chr17	42388442	-	STAT3	STAT3
chr2	191150994	-	STAT4	STAT4
chr17	42287546	+	STAT5A	STAT5A
chr17	42276391	-	STAT5B	STAT5B
chr12	57110289	-	STAT6	STAT6
chr4	69995965	+	STATH	STATH
chr20	49188334	-	STAU1	STAU1
chr8	73746840	-	STAU2	STAU2
chr8	73420073	+	STAU2-AS1	STAU2-AS1
chr4	76306025	+	STBD1	STBD1
chr8	23854806	-	STC1	STC1
chr5	173329503	-	STC2	STC2
chr7	90154468	+	STEAP1	STEAP1
chr7	22500188	-	STEAP1B	STEAP1B
chr7	90211739	+	STEAP2	STEAP2
chr7	90211635	-	STEAP2-AS1	STEAP2-AS1
chr2	119223833	+	STEAP3	STEAP3
chr2	119249071	-	STEAP3-AS1	STEAP3-AS1
chr7	88306894	-	STEAP4	STEAP4
chr17	45999249	+	STH	STH
chr1	47314147	-	STIL	STIL
chr11	3854603	+	STIM1	STIM1
chr4	26860840	+	STIM2	STIM2
chr4	26860244	-	STIM2-AS1	STIM2-AS1
chr3	52897548	-	STIMATE	STIMATE
chr3	52897548	-	STIMATE-MUSTN1	STIMATE-MUSTN1
chr5	139482758	-	STING1	STING1
chr11	64185271	+	STIP1	STIP1
chr5	172188224	-	STK10	STK10
chr19	1205777	+	STK11	STK11
chr2	219597856	+	STK11IP	STK11IP
chr2	219245478	+	STK16	STK16
chr7	43583107	+	STK17A	STK17A
chr2	196171578	-	STK17B	STK17B
chr6	31971174	+	STK19	STK19
chr13	98522125	-	STK24	STK24
chr13	98577254	+	STK24-AS1	STK24-AS1
chr2	241508345	-	STK25	STK25
chrX	132023301	+	STK26	STK26
chr8	98825671	-	STK3	STK3
chr7	23710218	+	STK31	STK31
chr5	147235025	+	STK32A	STK32A
chr5	147234859	-	STK32A-AS1	STK32A-AS1
chr4	5051479	+	STK32B	STK32B
chr10	132249108	-	STK32C	STK32C
chr11	8593976	-	STK33	STK33
chr20	2101826	+	STK35	STK35
chr2	218672085	+	STK36	STK36
chr6	36547479	-	STK38	STK38
chr12	27244285	+	STK38L	STK38L
chr2	168247595	-	STK39	STK39
chr20	44966511	+	STK4	STK4
chr20	44966458	-	STK4-AS1	STK4-AS1
chr1	36385924	-	STK40	STK40
chr9	133376365	+	STKLD1	STKLD1
chr1	25906153	-	STMN1	STMN1
chr8	79611116	+	STMN2	STMN2
chr20	63652766	-	STMN3	STMN3
chr8	27258404	-	STMN4	STMN4
chr6	17102049	+	STMND1	STMND1
chr7	135662513	+	STMP1	STMP1
chr10	103918184	-	STN1	STN1
chr9	121370250	-	STOM	STOM
chr15	73992295	-	STOML1	STOML1
chr9	35103131	-	STOML2	STOML2
chr13	38990831	-	STOML3	STOML3
chr2	48530153	+	STON1	STON1
chr2	48529924	+	STON1-GTF2A1L	STON1-GTF2A1L
chr14	81427775	-	STON2	STON2
chr10	68827530	+	STOX1	STOX1
chr4	183798021	+	STOX2	STOX2
chr1	24413772	-	STPG1	STPG1
chr4	98143476	-	STPG2	STPG2
chr4	97366925	+	STPG2-AS1	STPG2-AS1
chr9	137251260	+	STPG3	STPG3
chr9	137253497	-	STPG3-AS1	STPG3-AS1
chr2	47155308	-	STPG4	STPG4
chr15	74202787	-	STRA6	STRA6
chr7	135231978	+	STRA8	STRA8
chr17	63741799	-	STRADA	STRADA
chr2	201451739	+	STRADB	STRADB
chr12	15882386	+	STRAP	STRAP
chr9	123268586	-	STRBP	STRBP
chr15	43618800	-	STRC	STRC
chr15	43718260	-	STRCP1	STRCP1
chr1	110031576	+	STRIP1	STRIP1
chr7	129434431	+	STRIP2	STRIP2
chr3	155293683	-	STRIT1	STRIT1
chr2	36966536	-	STRN	STRN
chr14	31026379	-	STRN3	STRN3
chr19	46746450	-	STRN4	STRN4
chrX	7147289	+	STS	STS
chr11	125592851	+	STT3A	STT3A
chr11	125592568	-	STT3A-AS1	STT3A-AS1
chr3	31532924	+	STT3B	STT3B
chr16	680409	+	STUB1	STUB1
chr1	226548763	+	STUM	STUM
chr19	13150375	-	STX10	STX10
chr6	144150516	+	STX11	STX11
chr1	27773218	+	STX12	STX12
chr20	58651282	+	STX16	STX16
chr20	58651252	+	STX16-NPEPL1	STX16-NPEPL1
chr9	99906653	+	STX17	STX17
chr9	99906601	-	STX17-AS1	STX17-AS1
chr4	4461972	-	STX18	STX18
chr4	4542130	+	STX18-AS1	STX18-AS1
chr4	4481700	-	STX18-IT1	STX18-IT1
chr3	94028597	-	STX19	STX19
chr7	73719669	-	STX1A	STX1A
chr16	31010638	-	STX1B	STX1B
chr12	130839250	-	STX2	STX2
chr11	59755375	+	STX3	STX3
chr16	31033094	+	STX4	STX4
chr11	62832051	-	STX5	STX5
chr1	181022870	-	STX6	STX6
chr6	132512783	-	STX7	STX7
chr17	9575820	-	STX8	STX8
chr9	127611911	+	STXBP1	STXBP1
chr19	7637109	+	STXBP2	STXBP2
chr1	108746673	+	STXBP3	STXBP3
chr17	54968764	+	STXBP4	STXBP4
chr6	147204357	+	STXBP5	STXBP5
chr6	147204614	-	STXBP5-AS1	STXBP5-AS1
chr3	120908204	+	STXBP5L	STXBP5L
chr14	25049000	-	STXBP6	STXBP6
chr12	10674052	-	STYK1	STYK1
chr14	52730165	+	STYX	STYX
chr7	76030524	-	STYXL1	STYXL1
chr1	167094074	+	STYXL2	STYXL2
chr5	32585556	+	SUB1	SUB1
chr13	48001273	-	SUCLA2	SUCLA2
chr2	84459280	-	SUCLG1	SUCLG1
chr3	67654612	-	SUCLG2	SUCLG2
chr3	67654696	+	SUCLG2-AS1	SUCLG2-AS1
chr3	151873642	+	SUCNR1	SUCNR1
chr1	172532348	+	SUCO	SUCO
chr12	118376554	+	SUDS3	SUDS3
chr10	102503971	+	SUFU	SUFU
chr7	40135004	+	SUGCT	SUGCT
chr19	19320509	-	SUGP1	SUGP1
chr19	19033517	-	SUGP2	SUGP2
chr13	52652835	+	SUGT1	SUGT1
chr9	33511166	-	SUGT1P1	SUGT1P1
chr13	40921774	-	SUGT1P3	SUGT1P3
chr9	97238425	+	SUGT1P4-STRA6LP	SUGT1P4-STRA6LP
chr9	97238425	+	SUGT1P4-STRA6LP-CCDC180	SUGT1P4-STRA6LP-CCDC180
chr8	69466623	+	SULF1	SULF1
chr20	47786064	-	SULF2	SULF2
chr16	28609328	-	SULT1A1	SULT1A1
chr16	28596480	-	SULT1A2	SULT1A2
chr16	29459912	+	SULT1A3	SULT1A3
chr16	29459912	+	SULT1A4	SULT1A4
chr4	69760620	-	SULT1B1	SULT1B1
chr2	108288894	+	SULT1C2	SULT1C2
chr2	108322237	+	SULT1C2P1	SULT1C2P1
chr2	108239967	+	SULT1C3	SULT1C3
chr2	108377953	+	SULT1C4	SULT1C4
chr4	69860145	-	SULT1E1	SULT1E1
chr19	47886315	-	SULT2A1	SULT2A1
chr19	48552171	+	SULT2B1	SULT2B1
chr22	43862513	-	SULT4A1	SULT4A1
chr2	37188670	-	SULT6B1	SULT6B1
chr3	4467269	-	SUMF1	SUMF1
chr7	56064285	+	SUMF2	SUMF2
chr2	202238597	-	SUMO1	SUMO1
chr20	53875709	-	SUMO1P1	SUMO1P1
chr1	160317264	+	SUMO1P3	SUMO1P3
chr17	75182959	-	SUMO2	SUMO2
chr21	44818062	-	SUMO3	SUMO3
chr6	149400261	+	SUMO4	SUMO4
chr7	815556	+	SUN1	SUN1
chr22	38755466	-	SUN2	SUN2
chr7	48029107	-	SUN3	SUN3
chr20	33004433	-	SUN5	SUN5
chr12	55997275	+	SUOX	SUOX
chr14	21384019	-	SUPT16H	SUPT16H
chr13	37059487	-	SUPT20H	SUPT20H
chrX	24362682	+	SUPT20HL1	SUPT20HL1
chrX	24313393	-	SUPT20HL2	SUPT20HL2
chr6	45377518	-	SUPT3H	SUPT3H
chr17	58352201	-	SUPT4H1	SUPT4H1
chr19	39445545	+	SUPT5H	SUPT5H
chr17	28662204	+	SUPT6H	SUPT6H
chr2	27663614	-	SUPT7L	SUPT7L
chr10	69180233	+	SUPV3L1	SUPV3L1
chr9	133356485	-	SURF1	SURF1
chr9	133356549	+	SURF2	SURF2
chr9	133376060	-	SURF4	SURF4
chr9	133336188	-	SURF6	SURF6
chr9	112175297	-	SUSD1	SUSD1
chr22	24181486	+	SUSD2	SUSD2
chr9	93058687	+	SUSD3	SUSD3
chr1	223364176	-	SUSD4	SUSD4
chr3	33218810	-	SUSD5	SUSD5
chr14	69611595	+	SUSD6	SUSD6
chrX	48695553	+	SUV39H1	SUV39H1
chr10	14878782	+	SUV39H2	SUV39H2
chr17	31937006	+	SUZ12	SUZ12
chr17	30709607	+	SUZ12P1	SUZ12P1
chr1	149906991	-	SV2A	SV2A
chr15	91099587	+	SV2B	SV2B
chr5	76083382	+	SV2C	SV2C
chr1	42817397	-	SVBP	SVBP
chr9	110579741	-	SVEP1	SVEP1
chr10	29634971	-	SVIL	SVIL
chr10	29409533	+	SVIL-AS1	SVIL-AS1
chr10	30692273	+	SVIL2P	SVIL2P
chr11	22829379	-	SVIP	SVIP
chr12	109021068	-	SVOP	SVOP
chr7	138664224	-	SVOPL	SVOPL
chr11	9664076	+	SWAP70	SWAP70
chr9	128275355	+	SWI5	SWI5
chr19	11374665	+	SWSAP1	SWSAP1
chr1	185157059	+	SWT1	SWT1
chrX	16719611	+	SYAP1	SYAP1
chr8	109603459	-	SYBU	SYBU
chr10	133565583	-	SYCE1	SYCE1
chr16	77199407	+	SYCE1L	SYCE1L
chr19	12919293	-	SYCE2	SYCE2
chr22	50562919	-	SYCE3	SYCE3
chr19	39204263	-	SYCN	SYCN
chr1	114854802	+	SYCP1	SYCP1
chr20	59933637	-	SYCP2	SYCP2
chr6	10887051	+	SYCP2L	SYCP2L
chr12	101739462	-	SYCP3	SYCP3
chr19	15107400	+	SYDE1	SYDE1
chr1	85201016	-	SYDE2	SYDE2
chr1	25232502	-	SYF2	SYF2
chr9	90801599	+	SYK	SYK
chr19	45863147	-	SYMPK	SYMPK
chrX	47619857	-	SYN1	SYN1
chr3	12004359	+	SYN2	SYN2
chr22	33006821	-	SYN3	SYN3
chr1	32702770	-	SYNC	SYNC
chr6	85641451	-	SYNCRIP	SYNCRIP
chr20	24469198	+	SYNDIG1	SYNDIG1
chr14	74426210	-	SYNDIG1L	SYNDIG1L
chr6	152168287	-	SYNE1	SYNE1
chr6	152380529	+	SYNE1-AS1	SYNE1-AS1
chr14	63853003	+	SYNE2	SYNE2
chr14	95500540	-	SYNE3	SYNE3
chr19	36008813	-	SYNE4	SYNE4
chr6	33420064	+	SYNGAP1	SYNGAP1
chr22	39349948	+	SYNGR1	SYNGR1
chr17	78168544	+	SYNGR2	SYNGR2
chr16	1989969	+	SYNGR3	SYNGR3
chr19	48364366	+	SYNGR4	SYNGR4
chr21	32727921	-	SYNJ1	SYNJ1
chr6	157981862	+	SYNJ2	SYNJ2
chr6	158001106	+	SYNJ2-IT1	SYNJ2-IT1
chr14	70417090	-	SYNJ2BP	SYNJ2BP
chr14	70417090	-	SYNJ2BP-COX16	SYNJ2BP-COX16
chr15	99105079	+	SYNM	SYNM
chr5	150601075	+	SYNPO	SYNPO
chr4	118850680	+	SYNPO2	SYNPO2
chr10	73651040	-	SYNPO2L	SYNPO2L
chr3	63278307	+	SYNPR	SYNPR
chr3	63550051	-	SYNPR-AS1	SYNPR-AS1
chr17	37609418	-	SYNRG	SYNRG
chrX	49200193	-	SYP	SYP
chrX	49198838	+	SYP-AS1	SYP-AS1
chr7	106112312	-	SYPL1	SYPL1
chr1	109466545	+	SYPL2	SYPL2
chr20	45361948	+	SYS1	SYS1
chr20	45363168	+	SYS1-DBNDD2	SYS1-DBNDD2
chr12	78863981	+	SYT1	SYT1
chr12	33439819	-	SYT10	SYT10
chr1	155859566	+	SYT11	SYT11
chr11	67022792	+	SYT12	SYT12
chr11	45286341	-	SYT13	SYT13
chr1	209938173	+	SYT14	SYT14
chr4	68063297	-	SYT14P1	SYT14P1
chr10	46579127	+	SYT15	SYT15
chr14	61812161	+	SYT16	SYT16
chr16	19167833	+	SYT17	SYT17
chr1	202643453	-	SYT2	SYT2
chr19	50638045	-	SYT3	SYT3
chr18	43277490	-	SYT4	SYT4
chr19	55179348	-	SYT5	SYT5
chr1	114152440	-	SYT6	SYT6
chr11	61542876	-	SYT7	SYT7
chr11	1834426	+	SYT8	SYT8
chr11	7251903	+	SYT9	SYT9
chr1	27342021	+	SYTL1	SYTL1
chr11	85719094	-	SYTL2	SYTL2
chr6	158650013	+	SYTL3	SYTL3
chrX	100731534	-	SYTL4	SYTL4
chrX	38006552	+	SYTL5	SYTL5
chr11	65134519	-	SYVN1	SYVN1
chr1	16367241	+	SZRD1	SZRD1
chr1	43389898	+	SZT2	SZT2
chr1	43448644	-	SZT2-AS1	SZT2-AS1
chr6	132659182	-	TAAR1	TAAR1
chr6	132618093	-	TAAR2	TAAR2
chr6	132609302	-	TAAR3P	TAAR3P
chr6	132589738	-	TAAR5	TAAR5
chr6	132570321	+	TAAR6	TAAR6
chr6	132552683	+	TAAR8	TAAR8
chr6	132538287	+	TAAR9	TAAR9
chr22	39399779	+	TAB1	TAB1
chr6	149217923	+	TAB2	TAB2
chr6	149257551	-	TAB2-AS1	TAB2-AS1
chrX	30889254	-	TAB3	TAB3
chrX	30834622	+	TAB3-AS1	TAB3-AS1
chr7	97732085	+	TAC1	TAC1
chr12	57016529	-	TAC3	TAC3
chr17	49848017	-	TAC4	TAC4
chr8	38728581	+	TACC1	TACC1
chr10	121989162	+	TACC2	TACC2
chr4	1721520	+	TACC3	TACC3
chr17	63600894	+	TACO1	TACO1
chr2	75199520	-	TACR1	TACR1
chr10	69416918	-	TACR2	TACR2
chr4	103719985	-	TACR3	TACR3
chr1	58577252	-	TACSTD2	TACSTD2
chr1	166876264	-	TADA1	TADA1
chr17	37406885	+	TADA2A	TADA2A
chr4	7043371	+	TADA2B	TADA2B
chr3	9793011	-	TADA3	TADA3
chrX	71366356	+	TAF1	TAF1
chr11	6612216	-	TAF10	TAF10
chr6	34888042	-	TAF11	TAF11
chr1	28643067	-	TAF12	TAF12
chr1	109076003	-	TAF13	TAF13
chr17	35809483	+	TAF15	TAF15
chr1	222589933	-	TAF1A	TAF1A
chr1	222589919	+	TAF1A-AS1	TAF1A-AS1
chr2	9843441	+	TAF1B	TAF1B
chr16	84187057	-	TAF1C	TAF1C
chr11	93741495	-	TAF1D	TAF1D
chr9	32635669	-	TAF1L	TAF1L
chr8	119832841	-	TAF2	TAF2
chr10	7818504	+	TAF3	TAF3
chr20	62065810	-	TAF4	TAF4
chr18	26226444	+	TAF4B	TAF4B
chr10	103367975	+	TAF5	TAF5
chr1	229626047	-	TAF5L	TAF5L
chr7	100119357	-	TAF6	TAF6
chr11	62771395	+	TAF6L	TAF6L
chr5	141320784	-	TAF7	TAF7
chrX	101291334	-	TAF7L	TAF7L
chr6	42050523	+	TAF8	TAF8
chr5	69369520	-	TAF9	TAF9
chrX	78139650	-	TAF9B	TAF9B
chr3	67991591	+	TAFA1	TAFA1
chr12	62192839	-	TAFA2	TAFA2
chr1	112718904	+	TAFA3	TAFA3
chr3	68932547	-	TAFA4	TAFA4
chr22	48489552	+	TAFA5	TAFA5
chr6	159042353	-	TAGAP	TAGAP
chr11	117199293	+	TAGLN	TAGLN
chr1	159923734	-	TAGLN2	TAGLN2
chr3	111998738	+	TAGLN3	TAGLN3
chr1	47231715	-	TAL1	TAL1
chr9	105662456	+	TAL2	TAL2
chr11	65507432	-	TALAM1	TALAM1
chr11	747463	+	TALDO1	TALDO1
chr12	52006945	+	TAMALIN	TAMALIN
chr12	52007655	-	TAMALIN-AS1	TAMALIN-AS1
chr3	11846885	-	TAMM41	TAMM41
chr2	158968633	+	TANC1	TANC1
chr17	62966234	+	TANC2	TANC2
chr22	20016999	+	TANGO2	TANGO2
chr16	68843530	+	TANGO6	TANGO6
chr2	161136954	+	TANK	TANK
chr17	29390362	+	TAOK1	TAOK1
chr16	29973867	+	TAOK2	TAOK2
chr12	118190535	-	TAOK3	TAOK3
chr6	32852761	-	TAP1	TAP1
chr6	32838739	-	TAP2	TAP2
chr6	33314078	-	TAPBP	TAPBP
chr12	6451673	+	TAPBPL	TAPBPL
chr4	16226471	-	TAPT1	TAPT1
chr4	16226662	+	TAPT1-AS1	TAPT1-AS1
chr1	234479179	-	TARBP1	TARBP1
chr12	53500920	+	TARBP2	TARBP2
chr1	11012653	+	TARDBP	TARDBP
chr2	238231685	+	TARDBPP3	TARDBPP3
chr6	133889006	-	TARID	TARID
chr19	54076545	-	TARM1	TARM1
chr7	38273647	-	TARP	TARP
chr5	33440695	+	TARS1	TARS1
chr1	150487418	+	TARS2	TARS2
chr15	101724473	-	TARS3	TARS3
chr1	6555306	+	TAS1R1	TAS1R1
chr1	18859660	-	TAS1R2	TAS1R2
chr1	1331279	+	TAS1R3	TAS1R3
chr5	9630351	-	TAS2R1	TAS2R1
chr12	10826269	-	TAS2R10	TAS2R10
chr12	10909562	-	TAS2R13	TAS2R13
chr12	10939207	-	TAS2R14	TAS2R14
chr7	122995700	-	TAS2R16	TAS2R16
chr12	11022620	-	TAS2R19	TAS2R19
chr12	10998304	-	TAS2R20	TAS2R20
chr7	141764096	+	TAS2R3	TAS2R3
chr12	11134244	-	TAS2R30	TAS2R30
chr12	11031407	-	TAS2R31	TAS2R31
chr7	141973773	-	TAS2R38	TAS2R38
chr7	143183418	+	TAS2R39	TAS2R39
chr7	141776673	+	TAS2R4	TAS2R4
chr7	143222036	+	TAS2R40	TAS2R40
chr7	143477872	+	TAS2R41	TAS2R41
chr12	11186937	-	TAS2R42	TAS2R42
chr12	11092313	-	TAS2R43	TAS2R43
chr12	11062294	-	TAS2R46	TAS2R46
chr7	141790216	+	TAS2R5	TAS2R5
chr12	10986912	-	TAS2R50	TAS2R50
chr7	143443452	+	TAS2R60	TAS2R60
chr12	10802627	-	TAS2R7	TAS2R7
chr12	10807286	-	TAS2R8	TAS2R8
chr12	10810168	-	TAS2R9	TAS2R9
chrX	30577766	-	TASL	TASL
chr3	56664046	-	TASOR	TASOR
chr10	5684837	+	TASOR2	TASOR2
chr20	13638932	-	TASP1	TASP1
chr16	71577092	-	TAT	TAT
chr16	71565015	+	TAT-AS1	TAT-AS1
chr8	124539085	-	TATDN1	TATDN1
chr3	10248458	+	TATDN2	TATDN2
chr1	212791827	+	TATDN3	TATDN3
chr7	27739372	+	TAX1BP1	TAX1BP1
chr17	3668578	-	TAX1BP3	TAX1BP3
chrX	154411538	+	TAZ	TAZ
chr10	70782366	-	TBATA	TBATA
chr4	37891083	+	TBC1D1	TBC1D1
chr22	30326941	-	TBC1D10A	TBC1D10A
chr16	30370494	-	TBC1D10B	TBC1D10B
chr11	67403912	+	TBC1D10C	TBC1D10C
chr10	94402540	+	TBC1D12	TBC1D12
chr9	128787206	+	TBC1D13	TBC1D13
chr4	6909443	+	TBC1D14	TBC1D14
chr12	71839758	+	TBC1D15	TBC1D15
chr17	79950853	-	TBC1D16	TBC1D16
chr19	49877701	+	TBC1D17	TBC1D17
chr4	26583923	+	TBC1D19	TBC1D19
chr9	98213551	-	TBC1D2	TBC1D2
chr20	462533	-	TBC1D20	TBC1D20
chr15	73873563	+	TBC1D21	TBC1D21
chr22	46762616	+	TBC1D22A	TBC1D22A
chr22	46916042	-	TBC1D22A-AS1	TBC1D22A-AS1
chr6	37257771	+	TBC1D22B	TBC1D22B
chr3	100260991	+	TBC1D23	TBC1D23
chr16	2475126	+	TBC1D24	TBC1D24
chrX	48539618	+	TBC1D25	TBC1D25
chr17	15732276	+	TBC1D26	TBC1D26
chr17	16933176	-	TBC1D27P	TBC1D27P
chr17	18644427	-	TBC1D28	TBC1D28
chr15	78077652	-	TBC1D2B	TBC1D2B
chr17	37924459	+	TBC1D3	TBC1D3
chr12	64759496	+	TBC1D30	TBC1D30
chr8	123072706	+	TBC1D31	TBC1D31
chr6	121334480	-	TBC1D32	TBC1D32
chr17	36176624	-	TBC1D3B	TBC1D3B
chr17	38003992	+	TBC1D3C	TBC1D3C
chr17	36176578	-	TBC1D3D	TBC1D3D
chr17	38127969	+	TBC1D3E	TBC1D3E
chr17	36439521	-	TBC1D3F	TBC1D3F
chr17	36176578	-	TBC1D3G	TBC1D3G
chr17	36176592	-	TBC1D3H	TBC1D3H
chr17	36176578	-	TBC1D3I	TBC1D3I
chr17	36457534	-	TBC1D3J	TBC1D3J
chr17	36439509	-	TBC1D3K	TBC1D3K
chr17	36176590	-	TBC1D3L	TBC1D3L
chr17	60019052	-	TBC1D3P1-DHX40P1	TBC1D3P1-DHX40P1
chr17	62275655	-	TBC1D3P2	TBC1D3P2
chr17	27418004	+	TBC1D3P5	TBC1D3P5
chr13	75482168	-	TBC1D4	TBC1D4
chr3	17700020	-	TBC1D5	TBC1D5
chr6	13328537	-	TBC1D7	TBC1D7
chr6	13328537	-	TBC1D7-LOC100130357	TBC1D7-LOC100130357
chr2	101151382	-	TBC1D8	TBC1D8
chr2	101151659	+	TBC1D8-AS1	TBC1D8-AS1
chrX	106802672	+	TBC1D8B	TBC1D8B
chr4	140756385	-	TBC1D9	TBC1D9
chr5	179907897	-	TBC1D9B	TBC1D9B
chr5	77776339	-	TBCA	TBCA
chr19	36114985	+	TBCB	TBCB
chr6	42746103	-	TBCC	TBCC
chr3	186567339	-	TBCCD1	TBCCD1
chr17	82752064	+	TBCD	TBCD
chr1	235367359	+	TBCE	TBCE
chr11	121024101	+	TBCEL	TBCEL
chr11	121024101	+	TBCEL-TECTA	TBCEL-TECTA
chr4	106316209	-	TBCK	TBCK
chr3	112133422	+	TBILA	TBILA
chr12	64452119	+	TBK1	TBK1
chr17	47695263	+	TBKBP1	TBKBP1
chrX	9463294	+	TBL1X	TBL1X
chr3	177196478	-	TBL1XR1	TBL1XR1
chrY	6910685	+	TBL1Y	TBL1Y
chr7	73578387	-	TBL2	TBL2
chr16	1972052	+	TBL3	TBL3
chr6	170554332	+	TBP	TBP
chr6	133952169	+	TBPL1	TBPL1
chr14	55440545	-	TBPL2	TBPL2
chr2	161416296	+	TBR1	TBR1
chr11	124622863	+	TBRG1	TBRG1
chr7	45111697	-	TBRG4	TBRG4
chr22	19756702	+	TBX1	TBX1
chr11	67639560	-	TBX10	TBX10
chr1	118988343	-	TBX15	TBX15
chr6	84764598	-	TBX18	TBX18
chr6	84689457	+	TBX18-AS1	TBX18-AS1
chr1	168280876	+	TBX19	TBX19
chr17	61399842	+	TBX2	TBX2
chr17	61399606	-	TBX2-AS1	TBX2-AS1
chr7	35254100	-	TBX20	TBX20
chr17	47733235	+	TBX21	TBX21
chrX	80014752	+	TBX22	TBX22
chr12	114684175	-	TBX3	TBX3
chr17	61452421	+	TBX4	TBX4
chr12	114406144	-	TBX5	TBX5
chr12	114408194	+	TBX5-AS1	TBX5-AS1
chr16	30091924	-	TBX6	TBX6
chr19	3606875	-	TBXA2R	TBXA2R
chr7	139778241	+	TBXAS1	TBXAS1
chr6	166167851	-	TBXT	TBXT
chr14	91836455	-	TC2N	TC2N
chr7	143885370	-	TCAF1	TCAF1
chr7	143620973	+	TCAF2	TCAF2
chr7	143647646	-	TCAF2P1	TCAF2P1
chr3	44338118	+	TCAIM	TCAIM
chr17	63857015	+	TCAM1P	TCAM1P
chr17	39665348	+	TCAP	TCAP
chr8	54022448	-	TCEA1	TCEA1
chr20	64056971	+	TCEA2	TCEA2
chr1	23424748	-	TCEA3	TCEA3
chrX	103628715	+	TCEAL1	TCEAL1
chrX	102125678	+	TCEAL2	TCEAL2
chrX	103607905	+	TCEAL3	TCEAL3
chrX	103576230	+	TCEAL4	TCEAL4
chrX	103276750	-	TCEAL5	TCEAL5
chrX	102142481	-	TCEAL6	TCEAL6
chrX	103330185	+	TCEAL7	TCEAL7
chrX	103255155	-	TCEAL8	TCEAL8
chrX	103356505	+	TCEAL9	TCEAL9
chrX	13653140	+	TCEANC	TCEANC
chr1	54053607	+	TCEANC2	TCEANC2
chr5	146447332	+	TCERG1	TCERG1
chr10	131311721	-	TCERG1L	TCERG1L
chr10	131095217	+	TCERG1L-AS1	TCERG1L-AS1
chr15	56918089	+	TCF12	TCF12
chr20	610266	-	TCF15	TCF15
chr6	31158588	+	TCF19	TCF19
chr22	42270653	-	TCF20	TCF20
chr6	133889112	+	TCF21	TCF21
chr2	27149003	+	TCF23	TCF23
chr8	66962591	-	TCF24	TCF24
chr16	89873591	+	TCF25	TCF25
chr19	1652615	-	TCF3	TCF3
chr18	55302660	-	TCF4	TCF4
chr18	55452532	+	TCF4-AS1	TCF4-AS1
chr5	134114680	+	TCF7	TCF7
chr2	85133391	+	TCF7L1	TCF7L1
chr2	85186408	+	TCF7L1-IT1	TCF7L1-IT1
chr10	112950246	+	TCF7L2	TCF7L2
chr20	62861822	-	TCFL5	TCFL5
chr1	152115454	-	TCHH	TCHH
chr1	152089064	-	TCHHL1	TCHHL1
chr12	109900273	+	TCHP	TCHP
chr8	40153481	+	TCIM	TCIM
chr11	68039024	+	TCIRG1	TCIRG1
chr14	95714125	-	TCL1A	TCL1A
chr14	95686425	+	TCL1B	TCL1B
chr14	95652096	+	TCL6	TCL6
chr11	59866487	-	TCN1	TCN1
chr22	30607082	+	TCN2	TCN2
chr5	150357638	+	TCOF1	TCOF1
chr6	159789602	-	TCP1	TCP1
chr21	32585523	-	TCP10L	TCP10L
chr6	167384510	-	TCP10L3	TCP10L3
chr6	35141339	-	TCP11	TCP11
chr11	33039571	+	TCP11L1	TCP11L1
chr12	106302732	+	TCP11L2	TCP11L2
chrX	102215300	+	TCP11X1	TCP11X1
chrX	102215300	+	TCP11X2	TCP11X2
chr3	49412205	+	TCTA	TCTA
chr6	44297698	-	TCTE1	TCTE1
chr6	169751572	-	TCTE3	TCTE3
chr1	66752458	+	TCTEX1D1	TCTEX1D1
chr3	196318240	-	TCTEX1D2	TCTEX1D2
chr1	44807285	-	TCTEX1D4	TCTEX1D4
chr12	110614128	+	TCTN1	TCTN1
chr12	123671112	+	TCTN2	TCTN2
chr10	95693927	-	TCTN3	TCTN3
chr12	103965803	+	TDG	TDG
chr3	46574534	+	TDGF1	TDGF1
chrX	110520311	+	TDGF1P3	TDGF1P3
chr8	11339636	+	TDH	TDH
chr4	155903695	+	TDO2	TDO2
chr14	89955926	+	TDP1	TDP1
chr6	24666899	-	TDP2	TDP2
chr10	114179286	+	TDRD1	TDRD1
chr1	154502218	+	TDRD10	TDRD10
chr19	32719766	+	TDRD12	TDRD12
chr2	21123967	+	TDRD15	TDRD15
chr13	60396456	+	TDRD3	TDRD3
chr1	179591612	+	TDRD5	TDRD5
chr6	46680267	+	TDRD6	TDRD6
chr9	97412095	+	TDRD7	TDRD7
chr14	103928455	+	TDRD9	TDRD9
chr6	40378336	+	TDRG1	TDRG1
chr1	151790500	-	TDRKH	TDRKH
chr1	151790748	+	TDRKH-AS1	TDRKH-AS1
chr8	544834	-	TDRP	TDRP
chr11	12674420	+	TEAD1	TEAD1
chr19	49361517	-	TEAD2	TEAD2
chr6	35497079	-	TEAD3	TEAD3
chr12	2959396	+	TEAD4	TEAD4
chr4	48269838	-	TEC	TEC
chr7	98252232	-	TECPR1	TECPR1
chr14	102362940	+	TECPR2	TECPR2
chr19	14529559	+	TECR	TECR
chr4	64409450	-	TECRL	TECRL
chr11	121101242	+	TECTA	TECTA
chr10	112283399	+	TECTB	TECTB
chr14	105489854	+	TEDC1	TEDC1
chr16	2460108	+	TEDC2	TEDC2
chr1	182400667	-	TEDDM1	TEDDM1
chr22	41367332	+	TEF	TEF
chr17	30906238	-	TEFM	TEFM
chr9	27109140	+	TEK	TEK
chr17	6831729	-	TEKT1	TEKT1
chr1	36084093	+	TEKT2	TEKT2
chr17	15341597	-	TEKT3	TEKT3
chr2	94871429	+	TEKT4	TEKT4
chr21	9129761	-	TEKT4P2	TEKT4P2
chr16	10694930	-	TEKT5	TEKT5
chr16	1493359	+	TELO2	TELO2
chr4	181829973	-	TEMN3-AS1	TEMN3-AS1
chr17	75979239	+	TEN1	TEN1
chr17	75979216	+	TEN1-CDK3	TEN1-CDK3
chrX	124963817	-	TENM1	TENM1
chr5	167073241	+	TENM2	TENM2
chr4	182243401	+	TENM3	TENM3
chr4	182144515	-	TENM3-AS1	TENM3-AS1
chr11	79441030	-	TENM4	TENM4
chr5	79612416	+	TENT2	TENT2
chr5	6713431	+	TENT4A	TENT4A
chr16	50152910	+	TENT4B	TENT4B
chr6	81752681	-	TENT5A	TENT5A
chr1	27012850	-	TENT5B	TENT5B
chr1	117606047	+	TENT5C	TENT5C
chrX	80335503	+	TENT5D	TENT5D
chr14	20413501	-	TEP1	TEP1
chr16	57976543	+	TEPP	TEPP
chr17	81239055	-	TEPSIN	TEPSIN
chr16	66801584	-	TERB1	TERB1
chr15	44956686	+	TERB2	TERB2
chr3	169765060	-	TERC	TERC
chr8	73008863	+	TERF1	TERF1
chr16	69386007	-	TERF2	TERF2
chr16	75647736	+	TERF2IP	TERF2IP
chr5	1295068	-	TERT	TERT
chr7	116210538	+	TES	TES
chr12	117099416	-	TESC	TESC
chr12	117099466	+	TESC-AS1	TESC-AS1
chr9	35605261	+	TESK1	TESK1
chr1	45491163	-	TESK2	TESK2
chr11	68751520	-	TESMIN	TESMIN
chr12	54973732	-	TESPA1	TESPA1
chr10	68560336	+	TET1	TET1
chr4	105145874	+	TET2	TET2
chr4	105352881	-	TET2-AS1	TET2-AS1
chr2	73984909	+	TET3	TET3
chr9	100352571	-	TEX10	TEX10
chr19	43388610	+	TEX101	TEX101
chrX	70908711	-	TEX11	TEX11
chr11	112167371	+	TEX12	TEX12
chrX	105220694	-	TEX13A	TEX13A
chrX	107982370	-	TEX13B	TEX13B
chrX	125319870	+	TEX13C	TEX13C
chrX	124332659	+	TEX13D	TEX13D
chr17	58692045	-	TEX14	TEX14
chr8	30888706	-	TEX15	TEX15
chr17	82359246	+	TEX19	TEX19
chr17	64230734	-	TEX2	TEX2
chr14	64347611	-	TEX21P	TEX21P
chr14	105398537	+	TEX22	TEX22
chr13	30932655	+	TEX26	TEX26
chr13	30932608	-	TEX26-AS1	TEX26-AS1
chr2	70994873	-	TEX261	TEX261
chr3	51671174	+	TEX264	TEX264
chrX	154295101	-	TEX28	TEX28
chr13	111316184	+	TEX29	TEX29
chr13	102773786	-	TEX30	TEX30
chr22	37007851	-	TEX33	TEX33
chr1	178513108	+	TEX35	TEX35
chr10	125683163	-	TEX36	TEX36
chr10	125574370	+	TEX36-AS1	TEX36-AS1
chr2	88524648	+	TEX37	TEX37
chr1	46671853	+	TEX38	TEX38
chr2	144667966	+	TEX41	TEX41
chr5	126631704	+	TEX43	TEX43
chr2	231592863	+	TEX44	TEX44
chr19	7497547	+	TEX45	TEX45
chr1	23015852	-	TEX46	TEX46
chr7	88795737	-	TEX47	TEX47
chr9	114682192	-	TEX48	TEX48
chr12	48727434	+	TEX49	TEX49
chr1	173635337	+	TEX50	TEX50
chr2	126898889	+	TEX51	TEX51
chr12	2857039	-	TEX52	TEX52
chr9	114657805	-	TEX53	TEX53
chr3	119146164	+	TEX55	TEX55
chr15	56243972	+	TEX9	TEX9
chr3	133661997	+	TF	TF
chr10	58385142	+	TFAM	TFAM
chr7	1614469	+	TFAMP1	TFAMP1
chr6	10412391	-	TFAP2A	TFAP2A
chr6	10412317	+	TFAP2A-AS1	TFAP2A-AS1
chr6	10404501	+	TFAP2A-AS2	TFAP2A-AS2
chr6	50818870	+	TFAP2B	TFAP2B
chr20	56629305	+	TFAP2C	TFAP2C
chr6	50713525	+	TFAP2D	TFAP2D
chr1	35573313	+	TFAP2E	TFAP2E
chr16	4273023	-	TFAP4	TFAP4
chr6	155314484	-	TFB1M	TFB1M
chr1	246566261	-	TFB2M	TFB2M
chr12	51173135	-	TFCP2	TFCP2
chr2	121285202	-	TFCP2L1	TFCP2L1
chr13	113584687	+	TFDP1	TFDP1
chr3	142000371	-	TFDP2	TFDP2
chrX	133218354	-	TFDP3	TFDP3
chrX	49043357	-	TFE3	TFE3
chr6	41734401	-	TFEB	TFEB
chr7	115968313	-	TFEC	TFEC
chr21	42366535	-	TFF1	TFF1
chr21	42350994	-	TFF2	TFF2
chr21	42315409	-	TFF3	TFF3
chr3	100709289	+	TFG	TFG
chr22	26512473	-	TFIP11	TFIP11
chr2	187554435	-	TFPI	TFPI
chr7	93890753	-	TFPI2	TFPI2
chr7	93890893	+	TFPI2-DT	TFPI2-DT
chr19	54115074	-	TFPT	TFPT
chr7	100633650	-	TFR2	TFR2
chr3	196082090	-	TFRC	TFRC
chr8	132866957	+	TG	TG
chr13	94596152	-	TGDS	TGDS
chr2	70553446	-	TGFA	TGFA
chr2	70481640	-	TGFA-IT1	TGFA-IT1
chr19	41353922	-	TGFB1	TGFB1
chr16	31472151	+	TGFB1I1	TGFB1I1
chr1	218345283	+	TGFB2	TGFB2
chr1	218345678	-	TGFB2-AS1	TGFB2-AS1
chr1	218442625	+	TGFB2-OT1	TGFB2-OT1
chr14	75981995	-	TGFB3	TGFB3
chr5	136028987	+	TGFBI	TGFBI
chr9	99105112	+	TGFBR1	TGFBR1
chr3	30606501	+	TGFBR2	TGFBR2
chr1	91886151	-	TGFBR3	TGFBR3
chr19	7914829	+	TGFBR3L	TGFBR3L
chr2	105329656	-	TGFBRAP1	TGFBRAP1
chr18	3412008	+	TGIF1	TGIF1
chr20	36573472	+	TGIF2	TGIF2
chr20	36574514	+	TGIF2-RAB5IF	TGIF2-RAB5IF
chrX	89921907	+	TGIF2LX	TGIF2LX
chrY	3579066	+	TGIF2LY	TGIF2LY
chr14	24263177	-	TGM1	TGM1
chr20	38165270	-	TGM2	TGM2
chr20	2296000	+	TGM3	TGM3
chr3	44874607	+	TGM4	TGM4
chr15	43266928	-	TGM5	TGM5
chr20	2380900	+	TGM6	TGM6
chr15	43302255	-	TGM7	TGM7
chr2	85327989	-	TGOLN2	TGOLN2
chr8	55773445	+	TGS1	TGS1
chr11	2171815	-	TH	TH
chr5	132641790	-	TH2LCRR	TH2LCRR
chr2	43595974	-	THADA	THADA
chr8	42843325	-	THAP1	THAP1
chr15	70892433	-	THAP10	THAP10
chr16	67842319	+	THAP11	THAP11
chr11	76380965	-	THAP12	THAP12
chr12	71664300	+	THAP2	THAP2
chr1	6624864	+	THAP3	THAP3
chr2	241617501	-	THAP4	THAP4
chr7	108569453	-	THAP5	THAP5
chr4	75514472	+	THAP6	THAP6
chr22	21002115	-	THAP7	THAP7
chr22	21001921	+	THAP7-AS1	THAP7-AS1
chr19	36054285	-	THAP8	THAP8
chr4	82900649	+	THAP9	THAP9
chr4	82900916	-	THAP9-AS1	THAP9-AS1
chr20	23049672	-	THBD	THBD
chr15	39581078	+	THBS1	THBS1
chr6	169253846	-	THBS2	THBS2
chr1	155207897	-	THBS3	THBS3
chr5	79991295	+	THBS4	THBS4
chr5	80083665	-	THBS4-AS1	THBS4-AS1
chr12	3492819	-	THCAT155	THCAT155
chr17	47323613	-	THCAT158	THCAT158
chr19	376026	-	THEG	THEG
chr19	31588188	+	THEG5	THEG5
chr4	56530605	+	THEGL	THEGL
chr1	151909511	-	THEM4	THEM4
chr1	151853712	-	THEM5	THEM5
chr8	142727222	+	THEM6	THEM6
chr6	127855188	-	THEMIS	THEMIS
chr1	27872542	+	THEMIS2	THEMIS2
chr5	157731419	+	THG1L	THG1L
chr10	25016611	+	THNSL1	THNSL1
chr2	88170294	+	THNSL2	THNSL2
chr18	268047	-	THOC1	THOC1
chrX	123733052	-	THOC2	THOC2
chr5	175968315	-	THOC3	THOC3
chr22	29553655	-	THOC5	THOC5
chr16	3024034	+	THOC6	THOC6
chr3	63863786	-	THOC7	THOC7
chr3	63860644	+	THOC7-AS1	THOC7-AS1
chr19	2785502	+	THOP1	THOP1
chr2	118186386	-	THORLNC	THORLNC
chr3	184378207	-	THPO	THPO
chr17	40062192	+	THRA	THRA
chr17	48294346	+	THRA1/BTR	THRA1/BTR
chr1	36224442	+	THRAP3	THRAP3
chr3	24494850	-	THRB	THRB
chr3	24494086	+	THRB-AS1	THRB-AS1
chr3	24151323	+	THRB-AS2	THRB-AS2
chr12	125027423	-	THRIL	THRIL
chr11	78063860	+	THRSP	THRSP
chr13	52406172	-	THSD1	THSD1
chr15	71141448	+	THSD4	THSD4
chr15	71189059	-	THSD4-AS1	THSD4-AS1
chr15	71691539	-	THSD4-AS2	THSD4-AS2
chr7	11832198	-	THSD7A	THSD7A
chr2	136765544	+	THSD7B	THSD7B
chr14	23511759	+	THTPA	THTPA
chr16	20741818	-	THUMPD1	THUMPD1
chr2	39779258	-	THUMPD2	THUMPD2
chr3	9363053	+	THUMPD3	THUMPD3
chr3	9396623	-	THUMPD3-AS1	THUMPD3-AS1
chr11	119422562	-	THY1	THY1
chr11	134253352	-	THYN1	THYN1
chr2	70248628	-	TIA1	TIA1
chr17	29075609	-	TIAF1	TIAF1
chr10	119597029	-	TIAL1	TIAL1
chr21	31160940	-	TIAM1	TIAM1
chr6	154995314	+	TIAM2	TIAM2
chr19	4831712	-	TICAM1	TICAM1
chr5	115602479	-	TICAM2	TICAM2
chr15	89575468	+	TICRR	TICRR
chr1	43300981	+	TIE1	TIE1
chr4	112285904	-	TIFA	TIFA
chr5	135452351	-	TIFAB	TIFAB
chr12	4321212	+	TIGAR	TIGAR
chr2	232550557	-	TIGD1	TIGD1
chr4	89111168	+	TIGD2	TIGD2
chr11	65354750	+	TIGD3	TIGD3
chr4	152779730	-	TIGD4	TIGD4
chr8	143597830	+	TIGD5	TIGD5
chr5	150000654	-	TIGD6	TIGD6
chr16	3305430	-	TIGD7	TIGD7
chr3	114294027	+	TIGIT	TIGIT
chr5	156963226	-	TIMD4	TIMD4
chr12	56449426	-	TIMELESS	TIMELESS
chr11	57530754	-	TIMM10	TIMM10
chr11	6481500	+	TIMM10B	TIMM10B
chr19	2427586	-	TIMM13	TIMM13
chr1	201955502	+	TIMM17A	TIMM17A
chrX	48898143	-	TIMM17B	TIMM17B
chr18	74148522	+	TIMM21	TIMM21
chr17	997128	+	TIMM22	TIMM22
chr10	45972452	+	TIMM23	TIMM23
chr10	49942032	+	TIMM23B	TIMM23B
chr10	49942052	+	TIMM23B-AGAP6	TIMM23B-AGAP6
chr19	10928810	+	TIMM29	TIMM29
chr19	7943666	-	TIMM44	TIMM44
chr19	39480837	+	TIMM50	TIMM50
chrX	101348742	-	TIMM8A	TIMM8A
chr11	112086756	-	TIMM8B	TIMM8B
chr14	58427242	-	TIMM9	TIMM9
chr3	119498546	+	TIMMDC1	TIMMDC1
chrX	47582435	+	TIMP1	TIMP1
chr17	78925387	-	TIMP2	TIMP2
chr22	32801704	+	TIMP3	TIMP3
chr3	12158912	-	TIMP4	TIMP4
chr6	54308440	+	TINAG	TINAG
chr1	31576484	+	TINAGL1	TINAGL1
chr19	5568034	-	TINCR	TINCR
chr14	24242623	-	TINF2	TINF2
chr3	156674589	+	TIPARP	TIPARP
chr3	156675713	-	TIPARP-AS1	TIPARP-AS1
chr15	66356685	-	TIPIN	TIPIN
chr1	168178961	+	TIPRL	TIPRL
chr11	126283086	+	TIRAP	TIRAP
chr6	43477522	+	TJAP1	TJAP1
chr15	29820674	-	TJP1	TJP1
chr9	69121263	+	TJP2	TJP2
chr19	3708383	+	TJP3	TJP3
chr17	78187052	-	TK1	TK1
chr16	66550122	-	TK2	TK2
chr11	61333181	+	TKFC	TKFC
chr3	53256022	-	TKT	TKT
chrX	154295794	+	TKTL1	TKTL1
chr4	163473754	-	TKTL2	TKTL2
chr17	28726233	-	TLCD1	TLCD1
chr17	1710377	-	TLCD2	TLCD2
chr17	732545	+	TLCD3A	TLCD3A
chr16	30030084	-	TLCD3B	TLCD3B
chr1	95092516	+	TLCD4	TLCD4
chr1	95117922	+	TLCD4-RWDD3	TLCD4-RWDD3
chr11	120325298	+	TLCD5	TLCD5
chr20	36876120	+	TLDC2	TLDC2
chr9	81689535	-	TLE1	TLE1
chr19	3029280	-	TLE2	TLE2
chr15	70094789	-	TLE3	TLE3
chr9	79571772	+	TLE4	TLE4
chr19	3062495	-	TLE5	TLE5
chr19	2977563	+	TLE6	TLE6
chr16	71442054	-	TLE7	TLE7
chr2	171066973	-	TLK1	TLK1
chr17	62477810	+	TLK2	TLK2
chr4	165873236	+	TLL1	TLL1
chr10	96513926	-	TLL2	TLL2
chr9	35732195	-	TLN1	TLN1
chr15	62647310	+	TLN2	TLN2
chr15	81000922	+	TLNRD1	TLNRD1
chr4	38804791	-	TLR1	TLR1
chr4	38782990	-	TLR10	TLR10
chr4	153684279	+	TLR2	TLR2
chr4	186069155	+	TLR3	TLR3
chr9	117704402	+	TLR4	TLR4
chr1	223143248	-	TLR5	TLR5
chr4	38856817	-	TLR6	TLR6
chrX	12867071	+	TLR7	TLR7
chrX	12906619	+	TLR8	TLR8
chrX	12943300	-	TLR8-AS1	TLR8-AS1
chr3	52226163	-	TLR9	TLR9
chr10	101131299	+	TLX1	TLX1
chr10	101131146	-	TLX1NB	TLX1NB
chr2	74514449	+	TLX2	TLX2
chr5	171309247	+	TLX3	TLX3
chr1	61725141	-	TM2D1	TM2D1
chr8	38996509	-	TM2D2	TM2D2
chr15	101652381	-	TM2D3	TM2D3
chr3	149377649	-	TM4SF1	TM4SF1
chr3	149377777	+	TM4SF1-AS1	TM4SF1-AS1
chr3	149333438	-	TM4SF18	TM4SF18
chr3	196338388	-	TM4SF19	TM4SF19
chr3	196318331	+	TM4SF19-AS1	TM4SF19-AS1
chr3	196338420	-	TM4SF19-TCTEX1D2	TM4SF19-TCTEX1D2
chr2	227379306	-	TM4SF20	TM4SF20
chr3	149474696	+	TM4SF4	TM4SF4
chr17	4771885	+	TM4SF5	TM4SF5
chr15	83107644	+	TM6SF1	TM6SF1
chr19	19273301	-	TM6SF2	TM6SF2
chr11	65111853	+	TM7SF2	TM7SF2
chr12	27014384	-	TM7SF3	TM7SF3
chr14	24195441	-	TM9SF1	TM9SF1
chr13	99501471	+	TM9SF2	TM9SF2
chr10	96587012	-	TM9SF3	TM9SF3
chr20	32109713	+	TM9SF4	TM9SF4
chr4	163494689	+	TMA16	TMA16
chr3	48440256	+	TMA7	TMA7
chr2	218286849	-	TMBIM1	TMBIM1
chr12	66169996	-	TMBIM4	TMBIM4
chr12	49741556	+	TMBIM6	TMBIM6
chr7	92437314	-	TMBIM7P	TMBIM7P
chr9	72521607	+	TMC1	TMC1
chr20	2536572	+	TMC2	TMC2
chr15	81374213	-	TMC3	TMC3
chr15	81324332	+	TMC3-AS1	TMC3-AS1
chr19	54173160	-	TMC4	TMC4
chr16	19410538	+	TMC5	TMC5
chr17	78128755	-	TMC6	TMC6
chr16	18983933	+	TMC7	TMC7
chr17	78130770	+	TMC8	TMC8
chr3	129688732	-	TMCC1	TMCC1
chr3	129893870	+	TMCC1-AS1	TMCC1-AS1
chr1	205227945	+	TMCC2	TMCC2
chr12	94616001	-	TMCC3	TMCC3
chr1	165768868	-	TMCO1	TMCO1
chr1	165768928	+	TMCO1-AS1	TMCO1-AS1
chr1	40247936	+	TMCO2	TMCO2
chr13	113491020	+	TMCO3	TMCO3
chr1	19799349	-	TMCO4	TMCO4
chr15	37934606	+	TMCO5A	TMCO5A
chr15	33247555	-	TMCO5B	TMCO5B
chr5	140639426	+	TMCO6	TMCO6
chr19	10835740	-	TMED1	TMED1
chr14	75176612	-	TMED10	TMED10
chr8	144994864	+	TMED10P1	TMED10P1
chr4	1123164	-	TMED11P	TMED11P
chr12	123584551	+	TMED2	TMED2
chr12	123584327	-	TMED2-DT	TMED2-DT
chr15	79311061	+	TMED3	TMED3
chr7	44582231	-	TMED4	TMED4
chr1	93180413	-	TMED5	TMED5
chr16	69351786	-	TMED6	TMED6
chr5	115626036	-	TMED7	TMED7
chr5	115626036	-	TMED7-TICAM2	TMED7-TICAM2
chr14	77373909	-	TMED8	TMED8
chr5	177592202	+	TMED9	TMED9
chr9	100473148	+	TMEFF1	TMEFF1
chr2	192194933	-	TMEFF2	TMEFF2
chr17	55722864	-	TMEM100	TMEM100
chr17	44014963	-	TMEM101	TMEM101
chr17	7435434	+	TMEM102	TMEM102
chr17	74776498	+	TMEM104	TMEM104
chr17	81330674	-	TMEM105	TMEM105
chr17	43211874	+	TMEM106A	TMEM106A
chr7	12211293	+	TMEM106B	TMEM106B
chr12	47963546	+	TMEM106C	TMEM106C
chr17	8176380	-	TMEM107	TMEM107
chr3	133038287	+	TMEM108	TMEM108
chr3	133257121	-	TMEM108-AS1	TMEM108-AS1
chr11	60914157	+	TMEM109	TMEM109
chr17	21214161	-	TMEM11	TMEM11
chr16	8589838	-	TMEM114	TMEM114
chr3	50359521	-	TMEM115	TMEM115
chr12	112013165	-	TMEM116	TMEM116
chr12	43835860	+	TMEM117	TMEM117
chr12	108598084	-	TMEM119	TMEM119
chr7	75994595	-	TMEM120A	TMEM120A
chr12	121712751	+	TMEM120B	TMEM120B
chr14	105526582	+	TMEM121	TMEM121
chr22	17121360	-	TMEM121B	TMEM121B
chr11	102452765	-	TMEM123	TMEM123
chr1	43269982	+	TMEM125	TMEM125
chr11	85647918	+	TMEM126A	TMEM126A
chr11	85628572	+	TMEM126B	TMEM126B
chr2	96265997	-	TMEM127	TMEM127
chr4	4248223	-	TMEM128	TMEM128
chr4	1721323	-	TMEM129	TMEM129
chr7	98870014	-	TMEM130	TMEM130
chr2	97995948	-	TMEM131	TMEM131
chr4	153466345	+	TMEM131L	TMEM131L
chr11	60924459	+	TMEM132A	TMEM132A
chr12	125186385	+	TMEM132B	TMEM132B
chr12	128267402	+	TMEM132C	TMEM132C
chr12	129904025	-	TMEM132D	TMEM132D
chr12	129109689	+	TMEM132D-AS1	TMEM132D-AS1
chr12	129208600	+	TMEM132D-AS2	TMEM132D-AS2
chr17	34579581	+	TMEM132E	TMEM132E
chr11	67469251	-	TMEM134	TMEM134
chr11	87037933	+	TMEM135	TMEM135
chr11	61362373	+	TMEM138	TMEM138
chr7	143284898	+	TMEM139	TMEM139
chr7	143286334	-	TMEM139-AS1	TMEM139-AS1
chr7	135148071	+	TMEM140	TMEM140
chr9	136791343	+	TMEM141	TMEM141
chr19	48363940	-	TMEM143	TMEM143
chr4	158210485	+	TMEM144	TMEM144
chr19	42313308	+	TMEM145	TMEM145
chr19	35545625	+	TMEM147	TMEM147
chr19	35546029	-	TMEM147-AS1	TMEM147-AS1
chr6	52671112	+	TMEM14A	TMEM14A
chr6	10747758	+	TMEM14B	TMEM14B
chr6	10722914	+	TMEM14C	TMEM14C
chr3	152340990	-	TMEM14EP	TMEM14EP
chr2	85602394	-	TMEM150A	TMEM150A
chr19	55325341	-	TMEM150B	TMEM150B
chr4	82561988	-	TMEM150C	TMEM150C
chr11	66291893	+	TMEM151A	TMEM151A
chr6	44270449	+	TMEM151B	TMEM151B
chr4	152679997	-	TMEM154	TMEM154
chr4	39032409	-	TMEM156	TMEM156
chr3	45226287	-	TMEM158	TMEM158
chr16	21158673	+	TMEM159	TMEM159
chr19	47048624	-	TMEM160	TMEM160
chr19	19138478	-	TMEM161A	TMEM161A
chr5	88268845	-	TMEM161B	TMEM161B
chr5	88268881	+	TMEM161B-AS1	TMEM161B-AS1
chr2	134719000	-	TMEM163	TMEM163
chrX	110002634	+	TMEM164	TMEM164
chr4	55395956	+	TMEM165	TMEM165
chr5	83077394	-	TMEM167A	TMEM167A
chr1	109090763	+	TMEM167B	TMEM167B
chr7	112790393	-	TMEM168	TMEM168
chr2	216081865	+	TMEM169	TMEM169
chr2	62506195	-	TMEM17	TMEM17
chr16	75464443	-	TMEM170A	TMEM170A
chr6	11537748	+	TMEM170B	TMEM170B
chr5	73120574	+	TMEM171	TMEM171
chr5	73173192	+	TMEM174	TMEM174
chr4	932386	+	TMEM175	TMEM175
chr7	150800768	+	TMEM176A	TMEM176A
chr7	150800364	-	TMEM176B	TMEM176B
chr2	119679166	+	TMEM177	TMEM177
chr2	39665497	+	TMEM178A	TMEM178A
chr7	141074063	+	TMEM178B	TMEM178B
chr14	104604760	-	TMEM179	TMEM179
chr11	62787401	+	TMEM179B	TMEM179B
chr2	676704	-	TMEM18	TMEM18
chr6	158536639	+	TMEM181	TMEM181
chr2	102736934	+	TMEM182	TMEM182
chr1	203007366	+	TMEM183A	TMEM183A
chr3	149983366	-	TMEM183B	TMEM183B
chr7	1556205	-	TMEM184A	TMEM184A
chr22	38272664	-	TMEM184B	TMEM184B
chr4	147617396	+	TMEM184C	TMEM184C
chrX	149631792	-	TMEM185A	TMEM185A
chr2	120223400	-	TMEM185B	TMEM185B
chr16	8797639	-	TMEM186	TMEM186
chrX	153972753	+	TMEM187	TMEM187
chr12	71686081	+	TMEM19	TMEM19
chr19	55376825	+	TMEM190	TMEM190
chr22	20701113	+	TMEM191A	TMEM191A
chr22	18527801	+	TMEM191B	TMEM191B
chr22	21467169	+	TMEM191C	TMEM191C
chr4	165112860	-	TMEM192	TMEM192
chr7	19772781	-	TMEM196	TMEM196
chr2	219543662	+	TMEM198	TMEM198
chr12	55829607	+	TMEM198B	TMEM198B
chr17	28357646	+	TMEM199	TMEM199
chr6	130366016	+	TMEM200A	TMEM200A
chr1	29122501	-	TMEM200B	TMEM200B
chr18	5895954	-	TMEM200C	TMEM200C
chr1	9588910	+	TMEM201	TMEM201
chr15	72398304	+	TMEM202	TMEM202
chr15	72474239	-	TMEM202-AS1	TMEM202-AS1
chr9	137205648	-	TMEM203	TMEM203
chr16	1528677	+	TMEM204	TMEM204
chr19	11346268	-	TMEM205	TMEM205
chr3	190449876	-	TMEM207	TMEM207
chr16	67227129	+	TMEM208	TMEM208
chr7	130205406	-	TMEM209	TMEM209
chr9	137172056	-	TMEM210	TMEM210
chr22	24946695	-	TMEM211	TMEM211
chr3	171843348	+	TMEM212	TMEM212
chr3	171900740	-	TMEM212-AS1	TMEM212-AS1
chr7	138797993	+	TMEM213	TMEM213
chr2	27032964	+	TMEM214	TMEM214
chr9	32783539	+	TMEM215	TMEM215
chr11	61392359	+	TMEM216	TMEM216
chr6	37257599	-	TMEM217	TMEM217
chr11	125111626	-	TMEM218	TMEM218
chr16	29962078	+	TMEM219	TMEM219
chr17	10730023	-	TMEM220	TMEM220
chr17	10729776	+	TMEM220-AS1	TMEM220-AS1
chr19	17448668	-	TMEM221	TMEM221
chr1	27322144	+	TMEM222	TMEM222
chr11	62792006	-	TMEM223	TMEM223
chr11	123885670	-	TMEM225	TMEM225
chr7	99598266	+	TMEM225B	TMEM225B
chr7	124033067	-	TMEM229A	TMEM229A
chr14	67488721	-	TMEM229B	TMEM229B
chr20	5113076	-	TMEM230	TMEM230
chr16	75556252	-	TMEM231	TMEM231
chr5	110726671	-	TMEM232	TMEM232
chr12	119593773	+	TMEM233	TMEM233
chr1	32222353	-	TMEM234	TMEM234
chr17	78231292	+	TMEM235	TMEM235
chr10	17752200	+	TMEM236	TMEM236
chr2	201642670	-	TMEM237	TMEM237
chr19	55384292	-	TMEM238	TMEM238
chr17	10804099	-	TMEM238L	TMEM238L
chr20	2816301	+	TMEM239	TMEM239
chr1	1540624	-	TMEM240	TMEM240
chr18	23437961	-	TMEM241	TMEM241
chr6	157323519	-	TMEM242	TMEM242
chr7	87219732	-	TMEM243	TMEM243
chr6	129861315	-	TMEM244	TMEM244
chr9	109119947	-	TMEM245	TMEM245
chr9	101468438	+	TMEM246-AS1	TMEM246-AS1
chr2	46479564	+	TMEM247	TMEM247
chr7	66921224	+	TMEM248	TMEM248
chr8	144354931	-	TMEM249	TMEM249
chr11	118531191	+	TMEM25	TMEM25
chr9	136118431	-	TMEM250	TMEM250
chr14	93184973	+	TMEM251	TMEM251
chr9	68540883	-	TMEM252	TMEM252
chr14	21098936	+	TMEM253	TMEM253
chr10	80078645	+	TMEM254	TMEM254
chr10	80079193	-	TMEM254-AS1	TMEM254-AS1
chrX	120311461	-	TMEM255A	TMEM255A
chr13	113759225	+	TMEM255B	TMEM255B
chr17	7404097	-	TMEM256	TMEM256
chr17	7404131	-	TMEM256-PLSCR3	TMEM256-PLSCR3
chr11	61792599	-	TMEM258	TMEM258
chr19	1021123	-	TMEM259	TMEM259
chr10	61453381	-	TMEM26	TMEM26
chr10	61452638	+	TMEM26-AS1	TMEM26-AS1
chr14	56579797	+	TMEM260	TMEM260
chr11	65089110	-	TMEM262	TMEM262
chr12	106955721	+	TMEM263	TMEM263
chr16	30740641	+	TMEM265	TMEM265
chr15	76059984	+	TMEM266	TMEM266
chr5	43483865	-	TMEM267	TMEM267
chr9	114611290	+	TMEM268	TMEM268
chr1	42785031	+	TMEM269	TMEM269
chr1	42784895	-	TMEM269-DT	TMEM269-DT
chr7	73861158	+	TMEM270	TMEM270
chr4	576295	-	TMEM271	TMEM271
chr13	51845177	-	TMEM272	TMEM272
chr10	49188391	-	TMEM273	TMEM273
chr1	9960787	-	TMEM274P	TMEM274P
chr1	46535515	-	TMEM275	TMEM275
chr6	75284792	-	TMEM30A	TMEM30A
chr6	75285013	+	TMEM30A-DT	TMEM30A-DT
chr14	61281338	-	TMEM30B	TMEM30B
chr3	100185823	+	TMEM30CP	TMEM30CP
chrX	103710908	+	TMEM31	TMEM31
chr4	41935428	+	TMEM33	TMEM33
chrX	101078878	+	TMEM35A	TMEM35A
chr1	34985347	-	TMEM35B	TMEM35B
chr2	119431853	+	TMEM37	TMEM37
chr19	16661138	+	TMEM38A	TMEM38A
chr9	105694540	+	TMEM38B	TMEM38B
chr3	119463615	-	TMEM39A	TMEM39A
chr1	32072030	+	TMEM39B	TMEM39B
chr3	12759259	-	TMEM40	TMEM40
chr3	185499035	-	TMEM41A	TMEM41A
chr11	9314593	-	TMEM41B	TMEM41B
chr3	44861911	+	TMEM42	TMEM42
chr3	14125051	+	TMEM43	TMEM43
chr3	194633419	-	TMEM44	TMEM44
chr3	194584267	+	TMEM44-AS1	TMEM44-AS1
chr3	100492618	+	TMEM45A	TMEM45A
chr11	129815780	+	TMEM45B	TMEM45B
chrX	34657285	-	TMEM47	TMEM47
chr1	25338333	+	TMEM50A	TMEM50A
chr21	33479974	-	TMEM50B	TMEM50B
chr1	15152531	+	TMEM51	TMEM51
chr1	15152464	-	TMEM51-AS1	TMEM51-AS1
chr1	1919279	-	TMEM52	TMEM52
chr12	10170512	+	TMEM52B	TMEM52B
chr1	44674481	-	TMEM53	TMEM53
chr1	32901389	-	TMEM54	TMEM54
chr1	54053204	-	TMEM59	TMEM59
chr19	18612869	+	TMEM59L	TMEM59L
chr7	77798434	-	TMEM60	TMEM60
chr1	54980627	+	TMEM61	TMEM61
chr15	43133114	+	TMEM62	TMEM62
chr1	225882380	-	TMEM63A	TMEM63A
chr6	44126913	+	TMEM63B	TMEM63B
chr14	77181797	+	TMEM63C	TMEM63C
chr8	90645905	-	TMEM64	TMEM64
chr8	124372699	-	TMEM65	TMEM65
chr8	93754843	+	TMEM67	TMEM67
chr8	55773378	-	TMEM68	TMEM68
chr1	45688180	+	TMEM69	TMEM69
chr8	73976141	+	TMEM70	TMEM70
chr8	132760582	-	TMEM71	TMEM71
chr10	44911315	+	TMEM72	TMEM72
chr10	44959689	-	TMEM72-AS1	TMEM72-AS1
chr8	108787594	-	TMEM74	TMEM74
chr20	1184473	-	TMEM74B	TMEM74B
chr8	127948723	-	TMEM75	TMEM75
chr1	156282912	+	TMEM79	TMEM79
chr11	695638	+	TMEM80	TMEM80
chr1	205084460	-	TMEM81	TMEM81
chr1	15742498	+	TMEM82	TMEM82
chr11	18698778	+	TMEM86A	TMEM86A
chr19	55228763	-	TMEM86B	TMEM86B
chr15	42273433	-	TMEM87A	TMEM87A
chr2	112055268	+	TMEM87B	TMEM87B
chr17	7855065	+	TMEM88	TMEM88
chr1	1426127	+	TMEM88B	TMEM88B
chr3	48621769	-	TMEM89	TMEM89
chr9	35829224	+	TMEM8B	TMEM8B
chr1	201154474	-	TMEM9	TMEM9
chr19	41363946	+	TMEM91	TMEM91
chr17	50271405	+	TMEM92	TMEM92
chr17	50287855	-	TMEM92-AS1	TMEM92-AS1
chr17	75456634	+	TMEM94	TMEM94
chr17	7355155	+	TMEM95	TMEM95
chr17	28319199	+	TMEM97	TMEM97
chr17	32927909	+	TMEM98	TMEM98
chr17	40819144	+	TMEM99	TMEM99
chr11	8964442	-	TMEM9B	TMEM9B
chr11	8964674	+	TMEM9B-AS1	TMEM9B-AS1
chr3	69052333	-	TMF1	TMF1
chr3	46693777	+	TMIE	TMIE
chr17	30334057	-	TMIGD1	TMIGD1
chr19	4302431	-	TMIGD2	TMIGD2
chr1	111503633	-	TMIGD3	TMIGD3
chrX	155612952	-	TMLHE	TMLHE
chrX	155374174	-	TMLHE-AS1	TMLHE-AS1
chr9	97501179	+	TMOD1	TMOD1
chr15	51751596	+	TMOD2	TMOD2
chr15	51829652	+	TMOD3	TMOD3
chr1	151175981	-	TMOD4	TMOD4
chr12	98515572	+	TMPO	TMPO
chr12	98516226	-	TMPO-AS1	TMPO-AS1
chr3	33097146	-	TMPPE	TMPPE
chr4	67963493	-	TMPRSS11A	TMPRSS11A
chr4	68245694	-	TMPRSS11B	TMPRSS11B
chr4	68218080	-	TMPRSS11BNL	TMPRSS11BNL
chr4	67884002	-	TMPRSS11D	TMPRSS11D
chr4	68447462	+	TMPRSS11E	TMPRSS11E
chr4	68129869	-	TMPRSS11F	TMPRSS11F
chr4	67997439	-	TMPRSS11GP	TMPRSS11GP
chr12	50842925	+	TMPRSS12	TMPRSS12
chr11	117929402	-	TMPRSS13	TMPRSS13
chr21	18403785	-	TMPRSS15	TMPRSS15
chr21	41508065	-	TMPRSS2	TMPRSS2
chr21	42389149	-	TMPRSS3	TMPRSS3
chr11	118077011	+	TMPRSS4	TMPRSS4
chr11	113706308	-	TMPRSS5	TMPRSS5
chr22	37103656	-	TMPRSS6	TMPRSS6
chr3	112039617	+	TMPRSS7	TMPRSS7
chr19	2385264	+	TMPRSS9	TMPRSS9
chr2	84905655	+	TMSB10	TMSB10
chrX	102516739	-	TMSB15A	TMSB15A
chrX	103918895	+	TMSB15B	TMSB15B
chrX	103919548	-	TMSB15B-AS1	TMSB15B-AS1
chrX	12975109	+	TMSB4X	TMSB4X
chrY	13703898	+	TMSB4Y	TMSB4Y
chr12	29783942	-	TMTC1	TMTC1
chr12	82686905	+	TMTC2	TMTC2
chr12	88142306	+	TMTC3	TMTC3
chr13	100674795	-	TMTC4	TMTC4
chr7	151083019	-	TMUB1	TMUB1
chr17	44186950	+	TMUB2	TMUB2
chr14	51240246	+	TMX1	TMX1
chr11	57712522	+	TMX2	TMX2
chr11	57712522	+	TMX2-CTNND1	TMX2-CTNND1
chr18	68715108	-	TMX3	TMX3
chr20	8019761	-	TMX4	TMX4
chr9	115118157	-	TNC	TNC
chr6	31575564	+	TNF	TNF
chr17	28335760	+	TNFAIP1	TNFAIP1
chr14	103123460	+	TNFAIP2	TNFAIP2
chr6	137867258	+	TNFAIP3	TNFAIP3
chr2	151357591	+	TNFAIP6	TNFAIP6
chr5	119268758	+	TNFAIP8	TNFAIP8
chr19	4639515	+	TNFAIP8L1	TNFAIP8L1
chr1	151156648	+	TNFAIP8L2	TNFAIP8L2
chr1	151156648	+	TNFAIP8L2-SCNM1	TNFAIP8L2-SCNM1
chr15	51094906	-	TNFAIP8L3	TNFAIP8L3
chr8	23225102	-	TNFRSF10A	TNFRSF10A
chr8	23069031	-	TNFRSF10B	TNFRSF10B
chr8	23102920	+	TNFRSF10C	TNFRSF10C
chr8	23164027	-	TNFRSF10D	TNFRSF10D
chr18	62325286	+	TNFRSF11A	TNFRSF11A
chr8	118951885	-	TNFRSF11B	TNFRSF11B
chr16	3020367	+	TNFRSF12A	TNFRSF12A
chr17	16972118	-	TNFRSF13B	TNFRSF13B
chr22	41926806	-	TNFRSF13C	TNFRSF13C
chr1	2556364	+	TNFRSF14	TNFRSF14
chr1	2557011	-	TNFRSF14-AS1	TNFRSF14-AS1
chr16	11965209	+	TNFRSF17	TNFRSF17
chr1	1206592	-	TNFRSF18	TNFRSF18
chr13	23570369	+	TNFRSF19	TNFRSF19
chr12	6342076	-	TNFRSF1A	TNFRSF1A
chr1	12166990	+	TNFRSF1B	TNFRSF1B
chr6	47309905	-	TNFRSF21	TNFRSF21
chr1	6466173	-	TNFRSF25	TNFRSF25
chr1	1214153	-	TNFRSF4	TNFRSF4
chr20	63696651	+	TNFRSF6B	TNFRSF6B
chr1	12063302	+	TNFRSF8	TNFRSF8
chr1	7940839	-	TNFRSF9	TNFRSF9
chr3	172523430	-	TNFSF10	TNFSF10
chr13	42562735	+	TNFSF11	TNFSF11
chr17	7549057	+	TNFSF12	TNFSF12
chr17	7549057	+	TNFSF12-TNFSF13	TNFSF12-TNFSF13
chr17	7558291	+	TNFSF13	TNFSF13
chr13	108269628	+	TNFSF13B	TNFSF13B
chr19	6670158	-	TNFSF14	TNFSF14
chr9	114792530	-	TNFSF15	TNFSF15
chr1	173050941	-	TNFSF18	TNFSF18
chr1	173205532	-	TNFSF4	TNFSF4
chr9	114930591	-	TNFSF8	TNFSF8
chr19	6531025	+	TNFSF9	TNFSF9
chr3	171460405	-	TNIK	TNIK
chr5	151065131	-	TNIP1	TNIP1
chr4	2756336	-	TNIP2	TNIP2
chrX	40833196	-	TNIP2P1	TNIP2P1
chr4	121164321	-	TNIP3	TNIP3
chr17	7381088	+	TNK1	TNK1
chr3	195892744	-	TNK2	TNK2
chr3	195908075	+	TNK2-AS1	TNK2-AS1
chr8	9555911	+	TNKS	TNKS
chr11	57324952	-	TNKS1BP1	TNKS1BP1
chr10	91798425	+	TNKS2	TNKS2
chr10	91798196	-	TNKS2-AS1	TNKS2-AS1
chrX	100584935	+	TNMD	TNMD
chr1	175067832	+	TNN	TNN
chr3	52454041	-	TNNC1	TNNC1
chr20	45827312	-	TNNC2	TNNC2
chr1	201421730	-	TNNI1	TNNI1
chr11	1838980	+	TNNI2	TNNI2
chr19	55157732	-	TNNI3	TNNI3
chr1	74235386	+	TNNI3K	TNNI3K
chr19	55149206	-	TNNT1	TNNT1
chr1	201377680	-	TNNT2	TNNT2
chr11	1919702	+	TNNT3	TNNT3
chr2	216860064	-	TNP1	TNP1
chr16	11269325	-	TNP2	TNP2
chr5	72816590	+	TNPO1	TNPO1
chr19	12722259	-	TNPO2	TNPO2
chr7	129055111	-	TNPO3	TNPO3
chr1	175743595	-	TNR	TNR
chr2	235517921	-	TNRC17	TNRC17
chr7	5423546	-	TNRC18	TNRC18
chr4	140643080	-	TNRC18P1	TNRC18P1
chr16	24610204	+	TNRC6A	TNRC6A
chr22	40044816	+	TNRC6B	TNRC6B
chr17	78004236	+	TNRC6C	TNRC6C
chr2	217920236	-	TNS1	TNS1
chr2	217978706	+	TNS1-AS1	TNS1-AS1
chr12	53046990	+	TNS2	TNS2
chr7	47582111	-	TNS3	TNS3
chr17	40501623	-	TNS4	TNS4
chr6	32013023	-	TNXA	TNXA
chr6	32013273	-	TNXB	TNXB
chr17	50866354	-	TOB1	TOB1
chr17	50866678	+	TOB1-AS1	TOB1-AS1
chr22	41446801	-	TOB2	TOB2
chr6	28218929	-	TOB2P1	TOB2P1
chr1	45340169	+	TOE1	TOE1
chr14	44962189	+	TOGARAM1	TOGARAM1
chr2	28981297	+	TOGARAM2	TOGARAM2
chr11	1302790	-	TOLLIP	TOLLIP
chr11	1309707	+	TOLLIP-AS1	TOLLIP-AS1
chr22	35299274	+	TOM1	TOM1
chr17	54900690	+	TOM1L1	TOM1L1
chr17	17972400	-	TOM1L2	TOM1L2
chr1	235128837	-	TOMM20	TOMM20
chr14	58395929	+	TOMM20L	TOMM20L
chr22	38681956	+	TOMM22	TOMM22
chr20	44960397	-	TOMM34	TOMM34
chr19	44891219	+	TOMM40	TOMM40
chr1	161225938	+	TOMM40L	TOMM40L
chr9	37592597	-	TOMM5	TOMM5
chr6	41787693	+	TOMM6	TOMM6
chr7	22822849	-	TOMM7	TOMM7
chr3	100401089	-	TOMM70	TOMM70
chr8	144444440	-	TONSL	TONSL
chr8	144435167	+	TONSL-AS1	TONSL-AS1
chr20	41028821	+	TOP1	TOP1
chr8	143334880	-	TOP1MT	TOP1MT
chr1	171338895	+	TOP1P1	TOP1P1
chr22	24764500	+	TOP1P2	TOP1P2
chr17	40417896	-	TOP2A	TOP2A
chr3	25664372	-	TOP2B	TOP2B
chr17	18314994	-	TOP3A	TOP3A
chr22	21982787	-	TOP3B	TOP3B
chr3	44241885	+	TOPAZ1	TOPAZ1
chr3	133661941	-	TOPBP1	TOPBP1
chr9	32552586	-	TOPORS	TOPORS
chr9	129824136	-	TOR1A	TOR1A
chr1	179882284	+	TOR1AIP1	TOR1AIP1
chr1	179868840	-	TOR1AIP2	TOR1AIP2
chr9	129803142	+	TOR1B	TOR1B
chr9	127735294	-	TOR2A	TOR2A
chr1	179082069	+	TOR3A	TOR3A
chr9	137277725	+	TOR4A	TOR4A
chr8	59119147	-	TOX	TOX
chr20	43914851	+	TOX2	TOX2
chr16	52547143	-	TOX3	TOX3
chr14	21477194	+	TOX4	TOX4
chr17	7675244	-	TP53	TP53
chr11	128937834	-	TP53AIP1	TP53AIP1
chr15	43493156	-	TP53BP1	TP53BP1
chr1	223845947	-	TP53BP2	TP53BP2
chr11	44950160	-	TP53I11	TP53I11
chr17	29568275	+	TP53I13	TP53I13
chr2	24084331	-	TP53I3	TP53I3
chr8	94949378	-	TP53INP1	TP53INP1
chr20	34704343	+	TP53INP2	TP53INP2
chr20	46689444	-	TP53RK	TP53RK
chr7	87345492	-	TP53TG1	TP53TG1
chr16	32676129	-	TP53TG3	TP53TG3
chr16	32676129	-	TP53TG3B	TP53TG3B
chr16	32676110	-	TP53TG3C	TP53TG3C
chr16	32253323	+	TP53TG3D	TP53TG3D
chr16	32676110	-	TP53TG3E	TP53TG3E
chr16	32676109	-	TP53TG3F	TP53TG3F
chr16	35507170	-	TP53TG3HP	TP53TG3HP
chr20	45378325	-	TP53TG5	TP53TG5
chr3	189596745	+	TP63	TP63
chr1	3652515	+	TP73	TP73
chr1	3746771	-	TP73-AS1	TP73-AS1
chr6	82362982	+	TPBG	TPBG
chr11	75240773	+	TPBGL	TPBGL
chr12	113221463	+	TPCN1	TPCN1
chr11	69048931	+	TPCN2	TPCN2
chr8	80080830	-	TPD52	TPD52
chr6	125153772	+	TPD52L1	TPD52L1
chr20	63865227	+	TPD52L2	TPD52L2
chr9	6328374	+	TPD52L3	TPD52L3
chr19	507496	+	TPGS1	TPGS1
chr18	36829002	-	TPGS2	TPGS2
chr11	18046269	-	TPH1	TPH1
chr12	71938844	+	TPH2	TPH2
chr12	6867419	+	TPI1	TPI1
chr7	129055222	+	TPI1P2	TPI1P2
chr6	116038730	+	TPI1P3	TPI1P3
chr7	144738898	-	TPK1	TPK1
chr15	63042746	+	TPM1	TPM1
chr15	63049387	-	TPM1-AS	TPM1-AS
chr9	35689925	-	TPM2	TPM2
chr1	154178204	-	TPM3	TPM3
chr19	53431973	+	TPM3P9	TPM3P9
chr19	16067537	+	TPM4	TPM4
chr6	18155077	-	TPMT	TPMT
chr2	1413460	+	TPO	TPO
chr11	6619422	-	TPP1	TPP1
chr13	102596985	+	TPP2	TPP2
chr5	693352	-	TPPP	TPPP
chr14	21030216	+	TPPP2	TPPP2
chr16	67393498	-	TPPP3	TPPP3
chr1	186375253	-	TPR	TPR
chr3	127590733	-	TPRA1	TPRA1
chr3	189171970	+	TPRG1	TPRG1
chr3	188947639	-	TPRG1-AS1	TPRG1-AS1
chr3	189240594	-	TPRG1-AS2	TPRG1-AS2
chr1	3625014	+	TPRG1L	TPRG1L
chr2	73737261	-	TPRKB	TPRKB
chr9	137200741	-	TPRN	TPRN
chr19	47803604	-	TPRX1	TPRX1
chr3	13937306	+	TPRXL	TPRXL
chr16	1240704	+	TPSAB1	TPSAB1
chr16	1230184	-	TPSB2	TPSB2
chr16	1256068	+	TPSD1	TPSD1
chr16	1225268	-	TPSG1	TPSG1
chr7	66205333	+	TPST1	TPST1
chr22	26565341	-	TPST2	TPST2
chr13	45341183	-	TPT1	TPT1
chr13	45341344	+	TPT1-AS1	TPT1-AS1
chr21	10521582	+	TPTE	TPTE
chr13	19438475	-	TPTE2	TPTE2
chr13	24968469	-	TPTE2P1	TPTE2P1
chr13	52488992	+	TPTE2P3	TPTE2P3
chr13	40921750	-	TPTE2P5	TPTE2P5
chr13	24580207	+	TPTE2P6	TPTE2P6
chr22	16601910	+	TPTEP1	TPTEP1
chr22	38398926	-	TPTEP2	TPTEP2
chr22	38398915	-	TPTEP2-CSNK1E	TPTEP2-CSNK1E
chr20	31739289	+	TPX2	TPX2
chr7	23531981	-	TRA2A	TRA2A
chr3	185938014	-	TRA2B	TRA2B
chr22	50185912	+	TRABD	TRABD
chr2	84881084	-	TRABD2A	TRABD2A
chr1	47997385	-	TRABD2B	TRABD2B
chr16	67159909	-	TRADD	TRADD
chr9	120914572	-	TRAF1	TRAF1
chr9	136886515	+	TRAF2	TRAF2
chr14	102777448	+	TRAF3	TRAF3
chr2	238320517	+	TRAF3IP1	TRAF3IP1
chr6	111567279	-	TRAF3IP2	TRAF3IP2
chr6	111483471	+	TRAF3IP2-AS1	TRAF3IP2-AS1
chr1	209756052	+	TRAF3IP3	TRAF3IP3
chr17	28744010	+	TRAF4	TRAF4
chr1	211326614	+	TRAF5	TRAF5
chr11	36510272	-	TRAF6	TRAF6
chr16	2155781	+	TRAF7	TRAF7
chr12	112125544	+	TRAFD1	TRAFD1
chr3	49856564	-	TRAIP	TRAIP
chr3	42087199	+	TRAK1	TRAK1
chr2	201451458	-	TRAK2	TRAK2
chr8	70607669	-	TRAM1	TRAM1
chr4	117085576	-	TRAM1L1	TRAM1L1
chr6	52577060	-	TRAM2	TRAM2
chr6	52577201	+	TRAM2-AS1	TRAM2-AS1
chr3	36945054	-	TRANK1	TRANK1
chr16	3717524	-	TRAP1	TRAP1
chr17	7931946	-	TRAPPC1	TRAPPC1
chr21	44012308	+	TRAPPC10	TRAPPC10
chr4	183659266	+	TRAPPC11	TRAPPC11
chr2	3379674	+	TRAPPC12	TRAPPC12
chr5	65624730	+	TRAPPC13	TRAPPC13
chrX	13734620	-	TRAPPC2	TRAPPC2
chr19	57363550	+	TRAPPC2B	TRAPPC2B
chr16	88856219	+	TRAPPC2L	TRAPPC2L
chr1	36149486	-	TRAPPC3	TRAPPC3
chr6	116545684	-	TRAPPC3L	TRAPPC3L
chr11	119018765	+	TRAPPC4	TRAPPC4
chr19	7680832	+	TRAPPC5	TRAPPC5
chr19	45178237	-	TRAPPC6A	TRAPPC6A
chr14	39170333	-	TRAPPC6B	TRAPPC6B
chr18	31943128	-	TRAPPC8	TRAPPC8
chr8	140457744	-	TRAPPC9	TRAPPC9
chr17	1279661	+	TRARG1	TRARG1
chr3	108822785	+	TRAT1	TRAT1
chr10	17201672	-	TRDMT1	TRDMT1
chr6	123636950	-	TRDN	TRDN
chr6	123439603	+	TRDN-AS1	TRDN-AS1
chr11	118679650	-	TREH	TREH
chr6	41286682	-	TREM1	TREM1
chr6	41163116	-	TREM2	TREM2
chr6	41154349	-	TREML1	TREML1
chr6	41201149	-	TREML2	TREML2
chr6	41217947	-	TREML3P	TREML3P
chr6	41228348	+	TREML4	TREML4
chr6	41249376	+	TREML5P	TREML5P
chr6	42452051	-	TRERF1	TRERF1
chr20	50041629	-	TRERNA1	TRERNA1
chr3	48465829	+	TREX1	TREX1
chrX	153446487	-	TREX2	TREX2
chr7	38341576	+	TRG-AS1	TRG-AS1
chr3	129974719	+	TRH	TRH
chr12	72272369	+	TRHDE	TRHDE
chr12	72273509	-	TRHDE-AS1	TRHDE-AS1
chr8	109086584	+	TRHR	TRHR
chr12	120446384	-	TRIAP1	TRIAP1
chr8	125430357	+	TRIB1	TRIB1
chr2	12716871	+	TRIB2	TRIB2
chr20	380628	+	TRIB3	TRIB3
chr7	28958330	-	TRIL	TRIL
chr6	30161211	-	TRIM10	TRIM10
chr1	228406835	-	TRIM11	TRIM11
chr13	49997041	+	TRIM13	TRIM13
chr9	98119222	-	TRIM14	TRIM14
chr6	30163545	+	TRIM15	TRIM15
chr17	15682951	-	TRIM16	TRIM16
chr17	18697997	+	TRIM16L	TRIM16L
chr1	228416861	-	TRIM17	TRIM17
chr4	153152162	+	TRIM2	TRIM2
chr11	4393702	-	TRIM21	TRIM21
chr11	5689789	+	TRIM22	TRIM22
chr5	65624333	-	TRIM23	TRIM23
chr7	138460258	+	TRIM24	TRIM24
chr17	56914049	-	TRIM25	TRIM25
chr6	30213406	-	TRIM26	TRIM26
chr6	28923985	-	TRIM27	TRIM27
chr19	58544063	+	TRIM28	TRIM28
chr11	120128853	-	TRIM29	TRIM29
chr11	6473941	-	TRIM3	TRIM3
chr6	30113090	-	TRIM31	TRIM31
chr6	30105239	+	TRIM31-AS1	TRIM31-AS1
chr9	116687304	+	TRIM32	TRIM32
chr1	114511203	-	TRIM33	TRIM33
chr11	5619943	+	TRIM34	TRIM34
chr8	27311272	-	TRIM35	TRIM35
chr5	115169908	-	TRIM36	TRIM36
chr17	59106880	-	TRIM37	TRIM37
chr6	25962801	+	TRIM38	TRIM38
chr6	30326468	+	TRIM39	TRIM39
chr6	30329310	+	TRIM39-RPP21	TRIM39-RPP21
chr7	99919530	-	TRIM4	TRIM4
chr6	30136139	+	TRIM40	TRIM40
chr5	181223280	+	TRIM41	TRIM41
chr3	140678063	+	TRIM42	TRIM42
chr2	95592000	+	TRIM43	TRIM43
chr2	95484731	-	TRIM43B	TRIM43B
chr11	35662774	+	TRIM44	TRIM44
chr1	117121749	-	TRIM45	TRIM45
chr1	155173786	+	TRIM46	TRIM46
chr17	75878581	-	TRIM47	TRIM47
chr11	55262154	+	TRIM48	TRIM48
chr11	89808575	-	TRIM49	TRIM49
chr11	49028822	+	TRIM49B	TRIM49B
chr11	90031105	+	TRIM49C	TRIM49C
chr11	89920447	-	TRIM49D1	TRIM49D1
chr11	89920408	-	TRIM49D2	TRIM49D2
chr11	5685074	-	TRIM5	TRIM5
chr7	73325575	-	TRIM50	TRIM50
chr11	55883296	+	TRIM51	TRIM51
chr11	89852841	+	TRIM51EP	TRIM51EP
chr11	55298232	-	TRIM51HP	TRIM51HP
chr5	181261143	-	TRIM52	TRIM52
chr5	181261211	+	TRIM52-AS1	TRIM52-AS1
chr11	89841996	+	TRIM53AP	TRIM53AP
chr2	27282428	+	TRIM54	TRIM54
chr8	66127128	+	TRIM55	TRIM55
chr7	101085480	+	TRIM56	TRIM56
chr1	247857186	+	TRIM58	TRIM58
chr3	160449786	-	TRIM59	TRIM59
chr3	160449838	-	TRIM59-IFT80	TRIM59-IFT80
chr11	5596110	+	TRIM6	TRIM6
chr11	5596636	+	TRIM6-TRIM34	TRIM6-TRIM34
chr4	165031998	+	TRIM60	TRIM60
chr4	164977657	-	TRIM61	TRIM61
chr1	33176550	-	TRIM62	TRIM62
chr1	26067630	-	TRIM63	TRIM63
chr11	89966036	+	TRIM64	TRIM64
chr11	89876017	-	TRIM64B	TRIM64B
chr11	49059112	-	TRIM64C	TRIM64C
chr17	75896951	-	TRIM65	TRIM65
chr11	8658886	-	TRIM66	TRIM66
chr1	231162927	+	TRIM67	TRIM67
chr1	231187627	-	TRIM67-AS1	TRIM67-AS1
chr11	4608231	-	TRIM68	TRIM68
chr15	44736527	+	TRIM69	TRIM69
chr5	181200930	-	TRIM7	TRIM7
chr3	32817996	+	TRIM71	TRIM71
chr16	31214118	+	TRIM72	TRIM72
chr7	72969466	-	TRIM73	TRIM73
chr7	72966953	-	TRIM74	TRIM74
chr11	89710298	+	TRIM77	TRIM77
chr10	102644478	+	TRIM8	TRIM8
chr14	51095704	-	TRIM9	TRIM9
chr4	188139440	+	TRIML1	TRIML1
chr4	188105587	-	TRIML2	TRIML2
chr5	14143341	+	TRIO	TRIO
chr22	37697047	+	TRIOBP	TRIOBP
chr19	6739679	+	TRIP10	TRIP10
chr14	92040059	-	TRIP11	TRIP11
chr2	229921679	-	TRIP12	TRIP12
chr5	892883	+	TRIP13	TRIP13
chr15	64387835	+	TRIP4	TRIP4
chr7	100867386	+	TRIP6	TRIP6
chr8	92965589	-	TRIQK	TRIQK
chr19	12734684	-	TRIR	TRIR
chr1	39883504	-	TRIT1	TRIT1
chr9	97922181	-	TRMO	TRMO
chr19	13116657	-	TRMT1	TRMT1
chr4	99563723	-	TRMT10A	TRMT10A
chr9	37753802	+	TRMT10B	TRMT10B
chr3	101561867	+	TRMT10C	TRMT10C
chr6	125986429	+	TRMT11	TRMT11
chr11	64317559	-	TRMT112	TRMT112
chr8	124450819	+	TRMT12	TRMT12
chr1	100133149	+	TRMT13	TRMT13
chr1	185156953	-	TRMT1L	TRMT1L
chr22	20117226	-	TRMT2A	TRMT2A
chrX	101052111	-	TRMT2B	TRMT2B
chr4	8440776	+	TRMT44	TRMT44
chr14	60981079	-	TRMT5	TRMT5
chr20	5950533	-	TRMT6	TRMT6
chr14	103529195	+	TRMT61A	TRMT61A
chr2	28870309	-	TRMT61B	TRMT61B
chr8	12945672	+	TRMT9B	TRMT9B
chr22	46335713	+	TRMU	TRMU
chr1	28553016	+	TRNAU1AP	TRNAU1AP
chr1	26993691	+	TRNP1	TRNP1
chr3	3126939	+	TRNT1	TRNT1
chrX	54920562	+	TRO	TRO
chr12	49323254	+	TROAP	TROAP
chr8	72075584	-	TRPA1	TRPA1
chr3	142724033	+	TRPC1	TRPC1
chr11	3626459	+	TRPC2	TRPC2
chr4	121933113	-	TRPC3	TRPC3
chr13	37869772	-	TRPC4	TRPC4
chr20	35092807	-	TRPC4AP	TRPC4AP
chrX	112082776	-	TRPC5	TRPC5
chrX	111876050	+	TRPC5OS	TRPC5OS
chr11	101584007	-	TRPC6	TRPC6
chr5	136365545	-	TRPC7	TRPC7
chr5	136226654	+	TRPC7-AS2	TRPC7-AS2
chr15	31101725	-	TRPM1	TRPM1
chr21	44353600	+	TRPM2	TRPM2
chr21	44425563	-	TRPM2-AS	TRPM2-AS
chr9	70869052	-	TRPM3	TRPM3
chr19	49157791	+	TRPM4	TRPM4
chr11	2423045	-	TRPM5	TRPM5
chr9	74887347	-	TRPM6	TRPM6
chr15	50686797	-	TRPM7	TRPM7
chr2	233917372	+	TRPM8	TRPM8
chr8	115668013	-	TRPS1	TRPS1
chr11	64225869	-	TRPT1	TRPT1
chr17	3592877	-	TRPV1	TRPV1
chr17	16415570	+	TRPV2	TRPV2
chr17	3557812	-	TRPV3	TRPV3
chr12	109814796	-	TRPV4	TRPV4
chr7	142933746	-	TRPV5	TRPV5
chr7	142885745	-	TRPV6	TRPV6
chr7	98878489	+	TRRAP	TRRAP
chr10	114938194	+	TRUB1	TRUB1
chr9	128322218	-	TRUB2	TRUB2
chr7	142272249	-	TRY2P	TRY2P
chr1	156337313	+	TSACC	TSACC
chr6	32371903	-	TSBP1	TSBP1
chr6	32255172	+	TSBP1-AS1	TSBP1-AS1
chr9	132944616	-	TSC1	TSC1
chr16	2047894	+	TSC2	TSC2
chr13	44436858	-	TSC22D1	TSC22D1
chr13	44575895	+	TSC22D1-AS1	TSC22D1-AS1
chr3	150408297	+	TSC22D2	TSC22D2
chrX	107716508	-	TSC22D3	TSC22D3
chr7	100479214	-	TSC22D4	TSC22D4
chr1	184051729	+	TSEN15	TSEN15
chr3	12484431	+	TSEN2	TSEN2
chr19	54190267	+	TSEN34	TSEN34
chr17	75516527	+	TSEN54	TSEN54
chr12	57782744	+	TSFM	TSFM
chr6	93704016	+	TSG1	TSG1
chr11	18526942	-	TSG101	TSG101
chr2	99141180	-	TSGA10	TSGA10
chr11	65945643	+	TSGA10IP	TSGA10IP
chr7	130686545	-	TSGA13	TSGA13
chr1	115029825	+	TSHB	TSHB
chr14	80955620	+	TSHR	TSHR
chr18	75210796	+	TSHZ1	TSHZ1
chr20	52972357	+	TSHZ2	TSHZ2
chr19	31349436	-	TSHZ3	TSHZ3
chrX	73792204	+	TSIX	TSIX
chr19	49763306	-	TSKS	TSKS
chr11	76782312	+	TSKU	TSKU
chr7	27615973	+	TSL	TSL
chr5	111070079	+	TSLP	TSLP
chr2	121755544	+	TSN	TSN
chr8	142403182	-	TSNARE1	TSNARE1
chr1	231528668	+	TSNAX	TSNAX
chr1	231528652	+	TSNAX-DISC1	TSNAX-DISC1
chr16	67806888	+	TSNAXIP1	TSNAXIP1
chr1	46175086	+	TSPAN1	TSPAN1
chr17	81637195	+	TSPAN10	TSPAN10
chr12	30926747	+	TSPAN11	TSPAN11
chr7	120858144	-	TSPAN12	TSPAN12
chr7	16753754	+	TSPAN13	TSPAN13
chr10	80454309	+	TSPAN14	TSPAN14
chr10	69451464	+	TSPAN15	TSPAN15
chr19	11296159	+	TSPAN16	TSPAN16
chr5	176647483	+	TSPAN17	TSPAN17
chr11	44726961	+	TSPAN18	TSPAN18
chr12	85036277	-	TSPAN19	TSPAN19
chr1	115089500	-	TSPAN2	TSPAN2
chr15	77071109	-	TSPAN3	TSPAN3
chr12	57745038	+	TSPAN31	TSPAN31
chr11	2302012	+	TSPAN32	TSPAN32
chr7	129144706	+	TSPAN33	TSPAN33
chr11	842823	+	TSPAN4	TSPAN4
chr4	98658611	-	TSPAN5	TSPAN5
chrX	100636806	-	TSPAN6	TSPAN6
chrX	38561541	+	TSPAN7	TSPAN7
chr12	71157809	-	TSPAN8	TSPAN8
chr12	3077354	+	TSPAN9	TSPAN9
chr21	44711572	-	TSPEAR	TSPEAR
chr21	44506043	+	TSPEAR-AS1	TSPEAR-AS1
chr21	44517214	+	TSPEAR-AS2	TSPEAR-AS2
chr22	43151558	+	TSPO	TSPO
chr6	41042466	+	TSPO2	TSPO2
chr17	58328795	-	TSPOAP1	TSPOAP1
chr17	58325449	+	TSPOAP1-AS1	TSPOAP1-AS1
chrY	9337463	+	TSPY1	TSPY1
chrY	9337463	+	TSPY10	TSPY10
chrY	6246222	+	TSPY2	TSPY2
chr20	32190360	-	TSPY26P	TSPY26P
chrY	9337463	+	TSPY3	TSPY3
chrY	9337509	+	TSPY4	TSPY4
chrY	9337509	+	TSPY8	TSPY8
chr6	116279930	-	TSPYL1	TSPYL1
chrX	53082366	+	TSPYL2	TSPYL2
chr6	116254075	-	TSPYL4	TSPYL4
chr8	97277928	-	TSPYL5	TSPYL5
chr2	54256229	-	TSPYL6	TSPYL6
chr17	2336457	-	TSR1	TSR1
chrX	54440374	+	TSR2	TSR2
chr16	1351878	-	TSR3	TSR3
chr11	3380960	+	TSSC2	TSSC2
chr11	2400749	+	TSSC4	TSSC4
chr5	113434989	-	TSSK1B	TSSK1B
chr22	19131307	+	TSSK2	TSSK2
chr1	32362538	+	TSSK3	TSSK3
chr14	24205695	+	TSSK4	TSSK4
chr19	19515548	-	TSSK6	TSSK6
chr22	37019447	-	TST	TST
chr1	161038964	-	TSTD1	TSTD1
chr9	97633368	-	TSTD2	TSTD2
chr6	99521048	+	TSTD3	TSTD3
chr6	43243480	+	TTBK1	TTBK1
chr15	42920778	-	TTBK2	TTBK2
chr5	160009099	+	TTC1	TTC1
chr11	113314582	+	TTC12	TTC12
chr1	230978861	-	TTC13	TTC13
chr3	180602162	+	TTC14	TTC14
chr9	127716078	+	TTC16	TTC16
chr11	43358919	+	TTC17	TTC17
chr17	15999823	+	TTC19	TTC19
chr3	39107660	+	TTC21A	TTC21A
chr2	165953776	-	TTC21B	TTC21B
chr2	165933856	+	TTC21B-AS1	TTC21B-AS1
chr1	54801323	-	TTC22	TTC22
chr15	99249581	-	TTC23	TTC23
chr5	34839163	+	TTC23L	TTC23L
chr1	156579722	+	TTC24	TTC24
chr17	41930616	+	TTC25	TTC25
chr7	139133743	+	TTC26	TTC26
chr2	32628049	+	TTC27	TTC27
chr22	28679865	-	TTC28	TTC28
chr22	27919375	+	TTC28-AS1	TTC28-AS1
chr4	146945864	-	TTC29	TTC29
chr21	37073183	+	TTC3	TTC3
chr21	37193926	-	TTC3-AS1	TTC3-AS1
chr2	177618742	-	TTC30A	TTC30A
chr2	177552796	-	TTC30B	TTC30B
chr2	74483080	+	TTC31	TTC31
chr2	19901983	-	TTC32	TTC32
chr5	40755961	-	TTC33	TTC33
chr1	2800868	-	TTC34	TTC34
chr11	118527473	+	TTC36	TTC36
chr5	95554977	-	TTC37	TTC37
chr22	46268007	+	TTC38	TTC38
chr1	51297961	-	TTC39A	TTC39A
chr1	51329653	+	TTC39A-AS1	TTC39A-AS1
chr9	15250218	-	TTC39B	TTC39B
chr18	23992886	+	TTC39C	TTC39C
chr18	24015460	-	TTC39C-AS1	TTC39C-AS1
chrX	75743079	-	TTC3P1	TTC3P1
chr1	54715821	+	TTC4	TTC4
chr12	103930211	-	TTC41P	TTC41P
chr14	20305951	-	TTC5	TTC5
chr14	37595628	+	TTC6	TTC6
chr2	46915865	+	TTC7A	TTC7A
chr14	90816417	-	TTC7B	TTC7B
chr14	88824152	+	TTC8	TTC8
chr14	70641915	+	TTC9	TTC9
chr19	40218399	-	TTC9B	TTC9B
chr11	62728072	+	TTC9C	TTC9C
chr9	132406840	-	TTF1	TTF1
chr1	117060325	+	TTF2	TTF2
chr20	38033456	-	TTI1	TTI1
chr8	33513135	-	TTI2	TTI2
chr6	80004604	+	TTK	TTK
chr2	112482155	+	TTL	TTL
chr22	43089391	-	TTLL1	TTLL1
chr22	43038584	+	TTLL1-AS1	TTLL1-AS1
chr1	1173879	+	TTLL10	TTLL10
chr9	122093308	-	TTLL11	TTLL11
chr22	43187134	-	TTLL12	TTLL12
chr15	90249531	+	TTLL13P	TTLL13P
chr6	167325085	+	TTLL2	TTLL2
chr3	9809914	+	TTLL3	TTLL3
chr2	218710834	+	TTLL4	TTLL4
chr14	75661245	+	TTLL5	TTLL5
chr17	48794324	-	TTLL6	TTLL6
chr1	83999132	-	TTLL7	TTLL7
chr22	50058227	-	TTLL8	TTLL8
chr20	31870633	+	TTLL9	TTLL9
chr2	178807423	-	TTN	TTN
chr2	178522826	+	TTN-AS1	TTN-AS1
chr8	63086053	-	TTPA	TTPA
chr20	44475873	+	TTPAL	TTPAL
chr18	31591876	+	TTR	TTR
chrY	6390400	+	TTTY1	TTTY1
chrY	20519228	-	TTTY10	TTTY10
chrY	8817382	-	TTTY11	TTTY11
chrY	7804923	+	TTTY12	TTTY12
chrY	21594666	-	TTTY13	TTTY13
chrY	19076003	-	TTTY14	TTTY14
chrY	12662366	+	TTTY15	TTTY15
chrY	7701247	-	TTTY16	TTTY16
chrY	22851583	+	TTTY17A	TTTY17A
chrY	22851583	+	TTTY17B	TTTY17B
chrY	22851583	+	TTTY17C	TTTY17C
chrY	8683878	-	TTTY18	TTTY18
chrY	8704471	+	TTTY19	TTTY19
chrY	6390400	+	TTTY1B	TTTY1B
chrY	6428444	-	TTTY2	TTTY2
chrY	9334832	-	TTTY20	TTTY20
chrY	6443433	+	TTTY21	TTTY21
chrY	6443433	+	TTTY21B	TTTY21B
chrY	9801152	+	TTTY22	TTTY22
chrY	6243610	-	TTTY23	TTTY23
chrY	6243610	-	TTTY23B	TTTY23B
chrY	6428444	-	TTTY2B	TTTY2B
chrY	23941622	-	TTTY3	TTTY3
chrY	23941622	-	TTTY3B	TTTY3B
chrY	22936454	+	TTTY4	TTTY4
chrY	22936454	+	TTTY4B	TTTY4B
chrY	22936454	+	TTTY4C	TTTY4C
chrY	22298876	-	TTTY5	TTTY5
chrY	22144964	+	TTTY6	TTTY6
chrY	22144986	+	TTTY6B	TTTY6B
chrY	6449467	+	TTTY7	TTTY7
chrY	6449467	+	TTTY7B	TTTY7B
chrY	6473630	-	TTTY8	TTTY8
chrY	6473630	-	TTTY8B	TTTY8B
chrY	18590521	-	TTTY9A	TTTY9A
chrY	18590521	-	TTTY9B	TTTY9B
chr19	54415463	+	TTYH1	TTYH1
chr17	74213570	+	TTYH2	TTYH2
chr7	2631985	+	TTYH3	TTYH3
chr11	8038632	+	TUB	TUB
chr11	8060037	+	TUB-AS1	TUB-AS1
chr12	49189080	-	TUBA1A	TUBA1A
chr12	49131395	-	TUBA1B	TUBA1B
chr12	49227925	+	TUBA1C	TUBA1C
chr13	19181824	-	TUBA3C	TUBA3C
chr2	131476118	+	TUBA3D	TUBA3D
chr2	130198439	-	TUBA3E	TUBA3E
chr22	21014287	-	TUBA3FP	TUBA3FP
chr2	219253918	-	TUBA4A	TUBA4A
chr2	219253242	+	TUBA4B	TUBA4B
chr22	18110808	+	TUBA8	TUBA8
chr10	5404828	-	TUBAL3	TUBAL3
chr6	30720351	+	TUBB	TUBB
chr20	59019428	+	TUBB1	TUBB1
chr6	3157544	-	TUBB2A	TUBB2A
chr6	3227653	-	TUBB2B	TUBB2B
chr16	89921924	+	TUBB3	TUBB3
chr19	6502309	-	TUBB4A	TUBB4A
chr9	137241286	+	TUBB4B	TUBB4B
chr18	12307668	+	TUBB6	TUBB6
chr10	49296	-	TUBB8	TUBB8
chr18	49557	-	TUBB8B	TUBB8B
chr9	138150112	+	TUBBP5	TUBBP5
chr17	59892943	-	TUBD1	TUBD1
chr6	112087482	-	TUBE1	TUBE1
chr17	42609682	+	TUBG1	TUBG1
chr17	42659283	+	TUBG2	TUBG2
chr10	133308872	-	TUBGCP2	TUBGCP2
chr13	112588153	-	TUBGCP3	TUBGCP3
chr15	43371100	+	TUBGCP4	TUBGCP4
chr15	23039569	-	TUBGCP5	TUBGCP5
chr22	50245023	-	TUBGCP6	TUBGCP6
chr16	28846348	-	TUFM	TUFM
chr1	151540308	+	TUFT1	TUFT1
chr22	30969210	+	TUG1	TUG1
chr6	35512896	-	TULP1	TULP1
chr19	48898744	-	TULP2	TULP2
chr12	2890890	+	TULP3	TULP3
chr6	158312464	+	TULP4	TULP4
chr14	95876391	+	TUNAR	TUNAR
chr9	25678444	-	TUSC1	TUSC1
chr3	50328238	-	TUSC2	TUSC2
chr8	15540086	+	TUSC3	TUSC3
chr3	116709787	+	TUSC7	TUSC7
chr13	44405984	-	TUSC8	TUSC8
chr11	62591523	-	TUT1	TUT1
chr1	52553090	-	TUT4	TUT4
chr9	86354410	-	TUT7	TUT7
chr16	10818794	-	TVP23A	TVP23A
chr17	18780994	+	TVP23B	TVP23B
chr17	15563483	-	TVP23C	TVP23C
chr17	15563483	-	TVP23C-CDRT4	TVP23C-CDRT4
chr12	43806317	-	TWF1	TWF1
chr3	52239158	-	TWF2	TWF2
chr7	19117636	-	TWIST1	TWIST1
chr2	238848084	+	TWIST2	TWIST2
chr10	100987542	+	TWNK	TWNK
chr18	9334772	+	TWSG1	TWSG1
chr4	48134250	-	TXK	TXK
chr1	32179674	+	TXLNA	TXLNA
chr6	139291998	-	TXLNB	TXLNB
chrX	16786431	+	TXLNG	TXLNG
chrY	19567357	+	TXLNGY	TXLNGY
chr9	110256507	-	TXN	TXN
chr22	36481640	-	TXN2	TXN2
chr16	11742857	-	TXNDC11	TXNDC11
chr1	52055191	-	TXNDC12	TXNDC12
chr1	52050917	+	TXNDC12-AS1	TXNDC12-AS1
chr5	134873769	+	TXNDC15	TXNDC15
chr14	52552505	-	TXNDC16	TXNDC16
chr17	6641059	+	TXNDC17	TXNDC17
chr18	9885972	+	TXNDC2	TXNDC2
chr6	7910077	-	TXNDC5	TXNDC5
chr9	110337863	-	TXNDC8	TXNDC8
chr2	99336333	-	TXNDC9	TXNDC9
chr1	145995744	-	TXNIP	TXNIP
chr18	56638592	-	TXNL1	TXNL1
chr18	79988563	-	TXNL4A	TXNL4A
chr16	72093620	-	TXNL4B	TXNL4B
chr12	104215778	+	TXNRD1	TXNRD1
chr22	19932553	-	TXNRD2	TXNRD2
chr3	126655124	-	TXNRD3	TXNRD3
chr19	10380572	-	TYK2	TYK2
chr22	50530012	-	TYMP	TYMP
chr18	657652	+	TYMS	TYMS
chr18	658291	-	TYMSOS	TYMSOS
chr11	89177874	+	TYR	TYR
chr15	41559211	+	TYRO3	TYRO3
chr15	76260152	-	TYRO3P	TYRO3P
chr19	35908295	-	TYROBP	TYROBP
chr9	12693384	+	TYRP1	TYRP1
chr10	70144728	-	TYSND1	TYSND1
chr7	66996804	+	TYW1	TYW1
chr7	72828200	-	TYW1B	TYW1B
chr1	74733151	+	TYW3	TYW3
chr2	199955491	-	TYW5	TYW5
chr21	6499248	-	U2AF1	U2AF1
chr19	35745418	-	U2AF1L4	U2AF1L4
chr21	6499248	-	U2AF1L5	U2AF1L5
chr19	55655034	+	U2AF2	U2AF2
chr3	143001569	+	U2SURP	U2SURP
chr15	70702282	-	UACA	UACA
chr1	162561439	+	UAP1	UAP1
chr9	137077516	+	UAP1L1	UAP1L1
chrX	47190846	+	UBA1	UBA1
chr19	34428380	+	UBA2	UBA2
chr3	69080365	-	UBA3	UBA3
chr3	132654445	+	UBA5	UBA5
chr19	18571729	+	UBA52	UBA52
chr4	67701155	-	UBA6	UBA6
chr4	67701277	+	UBA6-AS1	UBA6-AS1
chr3	49813953	-	UBA7	UBA7
chr9	135961373	-	UBAC1	UBAC1
chr13	99200853	+	UBAC2	UBAC2
chr13	99200755	-	UBAC2-AS1	UBAC2-AS1
chr16	4614888	-	UBALD1	UBALD1
chr17	76265347	+	UBALD2	UBALD2
chr9	34179004	+	UBAP1	UBAP1
chr15	65115200	-	UBAP1L	UBAP1L
chr9	33934364	-	UBAP2	UBAP2
chr1	154220171	+	UBAP2L	UBAP2L
chr21	42403901	+	UBASH3A	UBASH3A
chr11	122655721	+	UBASH3B	UBASH3B
chr17	16380792	+	UBB	UBB
chr17	22202994	+	UBBP4	UBBP4
chr12	124914650	-	UBC	UBC
chr6	29559732	-	UBD	UBD
chrX	119574562	+	UBE2A	UBE2A
chr5	134371568	+	UBE2B	UBE2B
chr20	45812575	+	UBE2C	UBE2C
chr19	57867759	+	UBE2CP5	UBE2CP5
chr10	58334978	+	UBE2D1	UBE2D1
chr5	139561165	+	UBE2D2	UBE2D2
chr4	102825860	-	UBE2D3	UBE2D3
chr4	102828054	+	UBE2D3-AS1	UBE2D3-AS1
chr7	43926435	+	UBE2D4	UBE2D4
chrX	84934150	+	UBE2DNL	UBE2DNL
chr3	23805954	+	UBE2E1	UBE2E1
chr3	23806905	-	UBE2E1-AS1	UBE2E1-AS1
chr3	23203097	+	UBE2E2	UBE2E2
chr3	23202578	-	UBE2E2-AS1	UBE2E2-AS1
chr2	180980384	+	UBE2E3	UBE2E3
chrX	14244264	+	UBE2E4P	UBE2E4P
chr2	237966944	+	UBE2F	UBE2F
chr2	237966944	+	UBE2F-SCLY	UBE2F-SCLY
chr3	37144182	-	UBE2FP1	UBE2FP1
chr17	4366674	-	UBE2G1	UBE2G1
chr21	44801820	-	UBE2G2	UBE2G2
chr7	129952960	-	UBE2H	UBE2H
chr16	1309151	+	UBE2I	UBE2I
chr6	89352722	-	UBE2J1	UBE2J1
chr1	1273854	-	UBE2J2	UBE2J2
chr4	39698135	+	UBE2K	UBE2K
chr22	21549446	+	UBE2L3	UBE2L3
chr13	30422492	+	UBE2L5	UBE2L5
chr11	57567672	-	UBE2L6	UBE2L6
chr19	58558611	-	UBE2M	UBE2M
chr16	35170391	-	UBE2MP1	UBE2MP1
chr12	93441947	-	UBE2N	UBE2N
chrX	143884070	+	UBE2NL	UBE2NL
chr17	76453152	-	UBE2O	UBE2O
chr1	154558662	-	UBE2Q1	UBE2Q1
chr1	154553608	+	UBE2Q1-AS1	UBE2Q1-AS1
chr15	75843446	+	UBE2Q2	UBE2Q2
chr15	84172434	+	UBE2Q2L	UBE2Q2L
chr15	84570795	-	UBE2Q2P1	UBE2Q2P1
chr15	82355135	+	UBE2Q2P2	UBE2Q2P2
chr5	6448858	+	UBE2QL1	UBE2QL1
chr9	33817159	+	UBE2R2	UBE2R2
chr19	55407788	-	UBE2S	UBE2S
chr1	202341936	-	UBE2T	UBE2T
chr1	64203622	+	UBE2U	UBE2U
chr20	50113150	-	UBE2V1	UBE2V1
chr8	48008430	+	UBE2V2	UBE2V2
chr8	73878862	-	UBE2W	UBE2W
chr17	48908406	+	UBE2Z	UBE2Z
chr15	25438229	-	UBE3A	UBE3A
chr12	109477622	+	UBE3B	UBE3B
chr7	157138925	+	UBE3C	UBE3C
chr6	83065841	-	UBE3D	UBE3D
chr11	118359599	+	UBE4A	UBE4A
chr1	10032957	+	UBE4B	UBE4B
chr16	23557726	+	UBFD1	UBFD1
chr1	11273197	+	UBIAD1	UBIAD1
chr13	29850617	-	UBL3	UBL3
chrX	154486615	-	UBL4A	UBL4A
chr1	110112442	+	UBL4B	UBL4B
chr19	9827917	+	UBL5	UBL5
chr15	74461160	-	UBL7	UBL7
chr15	74461264	+	UBL7-AS1	UBL7-AS1
chr5	159263289	+	UBLCP1	UBLCP1
chr16	4847480	+	UBN1	UBN1
chr7	139231236	+	UBN2	UBN2
chr20	3159865	-	UBOX5	UBOX5
chr20	3106910	+	UBOX5-AS1	UBOX5-AS1
chr3	33440378	-	UBP1	UBP1
chr9	83707958	-	UBQLN1	UBQLN1
chrX	56563626	+	UBQLN2	UBQLN2
chr11	5509957	-	UBQLN3	UBQLN3
chr1	156053798	-	UBQLN4	UBQLN4
chr11	5516699	-	UBQLNL	UBQLNL
chr15	43106038	-	UBR1	UBR1
chr6	42564021	+	UBR2	UBR2
chr2	169827453	+	UBR3	UBR3
chr1	19210266	-	UBR4	UBR4
chr8	102412689	-	UBR5	UBR5
chr8	102239450	+	UBR5-AS1	UBR5-AS1
chr14	93207055	+	UBR7	UBR7
chr10	97498923	+	UBTD1	UBTD1
chr5	172283764	-	UBTD2	UBTD2
chr17	44219675	-	UBTF	UBTF
chr11	90085949	+	UBTFL1	UBTFL1
chr11	62679073	-	UBXN1	UBXN1
chr1	20186095	+	UBXN10	UBXN10
chr1	26306704	-	UBXN11	UBXN11
chr2	23940462	+	UBXN2A	UBXN2A
chr8	58411263	+	UBXN2B	UBXN2B
chr2	135741854	+	UBXN4	UBXN4
chr19	4455301	-	UBXN6	UBXN6
chr3	196432427	-	UBXN7	UBXN7
chr3	196431384	+	UBXN7-AS1	UBXN7-AS1
chr8	30744163	+	UBXN8	UBXN8
chr3	158526707	+	UC.134	UC.134
chr19	15828946	+	UCA1	UCA1
chr4	41256927	+	UCHL1	UCHL1
chr4	41256727	-	UCHL1-AS1	UCHL1-AS1
chr13	75549479	+	UCHL3	UCHL3
chr1	193059360	-	UCHL5	UCHL5
chr9	131531263	-	UCK1	UCK1
chr1	165827613	+	UCK2	UCK2
chr20	63951187	-	UCKL1	UCKL1
chr20	63953383	+	UCKL1-AS1	UCKL1-AS1
chr10	13234374	-	UCMA	UCMA
chr2	27308445	-	UCN	UCN
chr3	48563781	-	UCN2	UCN2
chr10	5364965	+	UCN3	UCN3
chr4	140568961	-	UCP1	UCP1
chr11	73982843	-	UCP2	UCP2
chr11	74009085	-	UCP3	UCP3
chr11	18579518	-	UEVLD	UEVLD
chr1	161153977	+	UFC1	UFC1
chr22	19479193	-	UFD1	UFD1
chr6	96521805	+	UFL1	UFL1
chr13	38349850	+	UFM1	UFM1
chr7	100889715	-	UFSP1	UFSP1
chr4	185425964	-	UFSP2	UFSP2
chr9	111896813	+	UGCG	UGCG
chr4	39527439	-	UGDH	UGDH
chr4	39527838	+	UGDH-AS1	UGDH-AS1
chr2	128091199	+	UGGT1	UGGT1
chr13	96053401	-	UGGT2	UGGT2
chr2	63840968	+	UGP2	UGP2
chr2	233760269	+	UGT1A1	UGT1A1
chr2	233636476	+	UGT1A10	UGT1A10
chr2	233729041	+	UGT1A3	UGT1A3
chr2	233718735	+	UGT1A4	UGT1A4
chr2	233712991	+	UGT1A5	UGT1A5
chr2	233691669	+	UGT1A6	UGT1A6
chr2	233681937	+	UGT1A7	UGT1A7
chr2	233617644	+	UGT1A8	UGT1A8
chr2	233671897	+	UGT1A9	UGT1A9
chr4	69647698	-	UGT2A1	UGT2A1
chr4	69639642	-	UGT2A2	UGT2A2
chr4	68951804	-	UGT2A3	UGT2A3
chr4	68815993	+	UGT2B10	UGT2B10
chr4	69214748	-	UGT2B11	UGT2B11
chr4	68670652	-	UGT2B15	UGT2B15
chr4	68576322	-	UGT2B17	UGT2B17
chr4	69280474	+	UGT2B28	UGT2B28
chr4	69495905	-	UGT2B4	UGT2B4
chr4	69051263	+	UGT2B7	UGT2B7
chr5	35991390	-	UGT3A1	UGT3A1
chr5	36066882	-	UGT3A2	UGT3A2
chr4	114598401	+	UGT8	UGT8
chr1	162497173	+	UHMK1	UHMK1
chr19	4903079	+	UHRF1	UHRF1
chr6	34792082	+	UHRF1BP1	UHRF1BP1
chr12	100142874	-	UHRF1BP1L	UHRF1BP1L
chr9	6413150	+	UHRF2	UHRF2
chr2	240967451	-	UICLM	UICLM
chr5	177006442	-	UIMC1	UIMC1
chr6	149963942	+	ULBP1	ULBP1
chr6	149942013	+	ULBP2	ULBP2
chr6	150069121	-	ULBP3	ULBP3
chr12	131894621	+	ULK1	ULK1
chr17	19867936	-	ULK2	ULK2
chr15	74843156	-	ULK3	ULK3
chr3	41962103	-	ULK4	ULK4
chr15	30103546	+	ULK4P1	ULK4P1
chr15	30103546	+	ULK4P2	ULK4P2
chr15	30103731	+	ULK4P3	ULK4P3
chr7	7640751	+	UMAD1	UMAD1
chr16	20352715	-	UMOD	UMOD
chr21	42062876	+	UMODL1	UMODL1
chr21	42108534	-	UMODL1-AS1	UMODL1-AS1
chr3	124730365	+	UMPS	UMPS
chr17	28552624	-	UNC119	UNC119
chr12	120710457	+	UNC119B	UNC119B
chr19	17688199	-	UNC13A	UNC13A
chr9	35162008	+	UNC13B	UNC13B
chr15	53978440	+	UNC13C	UNC13C
chr17	75844404	-	UNC13D	UNC13D
chr15	90930179	+	UNC45A	UNC45A
chr17	35147816	+	UNC45B	UNC45B
chr2	98608547	+	UNC50	UNC50
chr5	176810558	+	UNC5A	UNC5A
chr10	71212569	+	UNC5B	UNC5B
chr10	71218228	-	UNC5B-AS1	UNC5B-AS1
chr4	95548973	-	UNC5C	UNC5C
chr6	41039221	-	UNC5CL	UNC5CL
chr8	35235474	+	UNC5D	UNC5D
chr14	93333181	+	UNC79	UNC79
chr2	209771831	+	UNC80	UNC80
chr6	167291314	+	UNC93A	UNC93A
chr11	68004097	-	UNC93B1	UNC93B1
chr7	1232871	+	UNCX	UNCX
chr12	109097596	+	UNG	UNG
chr17	75784805	+	UNK	UNK
chr16	1379652	-	UNKL	UNKL
chr9	89639782	+	UNQ6494	UNQ6494
chr1	84384801	-	UOX	UOX
chr22	24495331	+	UPB1	UPB1
chr19	18831958	+	UPF1	UPF1
chr10	12042809	-	UPF2	UPF2
chr13	114281600	+	UPF3A	UPF3A
chrX	119852963	-	UPF3B	UPF3B
chr19	35666515	+	UPK1A	UPK1A
chr19	35673291	-	UPK1A-AS1	UPK1A-AS1
chr3	119173597	+	UPK1B	UPK1B
chr11	118956297	+	UPK2	UPK2
chr22	45284948	+	UPK3A	UPK3A
chr7	76510422	+	UPK3B	UPK3B
chr7	102642791	-	UPK3BL1	UPK3BL1
chr7	102544788	-	UPK3BL2	UPK3BL2
chr7	48088602	+	UPP1	UPP1
chr2	157995178	+	UPP2	UPP2
chrX	75156368	+	UPRT	UPRT
chr20	35411973	-	UQCC1	UQCC1
chr6	33711700	-	UQCC2	UQCC2
chr11	62671672	+	UQCC3	UQCC3
chr22	29767368	+	UQCR10	UQCR10
chr19	1605462	-	UQCR11	UQCR11
chr8	96235545	-	UQCRB	UQCRB
chrX	56737584	-	UQCRBP1	UQCRBP1
chr3	48609646	-	UQCRC1	UQCRC1
chr16	21953360	+	UQCRC2	UQCRC2
chr19	29213151	-	UQCRFS1	UQCRFS1
chr1	46303697	+	UQCRH	UQCRH
chr1	15807699	-	UQCRHL	UQCRHL
chr5	132866641	+	UQCRQ	UQCRQ
chr13	27988693	-	URAD	URAD
chr16	90047625	-	URAHP	URAHP
chr21	32393012	-	URB1	URB1
chr21	32393132	+	URB1-AS1	URB1-AS1
chr1	229626215	+	URB2	URB2
chr7	43906596	-	URGCP	URGCP
chr7	43906596	-	URGCP-MRPS24	URGCP-MRPS24
chr19	29923656	+	URI1	URI1
chr9	128371318	+	URM1	URM1
chr3	126517773	-	UROC1	UROC1
chr1	45012253	+	UROD	UROD
chr10	125823258	-	UROS	UROS
chr16	57999602	+	USB1	USB1
chr19	17215356	+	USE1	USE1
chr1	161044984	-	USF1	USF1
chr19	35268961	+	USF2	USF2
chr3	113696642	-	USF3	USF3
chr11	17544416	-	USH1C	USH1C
chr17	74923255	-	USH1G	USH1G
chr1	216423448	-	USH2A	USH2A
chr1	216072464	+	USH2A-AS2	USH2A-AS2
chr19	17264745	-	USHBP1	USHBP1
chr4	75724521	+	USO1	USO1
chr1	62436303	+	USP1	USP1
chr16	84699999	+	USP10	USP10
chrX	47233008	+	USP11	USP11
chr13	27171811	-	USP12	USP12
chr13	27125532	+	USP12-AS1	USP12-AS1
chr13	27172258	+	USP12-AS2	USP12-AS2
chr3	179653039	+	USP13	USP13
chr18	158556	+	USP14	USP14
chr12	62260339	+	USP15	USP15
chr21	29024616	+	USP16	USP16
chr8	7332386	+	USP17L1	USP17L1
chr4	9210656	+	USP17L10	USP17L10
chr4	9215404	+	USP17L11	USP17L11
chr4	9220151	+	USP17L12	USP17L12
chr4	9224895	+	USP17L13	USP17L13
chr4	9234384	+	USP17L15	USP17L15
chr4	9243878	+	USP17L17	USP17L17
chr4	9215404	+	USP17L18	USP17L18
chr4	9253377	+	USP17L19	USP17L19
chr8	12138760	-	USP17L2	USP17L2
chr4	9215404	+	USP17L20	USP17L20
chr4	9220151	+	USP17L21	USP17L21
chr4	9258123	+	USP17L22	USP17L22
chr4	9325164	+	USP17L24	USP17L24
chr4	9325164	+	USP17L25	USP17L25
chr4	9325164	+	USP17L26	USP17L26
chr4	9325164	+	USP17L27	USP17L27
chr4	9325164	+	USP17L28	USP17L28
chr4	9325164	+	USP17L29	USP17L29
chr8	7332386	+	USP17L3	USP17L3
chr4	9325164	+	USP17L30	USP17L30
chr8	7337114	+	USP17L4	USP17L4
chr4	9325164	+	USP17L5	USP17L5
chr4	9367873	+	USP17L6P	USP17L6P
chr8	12134099	-	USP17L7	USP17L7
chr8	7973253	-	USP17L8	USP17L8
chr4	9358381	+	USP17L9P	USP17L9P
chr22	18150169	+	USP18	USP18
chr3	49120938	-	USP19	USP19
chr11	119364208	-	USP2	USP2
chr11	119381777	+	USP2-AS1	USP2-AS1
chr9	129835416	+	USP20	USP20
chr1	161159499	+	USP21	USP21
chr17	21043011	-	USP22	USP22
chr1	55215364	-	USP24	USP24
chr21	15729933	+	USP25	USP25
chrX	133028272	-	USP26	USP26
chrX	49879483	+	USP27X	USP27X
chrX	49879356	-	USP27X-AS1	USP27X-AS1
chr11	113875572	-	USP28	USP28
chr19	57120140	+	USP29	USP29
chr15	63504510	+	USP3	USP3
chr15	63600827	-	USP3-AS1	USP3-AS1
chr12	109023088	+	USP30	USP30
chr12	109053965	-	USP30-AS1	USP30-AS1
chr16	23149270	-	USP31	USP31
chr17	60392133	-	USP32	USP32
chr17	16786891	+	USP32P1	USP32P1
chr17	18521252	-	USP32P2	USP32P2
chr17	20410515	+	USP32P3	USP32P3
chr1	77759852	-	USP33	USP33
chr2	61471087	-	USP34	USP34
chr11	78188918	+	USP35	USP35
chr17	78840814	-	USP36	USP36
chr2	218568351	-	USP37	USP37
chr4	143184916	+	USP38	USP38
chr2	85602860	+	USP39	USP39
chr3	49340053	-	USP4	USP4
chr2	233489898	-	USP40	USP40
chr7	6104948	+	USP42	USP42
chr17	9645516	+	USP43	USP43
chr12	95548238	-	USP44	USP44
chr6	99515376	-	USP45	USP45
chr4	52656539	-	USP46	USP46
chr4	52659405	+	USP46-DT	USP46-DT
chr11	11841971	+	USP47	USP47
chr1	21783149	-	USP48	USP48
chr6	41891875	-	USP49	USP49
chr12	6852149	+	USP5	USP5
chr15	50546666	-	USP50	USP50
chrX	55489198	-	USP51	USP51
chr4	119212626	+	USP53	USP53
chr10	73553340	-	USP54	USP54
chr17	5116031	+	USP6	USP6
chr10	11532280	-	USP6NL	USP6NL
chr16	8936639	-	USP7	USP7
chr15	50424404	+	USP8	USP8
chrX	41085444	+	USP9X	USP9X
chrY	12701230	+	USP9Y	USP9Y
chr13	30617919	+	USPL1	USPL1
chr6	148747029	+	UST	UST
chr6	148964684	-	UST-AS1	UST-AS1
chr6	149032661	-	UST-AS2	UST-AS2
chr10	133230216	+	UTF1	UTF1
chr1	38012733	+	UTP11	UTP11
chrX	129906120	+	UTP14A	UTP14A
chr13	52024690	+	UTP14C	UTP14C
chr5	73565740	+	UTP15	UTP15
chr17	51260545	+	UTP18	UTP18
chr12	101280104	+	UTP20	UTP20
chr8	116766523	+	UTP23	UTP23
chr1	209827971	+	UTP25	UTP25
chr4	70688531	+	UTP3	UTP3
chr16	69132595	+	UTP4	UTP4
chr17	31901708	-	UTP6	UTP6
chr6	144291736	+	UTRN	UTRN
chr1	7853065	-	UTS2	UTS2
chr3	191330536	-	UTS2B	UTS2B
chr17	82371764	+	UTS2R	UTS2R
chrY	13480670	-	UTY	UTY
chr11	75815209	+	UVRAG	UVRAG
chr11	75814797	-	UVRAG-DT	UVRAG-DT
chr4	1347207	+	UVSSA	UVSSA
chr2	106138881	-	UXS1	UXS1
chrX	47659180	-	UXT	UXT
chrX	47658832	+	UXT-AS1	UXT-AS1
chr16	70801158	-	VAC14	VAC14
chr16	70755094	+	VAC14-AS1	VAC14-AS1
chr12	6470677	-	VAMP1	VAMP1
chr17	8162876	-	VAMP2	VAMP2
chr1	7771295	+	VAMP3	VAMP3
chr1	171742065	-	VAMP4	VAMP4
chr2	85584430	+	VAMP5	VAMP5
chrY	57067864	+	VAMP7	VAMP7
chr2	85577585	+	VAMP8	VAMP8
chr1	115641969	+	VANGL1	VANGL1
chr1	160400563	+	VANGL2	VANGL2
chr18	9914015	+	VAPA	VAPA
chr20	58389228	+	VAPB	VAPB
chr6	31795752	-	VARS1	VARS1
chr6	30914207	+	VARS2	VARS2
chr14	76761467	+	VASH1	VASH1
chr14	76786724	-	VASH1-AS1	VASH1-AS1
chr1	212950540	+	VASH2	VASH2
chr16	4371847	+	VASN	VASN
chr19	45507478	+	VASP	VASP
chr17	43022385	-	VAT1	VAT1
chr16	77788563	+	VAT1L	VAT1L
chr19	6772707	+	VAV1	VAV1
chr9	133992324	-	VAV2	VAV2
chr1	107688499	-	VAV3	VAV3
chr1	107964442	+	VAV3-AS1	VAV3-AS1
chr10	117138270	-	VAX1	VAX1
chr2	70900575	+	VAX2	VAX2
chrX	155197006	+	VBP1	VBP1
chr1	100719639	+	VCAM1	VCAM1
chr5	83471673	+	VCAN	VCAN
chr5	83562314	-	VCAN-AS1	VCAN-AS1
chr10	73998115	+	VCL	VCL
chr9	35072308	-	VCP	VCP
chr8	66667231	-	VCPIP1	VCPIP1
chr14	50116572	-	VCPKMT	VCPKMT
chrX	7842261	+	VCX	VCX
chrX	8171267	-	VCX2	VCX2
chrX	6535118	-	VCX3A	VCX3A
chrX	8464829	+	VCX3B	VCX3B
chrY	13986512	-	VCY	VCY
chrY	13986503	-	VCY1B	VCY1B
chr5	134004768	-	VDAC1	VDAC1
chr10	75210153	+	VDAC2	VDAC2
chr8	42391760	+	VDAC3	VDAC3
chr12	47904994	-	VDR	VDR
chr6	43770208	+	VEGFA	VEGFA
chr11	64234583	+	VEGFB	VEGFB
chr4	176792922	-	VEGFC	VEGFC
chrX	15384413	-	VEGFD	VEGFD
chr10	133237854	+	VENTX	VENTX
chrX	26558336	+	VENTXP1	VENTXP1
chr3	21405725	+	VENTXP7	VENTXP7
chr3	157495506	-	VEPH1	VEPH1
chr17	57988254	-	VEZF1	VEZF1
chr12	95217745	+	VEZT	VEZT
chr7	101165569	-	VGF	VGF
chrX	136532214	+	VGLL1	VGLL1
chr6	117265557	+	VGLL2	VGLL2
chr3	86991149	-	VGLL3	VGLL3
chr3	11568798	-	VGLL4	VGLL4
chr3	10141777	+	VHL	VHL
chr1	156299307	-	VHLL	VHLL
chr2	218419122	+	VIL1	VIL1
chr3	37987977	+	VILL	VILL
chr10	17228240	+	VIM	VIM
chr10	17226898	-	VIM-AS1	VIM-AS1
chr6	152750796	+	VIP	VIP
chr14	77457601	-	VIPAS39	VIPAS39
chr3	42489298	+	VIPR1	VIPR1
chr3	42532606	-	VIPR1-AS1	VIPR1-AS1
chr7	159097204	-	VIPR2	VIPR2
chr8	94553469	-	VIRMA	VIRMA
chr2	36696689	+	VIT	VIT
chr16	31094797	-	VKORC1	VKORC1
chr7	65873073	+	VKORC1L1	VKORC1L1
chr9	2621786	+	VLDLR	VLDLR
chr9	2622373	-	VLDLR-AS1	VLDLR-AS1
chrX	151396594	+	VMA21	VMA21
chr19	5904871	+	VMAC	VMAC
chr17	4786364	-	VMO1	VMO1
chr17	59707653	+	VMP1	VMP1
chr19	57456739	-	VN1R1	VN1R1
chr6	27324760	+	VN1R10P	VN1R10P
chr19	53258291	+	VN1R2	VN1R2
chr16	31808853	-	VN1R3	VN1R3
chr19	53267665	-	VN1R4	VN1R4
chr1	247256071	+	VN1R5	VN1R5
chr6	132714055	-	VNN1	VNN1
chr6	132757904	-	VNN2	VNN2
chr6	132734765	-	VNN3	VNN3
chr7	55526880	-	VOPP1	VOPP1
chr22	22244785	+	VPREB1	VPREB1
chr22	23754425	-	VPREB3	VPREB3
chr11	119067817	+	VPS11	VPS11
chr9	77177444	+	VPS13A	VPS13A
chr9	77177917	-	VPS13A-AS1	VPS13A-AS1
chr8	99013273	+	VPS13B	VPS13B
chr15	62060447	-	VPS13C	VPS13C
chr1	12230029	+	VPS13D	VPS13D
chr20	2840696	+	VPS16	VPS16
chr15	40894449	+	VPS18	VPS18
chr17	42773448	+	VPS25	VPS25
chr10	69124152	+	VPS26A	VPS26A
chr11	134224670	+	VPS26B	VPS26B
chr21	37267334	-	VPS26C	VPS26C
chr8	144428548	-	VPS28	VPS28
chr12	110502111	-	VPS29	VPS29
chr12	122266494	-	VPS33A	VPS33A
chr15	91022594	-	VPS33B	VPS33B
chr15	91022621	+	VPS33B-DT	VPS33B-DT
chr16	46689178	-	VPS35	VPS35
chr16	19555702	+	VPS35L	VPS35L
chr13	52450244	-	VPS36	VPS36
chr8	17246891	+	VPS37A	VPS37A
chr12	122896124	-	VPS37B	VPS37B
chr11	61161426	-	VPS37C	VPS37C
chr7	73667830	+	VPS37D	VPS37D
chr15	42208304	-	VPS39	VPS39
chr7	38909191	-	VPS41	VPS41
chr1	150067381	+	VPS45	VPS45
chr16	69311349	+	VPS4A	VPS4A
chr18	63422476	-	VPS4B	VPS4B
chr7	93232339	+	VPS50	VPS50
chr11	65096213	+	VPS51	VPS51
chr6	33271876	-	VPS52	VPS52
chr17	714839	-	VPS53	VPS53
chr2	64019428	-	VPS54	VPS54
chr1	151190197	-	VPS72	VPS72
chr3	184812142	+	VPS8	VPS8
chr16	89720898	-	VPS9D1	VPS9D1
chr16	89711855	+	VPS9D1-AS1	VPS9D1-AS1
chr14	96797381	+	VRK1	VRK1
chr2	57907650	+	VRK2	VRK2
chr19	50025372	-	VRK3	VRK3
chr14	74348470	+	VRTN	VRTN
chrX	108044969	+	VSIG1	VSIG1
chr12	118104011	-	VSIG10	VSIG10
chr19	51342124	-	VSIG10L	VSIG10L
chr11	125946055	+	VSIG10L2	VSIG10L2
chr11	124752255	-	VSIG2	VSIG2
chrX	66040080	-	VSIG4	VSIG4
chr1	159862657	-	VSIG8	VSIG8
chr10	71773520	-	VSIR	VSIR
chr2	17539971	+	VSNL1	VSNL1
chr19	54063897	-	VSTM1	VSTM1
chr7	54542324	+	VSTM2A	VSTM2A
chr7	54556969	+	VSTM2A-OT1	VSTM2A-OT1
chr19	29525417	+	VSTM2B	VSTM2B
chr20	37903126	+	VSTM2L	VSTM2L
chr10	49115522	-	VSTM4	VSTM4
chr11	93850618	-	VSTM5	VSTM5
chr20	25078052	-	VSX1	VSX1
chr14	74239448	+	VSX2	VSX2
chr6	142147161	+	VTA1	VTA1
chr1	117203836	-	VTCN1	VTCN1
chr10	112446987	+	VTI1A	VTI1A
chr14	67674632	-	VTI1B	VTI1B
chr17	28370307	-	VTN	VTN
chr5	140711275	+	VTRNA1-1	VTRNA1-1
chr5	140718925	+	VTRNA1-2	VTRNA1-2
chr5	140726158	+	VTRNA1-3	VTRNA1-3
chr5	136080598	-	VTRNA2-1	VTRNA2-1
chr1	1435689	+	VWA1	VWA1
chr10	114239253	+	VWA2	VWA2
chr16	22092540	+	VWA3A	VWA3A
chr2	98087166	+	VWA3B	VWA3B
chr11	124115403	+	VWA5A	VWA5A
chr1	20290874	+	VWA5B1	VWA5B1
chr3	184230352	+	VWA5B2	VWA5B2
chr6	31777328	-	VWA7	VWA7
chr13	41961085	-	VWA8	VWA8
chr13	41961168	+	VWA8-AS1	VWA8-AS1
chr7	49773637	+	VWC2	VWC2
chr2	214411053	+	VWC2L	VWC2L
chr2	214510181	+	VWC2L-IT1	VWC2L-IT1
chr11	61295316	-	VWCE	VWCE
chr7	12403865	-	VWDE	VWDE
chr12	6124670	-	VWF	VWF
chr8	66493565	+	VXN	VXN
chr10	28532778	+	WAC	WAC
chr10	28532354	-	WAC-AS1	WAC-AS1
chr6	137868233	-	WAKMAR2	WAKMAR2
chr10	86521784	-	WAPL	WAPL
chr14	100375347	-	WARS1	WARS1
chr1	119140653	-	WARS2	WARS2
chr1	119140395	+	WARS2-AS1	WARS2-AS1
chr1	119047404	+	WARS2-IT1	WARS2-IT1
chrX	48683798	+	WAS	WAS
chr6	110179670	-	WASF1	WASF1
chr1	27490167	-	WASF2	WASF2
chr13	26557682	+	WASF3	WASF3
chr2	113583652	+	WASH2P	WASH2P
chr15	101960812	+	WASH3P	WASH3P
chr19	70966	-	WASH5P	WASH5P
chr1	29370	-	WASH7P	WASH7P
chr12	32015	-	WASH8P	WASH8P
chr9	29456	-	WASHC1	WASHC1
chr10	50067887	+	WASHC2A	WASHC2A
chr10	45727042	+	WASHC2C	WASHC2C
chr12	102061991	-	WASHC3	WASHC3
chr12	105107730	+	WASHC4	WASHC4
chr8	125091792	-	WASHC5	WASHC5
chrY	57203350	-	WASIR1	WASIR1
chr16	22915	+	WASIR2	WASIR2
chr7	123749003	-	WASL	WASL
chr2	74458437	+	WBP1	WBP1
chr12	14803478	-	WBP11	WBP11
chr18	32511662	+	WBP11P1	WBP11P1
chr10	102743947	+	WBP1L	WBP1L
chr17	75855335	-	WBP2	WBP2
chr22	41998787	+	WBP2NL	WBP2NL
chr13	41061508	+	WBP4	WBP4
chr2	24047391	-	WDCP	WDCP
chr2	223945335	-	WDFY1	WDFY1
chr13	51584461	+	WDFY2	WDFY2
chr4	84966690	-	WDFY3	WDFY3
chr4	84965615	+	WDFY3-AS2	WDFY3-AS2
chr10	48684872	+	WDFY4	WDFY4
chr14	55027099	-	WDHD1	WDHD1
chr2	63438007	-	WDPCP	WDPCP
chr4	10116799	-	WDR1	WDR1
chr10	120851361	+	WDR11	WDR11
chr10	120851179	-	WDR11-AS1	WDR11-AS1
chr2	202911673	-	WDR12	WDR12
chrX	48597491	+	WDR13	WDR13
chr4	176065840	+	WDR17	WDR17
chr19	982927	+	WDR18	WDR18
chr4	39182528	+	WDR19	WDR19
chr14	102139422	+	WDR20	WDR20
chr16	690398	-	WDR24	WDR24
chr14	100376415	+	WDR25	WDR25
chr1	224434797	-	WDR26	WDR26
chr6	169702029	-	WDR27	WDR27
chr1	117929738	+	WDR3	WDR3
chr9	113340275	-	WDR31	WDR31
chr2	127811171	-	WDR33	WDR33
chr2	19990105	-	WDR35	WDR35
chr5	111092347	+	WDR36	WDR36
chr10	1056384	+	WDR37	WDR37
chr9	124853416	+	WDR38	WDR38
chr21	42879275	-	WDR4	WDR4
chr5	77492316	-	WDR41	WDR41
chr2	28894666	+	WDR43	WDR43
chrX	118346072	+	WDR44	WDR44
chrX	49079887	-	WDR45	WDR45
chr17	82648444	-	WDR45B	WDR45B
chr6	33289239	-	WDR46	WDR46
chr1	109042102	-	WDR47	WDR47
chr3	39052015	+	WDR48	WDR48
chr3	167653942	-	WDR49	WDR49
chr9	134135198	+	WDR5	WDR5
chr3	196568554	-	WDR53	WDR53
chr2	74421729	+	WDR54	WDR54
chr5	140664798	+	WDR55	WDR55
chr16	74985123	-	WDR59	WDR59
chr3	122416062	-	WDR5B	WDR5B
chr3	49007390	+	WDR6	WDR6
chr15	78299609	-	WDR61	WDR61
chr19	36054896	+	WDR62	WDR62
chr1	241652280	+	WDR64	WDR64
chr18	56651358	+	WDR7	WDR7
chr5	37379317	+	WDR70	WDR70
chr15	53540852	-	WDR72	WDR72
chr15	84654246	-	WDR73	WDR73
chr11	62839590	-	WDR74	WDR74
chr2	189441432	+	WDR75	WDR75
chr15	43827001	+	WDR76	WDR76
chr1	111449256	-	WDR77	WDR77
chr17	1716522	+	WDR81	WDR81
chr3	52278649	-	WDR82	WDR82
chr19	12666806	+	WDR83	WDR83
chr19	12669415	-	WDR83OS	WDR83OS
chr7	151410038	-	WDR86	WDR86
chr7	151409160	+	WDR86-AS1	WDR86-AS1
chr19	37906594	-	WDR87	WDR87
chr19	37855196	-	WDR87BP	WDR87BP
chr19	33132113	+	WDR88	WDR88
chr14	63641871	-	WDR89	WDR89
chr16	649364	+	WDR90	WDR90
chr7	135211526	-	WDR91	WDR91
chr2	68157527	-	WDR92	WDR92
chr15	89690810	+	WDR93	WDR93
chr8	144107738	+	WDR97	WDR97
chr2	159286703	-	WDSUB1	WDSUB1
chr1	27234631	+	WDTC1	WDTC1
chr11	9573669	+	WEE1	WEE1
chr7	141708352	+	WEE2	WEE2
chr7	141738230	-	WEE2-AS1	WEE2-AS1
chr16	84294877	+	WFDC1	WFDC1
chr20	45629738	+	WFDC10A	WFDC10A
chr20	45705019	-	WFDC10B	WFDC10B
chr20	45670239	-	WFDC11	WFDC11
chr20	45124465	-	WFDC12	WFDC12
chr20	45702037	+	WFDC13	WFDC13
chr20	45469752	+	WFDC2	WFDC2
chr17	60088467	-	WFDC21P	WFDC21P
chr20	45791883	-	WFDC3	WFDC3
chr20	45115174	-	WFDC5	WFDC5
chr20	45539482	-	WFDC6	WFDC6
chr20	45579284	-	WFDC8	WFDC8
chr20	45631284	-	WFDC9	WFDC9
chr16	630984	+	WFIKKN1	WFIKKN1
chr17	50834583	+	WFIKKN2	WFIKKN2
chr4	6269849	+	WFS1	WFS1
chr15	82809627	+	WHAMM	WHAMM
chr15	30473982	+	WHAMMP1	WHAMMP1
chr15	28737582	+	WHAMMP2	WHAMMP2
chr15	22664738	+	WHAMMP3	WHAMMP3
chr9	114426168	-	WHRN	WHRN
chr12	65121305	-	WIF1	WIF1
chr2	174597804	-	WIPF1	WIPF1
chr17	40219303	+	WIPF2	WIPF2
chr7	29806553	+	WIPF3	WIPF3
chr17	68457496	-	WIPI1	WIPI1
chr7	5190232	+	WIPI2	WIPI2
chr19	15432761	-	WIZ	WIZ
chr1	68232523	-	WLS	WLS
chr12	752578	+	WNK1	WNK1
chr9	93184929	+	WNK2	WNK2
chrX	54358005	-	WNK3	WNK3
chr17	42780609	+	WNK4	WNK4
chr12	48978321	+	WNT1	WNT1
chr2	218880851	+	WNT10A	WNT10A
chr12	48971735	-	WNT10B	WNT10B
chr11	76206502	-	WNT11	WNT11
chr7	121325366	+	WNT16	WNT16
chr7	117323058	-	WNT2	WNT2
chr1	112466540	+	WNT2B	WNT2B
chr17	46818692	-	WNT3	WNT3
chr1	228006997	+	WNT3A	WNT3A
chr1	22143097	-	WNT4	WNT4
chr3	55481398	-	WNT5A	WNT5A
chr12	1617055	+	WNT5B	WNT5B
chr2	218859804	+	WNT6	WNT6
chr3	13880071	-	WNT7A	WNT7A
chr22	45977162	-	WNT7B	WNT7B
chr5	138083891	+	WNT8A	WNT8A
chr10	100463008	+	WNT8B	WNT8B
chr1	227947932	-	WNT9A	WNT9A
chr17	46851582	+	WNT9B	WNT9B
chr17	7686070	+	WRAP53	WRAP53
chr1	3650103	-	WRAP73	WRAP73
chr8	31033809	+	WRN	WRN
chr6	2765392	+	WRNIP1	WRNIP1
chr17	27294113	+	WSB1	WSB1
chr12	118061179	-	WSB2	WSB2
chr17	6070613	+	WSCD1	WSCD1
chr12	108129287	+	WSCD2	WSCD2
chr5	133913676	+	WSPAR	WSPAR
chr11	32400400	-	WT1	WT1
chr11	32435517	+	WT1-AS	WT1-AS
chr6	159726997	+	WTAP	WTAP
chr11	102783675	+	WTAPP1	WTAPP1
chr19	34481757	+	WTIP	WTIP
chr5	168291644	+	WWC1	WWC1
chr4	183099256	+	WWC2	WWC2
chr4	183240634	-	WWC2-AS1	WWC2-AS1
chr4	183099199	-	WWC2-AS2	WWC2-AS2
chrX	10015253	+	WWC3	WWC3
chr16	78099653	+	WWOX	WWOX
chr8	86342546	+	WWP1	WWP1
chr16	69762331	+	WWP2	WWP2
chr3	149658025	-	WWTR1	WWTR1
chr3	149658209	+	WWTR1-AS1	WWTR1-AS1
chr19	7629545	-	XAB2	XAB2
chrX	113938218	-	XACT	XACT
chr17	6755446	+	XAF1	XAF1
chrX	52495807	+	XAGE1A	XAGE1A
chrX	52495667	+	XAGE1B	XAGE1B
chrX	52369020	+	XAGE2	XAGE2
chrX	52867301	-	XAGE3	XAGE3
chrX	52812203	+	XAGE5	XAGE5
chr22	28800572	-	XBP1	XBP1
chr1	168576604	+	XCL1	XCL1
chr1	168543997	-	XCL2	XCL2
chr3	46027483	-	XCR1	XCR1
chr2	31414742	-	XDH	XDH
chrX	2752039	+	XG	XG
chrX	2752295	+	XGY2	XGY2
chrX	123859707	+	XIAP	XIAP
chr3	39192595	-	XIRP1	XIRP1
chr2	166888479	+	XIRP2	XIRP2
chr2	167140955	-	XIRP2-AS1	XIRP2-AS1
chrX	73852753	-	XIST	XIST
chrX	37685790	+	XK	XK
chr22	16821699	-	XKR3	XKR3
chr8	55102027	+	XKR4	XKR4
chr8	6835524	-	XKR5	XKR5
chr8	11201366	-	XKR6	XKR6
chr20	31968150	+	XKR7	XKR7
chr1	27959972	+	XKR8	XKR8
chr8	70669338	+	XKR9	XKR9
chrX	100928917	-	XKRX	XKRX
chrY	17770560	-	XKRY	XKRY
chrY	17770560	-	XKRY2	XKRY2
chr9	42788399	+	XLOC_007697	XLOC_007697
chr10	90947299	+	XLOC_008559	XLOC_008559
chr12	120904694	+	XLOC_009911	XLOC_009911
chr9	97697340	-	XPA	XPA
chr3	14178601	-	XPC	XPC
chr10	109923246	-	XPNPEP1	XPNPEP1
chrX	129738978	+	XPNPEP2	XPNPEP2
chr22	40857080	+	XPNPEP3	XPNPEP3
chr2	61538356	-	XPO1	XPO1
chr13	20902774	-	XPO4	XPO4
chr6	43576038	-	XPO5	XPO5
chr16	28211965	-	XPO6	XPO6
chr8	21919661	+	XPO7	XPO7
chr12	64404391	+	XPOT	XPOT
chr1	180632021	+	XPR1	XPR1
chr19	43575527	-	XRCC1	XRCC1
chr7	152676141	-	XRCC2	XRCC2
chr14	103715451	-	XRCC3	XRCC3
chr5	83077408	+	XRCC4	XRCC4
chr2	216109347	+	XRCC5	XRCC5
chr22	41621162	+	XRCC6	XRCC6
chr3	142448037	-	XRN1	XRN1
chr20	21303330	+	XRN2	XRN2
chr11	74949091	-	XRRA1	XRRA1
chr3	195247920	-	XXYLT1	XXYLT1
chr3	195094587	+	XXYLT1-AS1	XXYLT1-AS1
chr3	195147870	+	XXYLT1-AS2	XXYLT1-AS2
chr3	38346759	+	XYLB	XYLB
chr16	17470960	-	XYLT1	XYLT1
chr17	50346125	+	XYLT2	XYLT2
chr7	39566403	+	YAE1	YAE1
chr12	42238248	-	YAF2	YAF2
chr11	102110446	+	YAP1	YAP1
chr1	32818032	-	YARS1	YARS1
chr12	32755897	-	YARS2	YARS2
chr21	46286329	+	YBEY	YBEY
chr1	42682417	+	YBX1	YBX1
chr17	7294639	-	YBX2	YBX2
chr12	10723323	-	YBX3	YBX3
chr16	31569524	-	YBX3P1	YBX3P1
chr22	21630022	-	YDJC	YDJC
chr3	183697796	+	YEATS2	YEATS2
chr3	183810451	-	YEATS2-AS1	YEATS2-AS1
chr12	69359709	+	YEATS4	YEATS4
chr18	812242	-	YES1	YES1
chr11	66289143	-	YIF1A	YIF1A
chr19	38315780	-	YIF1B	YIF1B
chr1	53889797	-	YIPF1	YIPF1
chr19	10928639	-	YIPF2	YIPF2
chr6	43516926	-	YIPF3	YIPF3
chr2	32277903	+	YIPF4	YIPF4
chr5	144170659	-	YIPF5	YIPF5
chrX	68498781	+	YIPF6	YIPF6
chr4	44651641	-	YIPF7	YIPF7
chr19	19528910	+	YJEFN3	YJEFN3
chr19	4247079	+	YJU2	YJU2
chr7	44200977	+	YKT6	YKT6
chr14	74763315	+	YLPM1	YLPM1
chr10	27154384	-	YME1L1	YME1L1
chr1	207051208	-	YOD1	YOD1
chr22	21735794	-	YPEL1	YPEL1
chr17	59331654	+	YPEL2	YPEL2
chr16	30096213	-	YPEL3	YPEL3
chr11	57649912	-	YPEL4	YPEL4
chr2	30147006	+	YPEL5	YPEL5
chr1	37808208	-	YRDC	YRDC
chr4	68350090	-	YTHDC1	YTHDC1
chr5	113513693	+	YTHDC2	YTHDC2
chr20	63216131	-	YTHDF1	YTHDF1
chr1	28736620	+	YTHDF2	YTHDF2
chr8	63168552	+	YTHDF3	YTHDF3
chr8	63168442	-	YTHDF3-AS1	YTHDF3-AS1
chr20	44885704	+	YWHAB	YWHAB
chr17	1400222	-	YWHAE	YWHAE
chr7	64433692	+	YWHAEP1	YWHAEP1
chr17	37884743	-	YWHAEP7	YWHAEP7
chr7	76358991	-	YWHAG	YWHAG
chr22	31944534	+	YWHAH	YWHAH
chr2	9630997	-	YWHAQ	YWHAQ
chr8	100950571	-	YWHAZ	YWHAZ
chr14	100239143	+	YY1	YY1
chr1	155679829	-	YY1AP1	YY1AP1
chr2	138897323	+	YY1P2	YY1P2
chrX	21855986	+	YY2	YY2
chr17	76079181	+	ZACN	ZACN
chr18	75205513	-	ZADH2	ZADH2
chr7	100733594	+	ZAN	ZAN
chr2	97713575	+	ZAP70	ZAP70
chr4	48490251	+	ZAR1	ZAR1
chr13	32315363	-	ZAR1L	ZAR1L
chr7	100575219	-	ZASP	ZASP
chr3	167380283	-	ZBBX	ZBBX
chrX	2500539	-	ZBED1	ZBED1
chr3	111595346	-	ZBED2	ZBED2
chr5	77087285	-	ZBED3	ZBED3
chr5	77086797	+	ZBED3-AS1	ZBED3-AS1
chr22	49853843	+	ZBED4	ZBED4
chr11	10858053	-	ZBED5	ZBED5
chr11	10858216	+	ZBED5-AS1	ZBED5-AS1
chr1	203797522	+	ZBED6	ZBED6
chr7	150329848	+	ZBED6CL	ZBED6CL
chr5	160400054	-	ZBED8	ZBED8
chr6	28587298	-	ZBED9	ZBED9
chr20	57620426	-	ZBP1	ZBP1
chr14	64504573	+	ZBTB1	ZBTB1
chr8	80485592	+	ZBTB10	ZBTB10
chr3	101677132	-	ZBTB11	ZBTB11
chr3	101676429	+	ZBTB11-AS1	ZBTB11-AS1
chr6	31902086	-	ZBTB12	ZBTB12
chr18	5295726	-	ZBTB14	ZBTB14
chr11	114059710	+	ZBTB16	ZBTB16
chr1	15976101	-	ZBTB17	ZBTB17
chr1	244048938	+	ZBTB18	ZBTB18
chr6	151391559	-	ZBTB2	ZBTB2
chr3	114383642	-	ZBTB20	ZBTB20
chr3	114351810	+	ZBTB20-AS1	ZBTB20-AS1
chr3	114873032	+	ZBTB20-AS3	ZBTB20-AS3
chr3	115100422	+	ZBTB20-AS4	ZBTB20-AS4
chr3	114453592	+	ZBTB20-AS5	ZBTB20-AS5
chr21	42010360	-	ZBTB21	ZBTB21
chr6	33317744	-	ZBTB22	ZBTB22
chr6	109483219	-	ZBTB24	ZBTB24
chr14	64497992	-	ZBTB25	ZBTB25
chr9	122931265	-	ZBTB26	ZBTB26
chr11	62754160	-	ZBTB3	ZBTB3
chr19	35704557	+	ZBTB32	ZBTB32
chrX	120250811	+	ZBTB33	ZBTB33
chr9	126860638	+	ZBTB34	ZBTB34
chr1	173868081	+	ZBTB37	ZBTB37
chr3	141324185	+	ZBTB38	ZBTB38
chr12	57006546	-	ZBTB39	ZBTB39
chr17	7479631	-	ZBTB4	ZBTB4
chr1	22451850	+	ZBTB40	ZBTB40
chr1	197201293	-	ZBTB41	ZBTB41
chr14	104800553	+	ZBTB42	ZBTB42
chr9	126805005	+	ZBTB43	ZBTB43
chr11	130314712	-	ZBTB44	ZBTB44
chr11	130314992	+	ZBTB44-DT	ZBTB44-DT
chr19	58519602	-	ZBTB45	ZBTB45
chr20	63805503	-	ZBTB46	ZBTB46
chr20	63808075	+	ZBTB46-AS1	ZBTB46-AS1
chr3	42653696	+	ZBTB47	ZBTB47
chr1	6579993	+	ZBTB48	ZBTB48
chr4	4290250	+	ZBTB49	ZBTB49
chr9	37465450	-	ZBTB5	ZBTB5
chr9	122913323	-	ZBTB6	ZBTB6
chr19	4065529	-	ZBTB7A	ZBTB7A
chr1	155002648	+	ZBTB7B	ZBTB7B
chr18	48137148	-	ZBTB7C	ZBTB7C
chr1	32539426	+	ZBTB8A	ZBTB8A
chr1	32465071	+	ZBTB8B	ZBTB8B
chr1	32650550	-	ZBTB8OS	ZBTB8OS
chr6	33454575	+	ZBTB9	ZBTB9
chr8	78666088	+	ZC2HC1A	ZC2HC1A
chr6	143864473	+	ZC2HC1B	ZC2HC1B
chr14	75069640	+	ZC2HC1C	ZC2HC1C
chr12	56118265	+	ZC3H10	ZC3H10
chr1	203795622	+	ZC3H11A	ZC3H11A
chr1	219613145	-	ZC3H11B	ZC3H11B
chr1	37474579	+	ZC3H12A	ZC3H12A
chrX	65488734	+	ZC3H12B	ZC3H12B
chr11	110093391	+	ZC3H12C	ZC3H12C
chr6	149485014	-	ZC3H12D	ZC3H12D
chr13	46052746	-	ZC3H13	ZC3H13
chr14	88563036	+	ZC3H14	ZC3H14
chr2	186486259	+	ZC3H15	ZC3H15
chr16	88570402	+	ZC3H18	ZC3H18
chr16	88561983	-	ZC3H18-AS1	ZC3H18-AS1
chr8	143541447	-	ZC3H3	ZC3H3
chr19	47113776	-	ZC3H4	ZC3H4
chr2	112275596	+	ZC3H6	ZC3H6
chr16	11797258	-	ZC3H7A	ZC3H7A
chr22	41301524	+	ZC3H7B	ZC3H7B
chr2	112255042	-	ZC3H8	ZC3H8
chr7	139109720	-	ZC3HAV1	ZC3HAV1
chr7	139036042	-	ZC3HAV1L	ZC3HAV1L
chr7	130051374	-	ZC3HC1	ZC3HC1
chrX	64976450	-	ZC4H2	ZC4H2
chr5	133026549	-	ZCCHC10	ZCCHC10
chrX	118823823	+	ZCCHC12	ZCCHC12
chrX	74304179	+	ZCCHC13	ZCCHC13
chr16	87493024	-	ZCCHC14	ZCCHC14
chr1	31296981	+	ZCCHC17	ZCCHC17
chrX	104112522	+	ZCCHC18	ZCCHC18
chr18	62523024	+	ZCCHC2	ZCCHC2
chr10	79445624	-	ZCCHC24	ZCCHC24
chr20	297569	+	ZCCHC3	ZCCHC3
chr4	25312773	+	ZCCHC4	ZCCHC4
chr9	37120471	+	ZCCHC7	ZCCHC7
chr12	122500932	-	ZCCHC8	ZCCHC8
chr5	81301582	+	ZCCHC9	ZCCHC9
chr12	42326094	-	ZCRB1	ZCRB1
chr7	100428703	-	ZCWPW1	ZCWPW1
chr3	28348720	+	ZCWPW2	ZCWPW2
chr2	206274662	+	ZDBF2	ZDBF2
chr16	67416477	-	ZDHHC1	ZDHHC1
chr5	850986	-	ZDHHC11	ZDHHC11
chr5	784729	-	ZDHHC11B	ZDHHC11B
chr9	128724127	-	ZDHHC12	ZDHHC12
chr11	19117144	+	ZDHHC13	ZDHHC13
chr6	157381189	+	ZDHHC14	ZDHHC14
chrX	75523037	-	ZDHHC15	ZDHHC15
chr10	97446130	+	ZDHHC16	ZDHHC16
chr12	76764114	+	ZDHHC17	ZDHHC17
chr1	26826687	+	ZDHHC18	ZDHHC18
chr3	196211400	-	ZDHHC19	ZDHHC19
chr8	17156481	+	ZDHHC2	ZDHHC2
chr13	21459303	-	ZDHHC20	ZDHHC20
chr9	14693432	-	ZDHHC21	ZDHHC21
chr14	77140744	-	ZDHHC22	ZDHHC22
chr3	113947900	+	ZDHHC23	ZDHHC23
chr11	66546048	-	ZDHHC24	ZDHHC24
chr3	44976174	-	ZDHHC3	ZDHHC3
chr7	6577433	+	ZDHHC4	ZDHHC4
chr11	57668113	+	ZDHHC5	ZDHHC5
chr10	112446914	-	ZDHHC6	ZDHHC6
chr16	85011535	-	ZDHHC7	ZDHHC7
chr22	20131803	+	ZDHHC8	ZDHHC8
chr22	23402612	-	ZDHHC8P1	ZDHHC8P1
chrX	129843599	-	ZDHHC9	ZDHHC9
chr10	31318416	+	ZEB1	ZEB1
chr10	31319095	-	ZEB1-AS1	ZEB1-AS1
chr2	144520119	-	ZEB2	ZEB2
chr2	144519613	+	ZEB2-AS1	ZEB2-AS1
chr9	128771927	-	ZER1	ZER1
chr8	81721300	-	ZFAND1	ZFAND1
chr7	1160196	-	ZFAND2A	ZFAND2A
chr7	1160373	+	ZFAND2A-DT	ZFAND2A-DT
chr2	219206781	+	ZFAND2B	ZFAND2B
chr6	37819726	+	ZFAND3	ZFAND3
chr10	45672732	-	ZFAND4	ZFAND4
chr9	72364556	-	ZFAND5	ZFAND5
chr15	80059567	+	ZFAND6	ZFAND6
chr20	49278177	+	ZFAS1	ZFAS1
chr8	134696555	-	ZFAT	ZFAT
chr8	134598070	+	ZFAT-AS1	ZFAT-AS1
chr12	71663848	-	ZFC3H1	ZFC3H1
chr14	23551765	-	ZFHX2	ZFHX2
chr16	73048128	-	ZFHX3	ZFHX3
chr8	76681246	+	ZFHX4	ZFHX4
chr8	76683275	-	ZFHX4-AS1	ZFHX4-AS1
chr16	75148523	+	ZFP1	ZFP1
chr19	36379201	-	ZFP14	ZFP14
chr5	178895912	+	ZFP2	ZFP2
chr19	56538947	+	ZFP28	ZFP28
chr17	5078466	+	ZFP3	ZFP3
chr19	37655465	-	ZFP30	ZFP30
chr19	39406846	+	ZFP36	ZFP36
chr14	68793067	-	ZFP36L1	ZFP36L1
chr2	43226606	-	ZFP36L2	ZFP36L2
chr9	113056724	-	ZFP37	ZFP37
chr8	143246938	+	ZFP41	ZFP41
chr4	187995770	+	ZFP42	ZFP42
chr6	29681152	-	ZFP57	ZFP57
chr5	180861276	-	ZFP62	ZFP62
chr20	52105484	-	ZFP64	ZFP64
chr1	40477289	+	ZFP69	ZFP69
chr1	40450063	+	ZFP69B	ZFP69B
chr19	36418644	-	ZFP82	ZFP82
chr16	68539212	+	ZFP90	ZFP90
chr11	58579062	+	ZFP91	ZFP91
chr11	58579113	+	ZFP91-CNTF	ZFP91-CNTF
chrX	153418322	+	ZFP92	ZFP92
chr11	65084221	+	ZFPL1	ZFPL1
chr16	88453279	+	ZFPM1	ZFPM1
chr8	105318437	+	ZFPM2	ZFPM2
chr8	106060503	-	ZFPM2-AS1	ZFPM2-AS1
chr5	32444740	-	ZFR	ZFR
chr19	3869038	-	ZFR2	ZFR2
chrX	24148981	+	ZFX	ZFX
chrX	24149654	-	ZFX-AS1	ZFX-AS1
chrY	2935380	+	ZFY	ZFY
chrY	3002626	-	ZFY-AS1	ZFY-AS1
chr14	72986956	-	ZFYVE1	ZFYVE1
chr5	80408063	+	ZFYVE16	ZFYVE16
chr15	40807088	+	ZFYVE19	ZFYVE19
chr14	103715743	+	ZFYVE21	ZFYVE21
chr14	67816590	-	ZFYVE26	ZFYVE26
chr10	97737120	+	ZFYVE27	ZFYVE27
chr4	2364814	-	ZFYVE28	ZFYVE28
chr1	52142088	+	ZFYVE9	ZFYVE9
chr16	29778255	+	ZG16	ZG16
chr16	2830171	+	ZG16B	ZG16B
chr19	10309557	-	ZGLP1	ZGLP1
chr20	63707441	+	ZGPAT	ZGPAT
chr4	112636909	-	ZGRF1	ZGRF1
chr8	123274286	-	ZHX1	ZHX1
chr8	123274286	-	ZHX1-C8orf76	ZHX1-C8orf76
chr8	122781654	+	ZHX2	ZHX2
chr20	41272256	-	ZHX3	ZHX3
chr3	147409364	+	ZIC1	ZIC1
chr13	99981783	+	ZIC2	ZIC2
chrX	137566126	+	ZIC3	ZIC3
chr3	147392430	-	ZIC4	ZIC4
chr13	99969172	-	ZIC5	ZIC5
chr19	57584144	+	ZIK1	ZIK1
chr19	56840726	-	ZIM2	ZIM2
chr19	56765321	+	ZIM2-AS1	ZIM2-AS1
chr19	57145202	-	ZIM3	ZIM3
chr7	100015551	+	ZKSCAN1	ZKSCAN1
chr16	25257845	-	ZKSCAN2	ZKSCAN2
chr6	28349946	+	ZKSCAN3	ZKSCAN3
chr6	28252269	-	ZKSCAN4	ZKSCAN4
chr7	99504661	+	ZKSCAN5	ZKSCAN5
chr3	44555192	+	ZKSCAN7	ZKSCAN7
chr3	44685653	-	ZKSCAN7-AS1	ZKSCAN7-AS1
chr6	28141882	+	ZKSCAN8	ZKSCAN8
chrX	101932027	-	ZMAT1	ZMAT1
chr5	140700446	+	ZMAT2	ZMAT2
chr3	179069342	-	ZMAT3	ZMAT3
chr8	40897826	-	ZMAT4	ZMAT4
chr22	29766980	-	ZMAT5	ZMAT5
chr10	79068965	+	ZMIZ1	ZMIZ1
chr10	79067448	-	ZMIZ1-AS1	ZMIZ1-AS1
chr7	44748565	+	ZMIZ2	ZMIZ2
chr1	40258235	+	ZMPSTE24	ZMPSTE24
chr1	35059785	+	ZMYM1	ZMYM1
chr13	19957422	+	ZMYM2	ZMYM2
chrX	71254140	-	ZMYM3	ZMYM3
chr1	35268708	+	ZMYM4	ZMYM4
chr1	35366077	-	ZMYM4-AS1	ZMYM4-AS1
chr13	19863636	-	ZMYM5	ZMYM5
chr1	35031945	-	ZMYM6	ZMYM6
chr3	50345732	-	ZMYND10	ZMYND10
chr10	130087	+	ZMYND11	ZMYND11
chr1	42456022	-	ZMYND12	ZMYND12
chr17	4739832	+	ZMYND15	ZMYND15
chr9	137590512	-	ZMYND19	ZMYND19
chr20	47351749	-	ZMYND8	ZMYND8
chr12	133130626	+	ZNF10	ZNF10
chr19	21767579	-	ZNF100	ZNF100
chr19	19668152	+	ZNF101	ZNF101
chr15	42457532	-	ZNF106	ZNF106
chr7	64666082	+	ZNF107	ZNF107
chr19	44356680	-	ZNF112	ZNF112
chr19	48270080	+	ZNF114	ZNF114
chr7	64991036	-	ZNF117	ZNF117
chr7	6706947	-	ZNF12	ZNF12
chr19	9584504	-	ZNF121	ZNF121
chr1	247172017	-	ZNF124	ZNF124
chr5	43120913	+	ZNF131	ZNF131
chr19	58440153	-	ZNF132	ZNF132
chr20	18288227	+	ZNF133	ZNF133
chr19	57614241	+	ZNF134	ZNF134
chr19	58059238	+	ZNF135	ZNF135
chr19	12163046	+	ZNF136	ZNF136
chr19	52596683	+	ZNF137P	ZNF137P
chr7	64794427	+	ZNF138	ZNF138
chr19	19733112	-	ZNF14	ZNF14
chr12	133080202	+	ZNF140	ZNF140
chr4	337813	+	ZNF141	ZNF141
chr2	218659623	-	ZNF142	ZNF142
chr11	9460964	+	ZNF143	ZNF143
chr19	36215105	+	ZNF146	ZNF146
chr3	125357280	-	ZNF148	ZNF148
chr19	57709204	-	ZNF154	ZNF154
chr19	43984169	+	ZNF155	ZNF155
chrX	47370577	+	ZNF157	ZNF157
chr8	144950880	-	ZNF16	ZNF16
chr19	53087037	-	ZNF160	ZNF160
chr6	28080281	+	ZNF165	ZNF165
chr9	94259265	+	ZNF169	ZNF169
chr19	57411160	+	ZNF17	ZNF17
chr16	3401189	+	ZNF174	ZNF174
chr19	51571282	+	ZNF175	ZNF175
chr19	9363012	+	ZNF177	ZNF177
chr17	11997372	-	ZNF18	ZNF18
chr19	44500522	-	ZNF180	ZNF180
chr19	34734242	+	ZNF181	ZNF181
chrX	48003989	-	ZNF182	ZNF182
chr6	27472898	-	ZNF184	ZNF184
chrX	152914441	+	ZNF185	ZNF185
chr9	101398850	+	ZNF189	ZNF189
chr16	71489324	-	ZNF19	ZNF19
chr6	28161760	+	ZNF192P1	ZNF192P1
chr11	3379146	-	ZNF195	ZNF195
chr3	44625035	+	ZNF197	ZNF197
chr3	44624797	-	ZNF197-AS1	ZNF197-AS1
chr2	95165808	+	ZNF2	ZNF2
chr19	12140350	-	ZNF20	ZNF20
chr16	3235158	-	ZNF200	ZNF200
chr11	123730985	-	ZNF202	ZNF202
chr6	27371525	-	ZNF204P	ZNF204P
chr16	3112578	+	ZNF205	ZNF205
chr16	3115598	-	ZNF205-AS1	ZNF205-AS1
chr17	32350137	+	ZNF207	ZNF207
chr19	22010943	-	ZNF208	ZNF208
chr19	57633166	+	ZNF211	ZNF211
chr7	149239650	+	ZNF212	ZNF212
chr16	3135028	+	ZNF213	ZNF213
chr16	3134882	-	ZNF213-AS1	ZNF213-AS1
chr11	7020346	-	ZNF214	ZNF214
chr11	6926425	+	ZNF215	ZNF215
chr20	53593839	-	ZNF217	ZNF217
chr14	21098655	-	ZNF219	ZNF219
chr10	45000922	+	ZNF22	ZNF22
chr10	45000803	-	ZNF22-AS1	ZNF22-AS1
chr19	43951222	+	ZNF221	ZNF221
chr19	44025341	+	ZNF222	ZNF222
chr19	44052035	+	ZNF223	ZNF223
chr19	44094360	+	ZNF224	ZNF224
chr19	44113398	+	ZNF225	ZNF225
chr19	44165061	+	ZNF226	ZNF226
chr19	44212527	+	ZNF227	ZNF227
chr19	44448472	-	ZNF229	ZNF229
chr16	71462247	-	ZNF23	ZNF23
chr19	44002956	+	ZNF230	ZNF230
chr17	5112274	-	ZNF232	ZNF232
chr17	5111934	+	ZNF232-AS1	ZNF232-AS1
chr19	44259879	+	ZNF233	ZNF233
chr19	44141553	+	ZNF234	ZNF234
chr19	44305025	-	ZNF235	ZNF235
chr18	76822556	+	ZNF236	ZNF236
chr18	76822295	-	ZNF236-DT	ZNF236-DT
chr10	43568459	-	ZNF239	ZNF239
chr18	35344420	-	ZNF24	ZNF24
chr10	37857610	-	ZNF248	ZNF248
chr10	37975980	-	ZNF25	ZNF25
chr8	144900305	-	ZNF250	ZNF250
chr8	144755531	-	ZNF251	ZNF251
chr8	145002899	-	ZNF252P	ZNF252P
chr8	145002810	+	ZNF252P-AS1	ZNF252P-AS1
chr19	19865829	+	ZNF253	ZNF253
chr19	24033404	+	ZNF254	ZNF254
chr19	57947706	-	ZNF256	ZNF256
chr19	22052483	+	ZNF257	ZNF257
chr12	132986366	+	ZNF26	ZNF26
chr19	36528271	-	ZNF260	ZNF260
chr16	3283490	+	ZNF263	ZNF263
chr19	57191499	+	ZNF264	ZNF264
chr19	9435573	-	ZNF266	ZNF266
chr16	31873806	+	ZNF267	ZNF267
chr12	133181494	+	ZNF268	ZNF268
chr18	35290271	+	ZNF271P	ZNF271P
chr7	64882512	+	ZNF273	ZNF273
chr19	58182988	+	ZNF274	ZNF274
chrX	153334152	+	ZNF275	ZNF275
chr16	89720367	+	ZNF276	ZNF276
chr7	112206694	+	ZNF277	ZNF277
chr19	52821633	-	ZNF28	ZNF28
chr22	22520270	-	ZNF280A	ZNF280A
chr22	22508742	-	ZNF280B	ZNF280B
chrX	130268899	-	ZNF280C	ZNF280C
chr15	56734086	-	ZNF280D	ZNF280D
chr1	200410036	-	ZNF281	ZNF281
chr7	149195545	+	ZNF282	ZNF282
chr19	43827320	+	ZNF283	ZNF283
chr19	44072158	+	ZNF284	ZNF284
chr19	44401608	-	ZNF285	ZNF285
chr17	15699751	+	ZNF286A	ZNF286A
chr17	18682314	-	ZNF286B	ZNF286B
chr17	16569204	-	ZNF287	ZNF287
chr6	87155564	+	ZNF292	ZNF292
chr21	42009193	+	ZNF295-AS1	ZNF295-AS1
chr19	45076478	-	ZNF296	ZNF296
chr7	100081723	-	ZNF3	ZNF3
chr19	34926902	+	ZNF30	ZNF30
chr19	34926826	-	ZNF30-AS1	ZNF30-AS1
chr5	150904983	-	ZNF300	ZNF300
chr5	150946584	-	ZNF300P1	ZNF300P1
chr19	34677638	+	ZNF302	ZNF302
chr19	57351270	+	ZNF304	ZNF304
chr6	29005315	-	ZNF311	ZNF311
chr7	6637317	+	ZNF316	ZNF316
chr19	9140396	+	ZNF317	ZNF317
chr6	43369647	-	ZNF318	ZNF318
chr16	58000672	-	ZNF319	ZNF319
chr10	43648799	-	ZNF32	ZNF32
chr10	43643871	+	ZNF32-AS1	ZNF32-AS1
chr10	43645941	+	ZNF32-AS2	ZNF32-AS2
chr10	43628816	+	ZNF32-AS3	ZNF32-AS3
chr19	52897635	-	ZNF320	ZNF320
chr19	52942594	-	ZNF321P	ZNF321P
chr6	26659746	-	ZNF322	ZNF322
chr19	58467079	+	ZNF324	ZNF324
chr19	58451621	+	ZNF324B	ZNF324B
chr1	89995094	+	ZNF326	ZNF326
chr19	58150789	-	ZNF329	ZNF329
chr4	141220894	+	ZNF330	ZNF330
chr19	53521013	+	ZNF331	ZNF331
chr19	14690047	+	ZNF333	ZNF333
chr20	46513572	-	ZNF334	ZNF334
chr20	45972203	-	ZNF335	ZNF335
chr20	25686939	-	ZNF337	ZNF337
chr20	25624044	+	ZNF337-AS1	ZNF337-AS1
chr10	38010649	+	ZNF33A	ZNF33A
chr10	42638570	-	ZNF33B	ZNF33B
chr10	37795175	-	ZNF33BP1	ZNF33BP1
chr8	144787317	-	ZNF34	ZNF34
chr20	33731759	+	ZNF341	ZNF341
chr20	33811099	-	ZNF341-AS1	ZNF341-AS1
chr20	2508915	-	ZNF343	ZNF343
chr19	36850357	+	ZNF345	ZNF345
chr5	177022679	+	ZNF346	ZNF346
chr19	53159053	-	ZNF347	ZNF347
chr3	44648731	+	ZNF35	ZNF35
chr19	51986840	-	ZNF350	ZNF350
chr19	51949133	+	ZNF350-AS1	ZNF350-AS1
chr5	178730659	-	ZNF354A	ZNF354A
chr5	178859952	+	ZNF354B	ZNF354B
chr5	179060372	+	ZNF354C	ZNF354C
chr19	7516102	+	ZNF358	ZNF358
chr1	33256491	+	ZNF362	ZNF362
chr10	62374156	+	ZNF365	ZNF365
chr5	72507410	-	ZNF366	ZNF366
chr9	96418370	-	ZNF367	ZNF367
chr10	38094335	+	ZNF37A	ZNF37A
chr10	42552870	-	ZNF37BP	ZNF37BP
chr19	36605312	+	ZNF382	ZNF382
chr19	37218213	+	ZNF383	ZNF383
chr12	6689375	-	ZNF384	ZNF384
chr12	54384733	-	ZNF385A	ZNF385A
chr2	179562588	-	ZNF385B	ZNF385B
chr17	42098473	-	ZNF385C	ZNF385C
chr3	21751210	-	ZNF385D	ZNF385D
chr3	21542788	+	ZNF385D-AS1	ZNF385D-AS1
chr3	21957138	+	ZNF385D-AS2	ZNF385D-AS2
chr6	27374634	+	ZNF391	ZNF391
chr7	99500281	-	ZNF394	ZNF394
chr8	28386460	-	ZNF395	ZNF395
chr18	35377337	-	ZNF396	ZNF396
chr18	35241033	+	ZNF397	ZNF397
chr7	149126407	+	ZNF398	ZNF398
chr19	43880136	-	ZNF404	ZNF404
chr18	74597869	+	ZNF407	ZNF407
chr11	46701030	+	ZNF408	ZNF408
chrX	47467669	-	ZNF41	ZNF41
chr14	73886858	+	ZNF410	ZNF410
chr19	8514167	-	ZNF414	ZNF414
chr19	53129709	-	ZNF415	ZNF415
chr19	57578911	-	ZNF416	ZNF416
chr19	57916592	-	ZNF417	ZNF417
chr19	57935402	-	ZNF418	ZNF418
chr19	57487749	+	ZNF419	ZNF419
chr19	37078221	+	ZNF420	ZNF420
chr16	49664324	-	ZNF423	ZNF423
chr7	149126324	-	ZNF425	ZNF425
chr19	9538645	-	ZNF426	ZNF426
chr19	9538665	+	ZNF426-DT	ZNF426-DT
chr19	43619629	-	ZNF428	ZNF428
chr19	21505601	+	ZNF429	ZNF429
chr19	21836182	-	ZNF43	ZNF43
chr19	21020656	+	ZNF430	ZNF430
chr19	21142039	+	ZNF431	ZNF431
chr19	52048561	-	ZNF432	ZNF432
chr19	12035741	-	ZNF433	ZNF433
chr19	11987616	+	ZNF433-AS1	ZNF433-AS1
chr1	23368386	-	ZNF436	ZNF436
chr1	23368970	+	ZNF436-AS1	ZNF436-AS1
chr10	30999517	-	ZNF438	ZNF438
chr19	11848725	+	ZNF439	ZNF439
chr19	12294612	-	ZNF44	ZNF44
chr19	11814272	+	ZNF440	ZNF440
chr19	11766999	+	ZNF441	ZNF441
chr19	12365683	-	ZNF442	ZNF442
chr19	12441021	-	ZNF443	ZNF443
chr19	56141286	+	ZNF444	ZNF444
chr3	44477670	-	ZNF445	ZNF445
chr19	58476351	+	ZNF446	ZNF446
chrX	135344795	+	ZNF449	ZNF449
chr19	43935282	-	ZNF45	ZNF45
chr6	57090029	+	ZNF451	ZNF451
chr6	57172213	-	ZNF451-AS1	ZNF451-AS1
chr5	178941197	+	ZNF454	ZNF454
chr19	57279966	+	ZNF460	ZNF460
chr19	57280334	-	ZNF460-AS1	ZNF460-AS1
chr19	36666837	-	ZNF461	ZNF461
chr9	106863165	+	ZNF462	ZNF462
chr7	149773588	-	ZNF467	ZNF467
chr19	52857619	-	ZNF468	ZNF468
chr16	88382958	+	ZNF469	ZNF469
chr19	56567467	+	ZNF470	ZNF470
chr19	56507854	+	ZNF471	ZNF471
chr19	50026004	+	ZNF473	ZNF473
chr5	122129545	+	ZNF474	ZNF474
chr7	57132436	-	ZNF479	ZNF479
chr16	30378311	+	ZNF48	ZNF48
chr19	52297168	+	ZNF480	ZNF480
chr9	111525178	+	ZNF483	ZNF483
chr9	92877968	-	ZNF484	ZNF484
chr10	43606406	+	ZNF485	ZNF485
chr19	20167213	+	ZNF486	ZNF486
chr10	43436847	+	ZNF487	ZNF487
chr10	47384293	-	ZNF488	ZNF488
chr19	12610813	-	ZNF490	ZNF490
chr19	11798522	+	ZNF491	ZNF491
chr19	22634323	+	ZNF492	ZNF492
chr19	21397132	+	ZNF493	ZNF493
chr1	247331867	-	ZNF496	ZNF496
chr19	58362751	-	ZNF497	ZNF497
chr16	4767162	-	ZNF500	ZNF500
chr3	44729605	+	ZNF501	ZNF501
chr3	44712642	+	ZNF502	ZNF502
chr10	75401764	-	ZNF503	ZNF503
chr10	75296382	+	ZNF503-AS1	ZNF503-AS1
chr10	75401527	+	ZNF503-AS2	ZNF503-AS2
chr19	19821750	-	ZNF506	ZNF506
chr19	32345609	+	ZNF507	ZNF507
chr9	96778087	-	ZNF510	ZNF510
chr10	133308913	+	ZNF511	ZNF511
chr2	27582968	+	ZNF512	ZNF512
chr20	63969930	-	ZNF512B	ZNF512B
chr2	27380444	-	ZNF513	ZNF513
chr2	95159585	-	ZNF514	ZNF514
chr18	76495242	-	ZNF516	ZNF516
chr18	76495338	+	ZNF516-DT	ZNF516-DT
chr8	144798912	+	ZNF517	ZNF517
chr10	96129714	+	ZNF518A	ZNF518A
chr4	10457426	-	ZNF518B	ZNF518B
chr18	14132435	-	ZNF519	ZNF519
chr18	25352166	-	ZNF521	ZNF521
chr19	55600287	+	ZNF524	ZNF524
chr19	53365704	+	ZNF525	ZNF525
chr19	42220311	+	ZNF526	ZNF526
chr19	37371098	+	ZNF527	ZNF527
chr19	52397848	+	ZNF528	ZNF528
chr19	52397757	-	ZNF528-AS1	ZNF528-AS1
chr19	36573292	-	ZNF529	ZNF529
chr19	36573069	+	ZNF529-AS1	ZNF529-AS1
chr19	57599884	+	ZNF530	ZNF530
chr18	58862923	+	ZNF532	ZNF532
chr19	52429147	+	ZNF534	ZNF534
chr19	30225591	+	ZNF536	ZNF536
chr19	37551373	+	ZNF540	ZNF540
chr19	47573148	-	ZNF541	ZNF541
chr19	56368098	+	ZNF542P	ZNF542P
chr19	57320471	+	ZNF543	ZNF543
chr19	58228680	+	ZNF544	ZNF544
chr19	39997059	+	ZNF546	ZNF546
chr19	57363550	+	ZNF547	ZNF547
chr19	57389849	+	ZNF548	ZNF548
chr19	57527324	+	ZNF549	ZNF549
chr19	57559863	-	ZNF550	ZNF550
chr19	57681976	+	ZNF551	ZNF551
chr19	57814913	-	ZNF552	ZNF552
chr19	2819867	+	ZNF554	ZNF554
chr19	2841474	+	ZNF555	ZNF555
chr19	2867334	+	ZNF556	ZNF556
chr19	7069702	+	ZNF557	ZNF557
chr19	8822063	-	ZNF558	ZNF558
chr19	9323771	+	ZNF559	ZNF559
chr19	9324178	+	ZNF559-ZNF177	ZNF559-ZNF177
chr19	19776573	+	ZNF56	ZNF56
chr19	9498616	-	ZNF560	ZNF560
chr19	9621232	-	ZNF561	ZNF561
chr19	9621481	+	ZNF561-AS1	ZNF561-AS1
chr19	9675100	-	ZNF562	ZNF562
chr19	12333633	-	ZNF563	ZNF563
chr19	12551482	-	ZNF564	ZNF564
chr19	36213579	-	ZNF565	ZNF565
chr19	36489435	-	ZNF566	ZNF566
chr19	36687611	+	ZNF567	ZNF567
chr19	36916328	+	ZNF568	ZNF568
chr19	37467444	-	ZNF569	ZNF569
chr19	2900927	+	ZNF57	ZNF57
chr19	37467771	+	ZNF570	ZNF570
chr19	37594746	-	ZNF571	ZNF571
chr19	37548948	+	ZNF571-AS1	ZNF571-AS1
chr8	124973294	+	ZNF572	ZNF572
chr19	37779590	-	ZNF573	ZNF573
chr19	42068476	+	ZNF574	ZNF574
chr19	43533187	+	ZNF575	ZNF575
chr19	43596391	+	ZNF576	ZNF576
chr19	51887936	-	ZNF577	ZNF577
chr19	52453552	+	ZNF578	ZNF578
chr19	55580848	-	ZNF579	ZNF579
chr19	55641001	+	ZNF580	ZNF580
chr19	55643648	+	ZNF581	ZNF581
chr19	56393534	-	ZNF582	ZNF582
chr19	56393675	+	ZNF582-AS1	ZNF582-AS1
chr19	56404013	+	ZNF583	ZNF583
chr19	58408648	+	ZNF584	ZNF584
chr19	37172436	-	ZNF585A	ZNF585A
chr19	37210536	-	ZNF585B	ZNF585B
chr19	57769651	+	ZNF586	ZNF586
chr19	57849858	+	ZNF587	ZNF587
chr19	57830298	+	ZNF587B	ZNF587B
chr3	48241103	+	ZNF589	ZNF589
chr15	84748591	+	ZNF592	ZNF592
chr1	26169907	+	ZNF593	ZNF593
chr17	5191868	-	ZNF594	ZNF594
chr4	53284	+	ZNF595	ZNF595
chr8	232136	+	ZNF596	ZNF596
chr16	3443504	-	ZNF597	ZNF597
chr16	2009821	-	ZNF598	ZNF598
chr19	34773215	-	ZNF599	ZNF599
chr19	52786791	-	ZNF600	ZNF600
chr12	132956306	-	ZNF605	ZNF605
chr19	58002820	-	ZNF606	ZNF606
chr19	37719188	-	ZNF607	ZNF607
chr5	124746639	-	ZNF608	ZNF608
chr15	64460577	+	ZNF609	ZNF609
chr19	52336242	+	ZNF610	ZNF610
chr19	52729882	-	ZNF611	ZNF611
chr19	51927471	+	ZNF613	ZNF613
chr19	52028379	-	ZNF614	ZNF614
chr19	52008211	-	ZNF615	ZNF615
chr19	52139938	-	ZNF616	ZNF616
chr9	113876281	+	ZNF618	ZNF618
chr3	40477112	+	ZNF619	ZNF619
chr3	40506038	+	ZNF620	ZNF620
chr3	40524877	+	ZNF621	ZNF621
chr5	16465800	-	ZNF622	ZNF622
chr8	143636018	+	ZNF623	ZNF623
chr17	16653850	-	ZNF624	ZNF624
chr19	12156734	-	ZNF625	ZNF625
chr19	12156731	-	ZNF625-ZNF20	ZNF625-ZNF20
chr19	20661571	-	ZNF626	ZNF626
chr19	11597482	+	ZNF627	ZNF627
chr19	55476616	+	ZNF628	ZNF628
chr16	30787205	-	ZNF629	ZNF629
chrX	48071141	-	ZNF630	ZNF630
chrX	48056309	+	ZNF630-AS1	ZNF630-AS1
chr2	71331754	+	ZNF638	ZNF638
chr3	179322875	+	ZNF639	ZNF639
chr12	48350919	-	ZNF641	ZNF641
chr1	91021508	-	ZNF644	ZNF644
chr16	31074421	+	ZNF646	ZNF646
chr1	182061712	-	ZNF648	ZNF648
chr19	51905017	-	ZNF649	ZNF649
chr19	51888024	+	ZNF649-AS1	ZNF649-AS1
chr17	49362250	-	ZNF652	ZNF652
chr19	11505839	-	ZNF653	ZNF653
chr3	88059254	+	ZNF654	ZNF654
chr7	99558421	+	ZNF655	ZNF655
chr9	66900724	+	ZNF658	ZNF658
chr9	39464526	-	ZNF658B	ZNF658B
chr19	20776303	+	ZNF66	ZNF66
chr3	44584963	+	ZNF660	ZNF660
chr3	44584963	+	ZNF660-ZNF197	ZNF660-ZNF197
chr3	42906141	+	ZNF662	ZNF662
chr20	46457643	-	ZNF663P	ZNF663P
chr12	123973214	+	ZNF664	ZNF664
chr12	123973214	+	ZNF664-RFLNA	ZNF664-RFLNA
chr19	53193358	-	ZNF665	ZNF665
chr19	56477345	-	ZNF667	ZNF667
chr19	56477873	+	ZNF667-AS1	ZNF667-AS1
chr16	31065088	-	ZNF668	ZNF668
chr1	247104356	-	ZNF669	ZNF669
chr1	247078811	-	ZNF670	ZNF670
chr1	247078813	-	ZNF670-ZNF695	ZNF670-ZNF695
chr19	57727624	-	ZNF671	ZNF671
chr1	248838223	+	ZNF672	ZNF672
chrX	46545421	-	ZNF674	ZNF674
chrX	46545489	+	ZNF674-AS1	ZNF674-AS1
chr19	23687212	-	ZNF675	ZNF675
chr19	22196951	-	ZNF676	ZNF676
chr19	53254823	-	ZNF677	ZNF677
chr1	227563555	+	ZNF678	ZNF678
chr7	64228473	+	ZNF679	ZNF679
chr7	64563071	-	ZNF680	ZNF680
chr19	23758891	-	ZNF681	ZNF681
chr19	20039255	-	ZNF682	ZNF682
chr1	26372750	-	ZNF683	ZNF683
chr1	40531636	+	ZNF684	ZNF684
chr1	151281521	+	ZNF687	ZNF687
chr1	151281929	-	ZNF687-AS1	ZNF687-AS1
chr16	30572407	-	ZNF688	ZNF688
chr16	30609828	-	ZNF689	ZNF689
chr19	11887781	+	ZNF69	ZNF69
chr1	42846572	+	ZNF691	ZNF691
chr1	248859085	-	ZNF692	ZNF692
chr1	247008057	-	ZNF695	ZNF695
chr8	143291416	+	ZNF696	ZNF696
chr1	119648266	-	ZNF697	ZNF697
chr19	9309838	-	ZNF699	ZNF699
chr8	144827517	+	ZNF7	ZNF7
chr22	23751112	-	ZNF70	ZNF70
chr19	11925067	+	ZNF700	ZNF700
chr19	52570286	+	ZNF701	ZNF701
chr19	52993531	-	ZNF702P	ZNF702P
chr8	37695781	+	ZNF703	ZNF703
chr8	80874468	-	ZNF704	ZNF704
chr12	8172553	+	ZNF705A	ZNF705A
chr8	7926336	+	ZNF705B	ZNF705B
chr8	12089337	+	ZNF705D	ZNF705D
chr11	71821547	-	ZNF705E	ZNF705E
chr8	7385558	-	ZNF705G	ZNF705G
chr8	101205673	-	ZNF706	ZNF706
chr8	143684478	+	ZNF707	ZNF707
chr19	21329410	-	ZNF708	ZNF708
chr19	12484816	-	ZNF709	ZNF709
chr19	56595295	+	ZNF71	ZNF71
chr19	56595301	+	ZNF71-SMIM17	ZNF71-SMIM17
chr15	90001323	+	ZNF710	ZNF710
chr15	90082207	-	ZNF710-AS1	ZNF710-AS1
chrX	85243990	+	ZNF711	ZNF711
chr7	55887455	+	ZNF713	ZNF713
chr19	21082146	+	ZNF714	ZNF714
chr7	57450176	+	ZNF716	ZNF716
chr3	75785002	-	ZNF717	ZNF717
chr4	124475	+	ZNF718	ZNF718
chr16	31713228	+	ZNF720	ZNF720
chr4	499156	-	ZNF721	ZNF721
chr7	63998805	+	ZNF722P	ZNF722P
chr19	22832290	+	ZNF723	ZNF723
chr19	23250394	-	ZNF724	ZNF724
chr19	23914885	+	ZNF726	ZNF726
chr7	64045433	+	ZNF727	ZNF727
chr19	23003176	-	ZNF728	ZNF728
chr19	22286440	+	ZNF729	ZNF729
chr19	23117024	+	ZNF730	ZNF730
chr4	305474	-	ZNF732	ZNF732
chr7	63304056	-	ZNF733P	ZNF733P
chr7	64207202	+	ZNF735	ZNF735
chr7	64313872	+	ZNF736	ZNF736
chr19	20565781	-	ZNF737	ZNF737
chr19	21358929	+	ZNF738	ZNF738
chr22	20394114	+	ZNF74	ZNF74
chr12	53180721	+	ZNF740	ZNF740
chr7	149497807	-	ZNF746	ZNF746
chr16	30534970	-	ZNF747	ZNF747
chr19	57435324	+	ZNF749	ZNF749
chr17	82840022	-	ZNF750	ZNF750
chr16	3305405	+	ZNF75A	ZNF75A
chrX	135296039	-	ZNF75D	ZNF75D
chr6	35259734	+	ZNF76	ZNF76
chr19	53431983	+	ZNF761	ZNF761
chr19	11965039	+	ZNF763	ZNF763
chr16	30558374	-	ZNF764	ZNF764
chr19	53395132	+	ZNF765	ZNF765
chr19	53395148	+	ZNF765-ZNF761	ZNF765-ZNF761
chr19	52269586	+	ZNF766	ZNF766
chr7	149624790	-	ZNF767P	ZNF767P
chr16	30526566	-	ZNF768	ZNF768
chr19	2944971	-	ZNF77	ZNF77
chr15	34988287	-	ZNF770	ZNF770
chr16	30407413	+	ZNF771	ZNF771
chr19	57477566	-	ZNF772	ZNF772
chr19	57499853	+	ZNF773	ZNF773
chr15	90352283	+	ZNF774	ZNF774
chr7	150379329	+	ZNF775	ZNF775
chr19	57746814	+	ZNF776	ZNF776
chr7	149461062	-	ZNF777	ZNF777
chr16	89217702	+	ZNF778	ZNF778
chr19	40090903	-	ZNF780A	ZNF780A
chr19	40056231	-	ZNF780B	ZNF780B
chr19	37692315	-	ZNF781	ZNF781
chr9	96854514	-	ZNF782	ZNF782
chr7	149262195	+	ZNF783	ZNF783
chr19	55624566	-	ZNF784	ZNF784
chr16	30585697	-	ZNF785	ZNF785
chr7	149090718	-	ZNF786	ZNF786
chr19	56121295	-	ZNF787	ZNF787
chr19	12092296	+	ZNF788P	ZNF788P
chr7	99472889	+	ZNF789	ZNF789
chr9	127424373	+	ZNF79	ZNF79
chr19	36838027	-	ZNF790	ZNF790
chr19	36797549	+	ZNF790-AS1	ZNF790-AS1
chr19	12610919	+	ZNF791	ZNF791
chr19	34964229	-	ZNF792	ZNF792
chr19	37506938	+	ZNF793	ZNF793
chr19	37507087	-	ZNF793-AS1	ZNF793-AS1
chr19	12400980	-	ZNF799	ZNF799
chr19	58278954	+	ZNF8	ZNF8
chr19	58278965	+	ZNF8-ERVK3-1	ZNF8-ERVK3-1
chr3	114237578	-	ZNF80	ZNF80
chr7	127392708	-	ZNF800	ZNF800
chr2	184598528	+	ZNF804A	ZNF804A
chr7	88759699	+	ZNF804B	ZNF804B
chr19	57240631	+	ZNF805	ZNF805
chr2	132304791	+	ZNF806	ZNF806
chr19	34545386	-	ZNF807P	ZNF807P
chr19	52527655	+	ZNF808	ZNF808
chrX	47836901	+	ZNF81	ZNF81
chr19	9700776	-	ZNF812P	ZNF812P
chr19	53467732	+	ZNF813	ZNF813
chr19	57889037	-	ZNF814	ZNF814
chr7	5823159	+	ZNF815P	ZNF815P
chr19	52962881	-	ZNF816	ZNF816
chr19	52962911	-	ZNF816-ZNF321P	ZNF816-ZNF321P
chr19	53212947	+	ZNF818P	ZNF818P
chr16	71880476	-	ZNF821	ZNF821
chr19	11738946	-	ZNF823	ZNF823
chr19	20424965	-	ZNF826P	ZNF826P
chr4	145938823	-	ZNF827	ZNF827
chr19	36916039	-	ZNF829	ZNF829
chr19	52638391	-	ZNF83	ZNF83
chr17	34961539	+	ZNF830	ZNF830
chr20	59123387	+	ZNF831	ZNF831
chr19	11673997	+	ZNF833P	ZNF833P
chr19	56671757	-	ZNF835	ZNF835
chr19	52171621	-	ZNF836	ZNF836
chr19	58381030	-	ZNF837	ZNF837
chr14	102317505	+	ZNF839	ZNF839
chr12	133037285	+	ZNF84	ZNF84
chr12	133037222	-	ZNF84-DT	ZNF84-DT
chr19	52094271	-	ZNF841	ZNF841
chr16	31442789	-	ZNF843	ZNF843
chr19	12064730	+	ZNF844	ZNF844
chr19	53333718	+	ZNF845	ZNF845
chr19	9768738	-	ZNF846	ZNF846
chr1	227697707	-	ZNF847P	ZNF847P
chr19	20923250	+	ZNF85	ZNF85
chr19	36772807	-	ZNF850	ZNF850
chr3	44510617	-	ZNF852	ZNF852
chr7	6615609	+	ZNF853	ZNF853
chr3	31981749	+	ZNF860	ZNF860
chr7	149838374	+	ZNF862	ZNF862
chr19	55605646	+	ZNF865	ZNF865
chr19	37312836	+	ZNF875	ZNF875
chr4	212599	+	ZNF876P	ZNF876P
chr19	12052961	-	ZNF878	ZNF878
chr5	179023803	+	ZNF879	ZNF879
chr19	52369922	+	ZNF880	ZNF880
chr9	113012192	-	ZNF883	ZNF883
chr19	52923428	-	ZNF888	ZNF888
chr7	5144546	-	ZNF890P	ZNF890P
chr12	133130473	-	ZNF891	ZNF891
chr19	20077999	+	ZNF90	ZNF90
chr19	23395471	-	ZNF91	ZNF91
chr7	65373798	+	ZNF92	ZNF92
chr19	19900945	+	ZNF93	ZNF93
chr19	22422346	-	ZNF98	ZNF98
chr19	22784151	-	ZNF99	ZNF99
chr20	49278057	-	ZNFX1	ZNFX1
chr7	101218164	+	ZNHIT1	ZNHIT1
chr11	65117701	-	ZNHIT2	ZNHIT2
chr17	36486626	+	ZNHIT3	ZNHIT3
chr1	85708433	-	ZNHIT6	ZNHIT6
chr8	101170239	-	ZNNT1	ZNNT1
chr6	30058732	-	ZNRD1ASP	ZNRD1ASP
chr11	65570458	+	ZNRD2	ZNRD2
chr11	65570413	-	ZNRD2-AS1	ZNRD2-AS1
chr16	74999023	+	ZNRF1	ZNRF1
chr7	30284596	+	ZNRF2	ZNRF2
chr7	32727949	+	ZNRF2P1	ZNRF2P1
chr7	29685821	-	ZNRF2P2	ZNRF2P2
chr22	28883571	+	ZNRF3	ZNRF3
chr22	29031476	-	ZNRF3-AS1	ZNRF3-AS1
chr19	5455416	+	ZNRF4	ZNRF4
chr11	60867541	+	ZP1	ZP1
chr16	21211574	-	ZP2	ZP2
chr7	76397521	+	ZP3	ZP3
chr1	237890922	-	ZP4	ZP4
chr7	50093246	-	ZPBP	ZPBP
chr17	39868201	+	ZPBP2	ZPBP2
chr3	102435014	+	ZPLD1	ZPLD1
chr1	26225319	+	ZPLD2P	ZPLD2P
chr11	116788023	-	ZPR1	ZPR1
chr10	124942122	+	ZRANB1	ZRANB1
chr1	71081035	-	ZRANB2	ZRANB2
chr1	71046505	+	ZRANB2-AS1	ZRANB2-AS1
chr1	71081323	+	ZRANB2-AS2	ZRANB2-AS2
chr2	135530585	-	ZRANB3	ZRANB3
chrX	15790483	+	ZRSR2	ZRSR2
chr19	58034024	+	ZSCAN1	ZSCAN1
chr16	3099294	-	ZSCAN10	ZSCAN10
chr6	28382605	-	ZSCAN12	ZSCAN12
chr6	28090806	+	ZSCAN12P1	ZSCAN12P1
chr6	28124555	+	ZSCAN16	ZSCAN16
chr6	28137316	-	ZSCAN16-AS1	ZSCAN16-AS1
chr19	58098231	-	ZSCAN18	ZSCAN18
chr15	84601008	+	ZSCAN2	ZSCAN2
chr1	33472644	+	ZSCAN20	ZSCAN20
chr7	100049773	+	ZSCAN21	ZSCAN21
chr19	58326993	+	ZSCAN22	ZSCAN22
chr6	28443491	-	ZSCAN23	ZSCAN23
chr7	99616945	+	ZSCAN25	ZSCAN25
chr6	28267009	+	ZSCAN26	ZSCAN26
chr15	43370060	-	ZSCAN29	ZSCAN29
chr18	35290229	-	ZSCAN30	ZSCAN30
chr6	28336134	-	ZSCAN31	ZSCAN31
chr16	3401004	-	ZSCAN32	ZSCAN32
chr19	57651475	+	ZSCAN4	ZSCAN4
chr19	56230399	-	ZSCAN5A	ZSCAN5A
chr19	56197890	-	ZSCAN5B	ZSCAN5B
chr19	56205913	+	ZSCAN5C	ZSCAN5C
chr6	28225274	+	ZSCAN9	ZSCAN9
chr20	45881226	+	ZSWIM1	ZSWIM1
chr2	186849170	-	ZSWIM2	ZSWIM2
chr20	45857580	+	ZSWIM3	ZSWIM3
chr19	13795442	+	ZSWIM4	ZSWIM4
chr1	45206605	-	ZSWIM5	ZSWIM5
chr5	61332257	+	ZSWIM6	ZSWIM6
chr17	15999704	-	ZSWIM7	ZSWIM7
chr10	73785605	+	ZSWIM8	ZSWIM8
chr10	73801399	-	ZSWIM8-AS1	ZSWIM8-AS1
chr19	48170679	+	ZSWIM9	ZSWIM9
chr6	116668766	-	ZUP1	ZUP1
chr11	113773692	-	ZW10	ZW10
chr15	66505082	+	ZWILCH	ZWILCH
chr10	56361259	-	ZWINT	ZWINT
chrX	57910458	-	ZXDA	ZXDA
chrX	57592010	+	ZXDB	ZXDB
chr3	126475891	-	ZXDC	ZXDC
chr1	52842759	+	ZYG11A	ZYG11A
chr1	52726452	+	ZYG11B	ZYG11B
chr7	143381344	+	ZYX	ZYX
chr17	4143030	-	ZZEF1	ZZEF1
chr1	77682658	-	ZZZ3	ZZZ3
